ISO-10303-21;
HEADER;
/* Generated by software containing ST-Developer
 * from STEP Tools, Inc. (www.steptools.com) 
 */

FILE_DESCRIPTION(
/* description */ (''),
/* implementation_level */ '2;1');

FILE_NAME(
/* name */ 'LED Tube_v13.step',
/* time_stamp */ '2026-10-04T11:14:24-07:00',
/* author */ (''),
/* organization */ (''),
/* preprocessor_version */ 'ST-DEVELOPER v20.1',
/* originating_system */ 'Autodesk Translation Framework v15.8.0.0',
/* authorisation */ '');

FILE_SCHEMA (('AUTOMOTIVE_DESIGN { 1 0 10303 214 3 1 1 }'));
ENDSEC;

DATA;
#10=MECHANICAL_DESIGN_GEOMETRIC_PRESENTATION_REPRESENTATION('',(#19,#20),
#4345);
#11=ITEM_DEFINED_TRANSFORMATION($,$,#1044,#1160);
#12=(
REPRESENTATION_RELATIONSHIP($,$,#4356,#4355)
REPRESENTATION_RELATIONSHIP_WITH_TRANSFORMATION(#11)
SHAPE_REPRESENTATION_RELATIONSHIP()
);
#13=CONTEXT_DEPENDENT_SHAPE_REPRESENTATION(#12,#4354);
#14=NEXT_ASSEMBLY_USAGE_OCCURRENCE('LED Tube Apeture:1',
'LED Tube Apeture:1','LED Tube Apeture:1',#4358,#4359,
'LED Tube Apeture:1');
#15=SHAPE_REPRESENTATION_RELATIONSHIP('SRR','None',#4356,#17);
#16=SHAPE_REPRESENTATION_RELATIONSHIP('SRR','None',#4355,#18);
#17=ADVANCED_BREP_SHAPE_REPRESENTATION('',(#21),#4344);
#18=ADVANCED_BREP_SHAPE_REPRESENTATION('',(#22),#4343);
#19=STYLED_ITEM('',(#4369),#21);
#20=STYLED_ITEM('',(#4369),#22);
#21=MANIFOLD_SOLID_BREP('Body1',#1029);
#22=MANIFOLD_SOLID_BREP('Body8',#1030);
#23=FACE_BOUND('',#117,.T.);
#24=FACE_BOUND('',#120,.T.);
#25=FACE_BOUND('',#122,.T.);
#26=FACE_BOUND('',#125,.T.);
#27=FACE_BOUND('',#158,.T.);
#28=FACE_BOUND('',#162,.T.);
#29=PLANE('',#1051);
#30=PLANE('',#1056);
#31=PLANE('',#1057);
#32=PLANE('',#1061);
#33=PLANE('',#1092);
#34=PLANE('',#1096);
#35=PLANE('',#1097);
#36=PLANE('',#1106);
#37=PLANE('',#1110);
#38=PLANE('',#1126);
#39=PLANE('',#1128);
#40=PLANE('',#1130);
#41=PLANE('',#1133);
#42=PLANE('',#1136);
#43=PLANE('',#1137);
#44=PLANE('',#1141);
#45=PLANE('',#1143);
#46=PLANE('',#1151);
#47=PLANE('',#1155);
#48=PLANE('',#1159);
#49=B_SPLINE_SURFACE_WITH_KNOTS('',3,3,((#1611,#1612,#1613,#1614,#1615,
#1616,#1617,#1618,#1619,#1620,#1621,#1622,#1623,#1624,#1625,#1626,#1627,
#1628,#1629,#1630,#1631,#1632,#1633,#1634,#1635,#1636,#1637,#1638,#1639,
#1640,#1641,#1642,#1643,#1644,#1645,#1646,#1647,#1648,#1649,#1650,#1651,
#1652,#1653,#1654,#1655,#1656,#1657,#1658,#1659),(#1660,#1661,#1662,#1663,
#1664,#1665,#1666,#1667,#1668,#1669,#1670,#1671,#1672,#1673,#1674,#1675,
#1676,#1677,#1678,#1679,#1680,#1681,#1682,#1683,#1684,#1685,#1686,#1687,
#1688,#1689,#1690,#1691,#1692,#1693,#1694,#1695,#1696,#1697,#1698,#1699,
#1700,#1701,#1702,#1703,#1704,#1705,#1706,#1707,#1708),(#1709,#1710,#1711,
#1712,#1713,#1714,#1715,#1716,#1717,#1718,#1719,#1720,#1721,#1722,#1723,
#1724,#1725,#1726,#1727,#1728,#1729,#1730,#1731,#1732,#1733,#1734,#1735,
#1736,#1737,#1738,#1739,#1740,#1741,#1742,#1743,#1744,#1745,#1746,#1747,
#1748,#1749,#1750,#1751,#1752,#1753,#1754,#1755,#1756,#1757),(#1758,#1759,
#1760,#1761,#1762,#1763,#1764,#1765,#1766,#1767,#1768,#1769,#1770,#1771,
#1772,#1773,#1774,#1775,#1776,#1777,#1778,#1779,#1780,#1781,#1782,#1783,
#1784,#1785,#1786,#1787,#1788,#1789,#1790,#1791,#1792,#1793,#1794,#1795,
#1796,#1797,#1798,#1799,#1800,#1801,#1802,#1803,#1804,#1805,#1806)),
 .UNSPECIFIED.,.F.,.F.,.F.,(4,4),(4,1,1,1,1,1,1,1,1,1,1,1,1,1,1,1,1,1,1,
1,1,1,1,1,1,1,1,1,1,1,1,1,1,1,1,1,1,1,1,1,1,1,1,1,1,1,4),(0.,0.0973373271339383),
(8.33778981491057,8.83741110265461,9.33703239039864,9.83665367814268,10.3362749658867,
10.8358962536307,11.3355175413748,11.8351388291188,12.3347601168628,12.8343814046069,
13.3340026923509,13.833623980095,14.333245267839,14.832866555583,15.3324878433271,
15.8321091310711,16.3317304188151,16.8313517065592,17.3309729943032,17.8305942820472,
18.3302155697913,18.8298368575353,19.3294581452793,19.8290794330234,20.3287007207674,
20.8283220085114,21.3279432962555,21.8275645839995,22.3271858717435,22.8268071594876,
23.3264284472316,23.8260497349756,24.3256710227197,24.8252923104637,25.3249135982078,
25.8245348859518,26.3241561736958,26.8237774614399,27.3233987491839,27.8230200369279,
28.322641324672,28.822262612416,29.32188390016,29.8215051879041,30.3211264756481,
30.8207477633921,31.3203690511362),.UNSPECIFIED.);
#50=B_SPLINE_SURFACE_WITH_KNOTS('',3,3,((#2197,#2198,#2199,#2200,#2201,
#2202,#2203,#2204,#2205,#2206,#2207,#2208,#2209,#2210,#2211,#2212,#2213,
#2214,#2215,#2216,#2217,#2218,#2219,#2220,#2221,#2222,#2223,#2224,#2225,
#2226,#2227,#2228,#2229,#2230,#2231,#2232,#2233,#2234,#2235),(#2236,#2237,
#2238,#2239,#2240,#2241,#2242,#2243,#2244,#2245,#2246,#2247,#2248,#2249,
#2250,#2251,#2252,#2253,#2254,#2255,#2256,#2257,#2258,#2259,#2260,#2261,
#2262,#2263,#2264,#2265,#2266,#2267,#2268,#2269,#2270,#2271,#2272,#2273,
#2274),(#2275,#2276,#2277,#2278,#2279,#2280,#2281,#2282,#2283,#2284,#2285,
#2286,#2287,#2288,#2289,#2290,#2291,#2292,#2293,#2294,#2295,#2296,#2297,
#2298,#2299,#2300,#2301,#2302,#2303,#2304,#2305,#2306,#2307,#2308,#2309,
#2310,#2311,#2312,#2313),(#2314,#2315,#2316,#2317,#2318,#2319,#2320,#2321,
#2322,#2323,#2324,#2325,#2326,#2327,#2328,#2329,#2330,#2331,#2332,#2333,
#2334,#2335,#2336,#2337,#2338,#2339,#2340,#2341,#2342,#2343,#2344,#2345,
#2346,#2347,#2348,#2349,#2350,#2351,#2352)),.UNSPECIFIED.,.F.,.F.,.F.,(4,
4),(4,1,1,1,1,1,1,1,1,1,1,1,1,1,1,1,1,1,1,1,1,1,1,1,1,1,1,1,1,1,1,1,1,1,
1,1,4),(-0.00998107951577611,0.0873569758672078),(12.5817766629903,13.4025850878641,
14.2233935127379,15.0442019376117,15.8650103624856,16.4122159790681,16.9594215956506,
17.5066272122332,18.327435637107,19.1482440619808,19.6954496785634,20.2426552951459,
20.7898609117285,21.337066528311,21.8842721448935,22.4314777614761,22.9786833780586,
23.5258889946412,24.0730946112237,24.6203002278063,24.9851039721946,25.7147114609714,
26.2619170775539,26.8091226941364,27.356328310719,28.1771367355928,28.9979451604666,
29.8187535853404,30.6395620102142,31.1867676267968,31.7339732433793,32.2811788599619,
32.6915830723988,33.1019872848357,33.9227957097095,34.7436041345833,35.5644125594571),
 .UNSPECIFIED.);
#51=B_SPLINE_SURFACE_WITH_KNOTS('',3,3,((#3200,#3201,#3202,#3203,#3204,
#3205,#3206,#3207,#3208,#3209,#3210,#3211,#3212,#3213,#3214,#3215,#3216,
#3217,#3218,#3219,#3220,#3221,#3222,#3223,#3224,#3225,#3226,#3227,#3228,
#3229,#3230,#3231,#3232,#3233,#3234,#3235,#3236,#3237,#3238,#3239,#3240,
#3241,#3242,#3243,#3244,#3245,#3246,#3247,#3248,#3249,#3250,#3251,#3252,
#3253,#3254,#3255,#3256,#3257,#3258,#3259,#3260,#3261,#3262,#3263,#3264,
#3265,#3266),(#3267,#3268,#3269,#3270,#3271,#3272,#3273,#3274,#3275,#3276,
#3277,#3278,#3279,#3280,#3281,#3282,#3283,#3284,#3285,#3286,#3287,#3288,
#3289,#3290,#3291,#3292,#3293,#3294,#3295,#3296,#3297,#3298,#3299,#3300,
#3301,#3302,#3303,#3304,#3305,#3306,#3307,#3308,#3309,#3310,#3311,#3312,
#3313,#3314,#3315,#3316,#3317,#3318,#3319,#3320,#3321,#3322,#3323,#3324,
#3325,#3326,#3327,#3328,#3329,#3330,#3331,#3332,#3333),(#3334,#3335,#3336,
#3337,#3338,#3339,#3340,#3341,#3342,#3343,#3344,#3345,#3346,#3347,#3348,
#3349,#3350,#3351,#3352,#3353,#3354,#3355,#3356,#3357,#3358,#3359,#3360,
#3361,#3362,#3363,#3364,#3365,#3366,#3367,#3368,#3369,#3370,#3371,#3372,
#3373,#3374,#3375,#3376,#3377,#3378,#3379,#3380,#3381,#3382,#3383,#3384,
#3385,#3386,#3387,#3388,#3389,#3390,#3391,#3392,#3393,#3394,#3395,#3396,
#3397,#3398,#3399,#3400),(#3401,#3402,#3403,#3404,#3405,#3406,#3407,#3408,
#3409,#3410,#3411,#3412,#3413,#3414,#3415,#3416,#3417,#3418,#3419,#3420,
#3421,#3422,#3423,#3424,#3425,#3426,#3427,#3428,#3429,#3430,#3431,#3432,
#3433,#3434,#3435,#3436,#3437,#3438,#3439,#3440,#3441,#3442,#3443,#3444,
#3445,#3446,#3447,#3448,#3449,#3450,#3451,#3452,#3453,#3454,#3455,#3456,
#3457,#3458,#3459,#3460,#3461,#3462,#3463,#3464,#3465,#3466,#3467)),
 .UNSPECIFIED.,.F.,.F.,.F.,(4,4),(4,1,1,1,1,1,1,1,1,1,1,1,1,1,1,1,1,1,1,
1,1,1,1,1,1,1,1,1,1,1,1,1,1,1,1,1,1,1,1,1,1,1,1,1,1,1,1,1,1,1,1,1,1,1,1,
1,1,1,1,1,1,1,1,1,4),(0.,0.0968216401431003),(13.9412919689394,14.4311257052319,
14.9209594415243,15.4107931778168,15.9006269141093,16.3904606504018,16.8802943866943,
17.3701281229867,17.8599618592792,18.3497955955717,18.8396293318642,19.3294630681567,
19.8192968044491,20.3091305407416,20.7989642770341,21.2887980133266,21.778631749619,
22.2684654859115,22.758299222204,23.2481329584965,23.737966694789,24.2278004310814,
24.7176341673739,25.2074679036664,25.6973016399589,26.1871353762514,26.6769691125438,
27.1668028488363,27.6566365851288,28.1464703214213,28.6363040577137,29.1261377940062,
29.6159715302987,30.1058052665912,30.5956390028837,31.0854727391761,31.5753064754686,
32.0651402117611,32.5549739480536,33.044807684346,33.5346414206385,34.024475156931,
34.5143088932235,35.004142629516,35.4939763658084,35.9838101021009,36.4736438383934,
36.9634775746859,37.4533113109783,37.9431450472708,38.4329787835633,38.9228125198558,
39.4126462561483,39.9024799924407,40.3923137287332,40.8821474650257,41.3719812013182,
41.8618149376107,42.3516486739031,42.8414824101956,43.3313161464881,43.8211498827806,
44.310983619073,44.8008173553655,45.290651091658),.UNSPECIFIED.);
#52=B_SPLINE_SURFACE_WITH_KNOTS('',3,3,((#3860,#3861,#3862,#3863,#3864,
#3865,#3866,#3867,#3868,#3869,#3870,#3871,#3872,#3873,#3874,#3875,#3876,
#3877,#3878,#3879,#3880,#3881,#3882,#3883,#3884,#3885,#3886,#3887,#3888,
#3889,#3890,#3891,#3892,#3893,#3894,#3895,#3896,#3897,#3898,#3899,#3900,
#3901,#3902,#3903,#3904,#3905,#3906,#3907,#3908,#3909,#3910,#3911,#3912,
#3913,#3914,#3915,#3916,#3917,#3918,#3919,#3920,#3921,#3922,#3923,#3924,
#3925,#3926),(#3927,#3928,#3929,#3930,#3931,#3932,#3933,#3934,#3935,#3936,
#3937,#3938,#3939,#3940,#3941,#3942,#3943,#3944,#3945,#3946,#3947,#3948,
#3949,#3950,#3951,#3952,#3953,#3954,#3955,#3956,#3957,#3958,#3959,#3960,
#3961,#3962,#3963,#3964,#3965,#3966,#3967,#3968,#3969,#3970,#3971,#3972,
#3973,#3974,#3975,#3976,#3977,#3978,#3979,#3980,#3981,#3982,#3983,#3984,
#3985,#3986,#3987,#3988,#3989,#3990,#3991,#3992,#3993),(#3994,#3995,#3996,
#3997,#3998,#3999,#4000,#4001,#4002,#4003,#4004,#4005,#4006,#4007,#4008,
#4009,#4010,#4011,#4012,#4013,#4014,#4015,#4016,#4017,#4018,#4019,#4020,
#4021,#4022,#4023,#4024,#4025,#4026,#4027,#4028,#4029,#4030,#4031,#4032,
#4033,#4034,#4035,#4036,#4037,#4038,#4039,#4040,#4041,#4042,#4043,#4044,
#4045,#4046,#4047,#4048,#4049,#4050,#4051,#4052,#4053,#4054,#4055,#4056,
#4057,#4058,#4059,#4060),(#4061,#4062,#4063,#4064,#4065,#4066,#4067,#4068,
#4069,#4070,#4071,#4072,#4073,#4074,#4075,#4076,#4077,#4078,#4079,#4080,
#4081,#4082,#4083,#4084,#4085,#4086,#4087,#4088,#4089,#4090,#4091,#4092,
#4093,#4094,#4095,#4096,#4097,#4098,#4099,#4100,#4101,#4102,#4103,#4104,
#4105,#4106,#4107,#4108,#4109,#4110,#4111,#4112,#4113,#4114,#4115,#4116,
#4117,#4118,#4119,#4120,#4121,#4122,#4123,#4124,#4125,#4126,#4127)),
 .UNSPECIFIED.,.F.,.F.,.F.,(4,4),(4,1,1,1,1,1,1,1,1,1,1,1,1,1,1,1,1,1,1,
1,1,1,1,1,1,1,1,1,1,1,1,1,1,1,1,1,1,1,1,1,1,1,1,1,1,1,1,1,1,1,1,1,1,1,1,
1,1,1,1,1,1,1,1,1,4),(0.,0.0968216401431003),(16.4940044289412,16.9838381652336,
17.4736719015261,17.9635056378186,18.4533393741111,18.9431731104036,19.433006846696,
19.9228405829885,20.412674319281,20.9025080555735,21.3923417918659,21.8821755281584,
22.3720092644509,22.8618430007434,23.3516767370359,23.8415104733283,24.3313442096208,
24.8211779459133,25.3110116822058,25.8008454184982,26.2906791547907,26.7805128910832,
27.2703466273757,27.7601803636682,28.2500140999606,28.7398478362531,29.2296815725456,
29.7195153088381,30.2093490451306,30.699182781423,31.1890165177155,31.678850254008,
32.1686839903005,32.6585177265929,33.1483514628854,33.6381851991779,34.1280189354704,
34.6178526717629,35.1076864080553,35.5975201443478,36.0873538806403,36.5771876169328,
37.0670213532252,37.5568550895177,38.0466888258102,38.5365225621027,39.0263562983952,
39.5161900346876,40.0060237709801,40.4958575072726,40.9856912435651,41.4755249798575,
41.96535871615,42.4551924524425,42.945026188735,43.4348599250275,43.9246936613199,
44.4145273976124,44.9043611339049,45.3941948701974,45.8840286064898,46.3738623427823,
46.8636960790748,47.3535298153673,47.8433635516598),.UNSPECIFIED.);
#53=FACE_OUTER_BOUND('',#110,.T.);
#54=FACE_OUTER_BOUND('',#111,.T.);
#55=FACE_OUTER_BOUND('',#112,.T.);
#56=FACE_OUTER_BOUND('',#113,.T.);
#57=FACE_OUTER_BOUND('',#114,.T.);
#58=FACE_OUTER_BOUND('',#115,.T.);
#59=FACE_OUTER_BOUND('',#116,.T.);
#60=FACE_OUTER_BOUND('',#118,.T.);
#61=FACE_OUTER_BOUND('',#119,.T.);
#62=FACE_OUTER_BOUND('',#121,.T.);
#63=FACE_OUTER_BOUND('',#123,.T.);
#64=FACE_OUTER_BOUND('',#124,.T.);
#65=FACE_OUTER_BOUND('',#126,.T.);
#66=FACE_OUTER_BOUND('',#127,.T.);
#67=FACE_OUTER_BOUND('',#128,.T.);
#68=FACE_OUTER_BOUND('',#129,.T.);
#69=FACE_OUTER_BOUND('',#130,.T.);
#70=FACE_OUTER_BOUND('',#131,.T.);
#71=FACE_OUTER_BOUND('',#132,.T.);
#72=FACE_OUTER_BOUND('',#133,.T.);
#73=FACE_OUTER_BOUND('',#134,.T.);
#74=FACE_OUTER_BOUND('',#135,.T.);
#75=FACE_OUTER_BOUND('',#136,.T.);
#76=FACE_OUTER_BOUND('',#137,.T.);
#77=FACE_OUTER_BOUND('',#138,.T.);
#78=FACE_OUTER_BOUND('',#139,.T.);
#79=FACE_OUTER_BOUND('',#140,.T.);
#80=FACE_OUTER_BOUND('',#141,.T.);
#81=FACE_OUTER_BOUND('',#142,.T.);
#82=FACE_OUTER_BOUND('',#143,.T.);
#83=FACE_OUTER_BOUND('',#144,.T.);
#84=FACE_OUTER_BOUND('',#145,.T.);
#85=FACE_OUTER_BOUND('',#146,.T.);
#86=FACE_OUTER_BOUND('',#147,.T.);
#87=FACE_OUTER_BOUND('',#148,.T.);
#88=FACE_OUTER_BOUND('',#149,.T.);
#89=FACE_OUTER_BOUND('',#150,.T.);
#90=FACE_OUTER_BOUND('',#151,.T.);
#91=FACE_OUTER_BOUND('',#152,.T.);
#92=FACE_OUTER_BOUND('',#153,.T.);
#93=FACE_OUTER_BOUND('',#154,.T.);
#94=FACE_OUTER_BOUND('',#155,.T.);
#95=FACE_OUTER_BOUND('',#156,.T.);
#96=FACE_OUTER_BOUND('',#157,.T.);
#97=FACE_OUTER_BOUND('',#159,.T.);
#98=FACE_OUTER_BOUND('',#160,.T.);
#99=FACE_OUTER_BOUND('',#161,.T.);
#100=FACE_OUTER_BOUND('',#163,.T.);
#101=FACE_OUTER_BOUND('',#164,.T.);
#102=FACE_OUTER_BOUND('',#165,.T.);
#103=FACE_OUTER_BOUND('',#166,.T.);
#104=FACE_OUTER_BOUND('',#167,.T.);
#105=FACE_OUTER_BOUND('',#168,.T.);
#106=FACE_OUTER_BOUND('',#169,.T.);
#107=FACE_OUTER_BOUND('',#170,.T.);
#108=FACE_OUTER_BOUND('',#171,.T.);
#109=FACE_OUTER_BOUND('',#172,.T.);
#110=EDGE_LOOP('',(#633,#634,#635,#636));
#111=EDGE_LOOP('',(#637,#638,#639,#640));
#112=EDGE_LOOP('',(#641,#642,#643,#644));
#113=EDGE_LOOP('',(#645,#646,#647,#648,#649,#650,#651));
#114=EDGE_LOOP('',(#652,#653,#654,#655));
#115=EDGE_LOOP('',(#656,#657,#658,#659,#660,#661,#662));
#116=EDGE_LOOP('',(#663));
#117=EDGE_LOOP('',(#664));
#118=EDGE_LOOP('',(#665,#666,#667,#668));
#119=EDGE_LOOP('',(#669,#670,#671));
#120=EDGE_LOOP('',(#672));
#121=EDGE_LOOP('',(#673));
#122=EDGE_LOOP('',(#674,#675,#676));
#123=EDGE_LOOP('',(#677,#678,#679,#680));
#124=EDGE_LOOP('',(#681));
#125=EDGE_LOOP('',(#682));
#126=EDGE_LOOP('',(#683,#684,#685,#686));
#127=EDGE_LOOP('',(#687,#688,#689,#690,#691,#692,#693,#694));
#128=EDGE_LOOP('',(#695,#696,#697,#698));
#129=EDGE_LOOP('',(#699,#700,#701,#702));
#130=EDGE_LOOP('',(#703,#704,#705,#706));
#131=EDGE_LOOP('',(#707,#708,#709,#710));
#132=EDGE_LOOP('',(#711,#712,#713,#714));
#133=EDGE_LOOP('',(#715,#716,#717,#718));
#134=EDGE_LOOP('',(#719,#720,#721,#722));
#135=EDGE_LOOP('',(#723,#724,#725,#726));
#136=EDGE_LOOP('',(#727,#728,#729,#730));
#137=EDGE_LOOP('',(#731,#732,#733,#734,#735,#736,#737,#738,#739,#740,#741,
#742));
#138=EDGE_LOOP('',(#743,#744,#745,#746));
#139=EDGE_LOOP('',(#747,#748,#749,#750));
#140=EDGE_LOOP('',(#751,#752,#753,#754));
#141=EDGE_LOOP('',(#755,#756,#757,#758));
#142=EDGE_LOOP('',(#759,#760,#761,#762,#763,#764,#765,#766,#767,#768));
#143=EDGE_LOOP('',(#769,#770,#771,#772));
#144=EDGE_LOOP('',(#773,#774,#775,#776));
#145=EDGE_LOOP('',(#777,#778,#779,#780));
#146=EDGE_LOOP('',(#781,#782,#783,#784));
#147=EDGE_LOOP('',(#785,#786,#787,#788));
#148=EDGE_LOOP('',(#789,#790,#791,#792,#793,#794));
#149=EDGE_LOOP('',(#795,#796,#797,#798));
#150=EDGE_LOOP('',(#799,#800,#801,#802,#803,#804));
#151=EDGE_LOOP('',(#805,#806,#807,#808));
#152=EDGE_LOOP('',(#809,#810,#811,#812));
#153=EDGE_LOOP('',(#813,#814,#815,#816,#817,#818,#819,#820,#821,#822,#823,
#824,#825));
#154=EDGE_LOOP('',(#826,#827,#828,#829,#830));
#155=EDGE_LOOP('',(#831,#832,#833,#834,#835,#836,#837,#838,#839,#840,#841,
#842,#843));
#156=EDGE_LOOP('',(#844,#845,#846,#847));
#157=EDGE_LOOP('',(#848));
#158=EDGE_LOOP('',(#849,#850,#851,#852));
#159=EDGE_LOOP('',(#853,#854,#855,#856,#857,#858,#859,#860,#861,#862));
#160=EDGE_LOOP('',(#863,#864,#865,#866,#867,#868,#869,#870,#871,#872));
#161=EDGE_LOOP('',(#873));
#162=EDGE_LOOP('',(#874));
#163=EDGE_LOOP('',(#875,#876));
#164=EDGE_LOOP('',(#877,#878,#879,#880,#881,#882));
#165=EDGE_LOOP('',(#883,#884));
#166=EDGE_LOOP('',(#885,#886,#887,#888,#889,#890,#891,#892,#893,#894,#895,
#896,#897,#898));
#167=EDGE_LOOP('',(#899,#900,#901,#902));
#168=EDGE_LOOP('',(#903,#904));
#169=EDGE_LOOP('',(#905,#906,#907,#908,#909,#910));
#170=EDGE_LOOP('',(#911,#912));
#171=EDGE_LOOP('',(#913,#914,#915,#916,#917,#918,#919,#920,#921,#922,#923,
#924,#925,#926,#927,#928,#929,#930,#931,#932,#933,#934,#935,#936));
#172=EDGE_LOOP('',(#937,#938));
#173=CIRCLE('',#1046,8.0685);
#174=CIRCLE('',#1050,8.0685);
#175=CIRCLE('',#1052,7.);
#176=CIRCLE('',#1053,2.);
#177=CIRCLE('',#1055,7.);
#178=CIRCLE('',#1058,11.);
#179=CIRCLE('',#1060,11.);
#180=CIRCLE('',#1062,2.);
#181=CIRCLE('',#1065,8.263);
#182=CIRCLE('',#1066,8.263);
#183=CIRCLE('',#1067,8.263);
#184=CIRCLE('',#1072,8.263);
#185=CIRCLE('',#1074,9.1015);
#186=CIRCLE('',#1078,9.1015);
#187=CIRCLE('',#1080,0.5);
#188=CIRCLE('',#1081,0.5);
#189=CIRCLE('',#1083,4.5);
#190=CIRCLE('',#1084,4.5);
#191=CIRCLE('',#1085,4.5);
#192=CIRCLE('',#1086,4.5);
#193=CIRCLE('',#1087,4.5);
#194=CIRCLE('',#1088,4.5);
#195=CIRCLE('',#1090,0.5);
#196=CIRCLE('',#1091,0.5);
#197=CIRCLE('',#1094,0.5);
#198=CIRCLE('',#1095,0.5);
#199=CIRCLE('',#1098,0.5);
#200=CIRCLE('',#1099,0.75);
#201=CIRCLE('',#1100,2.2);
#202=CIRCLE('',#1101,11.);
#203=CIRCLE('',#1102,2.2);
#204=CIRCLE('',#1103,0.75);
#205=CIRCLE('',#1105,0.5);
#206=CIRCLE('',#1108,0.75);
#207=CIRCLE('',#1109,0.75);
#208=CIRCLE('',#1112,0.75);
#209=CIRCLE('',#1113,0.75);
#210=CIRCLE('',#1115,2.2);
#211=CIRCLE('',#1116,2.2);
#212=CIRCLE('',#1117,2.2);
#213=CIRCLE('',#1119,0.75);
#214=CIRCLE('',#1121,2.2);
#215=CIRCLE('',#1122,2.2);
#216=CIRCLE('',#1124,0.75);
#217=CIRCLE('',#1129,11.);
#218=CIRCLE('',#1131,2.2);
#219=CIRCLE('',#1132,11.);
#220=CIRCLE('',#1134,2.2);
#221=CIRCLE('',#1135,11.);
#222=CIRCLE('',#1138,11.);
#223=CIRCLE('',#1140,2.2);
#224=CIRCLE('',#1142,11.);
#225=CIRCLE('',#1144,11.);
#226=CIRCLE('',#1145,11.);
#227=CIRCLE('',#1146,2.2);
#228=CIRCLE('',#1147,11.);
#229=CIRCLE('',#1148,2.2);
#230=CIRCLE('',#1150,2.2);
#231=CIRCLE('',#1152,11.);
#232=CIRCLE('',#1154,2.2);
#233=CIRCLE('',#1156,11.);
#234=CIRCLE('',#1158,11.);
#235=B_SPLINE_CURVE_WITH_KNOTS('',3,(#1456,#1457,#1458,#1459,#1460,#1461,
#1462,#1463,#1464,#1465,#1466,#1467,#1468,#1469,#1470,#1471,#1472,#1473,
#1474,#1475,#1476,#1477,#1478,#1479,#1480,#1481,#1482,#1483),
 .UNSPECIFIED.,.F.,.F.,(4,3,3,3,3,3,3,3,3,4),(13.4896478634626,14.0760719379626,
14.7406897965627,15.4053076551628,15.8483862275629,16.2914647999629,16.734543372363,
17.066852301663,17.3991612309631,17.7422686237513),.UNSPECIFIED.);
#236=B_SPLINE_CURVE_WITH_KNOTS('',3,(#1486,#1487,#1488,#1489,#1490,#1491,
#1492,#1493,#1494,#1495),.UNSPECIFIED.,.F.,.F.,(4,1,1,1,1,1,1,4),(28.2743338823081,
28.322641324672,28.822262612416,29.32188390016,29.8215051879041,30.3211264756481,
30.8207477633921,31.3203690511362),.UNSPECIFIED.);
#237=B_SPLINE_CURVE_WITH_KNOTS('',3,(#1500,#1501,#1502,#1503,#1504,#1505,
#1506,#1507,#1508,#1509,#1510,#1511,#1512,#1513,#1514,#1515,#1516,#1517,
#1518,#1519,#1520,#1521,#1522,#1523,#1524,#1525,#1526,#1527,#1528,#1529,
#1530,#1531,#1532,#1533,#1534,#1535,#1536),.UNSPECIFIED.,.F.,.F.,(4,3,3,
3,3,3,3,3,3,3,3,3,4),(8.40182519150793,8.75889055673065,9.20199146912176,
9.64509238151288,10.088193293904,10.5312942062951,10.8266948145558,11.4174960310773,
11.8605969434684,12.3036978558596,12.7467987682507,13.4114501368373,13.4896478634626),
 .UNSPECIFIED.);
#238=B_SPLINE_CURVE_WITH_KNOTS('',3,(#1537,#1538,#1539,#1540,#1541,#1542,
#1543,#1544,#1545,#1546,#1547,#1548,#1549,#1550,#1551,#1552),
 .UNSPECIFIED.,.F.,.F.,(4,1,1,1,1,1,1,1,1,1,1,1,1,4),(21.9911485751285,
22.3271858717435,22.8268071594876,23.3264284472316,23.8260497349756,24.3256710227197,
24.8252923104637,25.3249135982078,25.8245348859518,26.3241561736958,26.8237774614399,
27.3233987491839,27.8230200369279,28.2743338823081),.UNSPECIFIED.);
#239=B_SPLINE_CURVE_WITH_KNOTS('',3,(#1557,#1558,#1559,#1560,#1561,#1562,
#1563,#1564,#1565,#1566,#1567,#1568,#1569,#1570,#1571,#1572,#1573,#1574,
#1575,#1576,#1577,#1578,#1579,#1580,#1581,#1582,#1583,#1584,#1585,#1586,
#1587,#1588,#1589,#1590,#1591,#1592,#1593),.UNSPECIFIED.,.F.,.F.,(4,3,3,
3,3,3,3,3,3,3,3,3,4),(3.3139770717364,3.44165479839956,3.88475792709116,
4.32786105578277,4.77096418447438,5.43561887751179,6.10027357054921,6.54337669924082,
6.98647982793243,7.42958295662403,7.87268608531565,8.31578921400725,8.40182519150793),
 .UNSPECIFIED.);
#240=B_SPLINE_CURVE_WITH_KNOTS('',3,(#1594,#1595,#1596,#1597,#1598,#1599,
#1600,#1601,#1602,#1603,#1604,#1605,#1606,#1607,#1608,#1609,#1610),
 .UNSPECIFIED.,.F.,.F.,(4,1,1,1,1,1,1,1,1,1,1,1,1,1,4),(15.707963267949,
15.8321091310711,16.3317304188151,16.8313517065592,17.3309729943032,17.8305942820472,
18.3302155697913,18.8298368575353,19.3294581452793,19.8290794330234,20.3287007207674,
20.8283220085114,21.3279432962555,21.8275645839995,21.9911485751285),
 .UNSPECIFIED.);
#241=B_SPLINE_CURVE_WITH_KNOTS('',3,(#1809,#1810,#1811,#1812,#1813,#1814,
#1815,#1816,#1817,#1818,#1819,#1820,#1821,#1822,#1823,#1824,#1825,#1826,
#1827,#1828,#1829,#1830,#1831,#1832,#1833,#1834,#1835,#1836,#1837,#1838,
#1839,#1840,#1841,#1842,#1843,#1844,#1845,#1846,#1847,#1848,#1849,#1850,
#1851,#1852,#1853,#1854,#1855,#1856,#1857,#1858,#1859,#1860,#1861,#1862,
#1863,#1864,#1865,#1866,#1867,#1868,#1869,#1870,#1871,#1872,#1873,#1874,
#1875,#1876,#1877,#1878,#1879,#1880,#1881,#1882,#1883,#1884,#1885,#1886,
#1887,#1888,#1889,#1890,#1891,#1892,#1893,#1894,#1895,#1896,#1897,#1898,
#1899,#1900,#1901,#1902,#1903,#1904,#1905,#1906,#1907,#1908,#1909,#1910,
#1911,#1912,#1913,#1914,#1915,#1916,#1917,#1918,#1919,#1920,#1921,#1922,
#1923,#1924,#1925,#1926,#1927,#1928,#1929,#1930,#1931,#1932,#1933,#1934,
#1935),.UNSPECIFIED.,.F.,.F.,(4,3,3,3,3,3,3,3,3,3,3,3,3,3,3,3,3,3,3,3,3,
3,3,3,3,3,3,3,3,3,3,3,3,3,3,3,3,3,3,3,3,3,4),(0.0292006243039357,0.47599939196232,
0.922798480787195,1.36959756961207,1.81639665843694,2.26319574726182,2.70999483608669,
3.15679392491157,3.60359301373644,4.05039210256132,4.4971911913862,4.94399028021107,
5.39078936903595,5.83758845786082,6.2843875466857,6.73118663551057,7.17798572433545,
7.62478481316032,8.07158390198519,8.51838299081007,8.96518207963494,9.41198116845982,
9.8587802572847,10.3055793461096,10.7523784349344,11.1991775237593,11.6459766125842,
12.0927757014091,12.5395747902339,12.9863738790588,13.4331729678837,13.8799720567086,
14.3267711455335,14.7735702343583,15.2203693231832,15.6671684120081,16.113967500833,
16.5607665896578,17.0075656784827,17.4543647673076,17.9011638561324,18.3479629449573,
18.75886339776),.UNSPECIFIED.);
#242=B_SPLINE_CURVE_WITH_KNOTS('',3,(#1937,#1938,#1939,#1940,#1941,#1942,
#1943,#1944,#1945,#1946,#1947,#1948,#1949,#1950,#1951,#1952,#1953,#1954,
#1955,#1956,#1957,#1958,#1959,#1960,#1961,#1962,#1963,#1964,#1965,#1966,
#1967,#1968,#1969,#1970,#1971,#1972,#1973,#1974,#1975,#1976,#1977,#1978,
#1979,#1980,#1981,#1982,#1983,#1984,#1985,#1986,#1987,#1988,#1989,#1990,
#1991,#1992,#1993,#1994,#1995,#1996,#1997,#1998,#1999,#2000,#2001,#2002,
#2003,#2004,#2005,#2006,#2007,#2008,#2009,#2010,#2011,#2012,#2013,#2014,
#2015,#2016,#2017,#2018,#2019,#2020,#2021,#2022,#2023,#2024,#2025,#2026,
#2027,#2028,#2029,#2030,#2031,#2032,#2033,#2034,#2035,#2036,#2037,#2038,
#2039,#2040,#2041,#2042,#2043,#2044,#2045,#2046,#2047,#2048,#2049,#2050,
#2051),.UNSPECIFIED.,.F.,.F.,(4,3,3,3,3,3,3,3,3,3,3,3,3,3,3,3,3,3,3,3,3,
3,3,3,3,3,3,3,3,3,3,3,3,3,3,3,3,3,4),(0.,0.0324937329513602,0.0953618074082848,
0.159074139559555,0.223229975016186,0.278252666029846,0.301136730176773,
0.311838388405882,0.323141901860888,0.388139633726222,0.443320739070828,
0.507961947718264,0.573011558386344,0.609432807767261,0.631089752956805,
0.640500476392303,0.647881479201237,0.713459608957276,0.779456863087115,
0.84537295624469,0.864381553433682,0.918255533746192,0.965395266519637,
0.972387025954935,1.03805763277064,1.10488679693703,1.17187074249082,1.2382516513093,
1.29537339593376,1.30560076295932,1.31382719655478,1.38048143324633,1.44786698393027,
1.51553124580883,1.52889221801645,1.54172269454511,1.60972224354516,1.6777150477545,
1.73579865279442),.UNSPECIFIED.);
#243=B_SPLINE_CURVE_WITH_KNOTS('',3,(#2052,#2053,#2054,#2055,#2056,#2057,
#2058,#2059,#2060,#2061,#2062,#2063,#2064,#2065),.UNSPECIFIED.,.F.,.F.,
(4,1,1,1,1,1,1,1,1,1,1,4),(10.3764180272042,10.8358962536307,11.3355175413748,
11.8351388291188,12.3347601168628,12.8343814046069,13.3340026923509,13.833623980095,
14.333245267839,14.832866555583,15.3324878433271,15.707963267949),
 .UNSPECIFIED.);
#244=B_SPLINE_CURVE_WITH_KNOTS('',3,(#2066,#2067,#2068,#2069,#2070,#2071,
#2072,#2073,#2074,#2075,#2076,#2077,#2078,#2079,#2080,#2081,#2082,#2083,
#2084,#2085,#2086,#2087,#2088,#2089,#2090,#2091,#2092,#2093,#2094,#2095,
#2096,#2097,#2098,#2099,#2100,#2101,#2102,#2103,#2104,#2105,#2106,#2107,
#2108,#2109,#2110,#2111,#2112,#2113,#2114,#2115,#2116,#2117,#2118,#2119,
#2120,#2121,#2122,#2123,#2124,#2125,#2126,#2127,#2128,#2129,#2130,#2131,
#2132,#2133,#2134,#2135,#2136,#2137,#2138,#2139,#2140,#2141,#2142,#2143,
#2144,#2145,#2146,#2147,#2148,#2149,#2150,#2151,#2152,#2153,#2154,#2155,
#2156,#2157,#2158,#2159,#2160,#2161,#2162,#2163,#2164,#2165,#2166,#2167,
#2168,#2169,#2170,#2171,#2172,#2173,#2174,#2175,#2176,#2177,#2178,#2179,
#2180),.UNSPECIFIED.,.F.,.F.,(4,3,3,3,3,3,3,3,3,3,3,3,3,3,3,3,3,3,3,3,3,
3,3,3,3,3,3,3,3,3,3,3,3,3,3,3,3,3,4),(-1.73579865279439,-1.70003803563981,
-1.63197653232989,-1.56393168518396,-1.54285253222007,-1.52865480568924,
-1.46098952653313,-1.39359889643823,-1.32701162858045,-1.30965613394846,
-1.3018510817297,-1.26042436072266,-1.19385619841298,-1.12688478203893,
-1.06005385803603,-1.00257619321456,-0.981022068906513,-0.972390326988786,
-0.964908407766568,-0.897525803258364,-0.83014319875016,-0.764095665777625,
-0.698230821172344,-0.662190059562573,-0.642399668517019,-0.634634550273737,
-0.569576043829739,-0.50455362618318,-0.440256619947671,-0.409904728294176,
-0.358666637257404,-0.336249972428816,-0.318400138824752,-0.310868964463089,
-0.247067990389252,-0.182888053016372,-0.119029295198887,-0.0563488033630172,
0.),.UNSPECIFIED.);
#245=B_SPLINE_CURVE_WITH_KNOTS('',3,(#2184,#2185,#2186,#2187,#2188,#2189,
#2190,#2191,#2192,#2193,#2194,#2195,#2196),.UNSPECIFIED.,.F.,.F.,(4,3,3,
3,4),(0.783053857329617,1.44770386769803,2.11235387809236,2.77700388848668,
3.3139770717364),.UNSPECIFIED.);
#246=B_SPLINE_CURVE_WITH_KNOTS('',3,(#2353,#2354,#2355,#2356,#2357,#2358,
#2359,#2360,#2361,#2362,#2363,#2364,#2365,#2366,#2367,#2368,#2369,#2370,
#2371,#2372,#2373,#2374,#2375,#2376,#2377,#2378,#2379,#2380,#2381,#2382,
#2383,#2384,#2385,#2386,#2387,#2388,#2389,#2390,#2391,#2392,#2393,#2394,
#2395,#2396,#2397,#2398,#2399,#2400,#2401,#2402,#2403,#2404,#2405,#2406,
#2407,#2408,#2409,#2410,#2411,#2412,#2413,#2414,#2415,#2416,#2417,#2418,
#2419,#2420,#2421,#2422,#2423,#2424,#2425,#2426,#2427,#2428,#2429,#2430,
#2431,#2432,#2433,#2434,#2435,#2436,#2437,#2438,#2439,#2440),
 .UNSPECIFIED.,.F.,.F.,(4,3,3,3,3,3,3,3,3,3,3,3,3,3,3,3,3,3,3,3,3,3,3,3,
3,3,3,3,3,4),(0.382073757896773,0.448878284447243,0.517082366185133,0.585586345866584,
0.653721235105385,0.696924709595373,0.764440463163907,0.832369621651667,
0.899433178492467,0.967795137803705,1.0326192766016,1.03615709711494,1.1032323553817,
1.16973258960315,1.23641243504308,1.30310942940657,1.36923329226751,1.43480346045758,
1.50064688417188,1.56604245537965,1.63109677560594,1.69615109583223,1.76050131045391,
1.79708762283184,1.86149819524247,1.92639556150918,1.99124831760465,2.01690827706823,
2.0817904123089,2.12291064213756),.UNSPECIFIED.);
#247=B_SPLINE_CURVE_WITH_KNOTS('',3,(#2441,#2442,#2443,#2444,#2445,#2446,
#2447,#2448,#2449,#2450,#2451,#2452,#2453,#2454,#2455,#2456,#2457,#2458,
#2459,#2460,#2461,#2462,#2463,#2464,#2465,#2466,#2467,#2468,#2469,#2470,
#2471,#2472,#2473,#2474,#2475,#2476,#2477,#2478,#2479,#2480,#2481,#2482,
#2483,#2484,#2485,#2486,#2487,#2488,#2489,#2490,#2491,#2492,#2493,#2494,
#2495,#2496,#2497,#2498,#2499,#2500,#2501,#2502,#2503,#2504,#2505,#2506,
#2507,#2508,#2509,#2510,#2511,#2512,#2513,#2514,#2515,#2516,#2517,#2518,
#2519,#2520,#2521,#2522,#2523,#2524,#2525,#2526,#2527,#2528),
 .UNSPECIFIED.,.F.,.F.,(4,3,3,3,3,3,3,3,3,3,3,3,3,3,3,3,3,3,3,3,3,3,3,3,
3,3,3,3,3,4),(0.382073757896765,0.450539430792526,0.518575650752695,0.585866911310561,
0.651553932574156,0.696924709595359,0.734354189602176,0.800375049267664,
0.867823526881706,0.935581359277714,1.00296948374296,1.03615709711492,1.10271388369386,
1.16942408897862,1.23563972355377,1.30243650791063,1.3692332922675,1.43455948274181,
1.44229516095491,1.50750590842839,1.57326489383568,1.63903683457887,1.69615109583221,
1.76075536771031,1.82568930812618,1.89024080223145,1.95357453964983,2.01690827706822,
2.08158253689018,2.12291064213749),.UNSPECIFIED.);
#248=B_SPLINE_CURVE_WITH_KNOTS('',3,(#2556,#2557,#2558,#2559,#2560,#2561,
#2562,#2563,#2564,#2565,#2566,#2567,#2568),.UNSPECIFIED.,.F.,.F.,(4,3,3,
3,4),(-1.76667129900958,-1.46950120887744,-0.979667472584958,-0.489833736292479,
0.),.UNSPECIFIED.);
#249=B_SPLINE_CURVE_WITH_KNOTS('',3,(#2576,#2577,#2578,#2579,#2580,#2581,
#2582,#2583,#2584,#2585,#2586,#2587,#2588,#2589,#2590,#2591,#2592,#2593,
#2594,#2595,#2596,#2597,#2598,#2599,#2600),.UNSPECIFIED.,.F.,.F.,(4,3,3,
3,3,3,3,3,4),(2.02782768921386,2.44916868146239,2.93900241775487,3.42883615404735,
3.91866989033983,4.4085036266323,4.89833736292478,5.38817109921726,5.4971441461874),
 .UNSPECIFIED.);
#250=B_SPLINE_CURVE_WITH_KNOTS('',3,(#2605,#2606,#2607,#2608,#2609,#2610,
#2611,#2612,#2613,#2614,#2615,#2616,#2617,#2618,#2619,#2620,#2621,#2622,
#2623,#2624,#2625,#2626,#2627,#2628,#2629,#2630,#2631,#2632,#2633,#2634,
#2635,#2636,#2637,#2638,#2639,#2640,#2641,#2642,#2643,#2644,#2645,#2646,
#2647),.UNSPECIFIED.,.F.,.F.,(4,3,3,3,3,3,3,3,3,3,3,3,3,3,4),(-8.04985660618916,
-7.83733978067965,-7.34750604438717,-6.8576723080947,-6.36783857180222,
-5.87800483550974,-5.38817109921726,-4.89833736292478,-4.40850362663231,
-3.91866989033983,-3.42883615404735,-2.93900241775487,-2.44916868146239,
-1.95933494516991,-1.76667129900958),.UNSPECIFIED.);
#251=B_SPLINE_CURVE_WITH_KNOTS('',3,(#2648,#2649,#2650,#2651,#2652,#2653,
#2654,#2655,#2656,#2657,#2658,#2659,#2660,#2661,#2662,#2663,#2664,#2665,
#2666,#2667,#2668,#2669,#2670,#2671,#2672,#2673,#2674,#2675,#2676,#2677,
#2678,#2679,#2680,#2681,#2682,#2683,#2684,#2685,#2686,#2687,#2688,#2689,
#2690),.UNSPECIFIED.,.F.,.F.,(4,3,3,3,3,3,3,3,3,3,3,3,3,3,4),(5.4971441461874,
5.87800483550974,6.36783857180222,6.8576723080947,7.34750604438718,7.83733978067965,
8.32717351697213,8.81700725326461,9.30684098955708,9.79667472584957,10.286508462142,
10.7763421984345,11.266175934727,11.7560096710195,11.780329453367),
 .UNSPECIFIED.);
#252=B_SPLINE_CURVE_WITH_KNOTS('',3,(#2695,#2696,#2697,#2698,#2699,#2700,
#2701,#2702,#2703,#2704,#2705,#2706,#2707,#2708,#2709,#2710,#2711,#2712,
#2713,#2714,#2715,#2716,#2717,#2718,#2719,#2720,#2721,#2722,#2723,#2724,
#2725,#2726,#2727,#2728,#2729,#2730,#2731,#2732,#2733,#2734,#2735,#2736,
#2737),.UNSPECIFIED.,.F.,.F.,(4,3,3,3,3,3,3,3,3,3,3,3,3,3,4),(-14.3330419133687,
-14.2051783524819,-13.7153446161894,-13.2255108798969,-12.7356771436044,
-12.245843407312,-11.7560096710195,-11.266175934727,-10.7763421984345,-10.286508462142,
-9.79667472584957,-9.30684098955709,-8.81700725326461,-8.32717351697213,
-8.04985660618916),.UNSPECIFIED.);
#253=B_SPLINE_CURVE_WITH_KNOTS('',3,(#2738,#2739,#2740,#2741,#2742,#2743,
#2744,#2745,#2746,#2747,#2748,#2749,#2750,#2751,#2752,#2753,#2754,#2755,
#2756,#2757,#2758,#2759,#2760,#2761,#2762,#2763,#2764,#2765,#2766,#2767,
#2768,#2769,#2770,#2771,#2772,#2773,#2774,#2775,#2776,#2777),
 .UNSPECIFIED.,.F.,.F.,(4,3,3,3,3,3,3,3,3,3,3,3,3,4),(11.780329453367,12.245843407312,
12.7356771436044,13.2255108798969,13.7153446161894,14.2051783524819,14.6950120887743,
15.1848458250668,15.6746795613593,16.1645132976518,16.6543470339443,17.1441807702367,
17.6340145065292,18.0635147605466),.UNSPECIFIED.);
#254=B_SPLINE_CURVE_WITH_KNOTS('',3,(#2782,#2783,#2784,#2785,#2786,#2787,
#2788,#2789,#2790,#2791,#2792,#2793,#2794,#2795,#2796,#2797,#2798,#2799,
#2800,#2801,#2802,#2803,#2804,#2805,#2806,#2807,#2808,#2809,#2810,#2811,
#2812,#2813,#2814,#2815,#2816,#2817,#2818,#2819,#2820,#2821,#2822,#2823,
#2824),.UNSPECIFIED.,.F.,.F.,(4,3,3,3,3,3,3,3,3,3,3,3,3,3,4),(-20.6162272205483,
-20.5730169242841,-20.0831831879916,-19.5933494516991,-19.1035157154067,
-18.6136819791142,-18.1238482428217,-17.6340145065292,-17.1441807702367,
-16.6543470339443,-16.1645132976518,-15.6746795613593,-15.1848458250668,
-14.6950120887744,-14.3330419133687),.UNSPECIFIED.);
#255=B_SPLINE_CURVE_WITH_KNOTS('',3,(#2825,#2826,#2827,#2828,#2829,#2830,
#2831,#2832,#2833,#2834,#2835,#2836,#2837,#2838,#2839,#2840,#2841,#2842,
#2843,#2844,#2845,#2846,#2847,#2848,#2849,#2850,#2851,#2852,#2853,#2854,
#2855,#2856,#2857,#2858,#2859,#2860,#2861,#2862,#2863,#2864,#2865,#2866,
#2867),.UNSPECIFIED.,.F.,.F.,(4,3,3,3,3,3,3,3,3,3,3,3,3,3,4),(18.0635147605466,
18.1238482428217,18.6136819791142,19.1035157154067,19.5933494516991,20.0831831879916,
20.5730169242841,21.0628506605766,21.552684396869,22.0425181331615,22.532351869454,
23.0221856057465,23.512019342039,24.0018530783314,24.3467000677262),
 .UNSPECIFIED.);
#256=B_SPLINE_CURVE_WITH_KNOTS('',3,(#2873,#2874,#2875,#2876,#2877,#2878,
#2879),.UNSPECIFIED.,.F.,.F.,(4,3,4),(30.6298853749057,30.8595253864261,
31.3493591227186),.UNSPECIFIED.);
#257=B_SPLINE_CURVE_WITH_KNOTS('',3,(#2882,#2883,#2884,#2885,#2886,#2887,
#2888,#2889,#2890,#2891,#2892,#2893,#2894,#2895,#2896,#2897,#2898,#2899,
#2900),.UNSPECIFIED.,.F.,.F.,(4,3,3,3,3,3,4),(-29.3215314335047,-28.9001904412562,
-28.4103567049637,-27.9205229686713,-27.4306892323788,-26.9408554960863,
-26.8994125277279),.UNSPECIFIED.);
#258=B_SPLINE_CURVE_WITH_KNOTS('',3,(#2906,#2907,#2908,#2909,#2910,#2911,
#2912,#2913,#2914,#2915,#2916,#2917,#2918),.UNSPECIFIED.,.F.,.F.,(4,1,1,
1,1,1,1,1,1,1,4),(40.8407044966673,40.8821474650257,41.3719812013182,41.8618149376107,
42.3516486739031,42.8414824101956,43.3313161464881,43.8211498827806,44.310983619073,
44.8008173553655,45.290651091658),.UNSPECIFIED.);
#259=B_SPLINE_CURVE_WITH_KNOTS('',3,(#2921,#2922,#2923,#2924,#2925,#2926,
#2927,#2928,#2929,#2930,#2931,#2932,#2933,#2934),.UNSPECIFIED.,.F.,.F.,
(4,1,1,1,1,1,1,1,1,1,1,4),(40.8407044966673,40.9856912435651,41.4755249798575,
41.96535871615,42.4551924524425,42.945026188735,43.4348599250275,43.9246936613199,
44.4145273976124,44.9043611339049,45.3941948701974,45.8155358624459),
 .UNSPECIFIED.);
#260=B_SPLINE_CURVE_WITH_KNOTS('',3,(#2939,#2940,#2941,#2942,#2943,#2944,
#2945,#2946,#2947,#2948,#2949,#2950,#2951,#2952,#2953,#2954),
 .UNSPECIFIED.,.F.,.F.,(4,1,1,1,1,1,1,1,1,1,1,1,1,4),(34.5575191894877,
35.004142629516,35.4939763658084,35.9838101021009,36.4736438383934,36.9634775746859,
37.4533113109783,37.9431450472708,38.4329787835633,38.9228125198558,39.4126462561483,
39.9024799924407,40.3923137287332,40.8407044966673),.UNSPECIFIED.);
#261=B_SPLINE_CURVE_WITH_KNOTS('',3,(#2955,#2956,#2957,#2958,#2959,#2960,
#2961,#2962,#2963,#2964,#2965,#2966,#2967,#2968,#2969,#2970,#2971),
 .UNSPECIFIED.,.F.,.F.,(4,1,1,1,1,1,1,1,1,1,1,1,1,1,4),(34.5575191894877,
34.6178526717629,35.1076864080553,35.5975201443478,36.0873538806403,36.5771876169328,
37.0670213532252,37.5568550895177,38.0466888258102,38.5365225621027,39.0263562983952,
39.5161900346876,40.0060237709801,40.4958575072726,40.8407044966673),
 .UNSPECIFIED.);
#262=B_SPLINE_CURVE_WITH_KNOTS('',3,(#2976,#2977,#2978,#2979,#2980,#2981,
#2982,#2983,#2984,#2985,#2986,#2987,#2988,#2989,#2990,#2991,#2992),
 .UNSPECIFIED.,.F.,.F.,(4,1,1,1,1,1,1,1,1,1,1,1,1,1,4),(28.2743338823081,
28.6363040577137,29.1261377940062,29.6159715302987,30.1058052665912,30.5956390028837,
31.0854727391761,31.5753064754686,32.0651402117611,32.5549739480536,33.044807684346,
33.5346414206385,34.024475156931,34.5143088932235,34.5575191894877),
 .UNSPECIFIED.);
#263=B_SPLINE_CURVE_WITH_KNOTS('',3,(#2993,#2994,#2995,#2996,#2997,#2998,
#2999,#3000,#3001,#3002,#3003,#3004,#3005,#3006,#3007,#3008),
 .UNSPECIFIED.,.F.,.F.,(4,1,1,1,1,1,1,1,1,1,1,1,1,4),(28.2743338823081,
28.7398478362531,29.2296815725456,29.7195153088381,30.2093490451306,30.699182781423,
31.1890165177155,31.678850254008,32.1686839903005,32.6585177265929,33.1483514628854,
33.6381851991779,34.1280189354704,34.5575191894877),.UNSPECIFIED.);
#264=B_SPLINE_CURVE_WITH_KNOTS('',3,(#3014,#3015,#3016,#3017,#3018,#3019,
#3020,#3021,#3022,#3023,#3024,#3025,#3026,#3027,#3028),.UNSPECIFIED.,.F.,
 .F.,(4,1,1,1,1,1,1,1,1,1,1,1,4),(16.4940044289412,16.9838381652336,17.4736719015261,
17.9635056378186,18.4533393741111,18.9431731104036,19.433006846696,19.9228405829885,
20.412674319281,20.9025080555735,21.3923417918659,21.8821755281584,21.9911485751285),
 .UNSPECIFIED.);
#265=B_SPLINE_CURVE_WITH_KNOTS('',3,(#3031,#3032,#3033,#3034,#3035,#3036,
#3037,#3038,#3039,#3040,#3041,#3042,#3043,#3044,#3045,#3046),
 .UNSPECIFIED.,.F.,.F.,(4,1,1,1,1,1,1,1,1,1,1,1,1,4),(15.9691196581533,
16.3904606504018,16.8802943866943,17.3701281229867,17.8599618592792,18.3497955955717,
18.8396293318642,19.3294630681567,19.8192968044491,20.3091305407416,20.7989642770341,
21.2887980133266,21.778631749619,21.9911485751285),.UNSPECIFIED.);
#266=B_SPLINE_CURVE_WITH_KNOTS('',3,(#3166,#3167,#3168,#3169,#3170,#3171,
#3172,#3173,#3174,#3175,#3176,#3177,#3178,#3179,#3180,#3181,#3182),
 .UNSPECIFIED.,.F.,.F.,(4,1,1,1,1,1,1,1,1,1,1,1,1,1,4),(21.9911485751285,
22.2684654859115,22.758299222204,23.2481329584965,23.737966694789,24.2278004310814,
24.7176341673739,25.2074679036664,25.6973016399589,26.1871353762514,26.6769691125438,
27.1668028488363,27.6566365851288,28.1464703214213,28.2743338823081),
 .UNSPECIFIED.);
#267=B_SPLINE_CURVE_WITH_KNOTS('',3,(#3183,#3184,#3185,#3186,#3187,#3188,
#3189,#3190,#3191,#3192,#3193,#3194,#3195,#3196,#3197,#3198,#3199),
 .UNSPECIFIED.,.F.,.F.,(4,1,1,1,1,1,1,1,1,1,1,1,1,1,4),(21.9911485751285,
22.3720092644509,22.8618430007434,23.3516767370359,23.8415104733283,24.3313442096208,
24.8211779459133,25.3110116822058,25.8008454184982,26.2906791547907,26.7805128910832,
27.2703466273757,27.7601803636682,28.2500140999606,28.2743338823081),
 .UNSPECIFIED.);
#268=B_SPLINE_CURVE_WITH_KNOTS('',3,(#3468,#3469,#3470,#3471,#3472,#3473,
#3474,#3475,#3476,#3477,#3478,#3479,#3480,#3481,#3482,#3483,#3484,#3485,
#3486,#3487,#3488,#3489,#3490,#3491,#3492,#3493,#3494,#3495,#3496,#3497,
#3498,#3499,#3500,#3501,#3502,#3503,#3504,#3505,#3506,#3507,#3508,#3509,
#3510,#3511,#3512,#3513,#3514,#3515,#3516,#3517,#3518,#3519,#3520,#3521,
#3522,#3523,#3524,#3525,#3526,#3527,#3528,#3529,#3530,#3531,#3532,#3533,
#3534,#3535,#3536,#3537,#3538,#3539,#3540,#3541,#3542,#3543,#3544,#3545,
#3546,#3547,#3548,#3549,#3550,#3551,#3552,#3553,#3554,#3555,#3556,#3557,
#3558,#3559,#3560,#3561,#3562,#3563,#3564,#3565,#3566,#3567,#3568,#3569,
#3570,#3571,#3572,#3573,#3574,#3575,#3576,#3577,#3578,#3579,#3580,#3581,
#3582,#3583,#3584,#3585),.UNSPECIFIED.,.F.,.F.,(4,3,3,3,3,3,3,3,3,3,3,3,
3,3,3,3,3,3,3,3,3,3,3,3,3,3,3,3,3,3,3,3,3,3,3,3,3,3,3,4),(0.,0.0685248265755546,
0.13772444324811,0.207083011139383,0.275698851529311,0.31745948348251,0.335420658310858,
0.347932944241379,0.357496069602109,0.425791747856671,0.442741379342106,
0.511012104173209,0.579460228747539,0.647533348238566,0.676087242565575,
0.694145734955258,0.703464885230673,0.770899412652067,0.838100525730646,
0.875964502854637,0.943483551342729,1.01064059474779,1.02913652404833,1.03694309214723,
1.04527653079673,1.11180946680078,1.17835089533827,1.24412998783986,1.29942266492125,
1.35102428931122,1.36470741865723,1.37770408960277,1.44343022998458,1.5106315874987,
1.56103260563429,1.57148549375266,1.58089176022377,1.64656371013241,1.71223566004105,
1.76914428173692),.UNSPECIFIED.);
#269=B_SPLINE_CURVE_WITH_KNOTS('',3,(#3586,#3587,#3588,#3589,#3590,#3591,
#3592,#3593,#3594,#3595,#3596,#3597,#3598,#3599,#3600,#3601,#3602,#3603,
#3604,#3605,#3606,#3607,#3608,#3609,#3610,#3611,#3612,#3613,#3614,#3615,
#3616,#3617,#3618,#3619,#3620,#3621,#3622,#3623,#3624,#3625,#3626,#3627,
#3628,#3629,#3630,#3631,#3632,#3633,#3634,#3635,#3636,#3637,#3638,#3639,
#3640,#3641,#3642,#3643,#3644,#3645,#3646,#3647,#3648,#3649,#3650,#3651,
#3652,#3653,#3654,#3655,#3656,#3657,#3658,#3659,#3660,#3661,#3662,#3663,
#3664,#3665,#3666,#3667,#3668,#3669,#3670,#3671,#3672,#3673,#3674,#3675,
#3676,#3677,#3678,#3679,#3680,#3681,#3682,#3683,#3684,#3685,#3686,#3687,
#3688,#3689,#3690,#3691,#3692,#3693,#3694,#3695,#3696,#3697,#3698,#3699,
#3700),.UNSPECIFIED.,.F.,.F.,(4,3,3,3,3,3,3,3,3,3,3,3,3,3,3,3,3,3,3,3,3,
3,3,3,3,3,3,3,3,3,3,3,3,3,3,3,3,3,4),(-1.76914428173695,-1.70489748627722,
-1.63993947566271,-1.60401518151188,-1.5803331884964,-1.57038852515795,
-1.504693430723,-1.43886815942309,-1.39832445768598,-1.37507437863193,-1.36608177070232,
-1.35778075594886,-1.29277327920776,-1.22682514118775,-1.16031633068013,
-1.09392008376766,-1.05439683008196,-1.04369504906972,-1.03265247129148,
-0.96530285988741,-0.935827069024857,-0.868999608283345,-0.801611284979989,
-0.734154334549962,-0.705379674686826,-0.697424854134495,-0.629485617431183,
-0.561039476267083,-0.503957055644878,-0.435713312657018,-0.389049415449991,
-0.368247896693178,-0.355833206401146,-0.346688727231484,-0.275617079173814,
-0.206343447446526,-0.134372791223665,-0.0624021350008035,0.),
 .UNSPECIFIED.);
#270=B_SPLINE_CURVE_WITH_KNOTS('',3,(#3701,#3702,#3703,#3704,#3705,#3706,
#3707,#3708,#3709,#3710,#3711,#3712,#3713,#3714,#3715,#3716,#3717,#3718,
#3719,#3720,#3721,#3722,#3723,#3724,#3725,#3726,#3727,#3728,#3729,#3730,
#3731,#3732,#3733,#3734,#3735,#3736,#3737,#3738,#3739,#3740),
 .UNSPECIFIED.,.F.,.F.,(4,3,3,3,3,3,3,3,3,3,3,3,3,4),(-26.8994125277279,
-26.4510217597938,-25.9611880235014,-25.4713542872089,-24.9815205509164,
-24.4916868146239,-24.0018530783314,-23.512019342039,-23.0221856057465,
-22.532351869454,-22.0425181331615,-21.552684396869,-21.0628506605766,-20.6162272205483),
 .UNSPECIFIED.);
#271=B_SPLINE_CURVE_WITH_KNOTS('',3,(#3742,#3743,#3744,#3745,#3746,#3747,
#3748,#3749,#3750,#3751,#3752,#3753,#3754,#3755,#3756,#3757,#3758,#3759,
#3760,#3761,#3762,#3763,#3764,#3765,#3766,#3767,#3768,#3769,#3770,#3771,
#3772,#3773,#3774,#3775,#3776,#3777,#3778,#3779,#3780,#3781,#3782,#3783,
#3784,#3785,#3786,#3787,#3788,#3789,#3790,#3791,#3792,#3793,#3794,#3795,
#3796,#3797,#3798,#3799,#3800,#3801,#3802,#3803,#3804,#3805,#3806,#3807,
#3808,#3809,#3810,#3811,#3812,#3813,#3814,#3815,#3816,#3817,#3818,#3819,
#3820,#3821,#3822,#3823,#3824,#3825,#3826,#3827,#3828,#3829,#3830,#3831,
#3832,#3833,#3834,#3835,#3836,#3837,#3838,#3839,#3840,#3841,#3842,#3843,
#3844,#3845,#3846,#3847,#3848,#3849,#3850,#3851,#3852,#3853,#3854,#3855,
#3856,#3857,#3858,#3859),.UNSPECIFIED.,.F.,.F.,(4,3,3,3,3,3,3,3,3,3,3,3,
3,3,3,3,3,3,3,3,3,3,3,3,3,3,3,3,3,3,3,3,3,3,3,3,3,3,3,4),(-1.76555888430549,
-1.69650187680351,-1.62715016200698,-1.58777080125508,-1.56730624588832,
-1.55450914410244,-1.54447576958805,-1.47575339023043,-1.40738391222602,
-1.36592525079445,-1.34215701009746,-1.33315607875069,-1.32446658936289,
-1.25706618466085,-1.18905874873666,-1.12097543404144,-1.05374746804253,
-1.01338565691685,-1.00071103088822,-0.989498271053961,-0.922446292855227,
-0.892300223539819,-0.82521293824962,-0.758044512336256,-0.691333770634693,
-0.663604773454887,-0.656635036322975,-0.590462484730897,-0.524506064118498,
-0.469679926992299,-0.403442285039162,-0.360117516692441,-0.340335516163943,
-0.327871049711238,-0.320403332377742,-0.254513533849655,-0.189220143390681,
-0.123032140828037,-0.056844138265393,0.),.UNSPECIFIED.);
#272=B_SPLINE_CURVE_WITH_KNOTS('',3,(#4128,#4129,#4130,#4131,#4132,#4133,
#4134,#4135,#4136,#4137,#4138,#4139,#4140,#4141,#4142,#4143,#4144,#4145,
#4146,#4147,#4148,#4149,#4150,#4151,#4152,#4153,#4154,#4155,#4156,#4157,
#4158,#4159,#4160,#4161,#4162,#4163,#4164,#4165,#4166,#4167,#4168,#4169,
#4170,#4171,#4172,#4173,#4174,#4175,#4176,#4177,#4178,#4179,#4180,#4181,
#4182,#4183,#4184,#4185,#4186,#4187,#4188,#4189,#4190,#4191,#4192,#4193,
#4194,#4195,#4196,#4197,#4198,#4199,#4200,#4201,#4202,#4203,#4204,#4205,
#4206,#4207,#4208,#4209,#4210,#4211,#4212,#4213,#4214,#4215,#4216,#4217,
#4218,#4219,#4220,#4221,#4222,#4223,#4224,#4225,#4226,#4227,#4228,#4229,
#4230,#4231,#4232,#4233,#4234,#4235,#4236,#4237,#4238,#4239,#4240,#4241,
#4242),.UNSPECIFIED.,.F.,.F.,(4,3,3,3,3,3,3,3,3,3,3,3,3,3,3,3,3,3,3,3,3,
3,3,3,3,3,3,3,3,3,3,3,3,3,3,3,3,3,4),(0.,0.0636626758803774,0.128281721708966,
0.193501330682549,0.258705537497874,0.296857758260888,0.319067883687237,
0.325929002288105,0.39200200065219,0.41131442054993,0.476759555063702,0.54283540375704,
0.609065545030583,0.637002213314408,0.653851047393257,0.662037716959432,
0.728770408187721,0.795960229389823,0.832558891301182,0.899498076180544,
0.966600621238428,0.985295692482578,0.993396995597403,1.0009332236454,1.06849699195073,
1.13652085522977,1.20445836972692,1.26351087996285,1.31848586674497,1.33836447850612,
1.3467906673798,1.41489286079165,1.48699733914868,1.54107569791646,1.55053026176438,
1.56061830680871,1.63196454051425,1.70331077421979,1.76555888430547),
 .UNSPECIFIED.);
#273=B_SPLINE_CURVE_WITH_KNOTS('',3,(#4243,#4244,#4245,#4246,#4247,#4248,
#4249,#4250,#4251,#4252,#4253,#4254,#4255,#4256,#4257,#4258,#4259,#4260,
#4261,#4262,#4263,#4264,#4265,#4266,#4267,#4268,#4269,#4270,#4271,#4272,
#4273,#4274,#4275,#4276,#4277,#4278,#4279,#4280,#4281,#4282,#4283,#4284,
#4285),.UNSPECIFIED.,.F.,.F.,(4,3,3,3,3,3,3,3,3,3,3,3,3,3,4),(24.3467000677262,
24.4916868146239,24.9815205509164,25.4713542872089,25.9611880235013,26.4510217597938,
26.9408554960863,27.4306892323788,27.9205229686713,28.4103567049637,28.9001904412562,
29.3900241775487,29.8798579138412,30.3696916501336,30.6298853749057),
 .UNSPECIFIED.);
#274=LINE('',#1454,#326);
#275=LINE('',#1499,#327);
#276=LINE('',#1556,#328);
#277=LINE('',#2536,#329);
#278=LINE('',#2545,#330);
#279=LINE('',#2550,#331);
#280=LINE('',#2554,#332);
#281=LINE('',#2572,#333);
#282=LINE('',#2604,#334);
#283=LINE('',#2694,#335);
#284=LINE('',#2781,#336);
#285=LINE('',#2871,#337);
#286=LINE('',#2904,#338);
#287=LINE('',#2938,#339);
#288=LINE('',#2975,#340);
#289=LINE('',#3012,#341);
#290=LINE('',#3052,#342);
#291=LINE('',#3055,#343);
#292=LINE('',#3060,#344);
#293=LINE('',#3065,#345);
#294=LINE('',#3069,#346);
#295=LINE('',#3073,#347);
#296=LINE('',#3080,#348);
#297=LINE('',#3083,#349);
#298=LINE('',#3085,#350);
#299=LINE('',#3086,#351);
#300=LINE('',#3091,#352);
#301=LINE('',#3095,#353);
#302=LINE('',#3097,#354);
#303=LINE('',#3098,#355);
#304=LINE('',#3103,#356);
#305=LINE('',#3116,#357);
#306=LINE('',#3119,#358);
#307=LINE('',#3120,#359);
#308=LINE('',#3126,#360);
#309=LINE('',#3129,#361);
#310=LINE('',#3131,#362);
#311=LINE('',#3132,#363);
#312=LINE('',#3137,#364);
#313=LINE('',#3145,#365);
#314=LINE('',#3148,#366);
#315=LINE('',#3152,#367);
#316=LINE('',#3157,#368);
#317=LINE('',#3160,#369);
#318=LINE('',#3164,#370);
#319=LINE('',#4303,#371);
#320=LINE('',#4306,#372);
#321=LINE('',#4321,#373);
#322=LINE('',#4324,#374);
#323=LINE('',#4329,#375);
#324=LINE('',#4332,#376);
#325=LINE('',#4337,#377);
#326=VECTOR('',#1167,8.0685);
#327=VECTOR('',#1172,8.0685);
#328=VECTOR('',#1175,8.0685);
#329=VECTOR('',#1188,7.);
#330=VECTOR('',#1201,11.);
#331=VECTOR('',#1208,2.);
#332=VECTOR('',#1211,9.);
#333=VECTOR('',#1214,9.);
#334=VECTOR('',#1221,9.);
#335=VECTOR('',#1224,9.);
#336=VECTOR('',#1227,9.);
#337=VECTOR('',#1230,9.);
#338=VECTOR('',#1235,9.1015);
#339=VECTOR('',#1240,9.1015);
#340=VECTOR('',#1243,9.1015);
#341=VECTOR('',#1246,9.1015);
#342=VECTOR('',#1253,10.);
#343=VECTOR('',#1256,10.);
#344=VECTOR('',#1261,4.5);
#345=VECTOR('',#1266,10.);
#346=VECTOR('',#1269,10.);
#347=VECTOR('',#1272,10.);
#348=VECTOR('',#1281,10.);
#349=VECTOR('',#1284,10.);
#350=VECTOR('',#1285,10.);
#351=VECTOR('',#1286,10.);
#352=VECTOR('',#1291,10.);
#353=VECTOR('',#1296,10.);
#354=VECTOR('',#1297,10.);
#355=VECTOR('',#1298,10.);
#356=VECTOR('',#1303,10.);
#357=VECTOR('',#1318,10.);
#358=VECTOR('',#1321,10.);
#359=VECTOR('',#1322,10.);
#360=VECTOR('',#1327,10.);
#361=VECTOR('',#1330,10.);
#362=VECTOR('',#1333,10.);
#363=VECTOR('',#1334,10.);
#364=VECTOR('',#1339,10.);
#365=VECTOR('',#1348,10.);
#366=VECTOR('',#1351,10.);
#367=VECTOR('',#1356,10.);
#368=VECTOR('',#1361,10.);
#369=VECTOR('',#1364,10.);
#370=VECTOR('',#1369,10.);
#371=VECTOR('',#1400,10.);
#372=VECTOR('',#1403,10.);
#373=VECTOR('',#1422,10.);
#374=VECTOR('',#1425,10.);
#375=VECTOR('',#1432,10.);
#376=VECTOR('',#1435,10.);
#377=VECTOR('',#1444,11.);
#378=VERTEX_POINT('',#1452);
#379=VERTEX_POINT('',#1453);
#380=VERTEX_POINT('',#1455);
#381=VERTEX_POINT('',#1484);
#382=VERTEX_POINT('',#1497);
#383=VERTEX_POINT('',#1498);
#384=VERTEX_POINT('',#1554);
#385=VERTEX_POINT('',#1555);
#386=VERTEX_POINT('',#1807);
#387=VERTEX_POINT('',#1808);
#388=VERTEX_POINT('',#1936);
#389=VERTEX_POINT('',#2182);
#390=VERTEX_POINT('',#2530);
#391=VERTEX_POINT('',#2532);
#392=VERTEX_POINT('',#2535);
#393=VERTEX_POINT('',#2540);
#394=VERTEX_POINT('',#2543);
#395=VERTEX_POINT('',#2547);
#396=VERTEX_POINT('',#2552);
#397=VERTEX_POINT('',#2553);
#398=VERTEX_POINT('',#2555);
#399=VERTEX_POINT('',#2569);
#400=VERTEX_POINT('',#2571);
#401=VERTEX_POINT('',#2574);
#402=VERTEX_POINT('',#2602);
#403=VERTEX_POINT('',#2603);
#404=VERTEX_POINT('',#2692);
#405=VERTEX_POINT('',#2693);
#406=VERTEX_POINT('',#2779);
#407=VERTEX_POINT('',#2780);
#408=VERTEX_POINT('',#2869);
#409=VERTEX_POINT('',#2870);
#410=VERTEX_POINT('',#2872);
#411=VERTEX_POINT('',#2880);
#412=VERTEX_POINT('',#2902);
#413=VERTEX_POINT('',#2903);
#414=VERTEX_POINT('',#2905);
#415=VERTEX_POINT('',#2919);
#416=VERTEX_POINT('',#2936);
#417=VERTEX_POINT('',#2937);
#418=VERTEX_POINT('',#2973);
#419=VERTEX_POINT('',#2974);
#420=VERTEX_POINT('',#3010);
#421=VERTEX_POINT('',#3011);
#422=VERTEX_POINT('',#3013);
#423=VERTEX_POINT('',#3029);
#424=VERTEX_POINT('',#3048);
#425=VERTEX_POINT('',#3049);
#426=VERTEX_POINT('',#3051);
#427=VERTEX_POINT('',#3053);
#428=VERTEX_POINT('',#3057);
#429=VERTEX_POINT('',#3059);
#430=VERTEX_POINT('',#3062);
#431=VERTEX_POINT('',#3064);
#432=VERTEX_POINT('',#3066);
#433=VERTEX_POINT('',#3068);
#434=VERTEX_POINT('',#3070);
#435=VERTEX_POINT('',#3072);
#436=VERTEX_POINT('',#3076);
#437=VERTEX_POINT('',#3078);
#438=VERTEX_POINT('',#3082);
#439=VERTEX_POINT('',#3084);
#440=VERTEX_POINT('',#3088);
#441=VERTEX_POINT('',#3090);
#442=VERTEX_POINT('',#3094);
#443=VERTEX_POINT('',#3096);
#444=VERTEX_POINT('',#3100);
#445=VERTEX_POINT('',#3102);
#446=VERTEX_POINT('',#3104);
#447=VERTEX_POINT('',#3106);
#448=VERTEX_POINT('',#3108);
#449=VERTEX_POINT('',#3110);
#450=VERTEX_POINT('',#3114);
#451=VERTEX_POINT('',#3118);
#452=VERTEX_POINT('',#3122);
#453=VERTEX_POINT('',#3123);
#454=VERTEX_POINT('',#3125);
#455=VERTEX_POINT('',#3127);
#456=VERTEX_POINT('',#3134);
#457=VERTEX_POINT('',#3136);
#458=VERTEX_POINT('',#3140);
#459=VERTEX_POINT('',#3142);
#460=VERTEX_POINT('',#3144);
#461=VERTEX_POINT('',#3146);
#462=VERTEX_POINT('',#3150);
#463=VERTEX_POINT('',#3154);
#464=VERTEX_POINT('',#3156);
#465=VERTEX_POINT('',#3158);
#466=VERTEX_POINT('',#3162);
#467=VERTEX_POINT('',#4288);
#468=VERTEX_POINT('',#4291);
#469=VERTEX_POINT('',#4295);
#470=VERTEX_POINT('',#4302);
#471=VERTEX_POINT('',#4304);
#472=VERTEX_POINT('',#4310);
#473=VERTEX_POINT('',#4312);
#474=VERTEX_POINT('',#4314);
#475=VERTEX_POINT('',#4316);
#476=VERTEX_POINT('',#4320);
#477=VERTEX_POINT('',#4322);
#478=VERTEX_POINT('',#4328);
#479=VERTEX_POINT('',#4330);
#480=EDGE_CURVE('',#378,#379,#274,.T.);
#481=EDGE_CURVE('',#378,#380,#235,.T.);
#482=EDGE_CURVE('',#381,#380,#173,.T.);
#483=EDGE_CURVE('',#379,#381,#236,.T.);
#484=EDGE_CURVE('',#382,#383,#275,.T.);
#485=EDGE_CURVE('',#382,#378,#237,.T.);
#486=EDGE_CURVE('',#383,#379,#238,.T.);
#487=EDGE_CURVE('',#384,#385,#276,.T.);
#488=EDGE_CURVE('',#384,#382,#239,.T.);
#489=EDGE_CURVE('',#385,#383,#240,.T.);
#490=EDGE_CURVE('',#386,#387,#241,.T.);
#491=EDGE_CURVE('',#388,#386,#242,.T.);
#492=EDGE_CURVE('',#388,#385,#243,.T.);
#493=EDGE_CURVE('',#387,#381,#244,.T.);
#494=EDGE_CURVE('',#389,#388,#174,.T.);
#495=EDGE_CURVE('',#389,#384,#245,.T.);
#496=EDGE_CURVE('',#380,#387,#246,.F.);
#497=EDGE_CURVE('',#386,#389,#247,.T.);
#498=EDGE_CURVE('',#390,#390,#175,.T.);
#499=EDGE_CURVE('',#391,#391,#176,.T.);
#500=EDGE_CURVE('',#390,#392,#277,.T.);
#501=EDGE_CURVE('',#392,#392,#177,.T.);
#502=EDGE_CURVE('',#393,#393,#178,.T.);
#503=EDGE_CURVE('',#394,#394,#179,.T.);
#504=EDGE_CURVE('',#394,#393,#278,.T.);
#505=EDGE_CURVE('',#395,#395,#180,.T.);
#506=EDGE_CURVE('',#395,#391,#279,.T.);
#507=EDGE_CURVE('',#396,#397,#280,.T.);
#508=EDGE_CURVE('',#397,#398,#248,.T.);
#509=EDGE_CURVE('',#398,#399,#181,.T.);
#510=EDGE_CURVE('',#399,#400,#281,.T.);
#511=EDGE_CURVE('',#400,#400,#182,.T.);
#512=EDGE_CURVE('',#399,#401,#183,.T.);
#513=EDGE_CURVE('',#401,#396,#249,.T.);
#514=EDGE_CURVE('',#402,#403,#282,.T.);
#515=EDGE_CURVE('',#403,#397,#250,.T.);
#516=EDGE_CURVE('',#396,#402,#251,.T.);
#517=EDGE_CURVE('',#404,#405,#283,.T.);
#518=EDGE_CURVE('',#405,#403,#252,.T.);
#519=EDGE_CURVE('',#402,#404,#253,.T.);
#520=EDGE_CURVE('',#406,#407,#284,.T.);
#521=EDGE_CURVE('',#407,#405,#254,.T.);
#522=EDGE_CURVE('',#404,#406,#255,.T.);
#523=EDGE_CURVE('',#408,#409,#285,.T.);
#524=EDGE_CURVE('',#408,#410,#256,.T.);
#525=EDGE_CURVE('',#411,#410,#184,.F.);
#526=EDGE_CURVE('',#411,#409,#257,.T.);
#527=EDGE_CURVE('',#412,#413,#286,.T.);
#528=EDGE_CURVE('',#413,#414,#258,.T.);
#529=EDGE_CURVE('',#415,#414,#185,.T.);
#530=EDGE_CURVE('',#412,#415,#259,.T.);
#531=EDGE_CURVE('',#416,#417,#287,.T.);
#532=EDGE_CURVE('',#417,#413,#260,.T.);
#533=EDGE_CURVE('',#416,#412,#261,.T.);
#534=EDGE_CURVE('',#418,#419,#288,.T.);
#535=EDGE_CURVE('',#419,#417,#262,.T.);
#536=EDGE_CURVE('',#418,#416,#263,.T.);
#537=EDGE_CURVE('',#420,#421,#289,.T.);
#538=EDGE_CURVE('',#422,#420,#264,.T.);
#539=EDGE_CURVE('',#423,#422,#186,.T.);
#540=EDGE_CURVE('',#423,#421,#265,.T.);
#541=EDGE_CURVE('',#424,#425,#187,.T.);
#542=EDGE_CURVE('',#425,#426,#290,.T.);
#543=EDGE_CURVE('',#426,#427,#188,.F.);
#544=EDGE_CURVE('',#427,#424,#291,.T.);
#545=EDGE_CURVE('',#428,#428,#189,.T.);
#546=EDGE_CURVE('',#428,#429,#292,.T.);
#547=EDGE_CURVE('',#424,#429,#190,.T.);
#548=EDGE_CURVE('',#430,#427,#191,.T.);
#549=EDGE_CURVE('',#431,#430,#293,.T.);
#550=EDGE_CURVE('',#432,#431,#192,.T.);
#551=EDGE_CURVE('',#433,#432,#294,.T.);
#552=EDGE_CURVE('',#434,#433,#193,.T.);
#553=EDGE_CURVE('',#435,#434,#295,.T.);
#554=EDGE_CURVE('',#429,#435,#194,.T.);
#555=EDGE_CURVE('',#436,#435,#195,.T.);
#556=EDGE_CURVE('',#434,#437,#196,.F.);
#557=EDGE_CURVE('',#437,#436,#296,.T.);
#558=EDGE_CURVE('',#438,#437,#297,.T.);
#559=EDGE_CURVE('',#439,#438,#298,.T.);
#560=EDGE_CURVE('',#439,#436,#299,.T.);
#561=EDGE_CURVE('',#432,#440,#197,.T.);
#562=EDGE_CURVE('',#440,#441,#300,.T.);
#563=EDGE_CURVE('',#441,#433,#198,.F.);
#564=EDGE_CURVE('',#440,#442,#301,.T.);
#565=EDGE_CURVE('',#443,#442,#302,.T.);
#566=EDGE_CURVE('',#441,#443,#303,.T.);
#567=EDGE_CURVE('',#444,#431,#199,.T.);
#568=EDGE_CURVE('',#445,#444,#304,.T.);
#569=EDGE_CURVE('',#446,#445,#200,.T.);
#570=EDGE_CURVE('',#446,#447,#201,.T.);
#571=EDGE_CURVE('',#448,#447,#202,.T.);
#572=EDGE_CURVE('',#448,#449,#203,.T.);
#573=EDGE_CURVE('',#442,#449,#204,.T.);
#574=EDGE_CURVE('',#430,#450,#205,.F.);
#575=EDGE_CURVE('',#450,#444,#305,.T.);
#576=EDGE_CURVE('',#451,#450,#306,.T.);
#577=EDGE_CURVE('',#445,#451,#307,.T.);
#578=EDGE_CURVE('',#452,#453,#206,.T.);
#579=EDGE_CURVE('',#452,#454,#308,.T.);
#580=EDGE_CURVE('',#454,#455,#207,.T.);
#581=EDGE_CURVE('',#455,#453,#309,.T.);
#582=EDGE_CURVE('',#425,#454,#310,.T.);
#583=EDGE_CURVE('',#426,#452,#311,.T.);
#584=EDGE_CURVE('',#456,#438,#208,.T.);
#585=EDGE_CURVE('',#456,#457,#312,.T.);
#586=EDGE_CURVE('',#457,#439,#209,.T.);
#587=EDGE_CURVE('',#457,#458,#210,.T.);
#588=EDGE_CURVE('',#459,#456,#211,.T.);
#589=EDGE_CURVE('',#459,#460,#313,.T.);
#590=EDGE_CURVE('',#461,#460,#212,.T.);
#591=EDGE_CURVE('',#458,#461,#314,.T.);
#592=EDGE_CURVE('',#462,#451,#213,.T.);
#593=EDGE_CURVE('',#462,#446,#315,.T.);
#594=EDGE_CURVE('',#463,#462,#214,.T.);
#595=EDGE_CURVE('',#463,#464,#316,.T.);
#596=EDGE_CURVE('',#465,#464,#215,.T.);
#597=EDGE_CURVE('',#447,#465,#317,.T.);
#598=EDGE_CURVE('',#443,#466,#216,.T.);
#599=EDGE_CURVE('',#449,#466,#318,.T.);
#600=EDGE_CURVE('',#421,#419,#266,.T.);
#601=EDGE_CURVE('',#420,#418,#267,.T.);
#602=EDGE_CURVE('',#414,#411,#268,.T.);
#603=EDGE_CURVE('',#398,#423,#269,.T.);
#604=EDGE_CURVE('',#409,#407,#270,.T.);
#605=EDGE_CURVE('',#422,#401,#271,.T.);
#606=EDGE_CURVE('',#410,#415,#272,.T.);
#607=EDGE_CURVE('',#406,#408,#273,.T.);
#608=EDGE_CURVE('',#467,#467,#217,.T.);
#609=EDGE_CURVE('',#466,#468,#218,.T.);
#610=EDGE_CURVE('',#468,#459,#219,.T.);
#611=EDGE_CURVE('',#453,#469,#220,.T.);
#612=EDGE_CURVE('',#469,#463,#221,.T.);
#613=EDGE_CURVE('',#464,#465,#222,.T.);
#614=EDGE_CURVE('',#448,#470,#319,.T.);
#615=EDGE_CURVE('',#471,#470,#223,.T.);
#616=EDGE_CURVE('',#471,#468,#320,.T.);
#617=EDGE_CURVE('',#470,#471,#224,.T.);
#618=EDGE_CURVE('',#472,#458,#225,.T.);
#619=EDGE_CURVE('',#473,#472,#226,.T.);
#620=EDGE_CURVE('',#473,#474,#227,.T.);
#621=EDGE_CURVE('',#475,#474,#228,.T.);
#622=EDGE_CURVE('',#475,#455,#229,.T.);
#623=EDGE_CURVE('',#473,#476,#321,.T.);
#624=EDGE_CURVE('',#477,#476,#230,.T.);
#625=EDGE_CURVE('',#474,#477,#322,.T.);
#626=EDGE_CURVE('',#476,#477,#231,.T.);
#627=EDGE_CURVE('',#475,#478,#323,.T.);
#628=EDGE_CURVE('',#479,#478,#232,.T.);
#629=EDGE_CURVE('',#479,#469,#324,.T.);
#630=EDGE_CURVE('',#478,#479,#233,.T.);
#631=EDGE_CURVE('',#460,#461,#234,.T.);
#632=EDGE_CURVE('',#472,#467,#325,.T.);
#633=ORIENTED_EDGE('',*,*,#480,.F.);
#634=ORIENTED_EDGE('',*,*,#481,.T.);
#635=ORIENTED_EDGE('',*,*,#482,.F.);
#636=ORIENTED_EDGE('',*,*,#483,.F.);
#637=ORIENTED_EDGE('',*,*,#484,.F.);
#638=ORIENTED_EDGE('',*,*,#485,.T.);
#639=ORIENTED_EDGE('',*,*,#480,.T.);
#640=ORIENTED_EDGE('',*,*,#486,.F.);
#641=ORIENTED_EDGE('',*,*,#487,.F.);
#642=ORIENTED_EDGE('',*,*,#488,.T.);
#643=ORIENTED_EDGE('',*,*,#484,.T.);
#644=ORIENTED_EDGE('',*,*,#489,.F.);
#645=ORIENTED_EDGE('',*,*,#490,.F.);
#646=ORIENTED_EDGE('',*,*,#491,.F.);
#647=ORIENTED_EDGE('',*,*,#492,.T.);
#648=ORIENTED_EDGE('',*,*,#489,.T.);
#649=ORIENTED_EDGE('',*,*,#486,.T.);
#650=ORIENTED_EDGE('',*,*,#483,.T.);
#651=ORIENTED_EDGE('',*,*,#493,.F.);
#652=ORIENTED_EDGE('',*,*,#487,.T.);
#653=ORIENTED_EDGE('',*,*,#492,.F.);
#654=ORIENTED_EDGE('',*,*,#494,.F.);
#655=ORIENTED_EDGE('',*,*,#495,.T.);
#656=ORIENTED_EDGE('',*,*,#490,.T.);
#657=ORIENTED_EDGE('',*,*,#496,.F.);
#658=ORIENTED_EDGE('',*,*,#481,.F.);
#659=ORIENTED_EDGE('',*,*,#485,.F.);
#660=ORIENTED_EDGE('',*,*,#488,.F.);
#661=ORIENTED_EDGE('',*,*,#495,.F.);
#662=ORIENTED_EDGE('',*,*,#497,.F.);
#663=ORIENTED_EDGE('',*,*,#498,.F.);
#664=ORIENTED_EDGE('',*,*,#499,.T.);
#665=ORIENTED_EDGE('',*,*,#498,.T.);
#666=ORIENTED_EDGE('',*,*,#500,.T.);
#667=ORIENTED_EDGE('',*,*,#501,.F.);
#668=ORIENTED_EDGE('',*,*,#500,.F.);
#669=ORIENTED_EDGE('',*,*,#491,.T.);
#670=ORIENTED_EDGE('',*,*,#497,.T.);
#671=ORIENTED_EDGE('',*,*,#494,.T.);
#672=ORIENTED_EDGE('',*,*,#501,.T.);
#673=ORIENTED_EDGE('',*,*,#502,.F.);
#674=ORIENTED_EDGE('',*,*,#493,.T.);
#675=ORIENTED_EDGE('',*,*,#482,.T.);
#676=ORIENTED_EDGE('',*,*,#496,.T.);
#677=ORIENTED_EDGE('',*,*,#503,.F.);
#678=ORIENTED_EDGE('',*,*,#504,.T.);
#679=ORIENTED_EDGE('',*,*,#502,.T.);
#680=ORIENTED_EDGE('',*,*,#504,.F.);
#681=ORIENTED_EDGE('',*,*,#503,.T.);
#682=ORIENTED_EDGE('',*,*,#505,.F.);
#683=ORIENTED_EDGE('',*,*,#505,.T.);
#684=ORIENTED_EDGE('',*,*,#506,.T.);
#685=ORIENTED_EDGE('',*,*,#499,.F.);
#686=ORIENTED_EDGE('',*,*,#506,.F.);
#687=ORIENTED_EDGE('',*,*,#507,.T.);
#688=ORIENTED_EDGE('',*,*,#508,.T.);
#689=ORIENTED_EDGE('',*,*,#509,.T.);
#690=ORIENTED_EDGE('',*,*,#510,.T.);
#691=ORIENTED_EDGE('',*,*,#511,.F.);
#692=ORIENTED_EDGE('',*,*,#510,.F.);
#693=ORIENTED_EDGE('',*,*,#512,.T.);
#694=ORIENTED_EDGE('',*,*,#513,.T.);
#695=ORIENTED_EDGE('',*,*,#514,.T.);
#696=ORIENTED_EDGE('',*,*,#515,.T.);
#697=ORIENTED_EDGE('',*,*,#507,.F.);
#698=ORIENTED_EDGE('',*,*,#516,.T.);
#699=ORIENTED_EDGE('',*,*,#517,.T.);
#700=ORIENTED_EDGE('',*,*,#518,.T.);
#701=ORIENTED_EDGE('',*,*,#514,.F.);
#702=ORIENTED_EDGE('',*,*,#519,.T.);
#703=ORIENTED_EDGE('',*,*,#520,.T.);
#704=ORIENTED_EDGE('',*,*,#521,.T.);
#705=ORIENTED_EDGE('',*,*,#517,.F.);
#706=ORIENTED_EDGE('',*,*,#522,.T.);
#707=ORIENTED_EDGE('',*,*,#523,.F.);
#708=ORIENTED_EDGE('',*,*,#524,.T.);
#709=ORIENTED_EDGE('',*,*,#525,.F.);
#710=ORIENTED_EDGE('',*,*,#526,.T.);
#711=ORIENTED_EDGE('',*,*,#527,.T.);
#712=ORIENTED_EDGE('',*,*,#528,.T.);
#713=ORIENTED_EDGE('',*,*,#529,.F.);
#714=ORIENTED_EDGE('',*,*,#530,.F.);
#715=ORIENTED_EDGE('',*,*,#531,.T.);
#716=ORIENTED_EDGE('',*,*,#532,.T.);
#717=ORIENTED_EDGE('',*,*,#527,.F.);
#718=ORIENTED_EDGE('',*,*,#533,.F.);
#719=ORIENTED_EDGE('',*,*,#534,.T.);
#720=ORIENTED_EDGE('',*,*,#535,.T.);
#721=ORIENTED_EDGE('',*,*,#531,.F.);
#722=ORIENTED_EDGE('',*,*,#536,.F.);
#723=ORIENTED_EDGE('',*,*,#537,.F.);
#724=ORIENTED_EDGE('',*,*,#538,.F.);
#725=ORIENTED_EDGE('',*,*,#539,.F.);
#726=ORIENTED_EDGE('',*,*,#540,.T.);
#727=ORIENTED_EDGE('',*,*,#541,.T.);
#728=ORIENTED_EDGE('',*,*,#542,.T.);
#729=ORIENTED_EDGE('',*,*,#543,.T.);
#730=ORIENTED_EDGE('',*,*,#544,.T.);
#731=ORIENTED_EDGE('',*,*,#545,.F.);
#732=ORIENTED_EDGE('',*,*,#546,.T.);
#733=ORIENTED_EDGE('',*,*,#547,.F.);
#734=ORIENTED_EDGE('',*,*,#544,.F.);
#735=ORIENTED_EDGE('',*,*,#548,.F.);
#736=ORIENTED_EDGE('',*,*,#549,.F.);
#737=ORIENTED_EDGE('',*,*,#550,.F.);
#738=ORIENTED_EDGE('',*,*,#551,.F.);
#739=ORIENTED_EDGE('',*,*,#552,.F.);
#740=ORIENTED_EDGE('',*,*,#553,.F.);
#741=ORIENTED_EDGE('',*,*,#554,.F.);
#742=ORIENTED_EDGE('',*,*,#546,.F.);
#743=ORIENTED_EDGE('',*,*,#555,.T.);
#744=ORIENTED_EDGE('',*,*,#553,.T.);
#745=ORIENTED_EDGE('',*,*,#556,.T.);
#746=ORIENTED_EDGE('',*,*,#557,.T.);
#747=ORIENTED_EDGE('',*,*,#557,.F.);
#748=ORIENTED_EDGE('',*,*,#558,.F.);
#749=ORIENTED_EDGE('',*,*,#559,.F.);
#750=ORIENTED_EDGE('',*,*,#560,.T.);
#751=ORIENTED_EDGE('',*,*,#561,.T.);
#752=ORIENTED_EDGE('',*,*,#562,.T.);
#753=ORIENTED_EDGE('',*,*,#563,.T.);
#754=ORIENTED_EDGE('',*,*,#551,.T.);
#755=ORIENTED_EDGE('',*,*,#562,.F.);
#756=ORIENTED_EDGE('',*,*,#564,.T.);
#757=ORIENTED_EDGE('',*,*,#565,.F.);
#758=ORIENTED_EDGE('',*,*,#566,.F.);
#759=ORIENTED_EDGE('',*,*,#561,.F.);
#760=ORIENTED_EDGE('',*,*,#550,.T.);
#761=ORIENTED_EDGE('',*,*,#567,.F.);
#762=ORIENTED_EDGE('',*,*,#568,.F.);
#763=ORIENTED_EDGE('',*,*,#569,.F.);
#764=ORIENTED_EDGE('',*,*,#570,.T.);
#765=ORIENTED_EDGE('',*,*,#571,.F.);
#766=ORIENTED_EDGE('',*,*,#572,.T.);
#767=ORIENTED_EDGE('',*,*,#573,.F.);
#768=ORIENTED_EDGE('',*,*,#564,.F.);
#769=ORIENTED_EDGE('',*,*,#567,.T.);
#770=ORIENTED_EDGE('',*,*,#549,.T.);
#771=ORIENTED_EDGE('',*,*,#574,.T.);
#772=ORIENTED_EDGE('',*,*,#575,.T.);
#773=ORIENTED_EDGE('',*,*,#575,.F.);
#774=ORIENTED_EDGE('',*,*,#576,.F.);
#775=ORIENTED_EDGE('',*,*,#577,.F.);
#776=ORIENTED_EDGE('',*,*,#568,.T.);
#777=ORIENTED_EDGE('',*,*,#578,.F.);
#778=ORIENTED_EDGE('',*,*,#579,.T.);
#779=ORIENTED_EDGE('',*,*,#580,.T.);
#780=ORIENTED_EDGE('',*,*,#581,.T.);
#781=ORIENTED_EDGE('',*,*,#542,.F.);
#782=ORIENTED_EDGE('',*,*,#582,.T.);
#783=ORIENTED_EDGE('',*,*,#579,.F.);
#784=ORIENTED_EDGE('',*,*,#583,.F.);
#785=ORIENTED_EDGE('',*,*,#584,.F.);
#786=ORIENTED_EDGE('',*,*,#585,.T.);
#787=ORIENTED_EDGE('',*,*,#586,.T.);
#788=ORIENTED_EDGE('',*,*,#559,.T.);
#789=ORIENTED_EDGE('',*,*,#587,.F.);
#790=ORIENTED_EDGE('',*,*,#585,.F.);
#791=ORIENTED_EDGE('',*,*,#588,.F.);
#792=ORIENTED_EDGE('',*,*,#589,.T.);
#793=ORIENTED_EDGE('',*,*,#590,.F.);
#794=ORIENTED_EDGE('',*,*,#591,.F.);
#795=ORIENTED_EDGE('',*,*,#592,.F.);
#796=ORIENTED_EDGE('',*,*,#593,.T.);
#797=ORIENTED_EDGE('',*,*,#569,.T.);
#798=ORIENTED_EDGE('',*,*,#577,.T.);
#799=ORIENTED_EDGE('',*,*,#570,.F.);
#800=ORIENTED_EDGE('',*,*,#593,.F.);
#801=ORIENTED_EDGE('',*,*,#594,.F.);
#802=ORIENTED_EDGE('',*,*,#595,.T.);
#803=ORIENTED_EDGE('',*,*,#596,.F.);
#804=ORIENTED_EDGE('',*,*,#597,.F.);
#805=ORIENTED_EDGE('',*,*,#598,.F.);
#806=ORIENTED_EDGE('',*,*,#565,.T.);
#807=ORIENTED_EDGE('',*,*,#573,.T.);
#808=ORIENTED_EDGE('',*,*,#599,.T.);
#809=ORIENTED_EDGE('',*,*,#537,.T.);
#810=ORIENTED_EDGE('',*,*,#600,.T.);
#811=ORIENTED_EDGE('',*,*,#534,.F.);
#812=ORIENTED_EDGE('',*,*,#601,.F.);
#813=ORIENTED_EDGE('',*,*,#602,.F.);
#814=ORIENTED_EDGE('',*,*,#528,.F.);
#815=ORIENTED_EDGE('',*,*,#532,.F.);
#816=ORIENTED_EDGE('',*,*,#535,.F.);
#817=ORIENTED_EDGE('',*,*,#600,.F.);
#818=ORIENTED_EDGE('',*,*,#540,.F.);
#819=ORIENTED_EDGE('',*,*,#603,.F.);
#820=ORIENTED_EDGE('',*,*,#508,.F.);
#821=ORIENTED_EDGE('',*,*,#515,.F.);
#822=ORIENTED_EDGE('',*,*,#518,.F.);
#823=ORIENTED_EDGE('',*,*,#521,.F.);
#824=ORIENTED_EDGE('',*,*,#604,.F.);
#825=ORIENTED_EDGE('',*,*,#526,.F.);
#826=ORIENTED_EDGE('',*,*,#539,.T.);
#827=ORIENTED_EDGE('',*,*,#605,.T.);
#828=ORIENTED_EDGE('',*,*,#512,.F.);
#829=ORIENTED_EDGE('',*,*,#509,.F.);
#830=ORIENTED_EDGE('',*,*,#603,.T.);
#831=ORIENTED_EDGE('',*,*,#606,.F.);
#832=ORIENTED_EDGE('',*,*,#524,.F.);
#833=ORIENTED_EDGE('',*,*,#607,.F.);
#834=ORIENTED_EDGE('',*,*,#522,.F.);
#835=ORIENTED_EDGE('',*,*,#519,.F.);
#836=ORIENTED_EDGE('',*,*,#516,.F.);
#837=ORIENTED_EDGE('',*,*,#513,.F.);
#838=ORIENTED_EDGE('',*,*,#605,.F.);
#839=ORIENTED_EDGE('',*,*,#538,.T.);
#840=ORIENTED_EDGE('',*,*,#601,.T.);
#841=ORIENTED_EDGE('',*,*,#536,.T.);
#842=ORIENTED_EDGE('',*,*,#533,.T.);
#843=ORIENTED_EDGE('',*,*,#530,.T.);
#844=ORIENTED_EDGE('',*,*,#523,.T.);
#845=ORIENTED_EDGE('',*,*,#604,.T.);
#846=ORIENTED_EDGE('',*,*,#520,.F.);
#847=ORIENTED_EDGE('',*,*,#607,.T.);
#848=ORIENTED_EDGE('',*,*,#608,.T.);
#849=ORIENTED_EDGE('',*,*,#602,.T.);
#850=ORIENTED_EDGE('',*,*,#525,.T.);
#851=ORIENTED_EDGE('',*,*,#606,.T.);
#852=ORIENTED_EDGE('',*,*,#529,.T.);
#853=ORIENTED_EDGE('',*,*,#584,.T.);
#854=ORIENTED_EDGE('',*,*,#558,.T.);
#855=ORIENTED_EDGE('',*,*,#556,.F.);
#856=ORIENTED_EDGE('',*,*,#552,.T.);
#857=ORIENTED_EDGE('',*,*,#563,.F.);
#858=ORIENTED_EDGE('',*,*,#566,.T.);
#859=ORIENTED_EDGE('',*,*,#598,.T.);
#860=ORIENTED_EDGE('',*,*,#609,.T.);
#861=ORIENTED_EDGE('',*,*,#610,.T.);
#862=ORIENTED_EDGE('',*,*,#588,.T.);
#863=ORIENTED_EDGE('',*,*,#578,.T.);
#864=ORIENTED_EDGE('',*,*,#611,.T.);
#865=ORIENTED_EDGE('',*,*,#612,.T.);
#866=ORIENTED_EDGE('',*,*,#594,.T.);
#867=ORIENTED_EDGE('',*,*,#592,.T.);
#868=ORIENTED_EDGE('',*,*,#576,.T.);
#869=ORIENTED_EDGE('',*,*,#574,.F.);
#870=ORIENTED_EDGE('',*,*,#548,.T.);
#871=ORIENTED_EDGE('',*,*,#543,.F.);
#872=ORIENTED_EDGE('',*,*,#583,.T.);
#873=ORIENTED_EDGE('',*,*,#511,.T.);
#874=ORIENTED_EDGE('',*,*,#545,.T.);
#875=ORIENTED_EDGE('',*,*,#596,.T.);
#876=ORIENTED_EDGE('',*,*,#613,.T.);
#877=ORIENTED_EDGE('',*,*,#572,.F.);
#878=ORIENTED_EDGE('',*,*,#614,.T.);
#879=ORIENTED_EDGE('',*,*,#615,.F.);
#880=ORIENTED_EDGE('',*,*,#616,.T.);
#881=ORIENTED_EDGE('',*,*,#609,.F.);
#882=ORIENTED_EDGE('',*,*,#599,.F.);
#883=ORIENTED_EDGE('',*,*,#615,.T.);
#884=ORIENTED_EDGE('',*,*,#617,.T.);
#885=ORIENTED_EDGE('',*,*,#541,.F.);
#886=ORIENTED_EDGE('',*,*,#547,.T.);
#887=ORIENTED_EDGE('',*,*,#554,.T.);
#888=ORIENTED_EDGE('',*,*,#555,.F.);
#889=ORIENTED_EDGE('',*,*,#560,.F.);
#890=ORIENTED_EDGE('',*,*,#586,.F.);
#891=ORIENTED_EDGE('',*,*,#587,.T.);
#892=ORIENTED_EDGE('',*,*,#618,.F.);
#893=ORIENTED_EDGE('',*,*,#619,.F.);
#894=ORIENTED_EDGE('',*,*,#620,.T.);
#895=ORIENTED_EDGE('',*,*,#621,.F.);
#896=ORIENTED_EDGE('',*,*,#622,.T.);
#897=ORIENTED_EDGE('',*,*,#580,.F.);
#898=ORIENTED_EDGE('',*,*,#582,.F.);
#899=ORIENTED_EDGE('',*,*,#620,.F.);
#900=ORIENTED_EDGE('',*,*,#623,.T.);
#901=ORIENTED_EDGE('',*,*,#624,.F.);
#902=ORIENTED_EDGE('',*,*,#625,.F.);
#903=ORIENTED_EDGE('',*,*,#624,.T.);
#904=ORIENTED_EDGE('',*,*,#626,.T.);
#905=ORIENTED_EDGE('',*,*,#622,.F.);
#906=ORIENTED_EDGE('',*,*,#627,.T.);
#907=ORIENTED_EDGE('',*,*,#628,.F.);
#908=ORIENTED_EDGE('',*,*,#629,.T.);
#909=ORIENTED_EDGE('',*,*,#611,.F.);
#910=ORIENTED_EDGE('',*,*,#581,.F.);
#911=ORIENTED_EDGE('',*,*,#628,.T.);
#912=ORIENTED_EDGE('',*,*,#630,.T.);
#913=ORIENTED_EDGE('',*,*,#591,.T.);
#914=ORIENTED_EDGE('',*,*,#631,.F.);
#915=ORIENTED_EDGE('',*,*,#589,.F.);
#916=ORIENTED_EDGE('',*,*,#610,.F.);
#917=ORIENTED_EDGE('',*,*,#616,.F.);
#918=ORIENTED_EDGE('',*,*,#617,.F.);
#919=ORIENTED_EDGE('',*,*,#614,.F.);
#920=ORIENTED_EDGE('',*,*,#571,.T.);
#921=ORIENTED_EDGE('',*,*,#597,.T.);
#922=ORIENTED_EDGE('',*,*,#613,.F.);
#923=ORIENTED_EDGE('',*,*,#595,.F.);
#924=ORIENTED_EDGE('',*,*,#612,.F.);
#925=ORIENTED_EDGE('',*,*,#629,.F.);
#926=ORIENTED_EDGE('',*,*,#630,.F.);
#927=ORIENTED_EDGE('',*,*,#627,.F.);
#928=ORIENTED_EDGE('',*,*,#621,.T.);
#929=ORIENTED_EDGE('',*,*,#625,.T.);
#930=ORIENTED_EDGE('',*,*,#626,.F.);
#931=ORIENTED_EDGE('',*,*,#623,.F.);
#932=ORIENTED_EDGE('',*,*,#619,.T.);
#933=ORIENTED_EDGE('',*,*,#632,.T.);
#934=ORIENTED_EDGE('',*,*,#608,.F.);
#935=ORIENTED_EDGE('',*,*,#632,.F.);
#936=ORIENTED_EDGE('',*,*,#618,.T.);
#937=ORIENTED_EDGE('',*,*,#590,.T.);
#938=ORIENTED_EDGE('',*,*,#631,.T.);
#939=CYLINDRICAL_SURFACE('',#1045,8.0685);
#940=CYLINDRICAL_SURFACE('',#1047,8.0685);
#941=CYLINDRICAL_SURFACE('',#1048,8.0685);
#942=CYLINDRICAL_SURFACE('',#1049,8.0685);
#943=CYLINDRICAL_SURFACE('',#1054,7.);
#944=CYLINDRICAL_SURFACE('',#1059,11.);
#945=CYLINDRICAL_SURFACE('',#1063,2.);
#946=CYLINDRICAL_SURFACE('',#1064,8.263);
#947=CYLINDRICAL_SURFACE('',#1068,8.263);
#948=CYLINDRICAL_SURFACE('',#1069,8.263);
#949=CYLINDRICAL_SURFACE('',#1070,8.263);
#950=CYLINDRICAL_SURFACE('',#1071,8.263);
#951=CYLINDRICAL_SURFACE('',#1073,9.1015);
#952=CYLINDRICAL_SURFACE('',#1075,9.1015);
#953=CYLINDRICAL_SURFACE('',#1076,9.1015);
#954=CYLINDRICAL_SURFACE('',#1077,9.1015);
#955=CYLINDRICAL_SURFACE('',#1079,0.5);
#956=CYLINDRICAL_SURFACE('',#1082,4.5);
#957=CYLINDRICAL_SURFACE('',#1089,0.5);
#958=CYLINDRICAL_SURFACE('',#1093,0.5);
#959=CYLINDRICAL_SURFACE('',#1104,0.5);
#960=CYLINDRICAL_SURFACE('',#1107,0.75);
#961=CYLINDRICAL_SURFACE('',#1111,0.75);
#962=CYLINDRICAL_SURFACE('',#1114,2.2);
#963=CYLINDRICAL_SURFACE('',#1118,0.75);
#964=CYLINDRICAL_SURFACE('',#1120,2.2);
#965=CYLINDRICAL_SURFACE('',#1123,0.75);
#966=CYLINDRICAL_SURFACE('',#1125,9.1015);
#967=CYLINDRICAL_SURFACE('',#1127,8.263);
#968=CYLINDRICAL_SURFACE('',#1139,2.2);
#969=CYLINDRICAL_SURFACE('',#1149,2.2);
#970=CYLINDRICAL_SURFACE('',#1153,2.2);
#971=CYLINDRICAL_SURFACE('',#1157,11.);
#972=ADVANCED_FACE('',(#53),#939,.T.);
#973=ADVANCED_FACE('',(#54),#940,.T.);
#974=ADVANCED_FACE('',(#55),#941,.T.);
#975=ADVANCED_FACE('',(#56),#49,.F.);
#976=ADVANCED_FACE('',(#57),#942,.T.);
#977=ADVANCED_FACE('',(#58),#50,.F.);
#978=ADVANCED_FACE('',(#59,#23),#29,.T.);
#979=ADVANCED_FACE('',(#60),#943,.F.);
#980=ADVANCED_FACE('',(#61,#24),#30,.T.);
#981=ADVANCED_FACE('',(#62,#25),#31,.T.);
#982=ADVANCED_FACE('',(#63),#944,.T.);
#983=ADVANCED_FACE('',(#64,#26),#32,.T.);
#984=ADVANCED_FACE('',(#65),#945,.F.);
#985=ADVANCED_FACE('',(#66),#946,.F.);
#986=ADVANCED_FACE('',(#67),#947,.F.);
#987=ADVANCED_FACE('',(#68),#948,.F.);
#988=ADVANCED_FACE('',(#69),#949,.F.);
#989=ADVANCED_FACE('',(#70),#950,.F.);
#990=ADVANCED_FACE('',(#71),#951,.F.);
#991=ADVANCED_FACE('',(#72),#952,.F.);
#992=ADVANCED_FACE('',(#73),#953,.F.);
#993=ADVANCED_FACE('',(#74),#954,.F.);
#994=ADVANCED_FACE('',(#75),#955,.T.);
#995=ADVANCED_FACE('',(#76),#956,.F.);
#996=ADVANCED_FACE('',(#77),#957,.T.);
#997=ADVANCED_FACE('',(#78),#33,.T.);
#998=ADVANCED_FACE('',(#79),#958,.T.);
#999=ADVANCED_FACE('',(#80),#34,.T.);
#1000=ADVANCED_FACE('',(#81),#35,.F.);
#1001=ADVANCED_FACE('',(#82),#959,.T.);
#1002=ADVANCED_FACE('',(#83),#36,.T.);
#1003=ADVANCED_FACE('',(#84),#960,.F.);
#1004=ADVANCED_FACE('',(#85),#37,.T.);
#1005=ADVANCED_FACE('',(#86),#961,.F.);
#1006=ADVANCED_FACE('',(#87),#962,.T.);
#1007=ADVANCED_FACE('',(#88),#963,.F.);
#1008=ADVANCED_FACE('',(#89),#964,.T.);
#1009=ADVANCED_FACE('',(#90),#965,.F.);
#1010=ADVANCED_FACE('',(#91),#966,.F.);
#1011=ADVANCED_FACE('',(#92),#51,.F.);
#1012=ADVANCED_FACE('',(#93),#38,.T.);
#1013=ADVANCED_FACE('',(#94),#52,.F.);
#1014=ADVANCED_FACE('',(#95),#967,.F.);
#1015=ADVANCED_FACE('',(#96,#27),#39,.T.);
#1016=ADVANCED_FACE('',(#97),#40,.F.);
#1017=ADVANCED_FACE('',(#98),#41,.F.);
#1018=ADVANCED_FACE('',(#99,#28),#42,.T.);
#1019=ADVANCED_FACE('',(#100),#43,.F.);
#1020=ADVANCED_FACE('',(#101),#968,.T.);
#1021=ADVANCED_FACE('',(#102),#44,.F.);
#1022=ADVANCED_FACE('',(#103),#45,.F.);
#1023=ADVANCED_FACE('',(#104),#969,.T.);
#1024=ADVANCED_FACE('',(#105),#46,.F.);
#1025=ADVANCED_FACE('',(#106),#970,.T.);
#1026=ADVANCED_FACE('',(#107),#47,.F.);
#1027=ADVANCED_FACE('',(#108),#971,.T.);
#1028=ADVANCED_FACE('',(#109),#48,.F.);
#1029=CLOSED_SHELL('',(#972,#973,#974,#975,#976,#977,#978,#979,#980,#981,
#982,#983,#984));
#1030=CLOSED_SHELL('',(#985,#986,#987,#988,#989,#990,#991,#992,#993,#994,
#995,#996,#997,#998,#999,#1000,#1001,#1002,#1003,#1004,#1005,#1006,#1007,
#1008,#1009,#1010,#1011,#1012,#1013,#1014,#1015,#1016,#1017,#1018,#1019,
#1020,#1021,#1022,#1023,#1024,#1025,#1026,#1027,#1028));
#1031=DERIVED_UNIT_ELEMENT(#1033,1.);
#1032=DERIVED_UNIT_ELEMENT(#4347,-3.);
#1033=(
MASS_UNIT()
NAMED_UNIT(*)
SI_UNIT(.KILO.,.GRAM.)
);
#1034=DERIVED_UNIT((#1031,#1032));
#1035=MEASURE_REPRESENTATION_ITEM('density measure',
POSITIVE_RATIO_MEASURE(7850.),#1034);
#1036=PROPERTY_DEFINITION_REPRESENTATION(#1041,#1038);
#1037=PROPERTY_DEFINITION_REPRESENTATION(#1042,#1039);
#1038=REPRESENTATION('material name',(#1040),#4344);
#1039=REPRESENTATION('density',(#1035),#4344);
#1040=DESCRIPTIVE_REPRESENTATION_ITEM('Steel','Steel');
#1041=PROPERTY_DEFINITION('material property','material name',#4359);
#1042=PROPERTY_DEFINITION('material property','density of part',#4359);
#1043=AXIS2_PLACEMENT_3D('',#1449,#1161,#1162);
#1044=AXIS2_PLACEMENT_3D('',#1450,#1163,#1164);
#1045=AXIS2_PLACEMENT_3D('',#1451,#1165,#1166);
#1046=AXIS2_PLACEMENT_3D('',#1485,#1168,#1169);
#1047=AXIS2_PLACEMENT_3D('',#1496,#1170,#1171);
#1048=AXIS2_PLACEMENT_3D('',#1553,#1173,#1174);
#1049=AXIS2_PLACEMENT_3D('',#2181,#1176,#1177);
#1050=AXIS2_PLACEMENT_3D('',#2183,#1178,#1179);
#1051=AXIS2_PLACEMENT_3D('',#2529,#1180,#1181);
#1052=AXIS2_PLACEMENT_3D('',#2531,#1182,#1183);
#1053=AXIS2_PLACEMENT_3D('',#2533,#1184,#1185);
#1054=AXIS2_PLACEMENT_3D('',#2534,#1186,#1187);
#1055=AXIS2_PLACEMENT_3D('',#2537,#1189,#1190);
#1056=AXIS2_PLACEMENT_3D('',#2538,#1191,#1192);
#1057=AXIS2_PLACEMENT_3D('',#2539,#1193,#1194);
#1058=AXIS2_PLACEMENT_3D('',#2541,#1195,#1196);
#1059=AXIS2_PLACEMENT_3D('',#2542,#1197,#1198);
#1060=AXIS2_PLACEMENT_3D('',#2544,#1199,#1200);
#1061=AXIS2_PLACEMENT_3D('',#2546,#1202,#1203);
#1062=AXIS2_PLACEMENT_3D('',#2548,#1204,#1205);
#1063=AXIS2_PLACEMENT_3D('',#2549,#1206,#1207);
#1064=AXIS2_PLACEMENT_3D('',#2551,#1209,#1210);
#1065=AXIS2_PLACEMENT_3D('',#2570,#1212,#1213);
#1066=AXIS2_PLACEMENT_3D('',#2573,#1215,#1216);
#1067=AXIS2_PLACEMENT_3D('',#2575,#1217,#1218);
#1068=AXIS2_PLACEMENT_3D('',#2601,#1219,#1220);
#1069=AXIS2_PLACEMENT_3D('',#2691,#1222,#1223);
#1070=AXIS2_PLACEMENT_3D('',#2778,#1225,#1226);
#1071=AXIS2_PLACEMENT_3D('',#2868,#1228,#1229);
#1072=AXIS2_PLACEMENT_3D('',#2881,#1231,#1232);
#1073=AXIS2_PLACEMENT_3D('',#2901,#1233,#1234);
#1074=AXIS2_PLACEMENT_3D('',#2920,#1236,#1237);
#1075=AXIS2_PLACEMENT_3D('',#2935,#1238,#1239);
#1076=AXIS2_PLACEMENT_3D('',#2972,#1241,#1242);
#1077=AXIS2_PLACEMENT_3D('',#3009,#1244,#1245);
#1078=AXIS2_PLACEMENT_3D('',#3030,#1247,#1248);
#1079=AXIS2_PLACEMENT_3D('',#3047,#1249,#1250);
#1080=AXIS2_PLACEMENT_3D('',#3050,#1251,#1252);
#1081=AXIS2_PLACEMENT_3D('',#3054,#1254,#1255);
#1082=AXIS2_PLACEMENT_3D('',#3056,#1257,#1258);
#1083=AXIS2_PLACEMENT_3D('',#3058,#1259,#1260);
#1084=AXIS2_PLACEMENT_3D('',#3061,#1262,#1263);
#1085=AXIS2_PLACEMENT_3D('',#3063,#1264,#1265);
#1086=AXIS2_PLACEMENT_3D('',#3067,#1267,#1268);
#1087=AXIS2_PLACEMENT_3D('',#3071,#1270,#1271);
#1088=AXIS2_PLACEMENT_3D('',#3074,#1273,#1274);
#1089=AXIS2_PLACEMENT_3D('',#3075,#1275,#1276);
#1090=AXIS2_PLACEMENT_3D('',#3077,#1277,#1278);
#1091=AXIS2_PLACEMENT_3D('',#3079,#1279,#1280);
#1092=AXIS2_PLACEMENT_3D('',#3081,#1282,#1283);
#1093=AXIS2_PLACEMENT_3D('',#3087,#1287,#1288);
#1094=AXIS2_PLACEMENT_3D('',#3089,#1289,#1290);
#1095=AXIS2_PLACEMENT_3D('',#3092,#1292,#1293);
#1096=AXIS2_PLACEMENT_3D('',#3093,#1294,#1295);
#1097=AXIS2_PLACEMENT_3D('',#3099,#1299,#1300);
#1098=AXIS2_PLACEMENT_3D('',#3101,#1301,#1302);
#1099=AXIS2_PLACEMENT_3D('',#3105,#1304,#1305);
#1100=AXIS2_PLACEMENT_3D('',#3107,#1306,#1307);
#1101=AXIS2_PLACEMENT_3D('',#3109,#1308,#1309);
#1102=AXIS2_PLACEMENT_3D('',#3111,#1310,#1311);
#1103=AXIS2_PLACEMENT_3D('',#3112,#1312,#1313);
#1104=AXIS2_PLACEMENT_3D('',#3113,#1314,#1315);
#1105=AXIS2_PLACEMENT_3D('',#3115,#1316,#1317);
#1106=AXIS2_PLACEMENT_3D('',#3117,#1319,#1320);
#1107=AXIS2_PLACEMENT_3D('',#3121,#1323,#1324);
#1108=AXIS2_PLACEMENT_3D('',#3124,#1325,#1326);
#1109=AXIS2_PLACEMENT_3D('',#3128,#1328,#1329);
#1110=AXIS2_PLACEMENT_3D('',#3130,#1331,#1332);
#1111=AXIS2_PLACEMENT_3D('',#3133,#1335,#1336);
#1112=AXIS2_PLACEMENT_3D('',#3135,#1337,#1338);
#1113=AXIS2_PLACEMENT_3D('',#3138,#1340,#1341);
#1114=AXIS2_PLACEMENT_3D('',#3139,#1342,#1343);
#1115=AXIS2_PLACEMENT_3D('',#3141,#1344,#1345);
#1116=AXIS2_PLACEMENT_3D('',#3143,#1346,#1347);
#1117=AXIS2_PLACEMENT_3D('',#3147,#1349,#1350);
#1118=AXIS2_PLACEMENT_3D('',#3149,#1352,#1353);
#1119=AXIS2_PLACEMENT_3D('',#3151,#1354,#1355);
#1120=AXIS2_PLACEMENT_3D('',#3153,#1357,#1358);
#1121=AXIS2_PLACEMENT_3D('',#3155,#1359,#1360);
#1122=AXIS2_PLACEMENT_3D('',#3159,#1362,#1363);
#1123=AXIS2_PLACEMENT_3D('',#3161,#1365,#1366);
#1124=AXIS2_PLACEMENT_3D('',#3163,#1367,#1368);
#1125=AXIS2_PLACEMENT_3D('',#3165,#1370,#1371);
#1126=AXIS2_PLACEMENT_3D('',#3741,#1372,#1373);
#1127=AXIS2_PLACEMENT_3D('',#4286,#1374,#1375);
#1128=AXIS2_PLACEMENT_3D('',#4287,#1376,#1377);
#1129=AXIS2_PLACEMENT_3D('',#4289,#1378,#1379);
#1130=AXIS2_PLACEMENT_3D('',#4290,#1380,#1381);
#1131=AXIS2_PLACEMENT_3D('',#4292,#1382,#1383);
#1132=AXIS2_PLACEMENT_3D('',#4293,#1384,#1385);
#1133=AXIS2_PLACEMENT_3D('',#4294,#1386,#1387);
#1134=AXIS2_PLACEMENT_3D('',#4296,#1388,#1389);
#1135=AXIS2_PLACEMENT_3D('',#4297,#1390,#1391);
#1136=AXIS2_PLACEMENT_3D('',#4298,#1392,#1393);
#1137=AXIS2_PLACEMENT_3D('',#4299,#1394,#1395);
#1138=AXIS2_PLACEMENT_3D('',#4300,#1396,#1397);
#1139=AXIS2_PLACEMENT_3D('',#4301,#1398,#1399);
#1140=AXIS2_PLACEMENT_3D('',#4305,#1401,#1402);
#1141=AXIS2_PLACEMENT_3D('',#4307,#1404,#1405);
#1142=AXIS2_PLACEMENT_3D('',#4308,#1406,#1407);
#1143=AXIS2_PLACEMENT_3D('',#4309,#1408,#1409);
#1144=AXIS2_PLACEMENT_3D('',#4311,#1410,#1411);
#1145=AXIS2_PLACEMENT_3D('',#4313,#1412,#1413);
#1146=AXIS2_PLACEMENT_3D('',#4315,#1414,#1415);
#1147=AXIS2_PLACEMENT_3D('',#4317,#1416,#1417);
#1148=AXIS2_PLACEMENT_3D('',#4318,#1418,#1419);
#1149=AXIS2_PLACEMENT_3D('',#4319,#1420,#1421);
#1150=AXIS2_PLACEMENT_3D('',#4323,#1423,#1424);
#1151=AXIS2_PLACEMENT_3D('',#4325,#1426,#1427);
#1152=AXIS2_PLACEMENT_3D('',#4326,#1428,#1429);
#1153=AXIS2_PLACEMENT_3D('',#4327,#1430,#1431);
#1154=AXIS2_PLACEMENT_3D('',#4331,#1433,#1434);
#1155=AXIS2_PLACEMENT_3D('',#4333,#1436,#1437);
#1156=AXIS2_PLACEMENT_3D('',#4334,#1438,#1439);
#1157=AXIS2_PLACEMENT_3D('',#4335,#1440,#1441);
#1158=AXIS2_PLACEMENT_3D('',#4336,#1442,#1443);
#1159=AXIS2_PLACEMENT_3D('',#4338,#1445,#1446);
#1160=AXIS2_PLACEMENT_3D('',#4339,#1447,#1448);
#1161=DIRECTION('axis',(0.,0.,1.));
#1162=DIRECTION('refdir',(1.,0.,0.));
#1163=DIRECTION('axis',(0.,0.,1.));
#1164=DIRECTION('refdir',(1.,0.,0.));
#1165=DIRECTION('center_axis',(0.,0.,1.));
#1166=DIRECTION('ref_axis',(1.,2.70929483358496E-16,0.));
#1167=DIRECTION('',(0.,0.,1.));
#1168=DIRECTION('center_axis',(0.,0.,1.));
#1169=DIRECTION('ref_axis',(1.,2.70929483358496E-16,0.));
#1170=DIRECTION('center_axis',(0.,0.,1.));
#1171=DIRECTION('ref_axis',(1.,2.70929483358496E-16,0.));
#1172=DIRECTION('',(0.,0.,1.));
#1173=DIRECTION('center_axis',(0.,0.,1.));
#1174=DIRECTION('ref_axis',(1.,2.70929483358496E-16,0.));
#1175=DIRECTION('',(0.,0.,1.));
#1176=DIRECTION('center_axis',(0.,0.,1.));
#1177=DIRECTION('ref_axis',(0.888904030794752,0.458093466485653,0.));
#1178=DIRECTION('center_axis',(0.,0.,-1.));
#1179=DIRECTION('ref_axis',(1.,2.70929483358496E-16,0.));
#1180=DIRECTION('center_axis',(0.,0.,-1.));
#1181=DIRECTION('ref_axis',(-1.,0.,0.));
#1182=DIRECTION('center_axis',(0.,0.,1.));
#1183=DIRECTION('ref_axis',(1.,0.,0.));
#1184=DIRECTION('center_axis',(0.,0.,1.));
#1185=DIRECTION('ref_axis',(1.,0.,0.));
#1186=DIRECTION('center_axis',(0.,0.,1.));
#1187=DIRECTION('ref_axis',(1.,0.,0.));
#1188=DIRECTION('',(0.,0.,-1.));
#1189=DIRECTION('center_axis',(0.,0.,1.));
#1190=DIRECTION('ref_axis',(1.,0.,0.));
#1191=DIRECTION('center_axis',(0.,0.,-1.));
#1192=DIRECTION('ref_axis',(-1.,0.,0.));
#1193=DIRECTION('center_axis',(0.,0.,-1.));
#1194=DIRECTION('ref_axis',(-1.,0.,0.));
#1195=DIRECTION('center_axis',(0.,0.,1.));
#1196=DIRECTION('ref_axis',(1.,0.,0.));
#1197=DIRECTION('center_axis',(0.,0.,1.));
#1198=DIRECTION('ref_axis',(1.,0.,0.));
#1199=DIRECTION('center_axis',(0.,0.,1.));
#1200=DIRECTION('ref_axis',(1.,0.,0.));
#1201=DIRECTION('',(0.,0.,-1.));
#1202=DIRECTION('center_axis',(0.,0.,1.));
#1203=DIRECTION('ref_axis',(1.,0.,0.));
#1204=DIRECTION('center_axis',(0.,0.,1.));
#1205=DIRECTION('ref_axis',(1.,0.,0.));
#1206=DIRECTION('center_axis',(0.,0.,1.));
#1207=DIRECTION('ref_axis',(1.,0.,0.));
#1208=DIRECTION('',(0.,0.,-1.));
#1209=DIRECTION('center_axis',(0.,0.,1.));
#1210=DIRECTION('ref_axis',(1.,0.,0.));
#1211=DIRECTION('',(0.,0.,-1.));
#1212=DIRECTION('center_axis',(0.,0.,1.));
#1213=DIRECTION('ref_axis',(1.,0.,0.));
#1214=DIRECTION('',(0.,0.,-1.));
#1215=DIRECTION('center_axis',(0.,0.,1.));
#1216=DIRECTION('ref_axis',(1.,0.,0.));
#1217=DIRECTION('center_axis',(0.,0.,1.));
#1218=DIRECTION('ref_axis',(1.,0.,0.));
#1219=DIRECTION('center_axis',(0.,0.,1.));
#1220=DIRECTION('ref_axis',(1.,0.,0.));
#1221=DIRECTION('',(0.,0.,-1.));
#1222=DIRECTION('center_axis',(0.,0.,1.));
#1223=DIRECTION('ref_axis',(1.,0.,0.));
#1224=DIRECTION('',(0.,0.,-1.));
#1225=DIRECTION('center_axis',(0.,0.,1.));
#1226=DIRECTION('ref_axis',(1.,0.,0.));
#1227=DIRECTION('',(0.,0.,-1.));
#1228=DIRECTION('center_axis',(0.,0.,1.));
#1229=DIRECTION('ref_axis',(1.,0.,0.));
#1230=DIRECTION('',(0.,0.,-1.));
#1231=DIRECTION('center_axis',(0.,0.,1.));
#1232=DIRECTION('ref_axis',(1.,0.,0.));
#1233=DIRECTION('center_axis',(0.,0.,1.));
#1234=DIRECTION('ref_axis',(1.,-1.39371499675783E-15,0.));
#1235=DIRECTION('',(1.22464679914735E-16,-1.55683263143695E-31,1.));
#1236=DIRECTION('center_axis',(0.,0.,-1.));
#1237=DIRECTION('ref_axis',(1.,-1.39371499675783E-15,0.));
#1238=DIRECTION('center_axis',(0.,0.,1.));
#1239=DIRECTION('ref_axis',(1.,-1.39371499675783E-15,0.));
#1240=DIRECTION('',(1.22464679914735E-16,-1.55683263143695E-31,1.));
#1241=DIRECTION('center_axis',(0.,0.,1.));
#1242=DIRECTION('ref_axis',(1.,-1.39371499675783E-15,0.));
#1243=DIRECTION('',(1.22464679914735E-16,-1.55683263143695E-31,1.));
#1244=DIRECTION('center_axis',(0.,0.,1.));
#1245=DIRECTION('ref_axis',(1.,-1.39371499675783E-15,0.));
#1246=DIRECTION('',(1.22464679914735E-16,-1.55683263143695E-31,1.));
#1247=DIRECTION('center_axis',(0.,0.,1.));
#1248=DIRECTION('ref_axis',(1.,-1.39371499675783E-15,0.));
#1249=DIRECTION('center_axis',(0.,0.,1.));
#1250=DIRECTION('ref_axis',(0.866025403784439,-0.499999999999999,0.));
#1251=DIRECTION('center_axis',(0.,0.,1.));
#1252=DIRECTION('ref_axis',(0.866025403784439,-0.499999999999999,0.));
#1253=DIRECTION('',(0.,0.,1.));
#1254=DIRECTION('center_axis',(0.,0.,1.));
#1255=DIRECTION('ref_axis',(0.866025403784439,-0.499999999999999,0.));
#1256=DIRECTION('',(0.,0.,-1.));
#1257=DIRECTION('center_axis',(0.,0.,1.));
#1258=DIRECTION('ref_axis',(1.,0.,0.));
#1259=DIRECTION('center_axis',(0.,0.,-1.));
#1260=DIRECTION('ref_axis',(1.,0.,0.));
#1261=DIRECTION('',(0.,0.,-1.));
#1262=DIRECTION('center_axis',(0.,0.,1.));
#1263=DIRECTION('ref_axis',(1.,0.,0.));
#1264=DIRECTION('center_axis',(0.,0.,1.));
#1265=DIRECTION('ref_axis',(1.,0.,0.));
#1266=DIRECTION('',(0.,0.,1.));
#1267=DIRECTION('center_axis',(0.,0.,1.));
#1268=DIRECTION('ref_axis',(1.,0.,0.));
#1269=DIRECTION('',(0.,0.,-1.));
#1270=DIRECTION('center_axis',(0.,0.,1.));
#1271=DIRECTION('ref_axis',(1.,0.,0.));
#1272=DIRECTION('',(0.,0.,1.));
#1273=DIRECTION('center_axis',(0.,0.,1.));
#1274=DIRECTION('ref_axis',(1.,0.,0.));
#1275=DIRECTION('center_axis',(0.,0.,1.));
#1276=DIRECTION('ref_axis',(0.866025403784437,-0.500000000000002,0.));
#1277=DIRECTION('center_axis',(0.,0.,1.));
#1278=DIRECTION('ref_axis',(0.866025403784437,-0.500000000000002,0.));
#1279=DIRECTION('center_axis',(0.,0.,1.));
#1280=DIRECTION('ref_axis',(0.866025403784437,-0.500000000000002,0.));
#1281=DIRECTION('',(0.,0.,-1.));
#1282=DIRECTION('center_axis',(-5.12790049702284E-16,-1.,0.));
#1283=DIRECTION('ref_axis',(1.,-5.12790049702284E-16,0.));
#1284=DIRECTION('',(1.,-5.12790049702284E-16,0.));
#1285=DIRECTION('',(0.,0.,1.));
#1286=DIRECTION('',(1.,-5.12790049702284E-16,0.));
#1287=DIRECTION('center_axis',(0.,0.,1.));
#1288=DIRECTION('ref_axis',(-0.866025403784438,-0.5,0.));
#1289=DIRECTION('center_axis',(0.,0.,1.));
#1290=DIRECTION('ref_axis',(-0.866025403784438,-0.5,0.));
#1291=DIRECTION('',(0.,0.,1.));
#1292=DIRECTION('center_axis',(0.,0.,1.));
#1293=DIRECTION('ref_axis',(-0.866025403784438,-0.5,0.));
#1294=DIRECTION('center_axis',(0.,-1.,0.));
#1295=DIRECTION('ref_axis',(1.,0.,0.));
#1296=DIRECTION('',(1.,0.,0.));
#1297=DIRECTION('',(0.,0.,-1.));
#1298=DIRECTION('',(1.,0.,0.));
#1299=DIRECTION('center_axis',(0.,0.,1.));
#1300=DIRECTION('ref_axis',(1.,0.,0.));
#1301=DIRECTION('center_axis',(0.,0.,1.));
#1302=DIRECTION('ref_axis',(-0.866025403784438,0.5,0.));
#1303=DIRECTION('',(-1.,0.,0.));
#1304=DIRECTION('center_axis',(0.,0.,-1.));
#1305=DIRECTION('ref_axis',(0.843720573874822,-0.536782631258074,0.));
#1306=DIRECTION('center_axis',(0.,0.,1.));
#1307=DIRECTION('ref_axis',(1.,0.,0.));
#1308=DIRECTION('center_axis',(0.,0.,1.));
#1309=DIRECTION('ref_axis',(1.,0.,0.));
#1310=DIRECTION('center_axis',(0.,0.,1.));
#1311=DIRECTION('ref_axis',(1.,0.,0.));
#1312=DIRECTION('center_axis',(0.,0.,-1.));
#1313=DIRECTION('ref_axis',(0.843720573874824,0.536782631258071,0.));
#1314=DIRECTION('center_axis',(0.,0.,1.));
#1315=DIRECTION('ref_axis',(-0.866025403784438,0.5,0.));
#1316=DIRECTION('center_axis',(0.,0.,1.));
#1317=DIRECTION('ref_axis',(-0.866025403784438,0.5,0.));
#1318=DIRECTION('',(0.,0.,-1.));
#1319=DIRECTION('center_axis',(0.,1.,0.));
#1320=DIRECTION('ref_axis',(-1.,0.,0.));
#1321=DIRECTION('',(-1.,0.,0.));
#1322=DIRECTION('',(0.,0.,1.));
#1323=DIRECTION('center_axis',(0.,0.,1.));
#1324=DIRECTION('ref_axis',(-0.886727681917157,0.462292135042145,0.));
#1325=DIRECTION('center_axis',(0.,0.,-1.));
#1326=DIRECTION('ref_axis',(-0.886727681917157,0.462292135042145,0.));
#1327=DIRECTION('',(0.,0.,-1.));
#1328=DIRECTION('center_axis',(0.,0.,-1.));
#1329=DIRECTION('ref_axis',(-0.886727681917157,0.462292135042145,0.));
#1330=DIRECTION('',(0.,0.,1.));
#1331=DIRECTION('center_axis',(0.866025403784438,0.5,0.));
#1332=DIRECTION('ref_axis',(-0.5,0.866025403784438,0.));
#1333=DIRECTION('',(-0.5,0.866025403784438,0.));
#1334=DIRECTION('',(-0.5,0.866025403784438,0.));
#1335=DIRECTION('center_axis',(0.,0.,1.));
#1336=DIRECTION('ref_axis',(-0.843720573874825,0.53678263125807,0.));
#1337=DIRECTION('center_axis',(0.,0.,-1.));
#1338=DIRECTION('ref_axis',(-0.843720573874825,0.53678263125807,0.));
#1339=DIRECTION('',(0.,0.,-1.));
#1340=DIRECTION('center_axis',(0.,0.,-1.));
#1341=DIRECTION('ref_axis',(-0.843720573874825,0.53678263125807,0.));
#1342=DIRECTION('center_axis',(0.,0.,-1.));
#1343=DIRECTION('ref_axis',(1.,0.,0.));
#1344=DIRECTION('center_axis',(0.,0.,1.));
#1345=DIRECTION('ref_axis',(1.,0.,0.));
#1346=DIRECTION('center_axis',(0.,0.,1.));
#1347=DIRECTION('ref_axis',(1.,0.,0.));
#1348=DIRECTION('',(0.,0.,-1.));
#1349=DIRECTION('center_axis',(0.,0.,-1.));
#1350=DIRECTION('ref_axis',(1.,0.,0.));
#1351=DIRECTION('',(0.,0.,-1.));
#1352=DIRECTION('center_axis',(0.,0.,1.));
#1353=DIRECTION('ref_axis',(0.843720573874822,-0.536782631258074,0.));
#1354=DIRECTION('center_axis',(0.,0.,-1.));
#1355=DIRECTION('ref_axis',(0.843720573874822,-0.536782631258074,0.));
#1356=DIRECTION('',(0.,0.,-1.));
#1357=DIRECTION('center_axis',(0.,0.,-1.));
#1358=DIRECTION('ref_axis',(-0.866025403784439,-0.5,0.));
#1359=DIRECTION('center_axis',(0.,0.,1.));
#1360=DIRECTION('ref_axis',(1.,0.,0.));
#1361=DIRECTION('',(0.,0.,-1.));
#1362=DIRECTION('center_axis',(0.,0.,-1.));
#1363=DIRECTION('ref_axis',(1.,0.,0.));
#1364=DIRECTION('',(0.,0.,-1.));
#1365=DIRECTION('center_axis',(0.,0.,1.));
#1366=DIRECTION('ref_axis',(0.843720573874824,0.536782631258071,0.));
#1367=DIRECTION('center_axis',(0.,0.,-1.));
#1368=DIRECTION('ref_axis',(0.843720573874824,0.536782631258071,0.));
#1369=DIRECTION('',(0.,0.,1.));
#1370=DIRECTION('center_axis',(0.,0.,1.));
#1371=DIRECTION('ref_axis',(1.,-1.39371499675783E-15,0.));
#1372=DIRECTION('center_axis',(0.,0.,1.));
#1373=DIRECTION('ref_axis',(1.,0.,0.));
#1374=DIRECTION('center_axis',(0.,0.,1.));
#1375=DIRECTION('ref_axis',(1.,0.,0.));
#1376=DIRECTION('center_axis',(0.,0.,1.));
#1377=DIRECTION('ref_axis',(1.,0.,0.));
#1378=DIRECTION('center_axis',(0.,0.,1.));
#1379=DIRECTION('ref_axis',(1.,0.,0.));
#1380=DIRECTION('center_axis',(0.,0.,1.));
#1381=DIRECTION('ref_axis',(1.,0.,0.));
#1382=DIRECTION('center_axis',(0.,0.,1.));
#1383=DIRECTION('ref_axis',(1.,0.,0.));
#1384=DIRECTION('center_axis',(0.,0.,-1.));
#1385=DIRECTION('ref_axis',(1.,0.,0.));
#1386=DIRECTION('center_axis',(0.,0.,1.));
#1387=DIRECTION('ref_axis',(1.,0.,0.));
#1388=DIRECTION('center_axis',(0.,0.,1.));
#1389=DIRECTION('ref_axis',(1.,0.,0.));
#1390=DIRECTION('center_axis',(0.,0.,-1.));
#1391=DIRECTION('ref_axis',(1.,0.,0.));
#1392=DIRECTION('center_axis',(0.,0.,1.));
#1393=DIRECTION('ref_axis',(1.,0.,0.));
#1394=DIRECTION('center_axis',(0.,0.,1.));
#1395=DIRECTION('ref_axis',(1.,0.,0.));
#1396=DIRECTION('center_axis',(0.,0.,-1.));
#1397=DIRECTION('ref_axis',(1.,0.,0.));
#1398=DIRECTION('center_axis',(0.,0.,-1.));
#1399=DIRECTION('ref_axis',(-0.866025403784439,0.5,0.));
#1400=DIRECTION('',(0.,0.,-1.));
#1401=DIRECTION('center_axis',(0.,0.,-1.));
#1402=DIRECTION('ref_axis',(1.,0.,0.));
#1403=DIRECTION('',(0.,0.,1.));
#1404=DIRECTION('center_axis',(0.,0.,1.));
#1405=DIRECTION('ref_axis',(1.,0.,0.));
#1406=DIRECTION('center_axis',(0.,0.,-1.));
#1407=DIRECTION('ref_axis',(1.,0.,0.));
#1408=DIRECTION('center_axis',(0.,0.,1.));
#1409=DIRECTION('ref_axis',(1.,0.,0.));
#1410=DIRECTION('center_axis',(0.,0.,1.));
#1411=DIRECTION('ref_axis',(1.,0.,0.));
#1412=DIRECTION('center_axis',(0.,0.,1.));
#1413=DIRECTION('ref_axis',(1.,0.,0.));
#1414=DIRECTION('center_axis',(0.,0.,1.));
#1415=DIRECTION('ref_axis',(1.,0.,0.));
#1416=DIRECTION('center_axis',(0.,0.,1.));
#1417=DIRECTION('ref_axis',(1.,0.,0.));
#1418=DIRECTION('center_axis',(0.,0.,1.));
#1419=DIRECTION('ref_axis',(1.,0.,0.));
#1420=DIRECTION('center_axis',(0.,0.,-1.));
#1421=DIRECTION('ref_axis',(1.,0.,0.));
#1422=DIRECTION('',(0.,0.,-1.));
#1423=DIRECTION('center_axis',(0.,0.,-1.));
#1424=DIRECTION('ref_axis',(1.,0.,0.));
#1425=DIRECTION('',(0.,0.,-1.));
#1426=DIRECTION('center_axis',(0.,0.,1.));
#1427=DIRECTION('ref_axis',(1.,0.,0.));
#1428=DIRECTION('center_axis',(0.,0.,-1.));
#1429=DIRECTION('ref_axis',(1.,0.,0.));
#1430=DIRECTION('center_axis',(0.,0.,-1.));
#1431=DIRECTION('ref_axis',(7.27366154732462E-16,-1.,0.));
#1432=DIRECTION('',(0.,0.,-1.));
#1433=DIRECTION('center_axis',(0.,0.,-1.));
#1434=DIRECTION('ref_axis',(1.,0.,0.));
#1435=DIRECTION('',(0.,0.,1.));
#1436=DIRECTION('center_axis',(0.,0.,1.));
#1437=DIRECTION('ref_axis',(1.,0.,0.));
#1438=DIRECTION('center_axis',(0.,0.,-1.));
#1439=DIRECTION('ref_axis',(1.,0.,0.));
#1440=DIRECTION('center_axis',(0.,0.,-1.));
#1441=DIRECTION('ref_axis',(1.,0.,0.));
#1442=DIRECTION('center_axis',(0.,0.,-1.));
#1443=DIRECTION('ref_axis',(1.,0.,0.));
#1444=DIRECTION('',(0.,0.,1.));
#1445=DIRECTION('center_axis',(0.,0.,1.));
#1446=DIRECTION('ref_axis',(1.,0.,0.));
#1447=DIRECTION('',(0.,0.,1.));
#1448=DIRECTION('',(-0.618405238421727,-0.785859377428663,0.));
#1449=CARTESIAN_POINT('',(0.,0.,0.));
#1450=CARTESIAN_POINT('',(0.,0.,0.));
#1451=CARTESIAN_POINT('Origin',(0.,0.,26.2271873309261));
#1452=CARTESIAN_POINT('',(-8.07247201185728,0.00340838930114825,32.7461723458333));
#1453=CARTESIAN_POINT('',(-8.0690374091452,-0.000129762827362212,33.2728126690739));
#1454=CARTESIAN_POINT('',(-8.0685,-3.17410080637007E-15,26.2271873309261));
#1455=CARTESIAN_POINT('',(-4.14575935609138,6.92194854150764,34.));
#1456=CARTESIAN_POINT('Ctrl Pts',(-8.07247201185728,0.00340838930114825,
32.7461723458333));
#1457=CARTESIAN_POINT('Ctrl Pts',(-8.06528021938981,-1.94089070303623,32.8038054120544));
#1458=CARTESIAN_POINT('Ctrl Pts',(-7.33672859879806,-3.89313633510081,32.8614384782755));
#1459=CARTESIAN_POINT('Ctrl Pts',(-6.04806088062417,-5.35003093149422,32.9190715444966));
#1460=CARTESIAN_POINT('Ctrl Pts',(-4.58756221329023,-7.00118784841752,32.9843894035716));
#1461=CARTESIAN_POINT('Ctrl Pts',(-2.40761707648798,-8.01608639801398,33.0497072626467));
#1462=CARTESIAN_POINT('Ctrl Pts',(-0.206858202013945,-8.07169496123506,
33.1150251217218));
#1463=CARTESIAN_POINT('Ctrl Pts',(1.99390067246009,-8.12730352445614,33.1803429807969));
#1464=CARTESIAN_POINT('Ctrl Pts',(4.2154732846059,-7.22362210130185,33.2456608398719));
#1465=CARTESIAN_POINT('Ctrl Pts',(5.76294224701536,-5.65254898544262,33.310978698947));
#1466=CARTESIAN_POINT('Ctrl Pts',(6.794588221955,-4.60516690820314,33.3545239383304));
#1467=CARTESIAN_POINT('Ctrl Pts',(7.5266325747896,-3.26116630087256,33.3980691777138));
#1468=CARTESIAN_POINT('Ctrl Pts',(7.8590794607636,-1.82718243844514,33.4416144170971));
#1469=CARTESIAN_POINT('Ctrl Pts',(8.19152634673759,-0.393198576017729,33.4851596564805));
#1470=CARTESIAN_POINT('Ctrl Pts',(8.124375765851,1.13076854150654,33.5287048958639));
#1471=CARTESIAN_POINT('Ctrl Pts',(7.66353864708757,2.52748579928334,33.5722501352473));
#1472=CARTESIAN_POINT('Ctrl Pts',(7.20270152832413,3.92420305706016,33.6157953746307));
#1473=CARTESIAN_POINT('Ctrl Pts',(6.34817787168385,5.19367045508951,33.659340614014));
#1474=CARTESIAN_POINT('Ctrl Pts',(5.22819300781489,6.14682443667543,33.7028858533974));
#1475=CARTESIAN_POINT('Ctrl Pts',(4.38820435991318,6.86168992286486,33.735544782935));
#1476=CARTESIAN_POINT('Ctrl Pts',(3.39889378294533,7.39862911230486,33.7682037124725));
#1477=CARTESIAN_POINT('Ctrl Pts',(2.34233039567534,7.72002531698512,33.80086264201));
#1478=CARTESIAN_POINT('Ctrl Pts',(1.28576700840537,8.04142152166538,33.8335215715476));
#1479=CARTESIAN_POINT('Ctrl Pts',(0.161950810833251,8.14727474158592,33.8661805010851));
#1480=CARTESIAN_POINT('Ctrl Pts',(-0.933274784340613,8.01784292344643,33.8988394306226));
#1481=CARTESIAN_POINT('Ctrl Pts',(-2.06409001481477,7.88420518533562,33.9325596204125));
#1482=CARTESIAN_POINT('Ctrl Pts',(-3.16442633503691,7.49974266715271,33.9662798102025));
#1483=CARTESIAN_POINT('Ctrl Pts',(-4.14387473536671,6.9149906065082,33.9999999999924));
#1484=CARTESIAN_POINT('',(8.03169034628363,-0.769832729503179,34.));
#1485=CARTESIAN_POINT('Origin',(0.,0.,34.));
#1486=CARTESIAN_POINT('Ctrl Pts',(-8.0690374091452,-0.000129762827362229,
33.2728126690739));
#1487=CARTESIAN_POINT('Ctrl Pts',(-8.06913548655301,-0.130025381178792,
33.2766568531941));
#1488=CARTESIAN_POINT('Ctrl Pts',(-8.03429373529295,-1.60331753117688,33.3202596361234));
#1489=CARTESIAN_POINT('Ctrl Pts',(-7.18047023648482,-4.38194274154023,33.403621017862));
#1490=CARTESIAN_POINT('Ctrl Pts',(-4.20343937215255,-7.28647190895808,33.5228968142896));
#1491=CARTESIAN_POINT('Ctrl Pts',(-0.198647692963724,-8.40954697735671,
33.6421726107172));
#1492=CARTESIAN_POINT('Ctrl Pts',(3.85441813402235,-7.47696639727436,33.7614484071448));
#1493=CARTESIAN_POINT('Ctrl Pts',(6.96576848717405,-4.7159715494876,33.8807242035724));
#1494=CARTESIAN_POINT('Ctrl Pts',(7.903482073063,-2.10743388736037,33.9602414011908));
#1495=CARTESIAN_POINT('Ctrl Pts',(8.03169034628363,-0.769832729503179,34.));
#1496=CARTESIAN_POINT('Origin',(0.,0.,26.2271873309261));
#1497=CARTESIAN_POINT('',(-8.06879850173878,0.000170922153455211,31.2461723458678));
#1498=CARTESIAN_POINT('',(-8.06812486913324,0.000181943310237909,31.7728126690739));
#1499=CARTESIAN_POINT('',(-8.0685,-3.17410080637007E-15,26.2271873309261));
#1500=CARTESIAN_POINT('Ctrl Pts',(-8.06879850173878,0.000170922153455211,
31.2461723458678));
#1501=CARTESIAN_POINT('Ctrl Pts',(-8.06725853695457,-1.18566501304474,31.2812625394769));
#1502=CARTESIAN_POINT('Ctrl Pts',(-7.80379334238714,-2.37201941718871,31.3163527330859));
#1503=CARTESIAN_POINT('Ctrl Pts',(-7.29770830776823,-3.44405567408776,31.3514429266949));
#1504=CARTESIAN_POINT('Ctrl Pts',(-6.66968116644284,-4.77440101086393,31.3949881660783));
#1505=CARTESIAN_POINT('Ctrl Pts',(-5.66802883593452,-5.9287008132668,31.4385334054617));
#1506=CARTESIAN_POINT('Ctrl Pts',(-4.43985546040036,-6.73819895510081,31.482078644845));
#1507=CARTESIAN_POINT('Ctrl Pts',(-3.21168208486619,-7.54769709693481,31.5256238842284));
#1508=CARTESIAN_POINT('Ctrl Pts',(-1.75698766430619,-8.01239357819995,31.5691691236118));
#1509=CARTESIAN_POINT('Ctrl Pts',(-0.286382097964825,-8.06440471048701,
31.6127143629952));
#1510=CARTESIAN_POINT('Ctrl Pts',(1.18422346837651,-8.11641584277408,31.6562596023786));
#1511=CARTESIAN_POINT('Ctrl Pts',(2.67074018049921,-7.75574162608307,31.6998048417619));
#1512=CARTESIAN_POINT('Ctrl Pts',(3.95248277135889,-7.03538841870914,31.7433500811453));
#1513=CARTESIAN_POINT('Ctrl Pts',(5.2342253622186,-6.31503521133521,31.7868953205287));
#1514=CARTESIAN_POINT('Ctrl Pts',(6.31119383181529,-5.23500301327834,31.8304405599121));
#1515=CARTESIAN_POINT('Ctrl Pts',(7.03444545186419,-3.95231900249776,31.8739857992955));
#1516=CARTESIAN_POINT('Ctrl Pts',(7.51661319856346,-3.09719632864404,31.9030159588844));
#1517=CARTESIAN_POINT('Ctrl Pts',(7.84157345657482,-2.15200618246869,31.9320461184733));
#1518=CARTESIAN_POINT('Ctrl Pts',(7.98340908052281,-1.18154910492984,31.9610762780622));
#1519=CARTESIAN_POINT('Ctrl Pts',(8.26708032841879,0.759365050147857,32.0191365972401));
#1520=CARTESIAN_POINT('Ctrl Pts',(7.81825304006126,2.80134693067949,32.0771969164179));
#1521=CARTESIAN_POINT('Ctrl Pts',(6.74187542210861,4.43972796273952,32.1352572355957));
#1522=CARTESIAN_POINT('Ctrl Pts',(5.93459220864411,5.66851373678454,32.1788024749791));
#1523=CARTESIAN_POINT('Ctrl Pts',(4.77431193478236,6.67027403356429,32.2223477143625));
#1524=CARTESIAN_POINT('Ctrl Pts',(3.44294595618214,7.29771023104452,32.2658929537459));
#1525=CARTESIAN_POINT('Ctrl Pts',(2.11157997758193,7.92514642852475,32.3094381931292));
#1526=CARTESIAN_POINT('Ctrl Pts',(0.609128294243264,8.17825852670546,32.3529834325126));
#1527=CARTESIAN_POINT('Ctrl Pts',(-0.854176593229841,8.02341328355743,32.396528671896));
#1528=CARTESIAN_POINT('Ctrl Pts',(-2.31748148070295,7.86856804040941,32.4400739112794));
#1529=CARTESIAN_POINT('Ctrl Pts',(-3.74163957231048,7.30576545593263,32.4836191506628));
#1530=CARTESIAN_POINT('Ctrl Pts',(-4.90741315067176,6.40952340271776,32.5271643900462));
#1531=CARTESIAN_POINT('Ctrl Pts',(-6.65607351821369,5.06516032289546,32.5924822491212));
#1532=CARTESIAN_POINT('Ctrl Pts',(-7.82336873095152,2.97055843841243,32.6578001081963));
#1533=CARTESIAN_POINT('Ctrl Pts',(-8.03649023838763,0.779549854045843,32.7231179672714));
#1534=CARTESIAN_POINT('Ctrl Pts',(-8.0615644625059,0.521772772087402,32.7308027601253));
#1535=CARTESIAN_POINT('Ctrl Pts',(-8.07343096544044,0.262661223663125,32.7384875529793));
#1536=CARTESIAN_POINT('Ctrl Pts',(-8.07247201185728,0.00340838930114825,
32.7461723458333));
#1537=CARTESIAN_POINT('Ctrl Pts',(-8.06812486913324,0.000181943310237978,
31.7728126690739));
#1538=CARTESIAN_POINT('Ctrl Pts',(-8.06738082649034,-0.903695064177915,
31.7995536674836));
#1539=CARTESIAN_POINT('Ctrl Pts',(-7.69047859177153,-3.15206414451753,31.8660532647026));
#1540=CARTESIAN_POINT('Ctrl Pts',(-5.6418054582109,-6.23946652767926,31.9723114607308));
#1541=CARTESIAN_POINT('Ctrl Pts',(-1.96288839793999,-8.17972986467144,32.0915872571583));
#1542=CARTESIAN_POINT('Ctrl Pts',(2.19589968821619,-8.12027929895353,32.210863053586));
#1543=CARTESIAN_POINT('Ctrl Pts',(5.81785201832325,-6.07564887846982,32.3301388500136));
#1544=CARTESIAN_POINT('Ctrl Pts',(8.01750326023023,-2.54569311490429,32.4494146464411));
#1545=CARTESIAN_POINT('Ctrl Pts',(8.25710026467216,1.60661284901598,32.5686904428688));
#1546=CARTESIAN_POINT('Ctrl Pts',(6.4780689028461,5.3661475012382,32.6879662392964));
#1547=CARTESIAN_POINT('Ctrl Pts',(3.11533106112406,7.81380931281202,32.807242035724));
#1548=CARTESIAN_POINT('Ctrl Pts',(-1.00901586193849,8.3512159907513,32.9265178321515));
#1549=CARTESIAN_POINT('Ctrl Pts',(-4.88669039384871,6.84698220655217,33.0457936285792));
#1550=CARTESIAN_POINT('Ctrl Pts',(-7.48322740352577,3.77128904570473,33.1612252408866));
#1551=CARTESIAN_POINT('Ctrl Pts',(-8.06812111778517,1.21342426006443,33.2368982543849));
#1552=CARTESIAN_POINT('Ctrl Pts',(-8.0690374091452,-0.000129762827362229,
33.2728126690739));
#1553=CARTESIAN_POINT('Origin',(0.,0.,26.2271873309261));
#1554=CARTESIAN_POINT('',(-8.06678786313137,-0.000575741185412084,29.7461723460308));
#1555=CARTESIAN_POINT('',(-8.06842982940442,-0.00021112514380528,30.2728126690739));
#1556=CARTESIAN_POINT('',(-8.0685,-3.17410080637007E-15,26.2271873309261));
#1557=CARTESIAN_POINT('Ctrl Pts',(-8.06678786313137,-0.000575741185412084,
29.7461723460308));
#1558=CARTESIAN_POINT('Ctrl Pts',(-8.06905546599646,-0.424575982539855,
29.7587196669849));
#1559=CARTESIAN_POINT('Ctrl Pts',(-8.03799622224894,-0.848490411667033,
29.7712669879391));
#1560=CARTESIAN_POINT('Ctrl Pts',(-7.97234431908148,-1.26715294906497,29.7838143088932));
#1561=CARTESIAN_POINT('Ctrl Pts',(-7.74450063437363,-2.72011334423563,29.8273595482766));
#1562=CARTESIAN_POINT('Ctrl Pts',(-7.10001470584471,-4.10981870232421,29.8709047876599));
#1563=CARTESIAN_POINT('Ctrl Pts',(-6.14531190540273,-5.22970488666382,29.9144500270433));
#1564=CARTESIAN_POINT('Ctrl Pts',(-5.19060910496074,-6.34959107100344,29.9579952664267));
#1565=CARTESIAN_POINT('Ctrl Pts',(-3.92568943260569,-7.19965808159408,30.0015405058101));
#1566=CARTESIAN_POINT('Ctrl Pts',(-2.52896154004032,-7.66196238101039,30.0450857451935));
#1567=CARTESIAN_POINT('Ctrl Pts',(-1.13223364747494,-8.12426668042671,30.0886309845769));
#1568=CARTESIAN_POINT('Ctrl Pts',(0.396302465300739,-8.1988082686687,30.1321762239602));
#1569=CARTESIAN_POINT('Ctrl Pts',(1.82809547625253,-7.86273891787051,30.1757214633436));
#1570=CARTESIAN_POINT('Ctrl Pts',(3.9757849926802,-7.35863489167323,30.2410393224187));
#1571=CARTESIAN_POINT('Ctrl Pts',(5.90580253000411,-5.93065625263554,30.3063571814938));
#1572=CARTESIAN_POINT('Ctrl Pts',(7.00172368287036,-4.02295659953274,30.3716750405688));
#1573=CARTESIAN_POINT('Ctrl Pts',(8.09764483573662,-2.11525694642993,30.4369928996439));
#1574=CARTESIAN_POINT('Ctrl Pts',(8.35946960414521,0.272163720737999,30.502310758719));
#1575=CARTESIAN_POINT('Ctrl Pts',(7.71357556884204,2.38100987533705,30.567628617794));
#1576=CARTESIAN_POINT('Ctrl Pts',(7.28297954530659,3.78690731173643,30.6111738571774));
#1577=CARTESIAN_POINT('Ctrl Pts',(6.44895294234369,5.06899385366074,30.6547190965608));
#1578=CARTESIAN_POINT('Ctrl Pts',(5.345681255249,6.04342595521619,30.6982643359442));
#1579=CARTESIAN_POINT('Ctrl Pts',(4.24240956815431,7.01785805677162,30.7418095753276));
#1580=CARTESIAN_POINT('Ctrl Pts',(2.86989279692783,7.68463571795819,30.7853548147109));
#1581=CARTESIAN_POINT('Ctrl Pts',(1.42246679074607,7.94391888002736,30.8289000540943));
#1582=CARTESIAN_POINT('Ctrl Pts',(-0.0249592154356923,8.20320204209652,
30.8724452934777));
#1583=CARTESIAN_POINT('Ctrl Pts',(-1.54729445657274,8.05499070504827,30.9159905328611));
#1584=CARTESIAN_POINT('Ctrl Pts',(-2.9192965280652,7.52271985079021,30.9595357722445));
#1585=CARTESIAN_POINT('Ctrl Pts',(-4.29129859955768,6.99044899653215,31.0030810116278));
#1586=CARTESIAN_POINT('Ctrl Pts',(-5.51296750140556,6.07411862506426,31.0466262510112));
#1587=CARTESIAN_POINT('Ctrl Pts',(-6.40711911068369,4.90616729789547,31.0901714903946));
#1588=CARTESIAN_POINT('Ctrl Pts',(-7.3012707199618,3.7382159707267,31.133716729778));
#1589=CARTESIAN_POINT('Ctrl Pts',(-7.86790503667017,2.31864368785702,31.1772619691614));
#1590=CARTESIAN_POINT('Ctrl Pts',(-8.02402121895312,0.855662110847453,31.2208072085447));
#1591=CARTESIAN_POINT('Ctrl Pts',(-8.05433381996329,0.57159945840091,31.2292622543191));
#1592=CARTESIAN_POINT('Ctrl Pts',(-8.06916955904574,0.285900240854213,31.2377173000935));
#1593=CARTESIAN_POINT('Ctrl Pts',(-8.06879850173878,0.000170922153455213,
31.2461723458678));
#1594=CARTESIAN_POINT('Ctrl Pts',(-8.06842982940442,-0.000211125143805453,
30.2728126690739));
#1595=CARTESIAN_POINT('Ctrl Pts',(-8.06876869805581,-0.334103869760361,
30.282691882964));
#1596=CARTESIAN_POINT('Ctrl Pts',(-7.96659903345124,-2.01153191688676,30.3323296956634));
#1597=CARTESIAN_POINT('Ctrl Pts',(-6.82784429365255,-4.91339534572598,30.4217261071719));
#1598=CARTESIAN_POINT('Ctrl Pts',(-3.63926228296994,-7.58397530415813,30.5410019035995));
#1599=CARTESIAN_POINT('Ctrl Pts',(0.439016991716099,-8.40048662501325,30.6602777000271));
#1600=CARTESIAN_POINT('Ctrl Pts',(4.40996896201796,-7.16331523651184,30.7795534964547));
#1601=CARTESIAN_POINT('Ctrl Pts',(7.30280755737289,-4.17491475517038,30.8988292928823));
#1602=CARTESIAN_POINT('Ctrl Pts',(8.4103151083049,-0.165865040698039,31.0181050893099));
#1603=CARTESIAN_POINT('Ctrl Pts',(7.46173716823786,3.88373401027466,31.1373808857376));
#1604=CARTESIAN_POINT('Ctrl Pts',(4.68897436371831,6.98386933221431,31.2566566821651));
#1605=CARTESIAN_POINT('Ctrl Pts',(0.769889211807532,8.37664503437796,31.3759324785928));
#1606=CARTESIAN_POINT('Ctrl Pts',(-3.33741219775299,7.72156663216715,31.4952082750204));
#1607=CARTESIAN_POINT('Ctrl Pts',(-6.62881019547472,5.17878236898718,31.6144840714479));
#1608=CARTESIAN_POINT('Ctrl Pts',(-7.92505703582315,2.22385556618081,31.7070188694658));
#1609=CARTESIAN_POINT('Ctrl Pts',(-8.06848707138377,0.440192054878549,31.7597950686745));
#1610=CARTESIAN_POINT('Ctrl Pts',(-8.06812486913324,0.000181943310237978,
31.7728126690739));
#1611=CARTESIAN_POINT('Ctrl Pts',(-3.75309227440275,7.14247790544839,28.5133133643303));
#1612=CARTESIAN_POINT('Ctrl Pts',(-4.94260361067056,6.51743630706196,28.5530719631395));
#1613=CARTESIAN_POINT('Ctrl Pts',(-7.00200475572694,4.66200039395761,28.6325891607579));
#1614=CARTESIAN_POINT('Ctrl Pts',(-8.37964268519108,0.736989909275547,28.7518649571855));
#1615=CARTESIAN_POINT('Ctrl Pts',(-7.7084451461509,-3.36746413478628,28.8711407536131));
#1616=CARTESIAN_POINT('Ctrl Pts',(-5.15286397758766,-6.64902761792106,28.9904165500407));
#1617=CARTESIAN_POINT('Ctrl Pts',(-1.33749680771773,-8.30491886152575,29.1096923464683));
#1618=CARTESIAN_POINT('Ctrl Pts',(2.80482388989751,-7.93057405380249,29.2289681428959));
#1619=CARTESIAN_POINT('Ctrl Pts',(6.26145697556875,-5.6173869182132,29.3482439393235));
#1620=CARTESIAN_POINT('Ctrl Pts',(8.18733370394442,-1.93092598574646,29.4675197357511));
#1621=CARTESIAN_POINT('Ctrl Pts',(8.11164063270006,2.22760135117425,29.5867955321787));
#1622=CARTESIAN_POINT('Ctrl Pts',(6.05287812792174,5.84153832187368,29.7060713286063));
#1623=CARTESIAN_POINT('Ctrl Pts',(2.51435786749129,8.02738564099492,29.825347125034));
#1624=CARTESIAN_POINT('Ctrl Pts',(-1.63885250888534,8.25076190915678,29.9446229214615));
#1625=CARTESIAN_POINT('Ctrl Pts',(-5.39140937931457,6.45705945982476,30.0638987178891));
#1626=CARTESIAN_POINT('Ctrl Pts',(-7.82591837682708,3.08478734450203,30.1831745143167));
#1627=CARTESIAN_POINT('Ctrl Pts',(-8.34721040950839,-1.04162839492586,30.3024503107443));
#1628=CARTESIAN_POINT('Ctrl Pts',(-6.82784429365255,-4.91339534572598,30.4217261071719));
#1629=CARTESIAN_POINT('Ctrl Pts',(-3.63926228296994,-7.58397530415813,30.5410019035995));
#1630=CARTESIAN_POINT('Ctrl Pts',(0.439016991716099,-8.40048662501325,30.6602777000271));
#1631=CARTESIAN_POINT('Ctrl Pts',(4.40996896201796,-7.16331523651184,30.7795534964547));
#1632=CARTESIAN_POINT('Ctrl Pts',(7.30280755737289,-4.17491475517038,30.8988292928823));
#1633=CARTESIAN_POINT('Ctrl Pts',(8.4103151083049,-0.165865040698039,31.0181050893099));
#1634=CARTESIAN_POINT('Ctrl Pts',(7.46173716823786,3.88373401027466,31.1373808857376));
#1635=CARTESIAN_POINT('Ctrl Pts',(4.68897436371831,6.98386933221431,31.2566566821651));
#1636=CARTESIAN_POINT('Ctrl Pts',(0.769889211807532,8.37664503437796,31.3759324785928));
#1637=CARTESIAN_POINT('Ctrl Pts',(-3.33741219775299,7.72156663216715,31.4952082750204));
#1638=CARTESIAN_POINT('Ctrl Pts',(-6.62881019547472,5.17878236898718,31.6144840714479));
#1639=CARTESIAN_POINT('Ctrl Pts',(-8.299650544848,1.36993147894656,31.7337598678756));
#1640=CARTESIAN_POINT('Ctrl Pts',(-7.94145977909283,-2.7738291283157,31.8530356643031));
#1641=CARTESIAN_POINT('Ctrl Pts',(-5.6418054582109,-6.23946652767926,31.9723114607308));
#1642=CARTESIAN_POINT('Ctrl Pts',(-1.96288839793999,-8.17972986467144,32.0915872571583));
#1643=CARTESIAN_POINT('Ctrl Pts',(2.19589968821619,-8.12027929895353,32.210863053586));
#1644=CARTESIAN_POINT('Ctrl Pts',(5.81785201832325,-6.07564887846982,32.3301388500136));
#1645=CARTESIAN_POINT('Ctrl Pts',(8.01750326023023,-2.54569311490429,32.4494146464411));
#1646=CARTESIAN_POINT('Ctrl Pts',(8.25710026467216,1.60661284901598,32.5686904428688));
#1647=CARTESIAN_POINT('Ctrl Pts',(6.4780689028461,5.3661475012382,32.6879662392964));
#1648=CARTESIAN_POINT('Ctrl Pts',(3.11533106112406,7.81380931281202,32.807242035724));
#1649=CARTESIAN_POINT('Ctrl Pts',(-1.00901586193849,8.3512159907513,32.9265178321515));
#1650=CARTESIAN_POINT('Ctrl Pts',(-4.88669039384871,6.84698220655217,33.0457936285792));
#1651=CARTESIAN_POINT('Ctrl Pts',(-7.56969909131122,3.66886016533929,33.1650694250067));
#1652=CARTESIAN_POINT('Ctrl Pts',(-8.40214477816083,-0.406208078464516,
33.2843452214344));
#1653=CARTESIAN_POINT('Ctrl Pts',(-7.18047023648482,-4.38194274154023,33.403621017862));
#1654=CARTESIAN_POINT('Ctrl Pts',(-4.20343937215255,-7.28647190895808,33.5228968142896));
#1655=CARTESIAN_POINT('Ctrl Pts',(-0.198647692963724,-8.40954697735671,
33.6421726107172));
#1656=CARTESIAN_POINT('Ctrl Pts',(3.85441813402235,-7.47696639727436,33.7614484071448));
#1657=CARTESIAN_POINT('Ctrl Pts',(6.96576848717405,-4.7159715494876,33.8807242035724));
#1658=CARTESIAN_POINT('Ctrl Pts',(7.903482073063,-2.10743388736037,33.9602414011908));
#1659=CARTESIAN_POINT('Ctrl Pts',(8.03169034628363,-0.769832729503179,34.));
#1660=CARTESIAN_POINT('Ctrl Pts',(-3.8837951769834,7.39121748486862,28.6755422428869));
#1661=CARTESIAN_POINT('Ctrl Pts',(-5.11473170957882,6.74440856898245,28.7153008416961));
#1662=CARTESIAN_POINT('Ctrl Pts',(-7.24585230290792,4.82435637637729,28.7948180393145));
#1663=CARTESIAN_POINT('Ctrl Pts',(-8.6714670106981,0.76265587037433,28.9140938357421));
#1664=CARTESIAN_POINT('Ctrl Pts',(-7.97689475551893,-3.4847373869668,29.0333696321697));
#1665=CARTESIAN_POINT('Ctrl Pts',(-5.33231447579881,-6.8805825985775,29.1526454285972));
#1666=CARTESIAN_POINT('Ctrl Pts',(-1.38407565581943,-8.594140900723,29.2719212250249));
#1667=CARTESIAN_POINT('Ctrl Pts',(2.90250297605733,-8.20675938903456,29.3911970214525));
#1668=CARTESIAN_POINT('Ctrl Pts',(6.4795146574095,-5.81301460904739,29.5104728178801));
#1669=CARTESIAN_POINT('Ctrl Pts',(8.47246079415757,-1.99817123647658,29.6297486143077));
#1670=CARTESIAN_POINT('Ctrl Pts',(8.39413168217839,2.30517843724186,29.7490244107353));
#1671=CARTESIAN_POINT('Ctrl Pts',(6.26367197002418,6.04497217278439,29.8683002071629));
#1672=CARTESIAN_POINT('Ctrl Pts',(2.60192136110667,8.30694247751827,29.9875760035905));
#1673=CARTESIAN_POINT('Ctrl Pts',(-1.69592618684253,8.53809791136053,30.1068518000181));
#1674=CARTESIAN_POINT('Ctrl Pts',(-5.57916731420018,6.6819290744865,30.2261275964457));
#1675=CARTESIAN_POINT('Ctrl Pts',(-8.09845903728107,3.19221626718543,30.3454033928733));
#1676=CARTESIAN_POINT('Ctrl Pts',(-8.63790526836256,-1.07790351013041,30.4646791893009));
#1677=CARTESIAN_POINT('Ctrl Pts',(-7.06562663479979,-5.08450625541306,30.5839549857285));
#1678=CARTESIAN_POINT('Ctrl Pts',(-3.76600101169255,-7.84809020272167,30.7032307821561));
#1679=CARTESIAN_POINT('Ctrl Pts',(0.454305929718202,-8.69303684885602,30.8225065785837));
#1680=CARTESIAN_POINT('Ctrl Pts',(4.56354785149998,-7.41278048411524,30.9417823750113));
#1681=CARTESIAN_POINT('Ctrl Pts',(7.55713067946784,-4.32030779020158,31.0610581714389));
#1682=CARTESIAN_POINT('Ctrl Pts',(8.70320761291253,-0.171641355446215,31.1803339678665));
#1683=CARTESIAN_POINT('Ctrl Pts',(7.72159507603145,4.0189865622719,31.2996097642941));
#1684=CARTESIAN_POINT('Ctrl Pts',(4.85226972515778,7.22708530619663,31.4188855607217));
#1685=CARTESIAN_POINT('Ctrl Pts',(0.796700903951387,8.66836496552599,31.5381613571493));
#1686=CARTESIAN_POINT('Ctrl Pts',(-3.45363887950272,7.99047320240454,31.6574371535769));
#1687=CARTESIAN_POINT('Ctrl Pts',(-6.85966109650742,5.35913548528988,31.7767129500045));
#1688=CARTESIAN_POINT('Ctrl Pts',(-8.58868911286172,1.41763987712694,31.8959887464321));
#1689=CARTESIAN_POINT('Ctrl Pts',(-8.21802421395478,-2.87042880981203,32.0152645428597));
#1690=CARTESIAN_POINT('Ctrl Pts',(-5.83828353422646,-6.45675838359353,32.1345403392873));
#1691=CARTESIAN_POINT('Ctrl Pts',(-2.03124675214365,-8.46459214821557,32.2538161357149));
#1692=CARTESIAN_POINT('Ctrl Pts',(2.27237275150411,-8.40307119335417,32.3730919321425));
#1693=CARTESIAN_POINT('Ctrl Pts',(6.02046098447252,-6.28723572084322,32.4923677285701));
#1694=CARTESIAN_POINT('Ctrl Pts',(8.29671593898822,-2.63434787073507,32.6116435249977));
#1695=CARTESIAN_POINT('Ctrl Pts',(8.54465700257938,1.66256376824116,32.7309193214253));
#1696=CARTESIAN_POINT('Ctrl Pts',(6.7036701795571,5.55302568136484,32.8501951178529));
#1697=CARTESIAN_POINT('Ctrl Pts',(3.22382368065427,8.08592827038782,32.9694709142805));
#1698=CARTESIAN_POINT('Ctrl Pts',(-1.04415523295922,8.64205034553488,33.0887467107082));
#1699=CARTESIAN_POINT('Ctrl Pts',(-5.05687129316876,7.08543103298206,33.2080225071357));
#1700=CARTESIAN_POINT('Ctrl Pts',(-7.83331681519304,3.7966296518619,33.3272983035634));
#1701=CARTESIAN_POINT('Ctrl Pts',(-8.69475274783385,-0.420354433263501,
33.4465740999909));
#1702=CARTESIAN_POINT('Ctrl Pts',(-7.43053291365463,-4.53454560696076,33.5658498964186));
#1703=CARTESIAN_POINT('Ctrl Pts',(-4.34982578809794,-7.54022613572426,33.6851256928461));
#1704=CARTESIAN_POINT('Ctrl Pts',(-0.205565676365941,-8.7024127315044,33.8044014892738));
#1705=CARTESIAN_POINT('Ctrl Pts',(3.98864974919264,-7.73735466891025,33.9236772857014));
#1706=CARTESIAN_POINT('Ctrl Pts',(7.2083540921665,-4.88020709845339,34.042953082129));
#1707=CARTESIAN_POINT('Ctrl Pts',(8.17872391949692,-2.18082609462195,34.1224702797474));
#1708=CARTESIAN_POINT('Ctrl Pts',(8.31139709584798,-0.796642454628753,34.1622288785566));
#1709=CARTESIAN_POINT('Ctrl Pts',(-4.01449807956404,7.63995706428886,28.8377711214434));
#1710=CARTESIAN_POINT('Ctrl Pts',(-5.28685980848709,6.97138083090294,28.8775297202526));
#1711=CARTESIAN_POINT('Ctrl Pts',(-7.48969985008892,4.98671235879698,28.957046917871));
#1712=CARTESIAN_POINT('Ctrl Pts',(-8.96329133620512,0.788321831473113,29.0763227142986));
#1713=CARTESIAN_POINT('Ctrl Pts',(-8.24534436488698,-3.60201063914732,29.1955985107262));
#1714=CARTESIAN_POINT('Ctrl Pts',(-5.51176497400995,-7.11213757923395,29.3148743071538));
#1715=CARTESIAN_POINT('Ctrl Pts',(-1.43065450392112,-8.88336293992024,29.4341501035814));
#1716=CARTESIAN_POINT('Ctrl Pts',(3.00018206221716,-8.48294472426662,29.553425900009));
#1717=CARTESIAN_POINT('Ctrl Pts',(6.69757233925026,-6.00864229988157,29.6727016964367));
#1718=CARTESIAN_POINT('Ctrl Pts',(8.75758788437072,-2.06541648720669,29.7919774928642));
#1719=CARTESIAN_POINT('Ctrl Pts',(8.67662273165672,2.38275552330948,29.9112532892919));
#1720=CARTESIAN_POINT('Ctrl Pts',(6.4744658121266,6.2484060236951,30.0305290857194));
#1721=CARTESIAN_POINT('Ctrl Pts',(2.68948485472206,8.58649931404162,30.1498048821471));
#1722=CARTESIAN_POINT('Ctrl Pts',(-1.75299986479972,8.82543391356428,30.2690806785747));
#1723=CARTESIAN_POINT('Ctrl Pts',(-5.76692524908578,6.90679868914825,30.3883564750023));
#1724=CARTESIAN_POINT('Ctrl Pts',(-8.37099969773508,3.29964518986883,30.5076322714299));
#1725=CARTESIAN_POINT('Ctrl Pts',(-8.92860012721671,-1.11417862533495,30.6269080678574));
#1726=CARTESIAN_POINT('Ctrl Pts',(-7.30340897594704,-5.25561716510015,30.7461838642851));
#1727=CARTESIAN_POINT('Ctrl Pts',(-3.89273974041516,-8.11220510128519,30.8654596607126));
#1728=CARTESIAN_POINT('Ctrl Pts',(0.46959486772031,-8.98558707269881,30.9847354571403));
#1729=CARTESIAN_POINT('Ctrl Pts',(4.71712674098199,-7.66224573171864,31.1040112535678));
#1730=CARTESIAN_POINT('Ctrl Pts',(7.81145380156279,-4.46570082523277,31.2232870499955));
#1731=CARTESIAN_POINT('Ctrl Pts',(8.99610011752015,-0.177417670194391,31.342562846423));
#1732=CARTESIAN_POINT('Ctrl Pts',(7.98145298382505,4.15423911426914,31.4618386428507));
#1733=CARTESIAN_POINT('Ctrl Pts',(5.01556508659723,7.47030128017895,31.5811144392782));
#1734=CARTESIAN_POINT('Ctrl Pts',(0.823512596095248,8.96008489667402,31.7003902357059));
#1735=CARTESIAN_POINT('Ctrl Pts',(-3.56986556125245,8.25937977264195,31.8196660321335));
#1736=CARTESIAN_POINT('Ctrl Pts',(-7.09051199754012,5.53948860159258,31.9389418285611));
#1737=CARTESIAN_POINT('Ctrl Pts',(-8.87772768087543,1.46534827530732,32.0582176249887));
#1738=CARTESIAN_POINT('Ctrl Pts',(-8.49458864881672,-2.96702849130835,32.1774934214163));
#1739=CARTESIAN_POINT('Ctrl Pts',(-6.03476161024202,-6.6740502395078,32.2967692178439));
#1740=CARTESIAN_POINT('Ctrl Pts',(-2.09960510634731,-8.74945443175969,32.4160450142715));
#1741=CARTESIAN_POINT('Ctrl Pts',(2.34884581479203,-8.68586308775482,32.5353208106991));
#1742=CARTESIAN_POINT('Ctrl Pts',(6.22306995062178,-6.49882256321662,32.6545966071267));
#1743=CARTESIAN_POINT('Ctrl Pts',(8.57592861774622,-2.72300262656585,32.7738724035543));
#1744=CARTESIAN_POINT('Ctrl Pts',(8.83221374048662,1.71851468746634,32.8931481999819));
#1745=CARTESIAN_POINT('Ctrl Pts',(6.92927145626809,5.73990386149148,33.0124239964095));
#1746=CARTESIAN_POINT('Ctrl Pts',(3.33231630018448,8.35804722796361,33.1316997928371));
#1747=CARTESIAN_POINT('Ctrl Pts',(-1.07929460397995,8.93288470031845,33.2509755892647));
#1748=CARTESIAN_POINT('Ctrl Pts',(-5.22705219248881,7.32387985941195,33.3702513856923));
#1749=CARTESIAN_POINT('Ctrl Pts',(-8.09693453907486,3.92439913838449,33.4895271821199));
#1750=CARTESIAN_POINT('Ctrl Pts',(-8.98736071750686,-0.434500788062482,
33.6088029785475));
#1751=CARTESIAN_POINT('Ctrl Pts',(-7.68059559082446,-4.68714847238129,33.7280787749751));
#1752=CARTESIAN_POINT('Ctrl Pts',(-4.49621220404332,-7.79398036249044,33.8473545714027));
#1753=CARTESIAN_POINT('Ctrl Pts',(-0.212483659768159,-8.99527848565209,
33.9666303678303));
#1754=CARTESIAN_POINT('Ctrl Pts',(4.12288136436293,-7.99774294054614,34.0859061642579));
#1755=CARTESIAN_POINT('Ctrl Pts',(7.45093969715895,-5.04444264741918,34.2051819606855));
#1756=CARTESIAN_POINT('Ctrl Pts',(8.45396576593083,-2.25421830188354,34.2846991583039));
#1757=CARTESIAN_POINT('Ctrl Pts',(8.59110384541232,-0.823452179754326,34.3244577571131));
#1758=CARTESIAN_POINT('Ctrl Pts',(-4.14520098214469,7.88869664370909,29.));
#1759=CARTESIAN_POINT('Ctrl Pts',(-5.45898790739535,7.19835309282343,29.0397585988092));
#1760=CARTESIAN_POINT('Ctrl Pts',(-7.73354739726991,5.14906834121666,29.1192757964276));
#1761=CARTESIAN_POINT('Ctrl Pts',(-9.25511566171213,0.813987792571898,29.2385515928552));
#1762=CARTESIAN_POINT('Ctrl Pts',(-8.51379397425502,-3.71928389132785,29.3578273892828));
#1763=CARTESIAN_POINT('Ctrl Pts',(-5.6912154722211,-7.34369255989039,29.4771031857104));
#1764=CARTESIAN_POINT('Ctrl Pts',(-1.47723335202282,-9.1725849791175,29.596378982138));
#1765=CARTESIAN_POINT('Ctrl Pts',(3.09786114837698,-8.75913005949868,29.7156547785656));
#1766=CARTESIAN_POINT('Ctrl Pts',(6.915630021091,-6.20426999071576,29.8349305749932));
#1767=CARTESIAN_POINT('Ctrl Pts',(9.04271497458388,-2.1326617379368,29.9542063714208));
#1768=CARTESIAN_POINT('Ctrl Pts',(8.95911378113504,2.4603326093771,30.0734821678484));
#1769=CARTESIAN_POINT('Ctrl Pts',(6.68525965422903,6.4518398746058,30.192757964276));
#1770=CARTESIAN_POINT('Ctrl Pts',(2.77704834833744,8.86605615056498,30.3120337607036));
#1771=CARTESIAN_POINT('Ctrl Pts',(-1.81007354275691,9.11276991576802,30.4313095571312));
#1772=CARTESIAN_POINT('Ctrl Pts',(-5.95468318397137,7.13166830381001,30.5505853535588));
#1773=CARTESIAN_POINT('Ctrl Pts',(-8.64354035818909,3.40707411255222,30.6698611499864));
#1774=CARTESIAN_POINT('Ctrl Pts',(-9.21929498607088,-1.15045374053949,30.789136946414));
#1775=CARTESIAN_POINT('Ctrl Pts',(-7.54119131709428,-5.42672807478724,30.9084127428416));
#1776=CARTESIAN_POINT('Ctrl Pts',(-4.01947846913777,-8.37631999984871,31.0276885392692));
#1777=CARTESIAN_POINT('Ctrl Pts',(0.484883805722412,-9.2781372965416,31.1469643356968));
#1778=CARTESIAN_POINT('Ctrl Pts',(4.87070563046401,-7.91171097932204,31.2662401321244));
#1779=CARTESIAN_POINT('Ctrl Pts',(8.06577692365774,-4.61109386026397,31.385515928552));
#1780=CARTESIAN_POINT('Ctrl Pts',(9.28899262212776,-0.183193984942563,31.5047917249796));
#1781=CARTESIAN_POINT('Ctrl Pts',(8.24131089161865,4.28949166626637,31.6240675214072));
#1782=CARTESIAN_POINT('Ctrl Pts',(5.17886044803669,7.71351725416128,31.7433433178348));
#1783=CARTESIAN_POINT('Ctrl Pts',(0.850324288239104,9.25180482782205,31.8626191142624));
#1784=CARTESIAN_POINT('Ctrl Pts',(-3.68609224300218,8.52828634287936,31.9818949106901));
#1785=CARTESIAN_POINT('Ctrl Pts',(-7.32136289857282,5.71984171789527,32.1011707071176));
#1786=CARTESIAN_POINT('Ctrl Pts',(-9.16676624888915,1.5130566734877,32.2204465035453));
#1787=CARTESIAN_POINT('Ctrl Pts',(-8.77115308367866,-3.06362817280467,32.3397222999728));
#1788=CARTESIAN_POINT('Ctrl Pts',(-6.23123968625758,-6.89134209542207,32.4589980964005));
#1789=CARTESIAN_POINT('Ctrl Pts',(-2.16796346055097,-9.03431671530382,32.578273892828));
#1790=CARTESIAN_POINT('Ctrl Pts',(2.42531887807995,-8.96865498215547,32.6975496892556));
#1791=CARTESIAN_POINT('Ctrl Pts',(6.42567891677105,-6.71040940559002,32.8168254856833));
#1792=CARTESIAN_POINT('Ctrl Pts',(8.85514129650421,-2.81165738239663,32.9361012821108));
#1793=CARTESIAN_POINT('Ctrl Pts',(9.11977047839386,1.77446560669152,33.0553770785385));
#1794=CARTESIAN_POINT('Ctrl Pts',(7.15487273297908,5.92678204161812,33.1746528749661));
#1795=CARTESIAN_POINT('Ctrl Pts',(3.4408089197147,8.6301661855394,33.2939286713936));
#1796=CARTESIAN_POINT('Ctrl Pts',(-1.11443397500068,9.22371905510203,33.4132044678213));
#1797=CARTESIAN_POINT('Ctrl Pts',(-5.39723309180887,7.56232868584184,33.5324802642489));
#1798=CARTESIAN_POINT('Ctrl Pts',(-8.36055226295667,4.05216862490709,33.6517560606765));
#1799=CARTESIAN_POINT('Ctrl Pts',(-9.27996868717988,-0.448647142861467,
33.7710318571041));
#1800=CARTESIAN_POINT('Ctrl Pts',(-7.93065826799428,-4.83975133780181,33.8903076535317));
#1801=CARTESIAN_POINT('Ctrl Pts',(-4.6425986199887,-8.04773458925663,34.0095834499593));
#1802=CARTESIAN_POINT('Ctrl Pts',(-0.219401643170375,-9.28814423979978,
34.1288592463869));
#1803=CARTESIAN_POINT('Ctrl Pts',(4.25711297953321,-8.25813121218204,34.2481350428145));
#1804=CARTESIAN_POINT('Ctrl Pts',(7.69352530215139,-5.20867819638496,34.3674108392421));
#1805=CARTESIAN_POINT('Ctrl Pts',(8.72920761236474,-2.32761050914512,34.4469280368605));
#1806=CARTESIAN_POINT('Ctrl Pts',(8.87081059497667,-0.850261904879899,34.4866866356697));
#1807=CARTESIAN_POINT('',(-4.14520374618295,7.88869502355991,29.));
#1808=CARTESIAN_POINT('',(-4.75920842001933,-7.53419925983678,34.));
#1809=CARTESIAN_POINT('Ctrl Pts',(-4.14520374618294,7.8886950235599,29.));
#1810=CARTESIAN_POINT('Ctrl Pts',(-5.45898945141664,7.19835149980991,29.0397585702301));
#1811=CARTESIAN_POINT('Ctrl Pts',(-6.59626813344746,6.17370972652144,29.0795171404601));
#1812=CARTESIAN_POINT('Ctrl Pts',(-7.41850211191902,4.93887602204231,29.1192757106902));
#1813=CARTESIAN_POINT('Ctrl Pts',(-8.24073668142623,3.70404142994389,29.1590343094994));
#1814=CARTESIAN_POINT('Ctrl Pts',(-8.74792609445512,2.25901460447571,29.1987929083086));
#1815=CARTESIAN_POINT('Ctrl Pts',(-8.87796718845229,0.780955923682133,29.2385515071178));
#1816=CARTESIAN_POINT('Ctrl Pts',(-9.00800828244946,-0.697102757111439,
29.278310105927));
#1817=CARTESIAN_POINT('Ctrl Pts',(-8.7609010574149,-2.20819329323039,29.3180687047362));
#1818=CARTESIAN_POINT('Ctrl Pts',(-8.16691770239793,-3.56780666265071,29.3578273035454));
#1819=CARTESIAN_POINT('Ctrl Pts',(-7.57293434738095,-4.92742003207103,29.3975859023546));
#1820=CARTESIAN_POINT('Ctrl Pts',(-6.63207486238154,-6.13555623479272,29.4373445011638));
#1821=CARTESIAN_POINT('Ctrl Pts',(-5.45931477821916,-7.0444397342786,29.477103099973));
#1822=CARTESIAN_POINT('Ctrl Pts',(-4.28655469405678,-7.95332323376449,29.5168616987822));
#1823=CARTESIAN_POINT('Ctrl Pts',(-2.88189401073142,-8.56295403001458,29.5566202975914));
#1824=CARTESIAN_POINT('Ctrl Pts',(-1.41704793170875,-8.79886027601813,29.5963788964006));
#1825=CARTESIAN_POINT('Ctrl Pts',(0.0477981473139336,-9.03476652202168,
29.6361374952098));
#1826=CARTESIAN_POINT('Ctrl Pts',(1.57282962203393,-8.89694821777869,29.675896094019));
#1827=CARTESIAN_POINT('Ctrl Pts',(2.97164016090966,-8.40222906128912,29.7156546928282));
#1828=CARTESIAN_POINT('Ctrl Pts',(4.37045069978538,-7.90750990479954,29.7554132916374));
#1829=CARTESIAN_POINT('Ctrl Pts',(5.64304030281683,-7.05588989606338,29.7951718904466));
#1830=CARTESIAN_POINT('Ctrl Pts',(6.63384925734038,-5.95147852754042,29.8349304892558));
#1831=CARTESIAN_POINT('Ctrl Pts',(7.62465821186393,-4.84706715901746,29.874689088065));
#1832=CARTESIAN_POINT('Ctrl Pts',(8.33368651787957,-3.48986443070769,29.9144476868742));
#1833=CARTESIAN_POINT('Ctrl Pts',(8.67426713887811,-2.04576402142351,29.9542062856834));
#1834=CARTESIAN_POINT('Ctrl Pts',(9.01484775987665,-0.601663612139322,29.9939648844926));
#1835=CARTESIAN_POINT('Ctrl Pts',(8.98698069585808,0.929334478119274,30.0337234833018));
#1836=CARTESIAN_POINT('Ctrl Pts',(8.59407148234642,2.36008472303422,30.073482082111));
#1837=CARTESIAN_POINT('Ctrl Pts',(8.20116226883476,3.79083496794917,30.1132406809202));
#1838=CARTESIAN_POINT('Ctrl Pts',(7.44321090582999,5.12133736752046,30.1529992797294));
#1839=CARTESIAN_POINT('Ctrl Pts',(6.41286668420013,6.18895793992751,30.1927578785386));
#1840=CARTESIAN_POINT('Ctrl Pts',(5.38252246257029,7.25657851233455,30.2325164773478));
#1841=CARTESIAN_POINT('Ctrl Pts',(4.07978538231536,8.06131725757737,30.272275076157));
#1842=CARTESIAN_POINT('Ctrl Pts',(2.66389653974555,8.50480559038074,30.3120336749662));
#1843=CARTESIAN_POINT('Ctrl Pts',(1.24800769717573,8.94829392318411,30.3517922737754));
#1844=CARTESIAN_POINT('Ctrl Pts',(-0.281032907708976,9.03053184354803,30.3915508725846));
#1845=CARTESIAN_POINT('Ctrl Pts',(-1.73632147217605,8.7414672072392,30.4313094713938));
#1846=CARTESIAN_POINT('Ctrl Pts',(-3.19161003664312,8.45240257093037,30.471068070203));
#1847=CARTESIAN_POINT('Ctrl Pts',(-4.57314656069255,7.79203537794879,30.5108266690122));
#1848=CARTESIAN_POINT('Ctrl Pts',(-5.71205767761899,6.84108609325952,30.5505852678214));
#1849=CARTESIAN_POINT('Ctrl Pts',(-6.85096879454542,5.89013680857027,30.5903438666306));
#1850=CARTESIAN_POINT('Ctrl Pts',(-7.74725450434887,4.64860543217334,30.6301024654398));
#1851=CARTESIAN_POINT('Ctrl Pts',(-8.29135646229848,3.26825178111744,30.669861064249));
#1852=CARTESIAN_POINT('Ctrl Pts',(-8.8354584202481,1.88789813006154,30.7096196630582));
#1853=CARTESIAN_POINT('Ctrl Pts',(-9.02737662634389,0.368722204346654,30.7493782618674));
#1854=CARTESIAN_POINT('Ctrl Pts',(-8.84365178922302,-1.10357813567536,30.7891368606766));
#1855=CARTESIAN_POINT('Ctrl Pts',(-8.65992695210216,-2.57587847569739,30.8288954594858));
#1856=CARTESIAN_POINT('Ctrl Pts',(-8.10055907176466,-4.00130323002656,30.868654058295));
#1857=CARTESIAN_POINT('Ctrl Pts',(-7.23392300005084,-5.20561425317601,30.9084126571042));
#1858=CARTESIAN_POINT('Ctrl Pts',(-6.36728692833703,-6.40992527632546,30.9481712559134));
#1859=CARTESIAN_POINT('Ctrl Pts',(-5.19338266524691,-7.39312256829519,30.9879298547226));
#1860=CARTESIAN_POINT('Ctrl Pts',(-3.85570350040201,-8.03502409455754,31.0276884535318));
#1861=CARTESIAN_POINT('Ctrl Pts',(-2.51802433555711,-8.67692562081989,31.067447052341));
#1862=CARTESIAN_POINT('Ctrl Pts',(-1.01657026895742,-8.97753138137487,31.1072056511502));
#1863=CARTESIAN_POINT('Ctrl Pts',(0.46512705628506,-8.90009654591081,31.1469642499594));
#1864=CARTESIAN_POINT('Ctrl Pts',(1.94682438152756,-8.82266171044674,31.1867228487686));
#1865=CARTESIAN_POINT('Ctrl Pts',(3.40876496541285,-8.36718627896363,31.2264814475778));
#1866=CARTESIAN_POINT('Ctrl Pts',(4.67224713068062,-7.58934571921269,31.266240046387));
#1867=CARTESIAN_POINT('Ctrl Pts',(5.93572929594838,-6.81150515946176,31.3059986451962));
#1868=CARTESIAN_POINT('Ctrl Pts',(7.00075304259862,-5.71129947144301,31.3457572440054));
#1869=CARTESIAN_POINT('Ctrl Pts',(7.73713419560478,-4.4232133271779,31.3855158428146));
#1870=CARTESIAN_POINT('Ctrl Pts',(8.47351534861095,-3.13512718291277,31.4252744416238));
#1871=CARTESIAN_POINT('Ctrl Pts',(8.88125390797303,-1.6591605824013,31.465033040433));
#1872=CARTESIAN_POINT('Ctrl Pts',(8.91050956881233,-0.175729686032932,31.5047916392422));
#1873=CARTESIAN_POINT('Ctrl Pts',(8.93976522965163,1.30770121033542,31.5445502380514));
#1874=CARTESIAN_POINT('Ctrl Pts',(8.59053799196815,2.79859640256065,31.5843088368607));
#1875=CARTESIAN_POINT('Ctrl Pts',(7.90551597436824,4.11471492047937,31.6240674356699));
#1876=CARTESIAN_POINT('Ctrl Pts',(7.22049395676834,5.43083343839807,31.6638260344791));
#1877=CARTESIAN_POINT('Ctrl Pts',(6.19967715925201,6.57217528201027,31.7035846332882));
#1878=CARTESIAN_POINT('Ctrl Pts',(4.96784607921612,7.39922746182081,31.7433432320974));
#1879=CARTESIAN_POINT('Ctrl Pts',(3.7360149991802,8.22627964163136,31.7831018309066));
#1880=CARTESIAN_POINT('Ctrl Pts',(2.29316963662471,8.73904215764023,31.8228604297158));
#1881=CARTESIAN_POINT('Ctrl Pts',(0.815677546072626,8.87483700349701,31.862619028525));
#1882=CARTESIAN_POINT('Ctrl Pts',(-0.661814544479437,9.01063184935379,31.9023776273342));
#1883=CARTESIAN_POINT('Ctrl Pts',(-2.17395336302813,8.76945902505849,31.9421362261435));
#1884=CARTESIAN_POINT('Ctrl Pts',(-3.53590120480114,8.18079851654686,31.9818948249527));
#1885=CARTESIAN_POINT('Ctrl Pts',(-4.89784904657418,7.59213800803522,32.0216534237619));
#1886=CARTESIAN_POINT('Ctrl Pts',(-6.10960591157155,6.65598981530726,32.0614120225711));
#1887=CARTESIAN_POINT('Ctrl Pts',(-7.02305156399764,5.48678488989238,32.1011706213803));
#1888=CARTESIAN_POINT('Ctrl Pts',(-7.93649721642371,4.31757996447752,32.1409292201895));
#1889=CARTESIAN_POINT('Ctrl Pts',(-8.5516316562785,2.91531830637576,32.1806878189987));
#1890=CARTESIAN_POINT('Ctrl Pts',(-8.79326334976956,1.45140668232055,32.2204464178079));
#1891=CARTESIAN_POINT('Ctrl Pts',(-9.03489504326064,-0.0125049417346704,
32.2602050166171));
#1892=CARTESIAN_POINT('Ctrl Pts',(-8.90302399038799,-1.53806653174335,32.2999636154263));
#1893=CARTESIAN_POINT('Ctrl Pts',(-8.41376957143572,-2.93879963655303,32.3397222142355));
#1894=CARTESIAN_POINT('Ctrl Pts',(-7.92451515248344,-4.33953274136272,32.3794808130447));
#1895=CARTESIAN_POINT('Ctrl Pts',(-7.07787736745154,-5.6154373609734,32.4192394118539));
#1896=CARTESIAN_POINT('Ctrl Pts',(-5.97734578193628,-6.61055210147391,32.4589980106631));
#1897=CARTESIAN_POINT('Ctrl Pts',(-4.87681419642103,-7.60566684197442,32.4987566094723));
#1898=CARTESIAN_POINT('Ctrl Pts',(-3.52238881042242,-8.31999170336477,32.5385152082815));
#1899=CARTESIAN_POINT('Ctrl Pts',(-2.07962907374178,-8.66621051205091,32.5782738070907));
#1900=CARTESIAN_POINT('Ctrl Pts',(-0.636869337061146,-9.01242932073706,
32.6180324058998));
#1901=CARTESIAN_POINT('Ctrl Pts',(0.89422475030153,-8.990542076719,32.657791004709));
#1902=CARTESIAN_POINT('Ctrl Pts',(2.32649845598766,-8.603224198221,32.6975496035183));
#1903=CARTESIAN_POINT('Ctrl Pts',(3.75877216167378,-8.21590631972301,32.7373082023275));
#1904=CARTESIAN_POINT('Ctrl Pts',(5.09222548568335,-7.46315780674506,32.7770668011367));
#1905=CARTESIAN_POINT('Ctrl Pts',(6.16386253756287,-6.43699155721872,32.8168253999459));
#1906=CARTESIAN_POINT('Ctrl Pts',(7.23549958944237,-5.41082530769239,32.8565839987551));
#1907=CARTESIAN_POINT('Ctrl Pts',(8.04532036919183,-4.11124132161766,32.8963425975643));
#1908=CARTESIAN_POINT('Ctrl Pts',(8.49433562197986,-2.69709550980288,32.9361011963735));
#1909=CARTESIAN_POINT('Ctrl Pts',(8.9433508747679,-1.28294969798807,32.9758597951826));
#1910=CARTESIAN_POINT('Ctrl Pts',(9.03156060059452,0.245757939566792,33.0156183939919));
#1911=CARTESIAN_POINT('Ctrl Pts',(8.74818251139591,1.70216448596623,33.0553769928011));
#1912=CARTESIAN_POINT('Ctrl Pts',(8.46480442219729,3.15857103236566,33.0951355916103));
#1913=CARTESIAN_POINT('Ctrl Pts',(7.80983851797345,4.54267648760966,33.1348941904195));
#1914=CARTESIAN_POINT('Ctrl Pts',(6.86334494063272,5.6852932317103,33.1746527892287));
#1915=CARTESIAN_POINT('Ctrl Pts',(5.91685136329198,6.82790997581094,33.2144113880379));
#1916=CARTESIAN_POINT('Ctrl Pts',(4.67883011283437,7.72903800876821,33.2541699868471));
#1917=CARTESIAN_POINT('Ctrl Pts',(3.30061235113782,8.27852750185879,33.2939285856563));
#1918=CARTESIAN_POINT('Ctrl Pts',(1.92239458944129,8.82801699494936,33.3336871844655));
#1919=CARTESIAN_POINT('Ctrl Pts',(0.403980316505802,9.02586794817323,33.3734457832747));
#1920=CARTESIAN_POINT('Ctrl Pts',(-1.06902666086845,8.84789503452273,33.4132043820839));
#1921=CARTESIAN_POINT('Ctrl Pts',(-2.54203363824272,8.66992212087223,33.4529629808931));
#1922=CARTESIAN_POINT('Ctrl Pts',(-3.96963332005579,8.11612534034735,33.4927215797023));
#1923=CARTESIAN_POINT('Ctrl Pts',(-5.17731968125679,7.2542002830114,33.5324801785115));
#1924=CARTESIAN_POINT('Ctrl Pts',(-6.38500604245778,6.39227522567544,33.5722387773207));
#1925=CARTESIAN_POINT('Ctrl Pts',(-7.37277908304671,5.22222189152841,33.6119973761299));
#1926=CARTESIAN_POINT('Ctrl Pts',(-8.0199016714915,3.88705927566047,33.6517559749391));
#1927=CARTESIAN_POINT('Ctrl Pts',(-8.66702425993628,2.55189665979253,33.6915145737483));
#1928=CARTESIAN_POINT('Ctrl Pts',(-8.97349639623694,1.0516247622037,33.7312731725575));
#1929=CARTESIAN_POINT('Ctrl Pts',(-8.90184739827051,-0.430361873551809,
33.7710317713667));
#1930=CARTESIAN_POINT('Ctrl Pts',(-8.83019840030408,-1.91234850930735,33.8107903701759));
#1931=CARTESIAN_POINT('Ctrl Pts',(-8.38042826807056,-3.37604988322956,33.8505489689851));
#1932=CARTESIAN_POINT('Ctrl Pts',(-7.60753326975161,-4.64256443652345,33.8903075677943));
#1933=CARTESIAN_POINT('Ctrl Pts',(-6.89673749437656,-5.80731928147694,33.9268717118628));
#1934=CARTESIAN_POINT('Ctrl Pts',(-5.91265466275396,-6.80530080937448,33.9634358559314));
#1935=CARTESIAN_POINT('Ctrl Pts',(-4.75946088206461,-7.53481661855109,34.));
#1936=CARTESIAN_POINT('',(-4.68297069789696,-6.57115468234995,29.));
#1937=CARTESIAN_POINT('Ctrl Pts',(-4.68297069789687,-6.57115468235002,29.));
#1938=CARTESIAN_POINT('Ctrl Pts',(-4.77430043440877,-6.51296517290432,29.));
#1939=CARTESIAN_POINT('Ctrl Pts',(-4.86435226309042,-6.45297041814474,29.));
#1940=CARTESIAN_POINT('Ctrl Pts',(-4.95306848596847,-6.39120363390022,29.));
#1941=CARTESIAN_POINT('Ctrl Pts',(-5.12471444963117,-6.27169878055937,29.));
#1942=CARTESIAN_POINT('Ctrl Pts',(-5.29136206011206,-6.14556375643741,29.));
#1943=CARTESIAN_POINT('Ctrl Pts',(-5.45277484679993,-6.01324949282956,29.));
#1944=CARTESIAN_POINT('Ctrl Pts',(-5.61635525176313,-5.87915837608777,29.));
#1945=CARTESIAN_POINT('Ctrl Pts',(-5.77455978674325,-5.73872057432868,29.));
#1946=CARTESIAN_POINT('Ctrl Pts',(-5.92711964421289,-5.59235653111552,29.));
#1947=CARTESIAN_POINT('Ctrl Pts',(-6.08074147506772,-5.44497364375148,29.));
#1948=CARTESIAN_POINT('Ctrl Pts',(-6.22864027837173,-5.29158127997499,29.));
#1949=CARTESIAN_POINT('Ctrl Pts',(-6.37051117433165,-5.13256569675285,29.));
#1950=CARTESIAN_POINT('Ctrl Pts',(-6.49218550709769,-4.99618737294622,29.));
#1951=CARTESIAN_POINT('Ctrl Pts',(-6.60942570418468,-4.85567202177559,29.));
#1952=CARTESIAN_POINT('Ctrl Pts',(-6.72201747752632,-4.71124217258527,29.));
#1953=CARTESIAN_POINT('Ctrl Pts',(-6.76884465584311,-4.65117346506274,29.));
#1954=CARTESIAN_POINT('Ctrl Pts',(-6.81486751085767,-4.59042743748209,29.));
#1955=CARTESIAN_POINT('Ctrl Pts',(-6.86006943942822,-4.52901925851858,29.));
#1956=CARTESIAN_POINT('Ctrl Pts',(-6.88120797442588,-4.50030192319212,29.));
#1957=CARTESIAN_POINT('Ctrl Pts',(-6.9021669676938,-4.47143977317073,29.));
#1958=CARTESIAN_POINT('Ctrl Pts',(-6.92294466468446,-4.44243432681414,29.));
#1959=CARTESIAN_POINT('Ctrl Pts',(-6.94489088764075,-4.41179763050586,29.));
#1960=CARTESIAN_POINT('Ctrl Pts',(-6.96663883869266,-4.38099520069754,29.));
#1961=CARTESIAN_POINT('Ctrl Pts',(-6.98816490785125,-4.3500600960262,29.));
#1962=CARTESIAN_POINT('Ctrl Pts',(-7.11194462261465,-4.17217632151152,29.));
#1963=CARTESIAN_POINT('Ctrl Pts',(-7.22849762472594,-3.98976484107415,29.));
#1964=CARTESIAN_POINT('Ctrl Pts',(-7.3375553904442,-3.80326533954346,29.));
#1965=CARTESIAN_POINT('Ctrl Pts',(-7.43014212979712,-3.64493291246735,29.));
#1966=CARTESIAN_POINT('Ctrl Pts',(-7.51732637713016,-3.4836530893433,29.));
#1967=CARTESIAN_POINT('Ctrl Pts',(-7.59892450275817,-3.31967266695492,29.));
#1968=CARTESIAN_POINT('Ctrl Pts',(-7.69451159603984,-3.12757987302652,29.));
#1969=CARTESIAN_POINT('Ctrl Pts',(-7.78243448035026,-2.93178151608352,29.));
#1970=CARTESIAN_POINT('Ctrl Pts',(-7.8626545395004,-2.73277262853502,29.));
#1971=CARTESIAN_POINT('Ctrl Pts',(-7.94338142757497,-2.5325064063311,29.));
#1972=CARTESIAN_POINT('Ctrl Pts',(-8.016308082056,-2.32898833571064,29.));
#1973=CARTESIAN_POINT('Ctrl Pts',(-8.08134817885831,-2.12269861031513,29.));
#1974=CARTESIAN_POINT('Ctrl Pts',(-8.11776410142982,-2.0071970806951,29.));
#1975=CARTESIAN_POINT('Ctrl Pts',(-8.15170682636258,-1.89082628976945,29.));
#1976=CARTESIAN_POINT('Ctrl Pts',(-8.18315441417689,-1.77366835258946,29.));
#1977=CARTESIAN_POINT('Ctrl Pts',(-8.20185390135029,-1.70400344358289,29.));
#1978=CARTESIAN_POINT('Ctrl Pts',(-8.2196710697,-1.63406019267086,29.));
#1979=CARTESIAN_POINT('Ctrl Pts',(-8.23660045890199,-1.5638557050622,29.));
#1980=CARTESIAN_POINT('Ctrl Pts',(-8.24395688882863,-1.53334932426687,29.));
#1981=CARTESIAN_POINT('Ctrl Pts',(-8.2511456787172,-1.50279361518095,29.));
#1982=CARTESIAN_POINT('Ctrl Pts',(-8.25816634256904,-1.47218997679296,29.));
#1983=CARTESIAN_POINT('Ctrl Pts',(-8.26367277785705,-1.44818698250101,29.));
#1984=CARTESIAN_POINT('Ctrl Pts',(-8.26907488794619,-1.42415830813214,29.));
#1985=CARTESIAN_POINT('Ctrl Pts',(-8.27437055374011,-1.40011400199207,29.));
#1986=CARTESIAN_POINT('Ctrl Pts',(-8.32142105183211,-1.18648711838775,29.));
#1987=CARTESIAN_POINT('Ctrl Pts',(-8.36012276274136,-0.9714116709504,29.));
#1988=CARTESIAN_POINT('Ctrl Pts',(-8.39046537302722,-0.755405400929771,
29.));
#1989=CARTESIAN_POINT('Ctrl Pts',(-8.42100190966601,-0.538018586922969,
29.));
#1990=CARTESIAN_POINT('Ctrl Pts',(-8.44307236766863,-0.3196883668954,29.));
#1991=CARTESIAN_POINT('Ctrl Pts',(-8.45661867027018,-0.100919361642938,
29.));
#1992=CARTESIAN_POINT('Ctrl Pts',(-8.47014831413185,0.117580609611042,29.));
#1993=CARTESIAN_POINT('Ctrl Pts',(-8.47517491921325,0.336518964048045,29.));
#1994=CARTESIAN_POINT('Ctrl Pts',(-8.47159058421891,0.555405936742695,29.));
#1995=CARTESIAN_POINT('Ctrl Pts',(-8.47055694923185,0.61852761302172,29.));
#1996=CARTESIAN_POINT('Ctrl Pts',(-8.46880689692605,0.68164506338511,29.));
#1997=CARTESIAN_POINT('Ctrl Pts',(-8.46633703459676,0.744746620336468,29.));
#1998=CARTESIAN_POINT('Ctrl Pts',(-8.45933697493009,0.92358843612574,29.));
#1999=CARTESIAN_POINT('Ctrl Pts',(-8.44655665116542,1.10230271225018,29.));
#2000=CARTESIAN_POINT('Ctrl Pts',(-8.42808052280344,1.28063747549872,29.));
#2001=CARTESIAN_POINT('Ctrl Pts',(-8.4119139104867,1.43668039334119,29.));
#2002=CARTESIAN_POINT('Ctrl Pts',(-8.39138607198939,1.59243284725412,29.));
#2003=CARTESIAN_POINT('Ctrl Pts',(-8.36653914125793,1.74772384319791,29.));
#2004=CARTESIAN_POINT('Ctrl Pts',(-8.3628538475119,1.77075658484125,29.));
#2005=CARTESIAN_POINT('Ctrl Pts',(-8.35907335524481,1.79378011779495,29.));
#2006=CARTESIAN_POINT('Ctrl Pts',(-8.35519827190362,1.81679094447937,29.));
#2007=CARTESIAN_POINT('Ctrl Pts',(-8.31880127100104,2.03292180047942,29.));
#2008=CARTESIAN_POINT('Ctrl Pts',(-8.27417203285212,2.24729197738408,29.));
#2009=CARTESIAN_POINT('Ctrl Pts',(-8.22156587598948,2.45945065189338,29.));
#2010=CARTESIAN_POINT('Ctrl Pts',(-8.16803164410699,2.67535221844803,29.));
#2011=CARTESIAN_POINT('Ctrl Pts',(-8.10623653464719,2.88896419907565,29.));
#2012=CARTESIAN_POINT('Ctrl Pts',(-8.03639576313272,3.09981536506813,29.));
#2013=CARTESIAN_POINT('Ctrl Pts',(-7.96639323512096,3.31115487827272,29.));
#2014=CARTESIAN_POINT('Ctrl Pts',(-7.88830758265631,3.51972144669807,29.));
#2015=CARTESIAN_POINT('Ctrl Pts',(-7.80230337626198,3.72503450730601,29.));
#2016=CARTESIAN_POINT('Ctrl Pts',(-7.71707344040992,3.92849919489318,29.));
#2017=CARTESIAN_POINT('Ctrl Pts',(-7.62406665591392,4.12876932866859,29.));
#2018=CARTESIAN_POINT('Ctrl Pts',(-7.52339502095685,4.32536153069475,29.));
#2019=CARTESIAN_POINT('Ctrl Pts',(-7.43676560407632,4.49453200092748,29.));
#2020=CARTESIAN_POINT('Ctrl Pts',(-7.34445965596678,4.66097901127516,29.));
#2021=CARTESIAN_POINT('Ctrl Pts',(-7.24652140939057,4.82437967828485,29.));
#2022=CARTESIAN_POINT('Ctrl Pts',(-7.22898604872957,4.85363576289356,29.));
#2023=CARTESIAN_POINT('Ctrl Pts',(-7.21127006929774,4.882794146979,29.));
#2024=CARTESIAN_POINT('Ctrl Pts',(-7.19337461426529,4.91185359209353,29.));
#2025=CARTESIAN_POINT('Ctrl Pts',(-7.17898031589731,4.93522770147652,29.));
#2026=CARTESIAN_POINT('Ctrl Pts',(-7.16446994618307,4.95853763457371,29.));
#2027=CARTESIAN_POINT('Ctrl Pts',(-7.14985175224016,4.98177082485331,29.));
#2028=CARTESIAN_POINT('Ctrl Pts',(-7.0314086203814,5.17001650216014,29.));
#2029=CARTESIAN_POINT('Ctrl Pts',(-6.90576858792158,5.35342565908454,29.));
#2030=CARTESIAN_POINT('Ctrl Pts',(-6.77336176110764,5.53171612377775,29.));
#2031=CARTESIAN_POINT('Ctrl Pts',(-6.63950219895466,5.71196274786927,29.));
#2032=CARTESIAN_POINT('Ctrl Pts',(-6.49872618429355,5.88697825683473,29.));
#2033=CARTESIAN_POINT('Ctrl Pts',(-6.35142961816577,6.05644860690088,29.));
#2034=CARTESIAN_POINT('Ctrl Pts',(-6.20352382347948,6.22661989779542,29.));
#2035=CARTESIAN_POINT('Ctrl Pts',(-6.0490430040032,6.39120058477158,29.));
#2036=CARTESIAN_POINT('Ctrl Pts',(-5.88834530919293,6.54984238097005,29.));
#2037=CARTESIAN_POINT('Ctrl Pts',(-5.85661397311418,6.58116775970218,29.));
#2038=CARTESIAN_POINT('Ctrl Pts',(-5.82464011749929,6.61226147024254,29.));
#2039=CARTESIAN_POINT('Ctrl Pts',(-5.79242632638732,6.64312066445128,29.));
#2040=CARTESIAN_POINT('Ctrl Pts',(-5.76149157969835,6.67275459833243,29.));
#2041=CARTESIAN_POINT('Ctrl Pts',(-5.73033183608251,6.70217564356325,29.));
#2042=CARTESIAN_POINT('Ctrl Pts',(-5.69897191750568,6.73136051882198,29.));
#2043=CARTESIAN_POINT('Ctrl Pts',(-5.53276918020747,6.88603586161096,29.));
#2044=CARTESIAN_POINT('Ctrl Pts',(-5.36084405343873,7.03418170077178,29.));
#2045=CARTESIAN_POINT('Ctrl Pts',(-5.18360169174632,7.17548665983393,29.));
#2046=CARTESIAN_POINT('Ctrl Pts',(-5.00637691050341,7.31677760303287,29.));
#2047=CARTESIAN_POINT('Ctrl Pts',(-4.82383548130156,7.45122951754993,29.));
#2048=CARTESIAN_POINT('Ctrl Pts',(-4.6363424344377,7.57849816831899,29.));
#2049=CARTESIAN_POINT('Ctrl Pts',(-4.47617442536068,7.6872188209115,29.));
#2050=CARTESIAN_POINT('Ctrl Pts',(-4.31239209685003,7.7906970358836,29.));
#2051=CARTESIAN_POINT('Ctrl Pts',(-4.1452037461828,7.88869502355998,29.));
#2052=CARTESIAN_POINT('Ctrl Pts',(-4.68297069789696,-6.57115468234995,29.));
#2053=CARTESIAN_POINT('Ctrl Pts',(-3.6763543204594,-7.28750419436,29.0365641154894));
#2054=CARTESIAN_POINT('Ctrl Pts',(-1.22655582245532,-8.29489303667337,29.1128868297881));
#2055=CARTESIAN_POINT('Ctrl Pts',(2.80482388989751,-7.93057405380249,29.2289681428959));
#2056=CARTESIAN_POINT('Ctrl Pts',(6.26145697556875,-5.6173869182132,29.3482439393235));
#2057=CARTESIAN_POINT('Ctrl Pts',(8.18733370394442,-1.93092598574646,29.4675197357511));
#2058=CARTESIAN_POINT('Ctrl Pts',(8.11164063270006,2.22760135117425,29.5867955321787));
#2059=CARTESIAN_POINT('Ctrl Pts',(6.05287812792174,5.84153832187368,29.7060713286063));
#2060=CARTESIAN_POINT('Ctrl Pts',(2.51435786749129,8.02738564099492,29.825347125034));
#2061=CARTESIAN_POINT('Ctrl Pts',(-1.63885250888534,8.25076190915678,29.9446229214615));
#2062=CARTESIAN_POINT('Ctrl Pts',(-5.39140937931457,6.45705945982476,30.0638987178891));
#2063=CARTESIAN_POINT('Ctrl Pts',(-7.62427616755862,3.36410132538396,30.1732953004266));
#2064=CARTESIAN_POINT('Ctrl Pts',(-8.06740493137262,1.00963742647278,30.2429332841548));
#2065=CARTESIAN_POINT('Ctrl Pts',(-8.06842982940442,-0.000211125143805453,
30.2728126690739));
#2066=CARTESIAN_POINT('Ctrl Pts',(-4.75946088206474,-7.534816618551,34.));
#2067=CARTESIAN_POINT('Ctrl Pts',(-4.65580700826656,-7.5938441508471,34.));
#2068=CARTESIAN_POINT('Ctrl Pts',(-4.55100775943907,-7.65073101702943,34.));
#2069=CARTESIAN_POINT('Ctrl Pts',(-4.44511388274574,-7.70542629034918,34.));
#2070=CARTESIAN_POINT('Ctrl Pts',(-4.24357104001712,-7.80952523556586,34.));
#2071=CARTESIAN_POINT('Ctrl Pts',(-4.03806400488159,-7.90568844540803,34.));
#2072=CARTESIAN_POINT('Ctrl Pts',(-3.82909269222165,-7.99381457341756,34.));
#2073=CARTESIAN_POINT('Ctrl Pts',(-3.62017251949079,-8.08191913500307,34.));
#2074=CARTESIAN_POINT('Ctrl Pts',(-3.4077890840647,-8.16199067321242,34.));
#2075=CARTESIAN_POINT('Ctrl Pts',(-3.19243000198386,-8.23387735563902,34.));
#2076=CARTESIAN_POINT('Ctrl Pts',(-3.12571536856557,-8.25614664476957,34.));
#2077=CARTESIAN_POINT('Ctrl Pts',(-3.0587151290857,-8.27763009576882,34.));
#2078=CARTESIAN_POINT('Ctrl Pts',(-2.99144370434376,-8.2983221803552,34.));
#2079=CARTESIAN_POINT('Ctrl Pts',(-2.94613347326085,-8.31225919949509,34.));
#2080=CARTESIAN_POINT('Ctrl Pts',(-2.90069345797124,-8.3258390674347,34.));
#2081=CARTESIAN_POINT('Ctrl Pts',(-2.85516391236846,-8.33904983938196,34.));
#2082=CARTESIAN_POINT('Ctrl Pts',(-2.6381735789956,-8.40201136845058,34.));
#2083=CARTESIAN_POINT('Ctrl Pts',(-2.41903636203238,-8.45663115895818,34.));
#2084=CARTESIAN_POINT('Ctrl Pts',(-2.19824787490437,-8.50280973365378,34.));
#2085=CARTESIAN_POINT('Ctrl Pts',(-1.97835555419242,-8.54880087245395,34.));
#2086=CARTESIAN_POINT('Ctrl Pts',(-1.75682466835596,-8.58641925890003,34.));
#2087=CARTESIAN_POINT('Ctrl Pts',(-1.53413804659855,-8.61551568130069,34.));
#2088=CARTESIAN_POINT('Ctrl Pts',(-1.31410606722064,-8.64426524588212,34.));
#2089=CARTESIAN_POINT('Ctrl Pts',(-1.09294511865137,-8.66469483076802,34.));
#2090=CARTESIAN_POINT('Ctrl Pts',(-0.871123956936876,-8.67661007629876,
34.));
#2091=CARTESIAN_POINT('Ctrl Pts',(-0.813307859276587,-8.67971569973851,
34.));
#2092=CARTESIAN_POINT('Ctrl Pts',(-0.755446953658094,-8.68224263450209,
34.));
#2093=CARTESIAN_POINT('Ctrl Pts',(-0.697549654264825,-8.6841868643491,34.));
#2094=CARTESIAN_POINT('Ctrl Pts',(-0.671512283698821,-8.6850612165818,34.));
#2095=CARTESIAN_POINT('Ctrl Pts',(-0.645471301075495,-8.68581756513886,
34.));
#2096=CARTESIAN_POINT('Ctrl Pts',(-0.619435879981437,-8.68645550142768,
34.));
#2097=CARTESIAN_POINT('Ctrl Pts',(-0.481248191323505,-8.68984146322736,
34.));
#2098=CARTESIAN_POINT('Ctrl Pts',(-0.343146630996201,-8.68989464146235,
34.));
#2099=CARTESIAN_POINT('Ctrl Pts',(-0.205242938299584,-8.68659291459308,
34.));
#2100=CARTESIAN_POINT('Ctrl Pts',(0.0163530551890729,-8.68128740441044,
34.));
#2101=CARTESIAN_POINT('Ctrl Pts',(0.237438418503234,-8.66732199756576,34.));
#2102=CARTESIAN_POINT('Ctrl Pts',(0.457543760282113,-8.64488485463572,34.));
#2103=CARTESIAN_POINT('Ctrl Pts',(0.678982447771383,-8.62231179284048,34.));
#2104=CARTESIAN_POINT('Ctrl Pts',(0.899429870891392,-8.59116386766325,34.));
#2105=CARTESIAN_POINT('Ctrl Pts',(1.11840049434152,-8.55158040837812,34.));
#2106=CARTESIAN_POINT('Ctrl Pts',(1.33691176208783,-8.5120799871166,34.));
#2107=CARTESIAN_POINT('Ctrl Pts',(1.55395306878327,-8.46417915335485,34.));
#2108=CARTESIAN_POINT('Ctrl Pts',(1.76902456511136,-8.40796765019703,34.));
#2109=CARTESIAN_POINT('Ctrl Pts',(1.95399593222971,-8.35962317515318,34.));
#2110=CARTESIAN_POINT('Ctrl Pts',(2.13751023221916,-8.30513061798118,34.));
#2111=CARTESIAN_POINT('Ctrl Pts',(2.31923366155917,-8.24452006929093,34.));
#2112=CARTESIAN_POINT('Ctrl Pts',(2.38737994756167,-8.22179111353208,34.));
#2113=CARTESIAN_POINT('Ctrl Pts',(2.4552742190339,-8.19820157186515,34.));
#2114=CARTESIAN_POINT('Ctrl Pts',(2.52289819800239,-8.17375217041813,34.));
#2115=CARTESIAN_POINT('Ctrl Pts',(2.54997945287331,-8.1639609620017,34.));
#2116=CARTESIAN_POINT('Ctrl Pts',(2.57701735512145,-8.15403184859271,34.));
#2117=CARTESIAN_POINT('Ctrl Pts',(2.60401071223122,-8.14396485632702,34.));
#2118=CARTESIAN_POINT('Ctrl Pts',(2.62740832065797,-8.13523887451935,34.));
#2119=CARTESIAN_POINT('Ctrl Pts',(2.65076445585242,-8.12641227587998,34.));
#2120=CARTESIAN_POINT('Ctrl Pts',(2.67407544267492,-8.11748644672712,34.));
#2121=CARTESIAN_POINT('Ctrl Pts',(2.88401556085908,-8.03709990447083,34.));
#2122=CARTESIAN_POINT('Ctrl Pts',(3.09037448005678,-7.94863976223124,34.));
#2123=CARTESIAN_POINT('Ctrl Pts',(3.29266351015711,-7.85226668083353,34.));
#2124=CARTESIAN_POINT('Ctrl Pts',(3.49495254025745,-7.75589359943582,34.));
#2125=CARTESIAN_POINT('Ctrl Pts',(3.69317238902586,-7.65160731834315,34.));
#2126=CARTESIAN_POINT('Ctrl Pts',(3.88681074705701,-7.53951670289542,34.));
#2127=CARTESIAN_POINT('Ctrl Pts',(4.07661249084762,-7.42964697206906,34.));
#2128=CARTESIAN_POINT('Ctrl Pts',(4.26201291771126,-7.31227847574346,34.));
#2129=CARTESIAN_POINT('Ctrl Pts',(4.44264675021056,-7.1877640111887,34.));
#2130=CARTESIAN_POINT('Ctrl Pts',(4.62278094709223,-7.06359395532273,34.));
#2131=CARTESIAN_POINT('Ctrl Pts',(4.79817534585005,-6.9323168849008,34.));
#2132=CARTESIAN_POINT('Ctrl Pts',(4.96842982281021,-6.79424762067982,34.));
#2133=CARTESIAN_POINT('Ctrl Pts',(5.06159182833668,-6.71869712834592,34.));
#2134=CARTESIAN_POINT('Ctrl Pts',(5.15321413620139,-6.64111235113951,34.));
#2135=CARTESIAN_POINT('Ctrl Pts',(5.24322560428774,-6.56154125711522,34.));
#2136=CARTESIAN_POINT('Ctrl Pts',(5.29265192250213,-6.5178478667337,34.));
#2137=CARTESIAN_POINT('Ctrl Pts',(5.34159246206443,-6.47355551450738,34.));
#2138=CARTESIAN_POINT('Ctrl Pts',(5.39003488603833,-6.42867186703597,34.));
#2139=CARTESIAN_POINT('Ctrl Pts',(5.4090421481628,-6.41106095530597,34.));
#2140=CARTESIAN_POINT('Ctrl Pts',(5.42796638874673,-6.3933648566632,34.));
#2141=CARTESIAN_POINT('Ctrl Pts',(5.4468036949765,-6.37558738404113,34.));
#2142=CARTESIAN_POINT('Ctrl Pts',(5.60462833722166,-6.22664234793155,34.));
#2143=CARTESIAN_POINT('Ctrl Pts',(5.75642976319012,-6.07191772768205,34.));
#2144=CARTESIAN_POINT('Ctrl Pts',(5.90188548493334,-5.91178365885383,34.));
#2145=CARTESIAN_POINT('Ctrl Pts',(6.04726052050091,-5.75173841847079,34.));
#2146=CARTESIAN_POINT('Ctrl Pts',(6.18629734294366,-5.58628920400492,34.));
#2147=CARTESIAN_POINT('Ctrl Pts',(6.31863613678193,-5.41576996052444,34.));
#2148=CARTESIAN_POINT('Ctrl Pts',(6.44949851564443,-5.2471530856347,34.));
#2149=CARTESIAN_POINT('Ctrl Pts',(6.57381184228013,-5.07357813927025,34.));
#2150=CARTESIAN_POINT('Ctrl Pts',(6.69118524985038,-4.89534120094116,34.));
#2151=CARTESIAN_POINT('Ctrl Pts',(6.74659226112747,-4.81120309626799,34.));
#2152=CARTESIAN_POINT('Ctrl Pts',(6.80045213480815,-4.72602578101257,34.));
#2153=CARTESIAN_POINT('Ctrl Pts',(6.85272002071414,-4.63983880204183,34.));
#2154=CARTESIAN_POINT('Ctrl Pts',(6.94095526901182,-4.49434354510358,34.));
#2155=CARTESIAN_POINT('Ctrl Pts',(7.02465470149854,-4.34597108335106,34.));
#2156=CARTESIAN_POINT('Ctrl Pts',(7.10372270312825,-4.19494762662586,34.));
#2157=CARTESIAN_POINT('Ctrl Pts',(7.13831495384125,-4.12887486430858,34.));
#2158=CARTESIAN_POINT('Ctrl Pts',(7.17202046623422,-4.06229463468479,34.));
#2159=CARTESIAN_POINT('Ctrl Pts',(7.20483003145775,-3.99522571417817,34.));
#2160=CARTESIAN_POINT('Ctrl Pts',(7.23095547359376,-3.94182039807955,34.));
#2161=CARTESIAN_POINT('Ctrl Pts',(7.25651282264051,-3.88810522329204,34.));
#2162=CARTESIAN_POINT('Ctrl Pts',(7.28149708907676,-3.83408965348804,34.));
#2163=CARTESIAN_POINT('Ctrl Pts',(7.29203841237441,-3.81129948729031,34.));
#2164=CARTESIAN_POINT('Ctrl Pts',(7.30247427196806,-3.78846325614438,34.));
#2165=CARTESIAN_POINT('Ctrl Pts',(7.31280265693651,-3.76558590490493,34.));
#2166=CARTESIAN_POINT('Ctrl Pts',(7.40030043483302,-3.57177850871241,34.));
#2167=CARTESIAN_POINT('Ctrl Pts',(7.48013283789846,-3.37492698628031,34.));
#2168=CARTESIAN_POINT('Ctrl Pts',(7.55221508562572,-3.1755096496107,34.));
#2169=CARTESIAN_POINT('Ctrl Pts',(7.62472548553714,-2.97490781924192,34.));
#2170=CARTESIAN_POINT('Ctrl Pts',(7.68939358520425,-2.77170893921449,34.));
#2171=CARTESIAN_POINT('Ctrl Pts',(7.74608409649698,-2.56638118962383,34.));
#2172=CARTESIAN_POINT('Ctrl Pts',(7.80249090802374,-2.3620809741509,34.));
#2173=CARTESIAN_POINT('Ctrl Pts',(7.85099989012097,-2.15567247327483,34.));
#2174=CARTESIAN_POINT('Ctrl Pts',(7.89142723394293,-1.94760844443533,34.));
#2175=CARTESIAN_POINT('Ctrl Pts',(7.93110864775341,-1.74338343119146,34.));
#2176=CARTESIAN_POINT('Ctrl Pts',(7.96300390118902,-1.53756281320258,34.));
#2177=CARTESIAN_POINT('Ctrl Pts',(7.98688971080962,-1.33057602093924,34.));
#2178=CARTESIAN_POINT('Ctrl Pts',(8.00836268828725,-1.14449806088543,34.));
#2179=CARTESIAN_POINT('Ctrl Pts',(8.02336209304991,-0.957477348050246,34.));
#2180=CARTESIAN_POINT('Ctrl Pts',(8.03169034628363,-0.76983272950318,34.));
#2181=CARTESIAN_POINT('Origin',(0.,0.,26.2271873309261));
#2182=CARTESIAN_POINT('',(8.06746295867995,0.129358649598684,29.));
#2183=CARTESIAN_POINT('Origin',(0.,0.,29.));
#2184=CARTESIAN_POINT('Ctrl Pts',(8.06746295868201,0.12935864985726,29.));
#2185=CARTESIAN_POINT('Ctrl Pts',(8.03207006880188,2.33663917105167,29.0653178590726));
#2186=CARTESIAN_POINT('Ctrl Pts',(7.04204968117133,4.5196412618428,29.1306357181451));
#2187=CARTESIAN_POINT('Ctrl Pts',(5.40795605580906,5.99441805535905,29.1959535772176));
#2188=CARTESIAN_POINT('Ctrl Pts',(3.7738624303831,7.46919484893279,29.2612714362927));
#2189=CARTESIAN_POINT('Ctrl Pts',(1.49569556717521,8.23574634517644,29.3265892953677));
#2190=CARTESIAN_POINT('Ctrl Pts',(-0.700101115601956,8.04460853574031,29.3919071544428));
#2191=CARTESIAN_POINT('Ctrl Pts',(-2.89589779837913,7.85347072630418,29.4572250135179));
#2192=CARTESIAN_POINT('Ctrl Pts',(-5.00932430072558,6.70464361118827,29.522542872593));
#2193=CARTESIAN_POINT('Ctrl Pts',(-6.3638773126666,4.96934784053498,29.587860731668));
#2194=CARTESIAN_POINT('Ctrl Pts',(-7.4582256634188,3.56739601735719,29.640631269789));
#2195=CARTESIAN_POINT('Ctrl Pts',(-8.05725095689666,1.78265121072553,29.6934018079099));
#2196=CARTESIAN_POINT('Ctrl Pts',(-8.06678786313132,-0.000575741185412143,
29.7461723460308));
#2197=CARTESIAN_POINT('Ctrl Pts',(8.91033679129221,0.141871856192557,28.5132998376982));
#2198=CARTESIAN_POINT('Ctrl Pts',(8.87152025302043,2.57976502511115,28.5786176967733));
#2199=CARTESIAN_POINT('Ctrl Pts',(6.68515446929448,7.40215852806414,28.7092534149234));
#2200=CARTESIAN_POINT('Ctrl Pts',(-0.863103148546598,9.94292075165778,28.9052069921486));
#2201=CARTESIAN_POINT('Ctrl Pts',(-7.86621881508378,6.13715141301705,29.1011605693738));
#2202=CARTESIAN_POINT('Ctrl Pts',(-9.62142448795701,-0.700874077574414,
29.2753415269073));
#2203=CARTESIAN_POINT('Ctrl Pts',(-7.13066065602787,-6.07329181901825,29.4277498647491));
#2204=CARTESIAN_POINT('Ctrl Pts',(-2.93975632949933,-8.89039930543604,29.5583855828993));
#2205=CARTESIAN_POINT('Ctrl Pts',(2.96902235935255,-9.17921650187836,29.7107939207411));
#2206=CARTESIAN_POINT('Ctrl Pts',(8.65391759971324,-4.97407313327188,29.8849748782747));
#2207=CARTESIAN_POINT('Ctrl Pts',(9.42585267881011,2.05743824422302,30.0591558358082));
#2208=CARTESIAN_POINT('Ctrl Pts',(6.20234101337126,7.01391988625385,30.21156417365));
#2209=CARTESIAN_POINT('Ctrl Pts',(1.65485311222379,9.22375128647682,30.3421998918002));
#2210=CARTESIAN_POINT('Ctrl Pts',(-3.3893511641353,8.73323066876111,30.4728356099503));
#2211=CARTESIAN_POINT('Ctrl Pts',(-7.43760512349584,5.69749050733981,30.6034713281004));
#2212=CARTESIAN_POINT('Ctrl Pts',(-9.31563623371138,0.99405022720056,30.7341070462506));
#2213=CARTESIAN_POINT('Ctrl Pts',(-8.4732546597758,-3.99736307353187,30.8647427644007));
#2214=CARTESIAN_POINT('Ctrl Pts',(-5.1547811877837,-7.82242611646416,30.9953784825509));
#2215=CARTESIAN_POINT('Ctrl Pts',(-0.334928242311085,-9.3627065739533,31.126014200701));
#2216=CARTESIAN_POINT('Ctrl Pts',(4.59067303796432,-8.16819204034375,31.2566499188511));
#2217=CARTESIAN_POINT('Ctrl Pts',(7.762993386465,-4.98756237883272,31.3727705572068));
#2218=CARTESIAN_POINT('Ctrl Pts',(9.37862040245022,-0.290013907083019,31.503406275357));
#2219=CARTESIAN_POINT('Ctrl Pts',(8.26382300342074,4.78458229601574,31.6340419935071));
#2220=CARTESIAN_POINT('Ctrl Pts',(3.99256450326422,8.47313049161456,31.7791927914516));
#2221=CARTESIAN_POINT('Ctrl Pts',(-0.985607534493475,9.31235900021832,31.9098285096019));
#2222=CARTESIAN_POINT('Ctrl Pts',(-6.4911725615111,7.13737072001027,32.0622368474436));
#2223=CARTESIAN_POINT('Ctrl Pts',(-9.92986547090704,0.968589475525293,32.2364178049773));
#2224=CARTESIAN_POINT('Ctrl Pts',(-7.47529399952452,-6.61087369699048,32.4323713822024));
#2225=CARTESIAN_POINT('Ctrl Pts',(-0.252579562954115,-9.97447955347166,
32.6283249594276));
#2226=CARTESIAN_POINT('Ctrl Pts',(6.29085044635488,-7.31362949356796,32.8025059169611));
#2227=CARTESIAN_POINT('Ctrl Pts',(9.12127396113731,-2.11848928944739,32.954914254803));
#2228=CARTESIAN_POINT('Ctrl Pts',(8.89934297599251,2.93109189815565,33.0855499729531));
#2229=CARTESIAN_POINT('Ctrl Pts',(6.30432360529284,6.78714908412016,33.2052993812574));
#2230=CARTESIAN_POINT('Ctrl Pts',(2.66231258752998,8.76434703721438,33.3141624797159));
#2231=CARTESIAN_POINT('Ctrl Pts',(-2.30254775599876,9.23255463217875,33.444798197866));
#2232=CARTESIAN_POINT('Ctrl Pts',(-8.03539680295625,5.91976005047579,33.6080928455537));
#2233=CARTESIAN_POINT('Ctrl Pts',(-9.80281145741343,-1.85892949702769,33.8040464227789));
#2234=CARTESIAN_POINT('Ctrl Pts',(-6.82058161081002,-6.23207234191152,33.934682140929));
#2235=CARTESIAN_POINT('Ctrl Pts',(-4.75920238084441,-7.53420347853706,34.0000000000041));
#2236=CARTESIAN_POINT('Ctrl Pts',(8.6293788116844,0.137686044454981,28.6755327706125));
#2237=CARTESIAN_POINT('Ctrl Pts',(8.59170751485098,2.49870832126319,28.7408506296875));
#2238=CARTESIAN_POINT('Ctrl Pts',(6.47412478932307,7.16897552218051,28.8714863478377));
#2239=CARTESIAN_POINT('Ctrl Pts',(-0.836209395574786,9.62938090766943,29.0674399250629));
#2240=CARTESIAN_POINT('Ctrl Pts',(-7.61838575385639,5.9433859315548,29.2633935022881));
#2241=CARTESIAN_POINT('Ctrl Pts',(-9.3180270367434,-0.67908521891097,29.4375744598216));
#2242=CARTESIAN_POINT('Ctrl Pts',(-6.90562652569911,-5.88202392296523,29.5899827976634));
#2243=CARTESIAN_POINT('Ctrl Pts',(-2.84677542230059,-8.61016943607367,29.7206185158136));
#2244=CARTESIAN_POINT('Ctrl Pts',(2.87570184622539,-8.88968918097791,29.8730268536554));
#2245=CARTESIAN_POINT('Ctrl Pts',(8.38120993246015,-4.81695545753243,30.047207811189));
#2246=CARTESIAN_POINT('Ctrl Pts',(9.12857805408627,1.99286901103848,30.2213887687225));
#2247=CARTESIAN_POINT('Ctrl Pts',(6.00654753578022,6.79296291901247,30.3737971065643));
#2248=CARTESIAN_POINT('Ctrl Pts',(1.60237595451536,8.93296896569401,30.5044328247144));
#2249=CARTESIAN_POINT('Ctrl Pts',(-3.282762794735,8.45775224517564,30.6350685428646));
#2250=CARTESIAN_POINT('Ctrl Pts',(-7.20327256706872,5.51760188266315,30.7657042610147));
#2251=CARTESIAN_POINT('Ctrl Pts',(-9.02193534761393,0.962405998340418,30.8963399791648));
#2252=CARTESIAN_POINT('Ctrl Pts',(-8.20595395980615,-3.87159498346754,31.026975697315));
#2253=CARTESIAN_POINT('Ctrl Pts',(-4.99199240920544,-7.57594218644329,31.1576114154651));
#2254=CARTESIAN_POINT('Ctrl Pts',(-0.324065383953555,-9.06750023155704,
31.2882471336153));
#2255=CARTESIAN_POINT('Ctrl Pts',(4.4461873396297,-7.9104911763147,31.4188828517654));
#2256=CARTESIAN_POINT('Ctrl Pts',(7.51837804566705,-4.83004812348889,31.5350034901211));
#2257=CARTESIAN_POINT('Ctrl Pts',(9.08291082632315,-0.280566738530084,31.6656392082712));
#2258=CARTESIAN_POINT('Ctrl Pts',(8.00310052301884,4.63398549885048,31.7962749264214));
#2259=CARTESIAN_POINT('Ctrl Pts',(3.86640078332525,8.20609157811583,31.9414257243659));
#2260=CARTESIAN_POINT('Ctrl Pts',(-0.954830721068127,9.018697556436,32.0720614425162));
#2261=CARTESIAN_POINT('Ctrl Pts',(-6.28672860765195,6.91211152391301,32.2244697803579));
#2262=CARTESIAN_POINT('Ctrl Pts',(-9.61679639322806,0.937728230517982,32.3986507378915));
#2263=CARTESIAN_POINT('Ctrl Pts',(-7.23937582313077,-6.40266633445326,32.5946043151166));
#2264=CARTESIAN_POINT('Ctrl Pts',(-0.24429351259574,-9.6599806302182,32.7905578923419));
#2265=CARTESIAN_POINT('Ctrl Pts',(6.09272857656935,-7.0828191206614,32.9647388498754));
#2266=CARTESIAN_POINT('Ctrl Pts',(8.83373783653,-2.05139644560007,33.1171471877173));
#2267=CARTESIAN_POINT('Ctrl Pts',(8.61864162270179,2.83895834286621,33.2477829058674));
#2268=CARTESIAN_POINT('Ctrl Pts',(6.10532181509217,6.57334575876021,33.3675323141717));
#2269=CARTESIAN_POINT('Ctrl Pts',(2.57808387532118,8.48808278950039,33.4763954126301));
#2270=CARTESIAN_POINT('Ctrl Pts',(-2.2302436912332,8.94136700891786,33.6070311307803));
#2271=CARTESIAN_POINT('Ctrl Pts',(-7.78222234802986,5.73284371364124,33.7703257784679));
#2272=CARTESIAN_POINT('Ctrl Pts',(-9.49365728119154,-1.8006316401659,33.9662793556932));
#2273=CARTESIAN_POINT('Ctrl Pts',(-6.60531951816496,-6.03578790619768,34.0969150738433));
#2274=CARTESIAN_POINT('Ctrl Pts',(-4.60889597018337,-7.29679477979289,34.1622329329184));
#2275=CARTESIAN_POINT('Ctrl Pts',(8.34842085412964,0.133513455858057,28.8377660945523));
#2276=CARTESIAN_POINT('Ctrl Pts',(8.31189118857779,2.41766484648159,28.9030839536274));
#2277=CARTESIAN_POINT('Ctrl Pts',(6.26308429824861,6.93580262622769,29.0337196717776));
#2278=CARTESIAN_POINT('Ctrl Pts',(-0.809330412901993,9.31584004283714,29.2296732490028));
#2279=CARTESIAN_POINT('Ctrl Pts',(-7.37056200365958,5.74960894106707,29.425626826228));
#2280=CARTESIAN_POINT('Ctrl Pts',(-9.01462879554659,-0.657310652166463,
29.5998077837615));
#2281=CARTESIAN_POINT('Ctrl Pts',(-6.68058357149438,-5.69076676231855,29.7522161216033));
#2282=CARTESIAN_POINT('Ctrl Pts',(-2.75378140251916,-8.32994415970472,29.8828518397535));
#2283=CARTESIAN_POINT('Ctrl Pts',(2.78239502725887,-8.60015769793818,30.0352601775953));
#2284=CARTESIAN_POINT('Ctrl Pts',(8.10850987051125,-4.65982507214131,30.2094411351288));
#2285=CARTESIAN_POINT('Ctrl Pts',(8.83130062219407,1.9283138137345,30.3836220926624));
#2286=CARTESIAN_POINT('Ctrl Pts',(5.81074381413331,6.57201533524969,30.5360304305042));
#2287=CARTESIAN_POINT('Ctrl Pts',(1.54988515774709,8.64218934213347,30.6666661486543));
#2288=CARTESIAN_POINT('Ctrl Pts',(-3.17618746946093,8.18226901945476,30.7973018668044));
#2289=CARTESIAN_POINT('Ctrl Pts',(-6.96894865761194,5.33770237519496,30.9279375849546));
#2290=CARTESIAN_POINT('Ctrl Pts',(-8.72823617882873,0.930747974958553,31.0585733031047));
#2291=CARTESIAN_POINT('Ctrl Pts',(-7.93864755127622,-3.74583956712498,31.1892090212549));
#2292=CARTESIAN_POINT('Ctrl Pts',(-4.82919216030826,-7.32946610775207,31.319844739405));
#2293=CARTESIAN_POINT('Ctrl Pts',(-0.313188645771411,-8.77229463019791,
31.4504804575552));
#2294=CARTESIAN_POINT('Ctrl Pts',(4.30171387925541,-7.65278371428922,31.5811161757053));
#2295=CARTESIAN_POINT('Ctrl Pts',(7.2737703045382,-4.6725224822546,31.697236814061));
#2296=CARTESIAN_POINT('Ctrl Pts',(8.7872019272375,-0.271105663910061,31.8278725322111));
#2297=CARTESIAN_POINT('Ctrl Pts',(7.74237116065241,4.48340108496566,31.9585082503613));
#2298=CARTESIAN_POINT('Ctrl Pts',(3.74022459696885,7.93905880805763,32.1036590483058));
#2299=CARTESIAN_POINT('Ctrl Pts',(-0.924067747585509,8.72503489345972,32.234294766456));
#2300=CARTESIAN_POINT('Ctrl Pts',(-6.08229541280107,6.68684288667503,32.3867031042978));
#2301=CARTESIAN_POINT('Ctrl Pts',(-9.30372901061169,0.906852278853981,32.5608840618314));
#2302=CARTESIAN_POINT('Ctrl Pts',(-7.00344803545232,-6.19447023290831,32.7568376390565));
#2303=CARTESIAN_POINT('Ctrl Pts',(-0.235992670972509,-9.3454823430832,32.9527912162818));
#2304=CARTESIAN_POINT('Ctrl Pts',(5.89461771883748,-6.85199960435891,33.1269721738153));
#2305=CARTESIAN_POINT('Ctrl Pts',(8.54620509245795,-1.9842901263245,33.2793805116571));
#2306=CARTESIAN_POINT('Ctrl Pts',(8.33793615446825,2.74683806690793,33.4100162298073));
#2307=CARTESIAN_POINT('Ctrl Pts',(5.90631012028947,6.35955196197761,33.5297656381116));
#2308=CARTESIAN_POINT('Ctrl Pts',(2.49384223105081,8.21182272019694,33.63862873657));
#2309=CARTESIAN_POINT('Ctrl Pts',(-2.15795338360531,8.65017621218811,33.7692644547202));
#2310=CARTESIAN_POINT('Ctrl Pts',(-7.52905688287721,5.54591561172709,33.9325591024078));
#2311=CARTESIAN_POINT('Ctrl Pts',(-9.18450060628187,-1.7423483770081,34.128512679633));
#2312=CARTESIAN_POINT('Ctrl Pts',(-6.39004835324888,-5.83951374577545,34.2591483977832));
#2313=CARTESIAN_POINT('Ctrl Pts',(-4.45857850592721,-7.05939333845662,34.3244662568582));
#2314=CARTESIAN_POINT('Ctrl Pts',(8.06746295844667,0.129358649595594,29.0000000001307));
#2315=CARTESIAN_POINT('Ctrl Pts',(8.03207006864055,2.33663917081242,29.0653178592057));
#2316=CARTESIAN_POINT('Ctrl Pts',(6.0520292934111,6.70264335249041,29.1959535773559));
#2317=CARTESIAN_POINT('Ctrl Pts',(-0.782471296009805,9.00229784115284,29.3919071545811));
#2318=CARTESIAN_POINT('Ctrl Pts',(-7.1227508028608,5.55581649590717,29.5878607318063));
#2319=CARTESIAN_POINT('Ctrl Pts',(-8.71122952690835,-0.635555307084188,
29.7620416893398));
#2320=CARTESIAN_POINT('Ctrl Pts',(-6.45552877712393,-5.49952406024976,29.9144500271816));
#2321=CARTESIAN_POINT('Ctrl Pts',(-2.66076976017133,-8.04972509194582,30.0450857453318));
#2322=CARTESIAN_POINT('Ctrl Pts',(2.68910663438472,-8.31062065078485,30.1974940831736));
#2323=CARTESIAN_POINT('Ctrl Pts',(7.83582006709555,-4.50267761346388,30.3716750407071));
#2324=CARTESIAN_POINT('Ctrl Pts',(8.5340194494975,1.86377749879493,30.5458559982407));
#2325=CARTESIAN_POINT('Ctrl Pts',(5.61492633921385,6.35108039539669,30.6982643360825));
#2326=CARTESIAN_POINT('Ctrl Pts',(1.49737602565658,8.35141337889687,30.8289000542326));
#2327=CARTESIAN_POINT('Ctrl Pts',(-3.06962969761898,7.90677936776515,30.9595357723828));
#2328=CARTESIAN_POINT('Ctrl Pts',(-6.73463640305367,5.157788253443,31.0901714905329));
#2329=CARTESIAN_POINT('Ctrl Pts',(-8.43453935312815,0.899071404960329,31.220807208683));
#2330=CARTESIAN_POINT('Ctrl Pts',(-7.67133349672326,-3.62010120835386,31.3514429268332));
#2331=CARTESIAN_POINT('Ctrl Pts',(-4.6663765052874,-7.08300061545954,31.4820786449833));
#2332=CARTESIAN_POINT('Ctrl Pts',(-0.302293243736908,-8.47709005921342,
31.6127143631335));
#2333=CARTESIAN_POINT('Ctrl Pts',(4.15725689249878,-7.39506740917234,31.7433500812836));
#2334=CARTESIAN_POINT('Ctrl Pts',(7.02917281133788,-4.51498154777279,31.8594707196393));
#2335=CARTESIAN_POINT('Ctrl Pts',(8.49149397234545,-0.261625890109871,31.9901064377894));
#2336=CARTESIAN_POINT('Ctrl Pts',(7.48163257357082,4.33283334094985,32.1207421559396));
#2337=CARTESIAN_POINT('Ctrl Pts',(3.61403166081303,7.67203433011638,32.2658929538842));
#2338=CARTESIAN_POINT('Ctrl Pts',(-0.893323389069207,8.43137062463582,32.3965286720343));
#2339=CARTESIAN_POINT('Ctrl Pts',(-5.87787670954754,6.4615615790254,32.5489370098761));
#2340=CARTESIAN_POINT('Ctrl Pts',(-8.99066394342246,0.875956553903061,32.7231179674097));
#2341=CARTESIAN_POINT('Ctrl Pts',(-6.76750734989134,-5.98628929864359,32.9190715446349));
#2342=CARTESIAN_POINT('Ctrl Pts',(-0.227671939678646,-9.03098494734231,
33.1150251218601));
#2343=CARTESIAN_POINT('Ctrl Pts',(5.69652169253423,-6.6211678190022,33.2892060793936));
#2344=CARTESIAN_POINT('Ctrl Pts',(8.25867692737906,-1.91716569348476,33.4416144172355));
#2345=CARTESIAN_POINT('Ctrl Pts',(8.0572251847251,2.65473565895228,33.5722501353856));
#2346=CARTESIAN_POINT('Ctrl Pts',(5.70728512903396,6.14577100342928,33.6919995436899));
#2347=CARTESIAN_POINT('Ctrl Pts',(2.40958320590568,7.93556830150933,33.8008626421483));
#2348=CARTESIAN_POINT('Ctrl Pts',(-2.08568158424942,8.35898118117874,33.9314983602985));
#2349=CARTESIAN_POINT('Ctrl Pts',(-7.27590353598195,5.35897170996984,34.0947930079861));
#2350=CARTESIAN_POINT('Ctrl Pts',(-8.87534060642675,-1.68408474531465,34.2907465852114));
#2351=CARTESIAN_POINT('Ctrl Pts',(-6.17476501339861,-5.64325342612175,34.4213823033615));
#2352=CARTESIAN_POINT('Ctrl Pts',(-4.30824619455359,-6.8220016837618,34.4867001624366));
#2353=CARTESIAN_POINT('Ctrl Pts',(-4.75920842001717,-7.5341992598381,34.));
#2354=CARTESIAN_POINT('Ctrl Pts',(-4.94140884190883,-7.40692172578245,34.));
#2355=CARTESIAN_POINT('Ctrl Pts',(-5.11825754581302,-7.27270835781611,33.9999999999965));
#2356=CARTESIAN_POINT('Ctrl Pts',(-5.28956592001876,-7.13202677383741,33.9999999999848));
#2357=CARTESIAN_POINT('Ctrl Pts',(-5.46446320557749,-6.98839790992427,33.9999999999729));
#2358=CARTESIAN_POINT('Ctrl Pts',(-5.6335860363482,-6.83802650921443,33.9999999999525));
#2359=CARTESIAN_POINT('Ctrl Pts',(-5.79669898869634,-6.68136845021763,33.9999999999221));
#2360=CARTESIAN_POINT('Ctrl Pts',(-5.96052915968786,-6.52402155517849,33.9999999998916));
#2361=CARTESIAN_POINT('Ctrl Pts',(-6.11829686109837,-6.36033200065169,33.999999999851));
#2362=CARTESIAN_POINT('Ctrl Pts',(-6.26972279120023,-6.19072821893553,33.9999999998029));
#2363=CARTESIAN_POINT('Ctrl Pts',(-6.42033285828465,-6.02203824011315,33.9999999997549));
#2364=CARTESIAN_POINT('Ctrl Pts',(-6.56466961597881,-5.8474969703763,33.9999999996995));
#2365=CARTESIAN_POINT('Ctrl Pts',(-6.70241299514822,-5.66750207596568,33.9999999996427));
#2366=CARTESIAN_POINT('Ctrl Pts',(-6.78975433575351,-5.55336958208663,33.9999999996068));
#2367=CARTESIAN_POINT('Ctrl Pts',(-6.87444377724944,-5.43704391885055,33.9999999995704));
#2368=CARTESIAN_POINT('Ctrl Pts',(-6.95638934044471,-5.31862316330404,33.9999999995361));
#2369=CARTESIAN_POINT('Ctrl Pts',(-7.08444886612032,-5.13356243281278,33.9999999994825));
#2370=CARTESIAN_POINT('Ctrl Pts',(-7.2053250090492,-4.94408710920875,33.9999999994358));
#2371=CARTESIAN_POINT('Ctrl Pts',(-7.31879734772336,-4.75064540118745,33.999999999389));
#2372=CARTESIAN_POINT('Ctrl Pts',(-7.43296448754428,-4.55601923251137,33.9999999993419));
#2373=CARTESIAN_POINT('Ctrl Pts',(-7.53963725067151,-4.35737735821519,33.9999999992946));
#2374=CARTESIAN_POINT('Ctrl Pts',(-7.63854653923265,-4.15514806720399,33.9999999992441));
#2375=CARTESIAN_POINT('Ctrl Pts',(-7.73619545529715,-3.95549572563924,33.9999999991942));
#2376=CARTESIAN_POINT('Ctrl Pts',(-7.8262777106776,-3.75234618149495,33.999999999141));
#2377=CARTESIAN_POINT('Ctrl Pts',(-7.90848683350278,-3.54609343235845,33.9999999990856));
#2378=CARTESIAN_POINT('Ctrl Pts',(-7.99228758870174,-3.33584747004286,33.9999999990291));
#2379=CARTESIAN_POINT('Ctrl Pts',(-8.06790792166513,-3.12237639892502,33.9999999989703));
#2380=CARTESIAN_POINT('Ctrl Pts',(-8.13496754359754,-2.90608760325877,33.9999999989145));
#2381=CARTESIAN_POINT('Ctrl Pts',(-8.19855674267374,-2.70099203472972,33.9999999988616));
#2382=CARTESIAN_POINT('Ctrl Pts',(-8.25444819926835,-2.49336231041219,33.9999999988116));
#2383=CARTESIAN_POINT('Ctrl Pts',(-8.30226658496218,-2.28354509227624,33.9999999987731));
#2384=CARTESIAN_POINT('Ctrl Pts',(-8.30487630518307,-2.27209417796964,33.999999998771));
#2385=CARTESIAN_POINT('Ctrl Pts',(-8.30746196678506,-2.26063674913549,33.9999999987689));
#2386=CARTESIAN_POINT('Ctrl Pts',(-8.3100235042279,-2.24917286251987,33.9999999987669));
#2387=CARTESIAN_POINT('Ctrl Pts',(-8.35858893734989,-2.03182346545935,33.9999999987283));
#2388=CARTESIAN_POINT('Ctrl Pts',(-8.3983018005409,-1.81298290818954,33.9999999987035));
#2389=CARTESIAN_POINT('Ctrl Pts',(-8.42889240230618,-1.59305530466359,33.9999999986836));
#2390=CARTESIAN_POINT('Ctrl Pts',(-8.45922075638088,-1.37501310066529,33.9999999986639));
#2391=CARTESIAN_POINT('Ctrl Pts',(-8.4805828378171,-1.15590180737915,33.999999998649));
#2392=CARTESIAN_POINT('Ctrl Pts',(-8.49318728448151,-0.936230119076355,
33.9999999986345));
#2393=CARTESIAN_POINT('Ctrl Pts',(-8.50582577463539,-0.71596511707981,33.9999999986201));
#2394=CARTESIAN_POINT('Ctrl Pts',(-8.50965904940071,-0.495135979946573,
33.9999999986061));
#2395=CARTESIAN_POINT('Ctrl Pts',(-8.50484348397906,-0.274255926917668,
33.9999999985928));
#2396=CARTESIAN_POINT('Ctrl Pts',(-8.50002668007578,-0.053319067291189,
33.9999999985796));
#2397=CARTESIAN_POINT('Ctrl Pts',(-8.4865563675989,0.167669441436356,33.9999999985671));
#2398=CARTESIAN_POINT('Ctrl Pts',(-8.46453837986955,0.388184965178383,33.9999999985602));
#2399=CARTESIAN_POINT('Ctrl Pts',(-8.44270959410517,0.606805585039571,33.9999999985535));
#2400=CARTESIAN_POINT('Ctrl Pts',(-8.41247913258082,0.824961970648972,33.9999999985523));
#2401=CARTESIAN_POINT('Ctrl Pts',(-8.37390409415527,1.04212194109284,33.9999999985665));
#2402=CARTESIAN_POINT('Ctrl Pts',(-8.33565206760894,1.25746350116023,33.9999999985805));
#2403=CARTESIAN_POINT('Ctrl Pts',(-8.28934068560471,1.47100551579903,33.9999999986103));
#2404=CARTESIAN_POINT('Ctrl Pts',(-8.23516002442063,1.68226366379411,33.9999999986454));
#2405=CARTESIAN_POINT('Ctrl Pts',(-8.18075357206683,1.89440220385724,33.9999999986807));
#2406=CARTESIAN_POINT('Ctrl Pts',(-8.11841190448449,2.10423850245251,33.9999999987214));
#2407=CARTESIAN_POINT('Ctrl Pts',(-8.04827647905488,2.31127110562198,33.9999999987616));
#2408=CARTESIAN_POINT('Ctrl Pts',(-7.97861809938478,2.51689551849651,33.9999999988016));
#2409=CARTESIAN_POINT('Ctrl Pts',(-7.90127134388311,2.71975489512373,33.9999999988412));
#2410=CARTESIAN_POINT('Ctrl Pts',(-7.81632840262707,2.91933702264534,33.9999999988796));
#2411=CARTESIAN_POINT('Ctrl Pts',(-7.7318287155783,3.11787767907575,33.9999999989179));
#2412=CARTESIAN_POINT('Ctrl Pts',(-7.63981166736702,3.31317582629441,33.999999998955));
#2413=CARTESIAN_POINT('Ctrl Pts',(-7.54032583577185,3.50469696171507,33.9999999989953));
#2414=CARTESIAN_POINT('Ctrl Pts',(-7.44084000417669,3.69621809713573,33.9999999990356));
#2415=CARTESIAN_POINT('Ctrl Pts',(-7.33388519028712,3.88396287337477,33.999999999079));
#2416=CARTESIAN_POINT('Ctrl Pts',(-7.21947095814498,4.06735684071873,33.999999999135));
#2417=CARTESIAN_POINT('Ctrl Pts',(-7.1062950711553,4.24876587116982,33.9999999991904));
#2418=CARTESIAN_POINT('Ctrl Pts',(-6.9862510467622,4.42522690068691,33.9999999992588));
#2419=CARTESIAN_POINT('Ctrl Pts',(-6.85945927994038,4.59627009163178,33.9999999993278));
#2420=CARTESIAN_POINT('Ctrl Pts',(-6.78737182514067,4.69351669214145,33.999999999367));
#2421=CARTESIAN_POINT('Ctrl Pts',(-6.71310234344459,4.78901154418919,33.9999999994066));
#2422=CARTESIAN_POINT('Ctrl Pts',(-6.63666672338118,4.88266405919984,33.9999999994449));
#2423=CARTESIAN_POINT('Ctrl Pts',(-6.50210104236938,5.04754025763219,33.9999999995123));
#2424=CARTESIAN_POINT('Ctrl Pts',(-6.36082364846252,5.20670860180187,33.9999999995756));
#2425=CARTESIAN_POINT('Ctrl Pts',(-6.21331081989721,5.3599835485342,33.9999999996304));
#2426=CARTESIAN_POINT('Ctrl Pts',(-6.06468313804071,5.51441689674581,33.9999999996856));
#2427=CARTESIAN_POINT('Ctrl Pts',(-5.9097247886326,5.66286777657027,33.9999999997323));
#2428=CARTESIAN_POINT('Ctrl Pts',(-5.74889040471008,5.8051044333456,33.9999999997715));
#2429=CARTESIAN_POINT('Ctrl Pts',(-5.58816657765333,5.94724331725305,33.9999999998108));
#2430=CARTESIAN_POINT('Ctrl Pts',(-5.42157412645044,6.08317681726653,33.9999999998426));
#2431=CARTESIAN_POINT('Ctrl Pts',(-5.24954416012403,6.21262713517815,33.9999999998741));
#2432=CARTESIAN_POINT('Ctrl Pts',(-5.18147794014782,6.2638460826855,33.9999999998865));
#2433=CARTESIAN_POINT('Ctrl Pts',(-5.11256027901989,6.31404954670827,33.999999999899));
#2434=CARTESIAN_POINT('Ctrl Pts',(-5.04281725486886,6.36321814657935,33.9999999999121));
#2435=CARTESIAN_POINT('Ctrl Pts',(-4.86646949674081,6.48754272904632,33.9999999999454));
#2436=CARTESIAN_POINT('Ctrl Pts',(-4.68552339237776,6.60477714252382,33.9999999999716));
#2437=CARTESIAN_POINT('Ctrl Pts',(-4.50048835246333,6.71473940238735,33.9999999999862));
#2438=CARTESIAN_POINT('Ctrl Pts',(-4.3832190403574,6.78442997871157,33.9999999999954));
#2439=CARTESIAN_POINT('Ctrl Pts',(-4.26430662674263,6.85119880469886,34.));
#2440=CARTESIAN_POINT('Ctrl Pts',(-4.14387473536007,6.91499060649675,34.));
#2441=CARTESIAN_POINT('Ctrl Pts',(-4.14349342139765,7.88300286041593,29.));
#2442=CARTESIAN_POINT('Ctrl Pts',(-3.93678160174303,7.97988935280046,29.));
#2443=CARTESIAN_POINT('Ctrl Pts',(-3.72682066312371,8.06893103595954,28.9999999999963));
#2444=CARTESIAN_POINT('Ctrl Pts',(-3.51408290638779,8.14992072133215,28.9999999999839));
#2445=CARTESIAN_POINT('Ctrl Pts',(-3.30267955345273,8.23040239653464,28.9999999999716));
#2446=CARTESIAN_POINT('Ctrl Pts',(-3.08853344712916,8.30293298458185,28.9999999999508));
#2447=CARTESIAN_POINT('Ctrl Pts',(-2.87209066559648,8.36726124794536,28.9999999999201));
#2448=CARTESIAN_POINT('Ctrl Pts',(-2.65801781415776,8.43088515200357,28.9999999998897));
#2449=CARTESIAN_POINT('Ctrl Pts',(-2.44169769059006,8.48648553762384,28.9999999998496));
#2450=CARTESIAN_POINT('Ctrl Pts',(-2.22355429428542,8.53376952864054,28.9999999998023));
#2451=CARTESIAN_POINT('Ctrl Pts',(-2.01061148725844,8.57992625831973,28.999999999756));
#2452=CARTESIAN_POINT('Ctrl Pts',(-1.79593077007256,8.61815843935402,28.9999999997028));
#2453=CARTESIAN_POINT('Ctrl Pts',(-1.57990770047117,8.64814456187852,28.9999999996482));
#2454=CARTESIAN_POINT('Ctrl Pts',(-1.43069809507607,8.66885631973598,28.9999999996104));
#2455=CARTESIAN_POINT('Ctrl Pts',(-1.28084809932445,8.68563302295937,28.9999999995721));
#2456=CARTESIAN_POINT('Ctrl Pts',(-1.13049037210024,8.6983543069082,28.9999999995361));
#2457=CARTESIAN_POINT('Ctrl Pts',(-1.00644992328054,8.70884897053278,28.9999999995064));
#2458=CARTESIAN_POINT('Ctrl Pts',(-0.882324104961224,8.71656134898346,28.9999999994788));
#2459=CARTESIAN_POINT('Ctrl Pts',(-0.758187605011655,8.72145305101034,28.9999999994522));
#2460=CARTESIAN_POINT('Ctrl Pts',(-0.539226549687274,8.7300813935089,28.9999999994051));
#2461=CARTESIAN_POINT('Ctrl Pts',(-0.320232281542635,8.72993702253633,28.9999999993605));
#2462=CARTESIAN_POINT('Ctrl Pts',(-0.101652292925649,8.72128619222355,28.9999999993137));
#2463=CARTESIAN_POINT('Ctrl Pts',(0.121654212681956,8.71244829859946,28.9999999992659));
#2464=CARTESIAN_POINT('Ctrl Pts',(0.344528982937922,8.69473197653126,28.9999999992158));
#2465=CARTESIAN_POINT('Ctrl Pts',(0.566491988982114,8.66836693123793,28.9999999991624));
#2466=CARTESIAN_POINT('Ctrl Pts',(0.789473036052114,8.6418809617499,28.9999999991088));
#2467=CARTESIAN_POINT('Ctrl Pts',(1.01153461502779,8.60666649154226,28.9999999990519));
#2468=CARTESIAN_POINT('Ctrl Pts',(1.23217707833266,8.56290531542542,28.9999999989949));
#2469=CARTESIAN_POINT('Ctrl Pts',(1.45161564733244,8.51938291397562,28.9999999989382));
#2470=CARTESIAN_POINT('Ctrl Pts',(1.66965118473685,8.46740649376181,28.9999999988815));
#2471=CARTESIAN_POINT('Ctrl Pts',(1.88576953435655,8.40710898378968,28.9999999988324));
#2472=CARTESIAN_POINT('Ctrl Pts',(1.99220449284042,8.37741338884433,28.9999999988082));
#2473=CARTESIAN_POINT('Ctrl Pts',(2.09817404714488,8.34569891346803,28.9999999987859));
#2474=CARTESIAN_POINT('Ctrl Pts',(2.20361402331701,8.31197767010272,28.9999999987669));
#2475=CARTESIAN_POINT('Ctrl Pts',(2.41507080727804,8.24435070420171,28.9999999987286));
#2476=CARTESIAN_POINT('Ctrl Pts',(2.62359777291824,8.16891208164417,28.9999999987039));
#2477=CARTESIAN_POINT('Ctrl Pts',(2.82873842386139,8.08589881012234,28.9999999986841));
#2478=CARTESIAN_POINT('Ctrl Pts',(3.03435194037989,8.0026941863833,28.9999999986642));
#2479=CARTESIAN_POINT('Ctrl Pts',(3.23656416726936,7.91187965779083,28.9999999986492));
#2480=CARTESIAN_POINT('Ctrl Pts',(3.43489767338643,7.81364503520349,28.9999999986347));
#2481=CARTESIAN_POINT('Ctrl Pts',(3.6317607906411,7.71613869649406,28.9999999986203));
#2482=CARTESIAN_POINT('Ctrl Pts',(3.82480307961533,7.61132153114215,28.9999999986065));
#2483=CARTESIAN_POINT('Ctrl Pts',(4.01353089378088,7.49933599726527,28.9999999985933));
#2484=CARTESIAN_POINT('Ctrl Pts',(4.20391510116397,7.38636760837257,28.99999999858));
#2485=CARTESIAN_POINT('Ctrl Pts',(4.38990946262334,7.26610424260571,28.9999999985674));
#2486=CARTESIAN_POINT('Ctrl Pts',(4.5709700931788,7.13865220030209,28.9999999985605));
#2487=CARTESIAN_POINT('Ctrl Pts',(4.75203072373427,7.01120015799847,28.9999999985535));
#2488=CARTESIAN_POINT('Ctrl Pts',(4.92815827914248,6.87655915816005,28.9999999985522));
#2489=CARTESIAN_POINT('Ctrl Pts',(5.09876183240461,6.73479965072837,28.9999999985665));
#2490=CARTESIAN_POINT('Ctrl Pts',(5.26560938836562,6.5961611118647,28.9999999985805));
#2491=CARTESIAN_POINT('Ctrl Pts',(5.42654047062312,6.45123949898395,28.9999999986101));
#2492=CARTESIAN_POINT('Ctrl Pts',(5.58110349631735,6.30020118644175,28.9999999986451));
#2493=CARTESIAN_POINT('Ctrl Pts',(5.59940626005931,6.28231580578214,28.9999999986492));
#2494=CARTESIAN_POINT('Ctrl Pts',(5.61761969086503,6.26434460737987,28.9999999986534));
#2495=CARTESIAN_POINT('Ctrl Pts',(5.63574300744984,6.24628783022802,28.9999999986577));
#2496=CARTESIAN_POINT('Ctrl Pts',(5.78852017690252,6.09407157942262,28.9999999986938));
#2497=CARTESIAN_POINT('Ctrl Pts',(5.93489690978004,5.93577684611804,28.9999999987344));
#2498=CARTESIAN_POINT('Ctrl Pts',(6.07474194039504,5.77190088722335,28.9999999987742));
#2499=CARTESIAN_POINT('Ctrl Pts',(6.21576267215758,5.60664719504718,28.9999999988144));
#2500=CARTESIAN_POINT('Ctrl Pts',(6.35014170438593,5.43571739942967,28.9999999988538));
#2501=CARTESIAN_POINT('Ctrl Pts',(6.47770079587423,5.25959031300234,28.9999999988924));
#2502=CARTESIAN_POINT('Ctrl Pts',(6.605285018086,5.08342852735402,28.9999999989309));
#2503=CARTESIAN_POINT('Ctrl Pts',(6.72604685445043,4.90206672446202,28.9999999989685));
#2504=CARTESIAN_POINT('Ctrl Pts',(6.83976056475236,4.71596300005293,28.9999999990102));
#2505=CARTESIAN_POINT('Ctrl Pts',(6.93850593374836,4.55435644540343,28.9999999990464));
#2506=CARTESIAN_POINT('Ctrl Pts',(7.03193593607487,4.38917359310438,28.9999999990858));
#2507=CARTESIAN_POINT('Ctrl Pts',(7.11987159989293,4.22070752088144,28.999999999135));
#2508=CARTESIAN_POINT('Ctrl Pts',(7.21933921810977,4.0301486710724,28.9999999991906));
#2509=CARTESIAN_POINT('Ctrl Pts',(7.31139805962207,3.83611782763455,28.9999999992593));
#2510=CARTESIAN_POINT('Ctrl Pts',(7.39591901180328,3.63909376278215,28.9999999993286));
#2511=CARTESIAN_POINT('Ctrl Pts',(7.4808712651648,3.44106430566275,28.9999999993983));
#2512=CARTESIAN_POINT('Ctrl Pts',(7.55820875453187,3.24001033559109,28.9999999994685));
#2513=CARTESIAN_POINT('Ctrl Pts',(7.62775305115982,3.03639567521265,28.9999999995319));
#2514=CARTESIAN_POINT('Ctrl Pts',(7.69688774751561,2.83398025940714,28.999999999595));
#2515=CARTESIAN_POINT('Ctrl Pts',(7.75832094788314,2.62903355624151,28.9999999996513));
#2516=CARTESIAN_POINT('Ctrl Pts',(7.81182770578569,2.42199930312631,28.9999999996989));
#2517=CARTESIAN_POINT('Ctrl Pts',(7.86432506470944,2.21887072794532,28.9999999997457));
#2518=CARTESIAN_POINT('Ctrl Pts',(7.90919227328321,2.01373201137571,28.9999999997841));
#2519=CARTESIAN_POINT('Ctrl Pts',(7.94616751268769,1.80700019809724,28.9999999998176));
#2520=CARTESIAN_POINT('Ctrl Pts',(7.98314275209218,1.60026838481877,28.9999999998511));
#2521=CARTESIAN_POINT('Ctrl Pts',(8.01222623415947,1.39194288855178,28.9999999998797));
#2522=CARTESIAN_POINT('Ctrl Pts',(8.03310412246108,1.18244757265146,28.9999999999121));
#2523=CARTESIAN_POINT('Ctrl Pts',(8.05442391231705,0.968518077183385,28.9999999999453));
#2524=CARTESIAN_POINT('Ctrl Pts',(8.06710516380882,0.754187762382514,28.9999999999715));
#2525=CARTESIAN_POINT('Ctrl Pts',(8.07095748030878,0.539921412350291,28.999999999986));
#2526=CARTESIAN_POINT('Ctrl Pts',(8.07341918520027,0.403001062748067,28.9999999999953));
#2527=CARTESIAN_POINT('Ctrl Pts',(8.072274624622,0.266106619999049,29.));
#2528=CARTESIAN_POINT('Ctrl Pts',(8.06746295867297,0.129358649598941,29.));
#2529=CARTESIAN_POINT('Origin',(7.,0.,35.4));
#2530=CARTESIAN_POINT('',(-7.,-8.57252759403147E-16,35.4));
#2531=CARTESIAN_POINT('Origin',(0.,0.,35.4));
#2532=CARTESIAN_POINT('',(-2.,-2.44929359829471E-16,35.4));
#2533=CARTESIAN_POINT('Origin',(0.,0.,35.4));
#2534=CARTESIAN_POINT('Origin',(0.,0.,32.2));
#2535=CARTESIAN_POINT('',(-7.,-8.57252759403147E-16,29.));
#2536=CARTESIAN_POINT('',(-7.,-8.57252759403147E-16,32.2));
#2537=CARTESIAN_POINT('Origin',(0.,0.,29.));
#2538=CARTESIAN_POINT('Origin',(9.,0.,29.));
#2539=CARTESIAN_POINT('Origin',(11.,0.,34.));
#2540=CARTESIAN_POINT('',(-11.,-1.34711147906209E-15,34.));
#2541=CARTESIAN_POINT('Origin',(0.,0.,34.));
#2542=CARTESIAN_POINT('Origin',(0.,0.,35.));
#2543=CARTESIAN_POINT('',(-11.,-1.34711147906209E-15,36.));
#2544=CARTESIAN_POINT('Origin',(0.,0.,36.));
#2545=CARTESIAN_POINT('',(-11.,-1.34711147906209E-15,35.));
#2546=CARTESIAN_POINT('Origin',(2.,0.,36.));
#2547=CARTESIAN_POINT('',(-2.,-2.44929359829471E-16,36.));
#2548=CARTESIAN_POINT('Origin',(0.,0.,36.));
#2549=CARTESIAN_POINT('Origin',(0.,0.,35.7));
#2550=CARTESIAN_POINT('',(-2.,-2.44929359829471E-16,35.7));
#2551=CARTESIAN_POINT('Origin',(0.,0.,4.));
#2552=CARTESIAN_POINT('',(-8.26303626456392,0.000194591730670389,27.8282382949161));
#2553=CARTESIAN_POINT('',(-8.26245564409907,-0.000109549308718038,27.4217617050839));
#2554=CARTESIAN_POINT('',(-8.263,-1.01192565013546E-15,4.));
#2555=CARTESIAN_POINT('',(1.60818513665295,8.10499287885242,27.));
#2556=CARTESIAN_POINT('Ctrl Pts',(-8.26245564409907,-0.000109549308718038,
27.4217617050839));
#2557=CARTESIAN_POINT('Ctrl Pts',(-8.26202001235378,0.818542077071025,27.3981136606921));
#2558=CARTESIAN_POINT('Ctrl Pts',(-8.14103987733404,1.63731517857937,27.3744656163003));
#2559=CARTESIAN_POINT('Ctrl Pts',(-7.90143968396764,2.41974119158934,27.3508175719085));
#2560=CARTESIAN_POINT('Ctrl Pts',(-7.5065000119405,3.70943578082164,27.3118378416965));
#2561=CARTESIAN_POINT('Ctrl Pts',(-6.78927145543214,4.90037588645685,27.2728581114844));
#2562=CARTESIAN_POINT('Ctrl Pts',(-5.83393633871365,5.85263845946773,27.2338783812723));
#2563=CARTESIAN_POINT('Ctrl Pts',(-4.87860122199516,6.80490103247862,27.1948986510603));
#2564=CARTESIAN_POINT('Ctrl Pts',(-3.68515954506654,7.51848607286517,27.1559189208482));
#2565=CARTESIAN_POINT('Ctrl Pts',(-2.39430453411051,7.90915431230335,27.1169391906362));
#2566=CARTESIAN_POINT('Ctrl Pts',(-1.10344952315448,8.29982255174153,27.0779594604241));
#2567=CARTESIAN_POINT('Ctrl Pts',(0.284818821828957,8.36757399023134,27.0389797302121));
#2568=CARTESIAN_POINT('Ctrl Pts',(1.60818513665303,8.10499287885241,27.));
#2569=CARTESIAN_POINT('',(-8.263,-1.01192565013546E-15,27.));
#2570=CARTESIAN_POINT('Origin',(0.,0.,27.));
#2571=CARTESIAN_POINT('',(-8.263,-1.01192565013546E-15,4.));
#2572=CARTESIAN_POINT('',(-8.263,-1.01192565013546E-15,4.));
#2573=CARTESIAN_POINT('Origin',(0.,0.,4.));
#2574=CARTESIAN_POINT('',(7.82352653828866,-2.66003137325589,27.));
#2575=CARTESIAN_POINT('Origin',(0.,0.,27.));
#2576=CARTESIAN_POINT('Ctrl Pts',(7.82352653828866,-2.66003137325589,27.));
#2577=CARTESIAN_POINT('Ctrl Pts',(8.19606874026442,-1.56111297105967,27.0335292508218));
#2578=CARTESIAN_POINT('Ctrl Pts',(8.33593409294149,-0.382652809774931,27.0670585016436));
#2579=CARTESIAN_POINT('Ctrl Pts',(8.22747100551995,0.772490961488698,27.1005877524654));
#2580=CARTESIAN_POINT('Ctrl Pts',(8.10137627384434,2.11541367692031,27.1395674826774));
#2581=CARTESIAN_POINT('Ctrl Pts',(7.63965490690977,3.4268232820289,27.1785472128895));
#2582=CARTESIAN_POINT('Ctrl Pts',(6.89657770079429,4.55251125286659,27.2175269431016));
#2583=CARTESIAN_POINT('Ctrl Pts',(6.15350049467881,5.67819922370426,27.2565066733136));
#2584=CARTESIAN_POINT('Ctrl Pts',(5.12906744938242,6.61816556027103,27.2954864035257));
#2585=CARTESIAN_POINT('Ctrl Pts',(3.94375152536758,7.26188128649972,27.3344661337378));
#2586=CARTESIAN_POINT('Ctrl Pts',(2.75843560135273,7.90559701272841,27.3734458639498));
#2587=CARTESIAN_POINT('Ctrl Pts',(1.41223679861944,8.25306212861902,27.4124255941619));
#2588=CARTESIAN_POINT('Ctrl Pts',(0.063447786643353,8.26341828036658,27.4514053243739));
#2589=CARTESIAN_POINT('Ctrl Pts',(-1.28534122533273,8.27377443211415,27.490385054586));
#2590=CARTESIAN_POINT('Ctrl Pts',(-2.6367204465516,7.94702161971867,27.529364784798));
#2591=CARTESIAN_POINT('Ctrl Pts',(-3.83178004745416,7.32158250078574,27.5683445150101));
#2592=CARTESIAN_POINT('Ctrl Pts',(-5.02683964835671,6.69614338185282,27.6073242452222));
#2593=CARTESIAN_POINT('Ctrl Pts',(-6.06557962894297,5.77201795638244,27.6463039754342));
#2594=CARTESIAN_POINT('Ctrl Pts',(-6.82585697471647,4.65787304750841,27.6852837056463));
#2595=CARTESIAN_POINT('Ctrl Pts',(-7.58613432048999,3.54372813863437,27.7242634358583));
#2596=CARTESIAN_POINT('Ctrl Pts',(-8.06794903145075,2.23956374635669,27.7632431660704));
#2597=CARTESIAN_POINT('Ctrl Pts',(-8.21464441617687,0.898735170546684,27.8022228962825));
#2598=CARTESIAN_POINT('Ctrl Pts',(-8.24727965925151,0.600441760875526,27.810894695827));
#2599=CARTESIAN_POINT('Ctrl Pts',(-8.26332895519041,0.300333743205853,27.8195664953715));
#2600=CARTESIAN_POINT('Ctrl Pts',(-8.26303626456392,0.000194591730670389,
27.8282382949161));
#2601=CARTESIAN_POINT('Origin',(0.,0.,4.));
#2602=CARTESIAN_POINT('',(-8.26361572031265,6.46378519363319E-5,29.3282382949161));
#2603=CARTESIAN_POINT('',(-8.26239310493873,7.54023496543632E-5,28.9217617050839));
#2604=CARTESIAN_POINT('',(-8.263,-1.01192565013546E-15,4.));
#2605=CARTESIAN_POINT('Ctrl Pts',(-8.26239310493873,7.54023496543632E-5,
28.9217617050839));
#2606=CARTESIAN_POINT('Ctrl Pts',(-8.26258727485533,0.585531055460756,28.9048501534489));
#2607=CARTESIAN_POINT('Ctrl Pts',(-8.20118557065502,1.17094656549181,28.8879386018139));
#2608=CARTESIAN_POINT('Ctrl Pts',(-8.07775549324271,1.74297790255452,28.8710270501789));
#2609=CARTESIAN_POINT('Ctrl Pts',(-7.79325935584373,3.06146290456804,28.8320473199668));
#2610=CARTESIAN_POINT('Ctrl Pts',(-7.17922853003935,4.3088425552674,28.7930675897547));
#2611=CARTESIAN_POINT('Ctrl Pts',(-6.30786624269654,5.3384388360114,28.7540878595427));
#2612=CARTESIAN_POINT('Ctrl Pts',(-5.43650395535373,6.36803511675541,28.7151081293306));
#2613=CARTESIAN_POINT('Ctrl Pts',(-4.30781020647248,7.17984802754407,28.6761283991186));
#2614=CARTESIAN_POINT('Ctrl Pts',(-3.05450682994236,7.6784173984918,28.6371486689065));
#2615=CARTESIAN_POINT('Ctrl Pts',(-1.80120345341224,8.17698676943953,28.5981689386944));
#2616=CARTESIAN_POINT('Ctrl Pts',(-0.42329044923324,8.36231260054633,28.5591892084824));
#2617=CARTESIAN_POINT('Ctrl Pts',(0.917204841581566,8.21260258550059,28.5202094782703));
#2618=CARTESIAN_POINT('Ctrl Pts',(2.25770013239639,8.06289257045484,28.4812297480583));
#2619=CARTESIAN_POINT('Ctrl Pts',(3.56077770984702,7.57814670925653,28.4422500178462));
#2620=CARTESIAN_POINT('Ctrl Pts',(4.67321022813097,6.81536582855672,28.4032702876342));
#2621=CARTESIAN_POINT('Ctrl Pts',(5.78564274641493,6.0525849478569,28.3642905574221));
#2622=CARTESIAN_POINT('Ctrl Pts',(6.7074302055322,5.01176904765557,28.32531082721));
#2623=CARTESIAN_POINT('Ctrl Pts',(7.33018038066359,3.81530634370737,28.286331096998));
#2624=CARTESIAN_POINT('Ctrl Pts',(7.95293055579498,2.61884363975919,28.2473513667859));
#2625=CARTESIAN_POINT('Ctrl Pts',(8.2766434469405,1.26673413206414,28.2083716365739));
#2626=CARTESIAN_POINT('Ctrl Pts',(8.26325451338634,-0.0820287199008514,
28.1693919063618));
#2627=CARTESIAN_POINT('Ctrl Pts',(8.24986557983218,-1.43079157186585,28.1304121761497));
#2628=CARTESIAN_POINT('Ctrl Pts',(7.89937482157834,-2.77620776810079,28.0914324459377));
#2629=CARTESIAN_POINT('Ctrl Pts',(7.25299503257307,-3.96007207245194,28.0524527157256));
#2630=CARTESIAN_POINT('Ctrl Pts',(6.6066152435678,-5.14393637680309,28.0134729855135));
#2631=CARTESIAN_POINT('Ctrl Pts',(5.66434642381109,-6.16624878927046,27.9744932553015));
#2632=CARTESIAN_POINT('Ctrl Pts',(4.53699104103894,-6.90679511263517,27.9355135250894));
#2633=CARTESIAN_POINT('Ctrl Pts',(3.40963565826679,-7.64734143599989,27.8965337948774));
#2634=CARTESIAN_POINT('Ctrl Pts',(2.0971937124792,-8.10612167026197,27.8575540646653));
#2635=CARTESIAN_POINT('Ctrl Pts',(0.75398950266691,-8.22919162165406,27.8185743344532));
#2636=CARTESIAN_POINT('Ctrl Pts',(-0.589214707145376,-8.35226157304615,
27.7795946042412));
#2637=CARTESIAN_POINT('Ctrl Pts',(-1.96318118098236,-8.13962124156826,27.7406148740291));
#2638=CARTESIAN_POINT('Ctrl Pts',(-3.20633788210391,-7.61626807811377,27.7016351438171));
#2639=CARTESIAN_POINT('Ctrl Pts',(-4.44949458322546,-7.09291491465927,27.662655413605));
#2640=CARTESIAN_POINT('Ctrl Pts',(-5.56184151163157,-6.25884891922817,27.623675683393));
#2641=CARTESIAN_POINT('Ctrl Pts',(-6.41259705767611,-5.21216069143007,27.5846959531809));
#2642=CARTESIAN_POINT('Ctrl Pts',(-7.26335260372066,-4.16547246363196,27.5457162229688));
#2643=CARTESIAN_POINT('Ctrl Pts',(-7.85251676740365,-2.90616200346684,27.5067364927568));
#2644=CARTESIAN_POINT('Ctrl Pts',(-8.11077345547218,-1.58228223696959,27.4677567625447));
#2645=CARTESIAN_POINT('Ctrl Pts',(-8.2123521575542,-1.06156779042736,27.4524250767244));
#2646=CARTESIAN_POINT('Ctrl Pts',(-8.26273807629268,-0.530864199627911,
27.4370933909042));
#2647=CARTESIAN_POINT('Ctrl Pts',(-8.26245564409907,-0.000109549308718038,
27.4217617050839));
#2648=CARTESIAN_POINT('Ctrl Pts',(-8.26303626456392,0.000194591730670389,
27.8282382949161));
#2649=CARTESIAN_POINT('Ctrl Pts',(-8.26201331111936,-1.04879144015283,27.8585462255836));
#2650=CARTESIAN_POINT('Ctrl Pts',(-8.06137269836637,-2.09815777202963,27.8888541562511));
#2651=CARTESIAN_POINT('Ctrl Pts',(-7.67152946300191,-3.07176525919309,27.9191620869186));
#2652=CARTESIAN_POINT('Ctrl Pts',(-7.17014306660933,-4.32394435378054,27.9581418171307));
#2653=CARTESIAN_POINT('Ctrl Pts',(-6.3557942153327,-5.45080978361315,27.9971215473428));
#2654=CARTESIAN_POINT('Ctrl Pts',(-5.32424114970637,-6.31985466739787,28.0361012775548));
#2655=CARTESIAN_POINT('Ctrl Pts',(-4.29268808408002,-7.18889955118261,28.0750810077669));
#2656=CARTESIAN_POINT('Ctrl Pts',(-3.04393080410398,-7.80012388891944,28.1140607379789));
#2657=CARTESIAN_POINT('Ctrl Pts',(-1.72480938478362,-8.08165448390201,28.153040468191));
#2658=CARTESIAN_POINT('Ctrl Pts',(-0.405687965463257,-8.36318507888459,
28.1920201984031));
#2659=CARTESIAN_POINT('Ctrl Pts',(0.983797593201429,-8.3150219311129,28.2309999286151));
#2660=CARTESIAN_POINT('Ctrl Pts',(2.28025924077149,-7.94282849035484,28.2699796588272));
#2661=CARTESIAN_POINT('Ctrl Pts',(3.57672088834155,-7.57063504959678,28.3089593890393));
#2662=CARTESIAN_POINT('Ctrl Pts',(4.78015862481698,-6.87441131585235,28.3479391192513));
#2663=CARTESIAN_POINT('Ctrl Pts',(5.74906150637641,-5.9360254770222,28.3869188494634));
#2664=CARTESIAN_POINT('Ctrl Pts',(6.71796438793583,-4.99763963819205,28.4258985796754));
#2665=CARTESIAN_POINT('Ctrl Pts',(7.45233241457924,-3.81709169427617,28.4648783098875));
#2666=CARTESIAN_POINT('Ctrl Pts',(7.86581206228851,-2.53320098549147,28.5038580400996));
#2667=CARTESIAN_POINT('Ctrl Pts',(8.27929170999778,-1.24931027670677,28.5428377703116));
#2668=CARTESIAN_POINT('Ctrl Pts',(8.37188297877291,0.137923196946763,28.5818175005236));
#2669=CARTESIAN_POINT('Ctrl Pts',(8.13269815848544,1.46537616927614,28.6207972307357));
#2670=CARTESIAN_POINT('Ctrl Pts',(7.89351333819797,2.79282914160552,28.6597769609478));
#2671=CARTESIAN_POINT('Ctrl Pts',(7.3225524288479,4.06050161261076,28.6987566911599));
#2672=CARTESIAN_POINT('Ctrl Pts',(6.48695410093094,5.11932936390947,28.7377364213719));
#2673=CARTESIAN_POINT('Ctrl Pts',(5.65135577301396,6.17815711520822,28.776716151584));
#2674=CARTESIAN_POINT('Ctrl Pts',(4.5511200265301,7.02814014680043,28.815695881796));
#2675=CARTESIAN_POINT('Ctrl Pts',(3.31562237779435,7.56932988418147,28.8546756120081));
#2676=CARTESIAN_POINT('Ctrl Pts',(2.08012472905864,8.11051962156251,28.8936553422201));
#2677=CARTESIAN_POINT('Ctrl Pts',(0.70936517807106,8.3429160647324,28.9326350724322));
#2678=CARTESIAN_POINT('Ctrl Pts',(-0.635470159267513,8.23919197030608,28.9716148026443));
#2679=CARTESIAN_POINT('Ctrl Pts',(-1.98030549660609,8.13546787587977,29.0105945328563));
#2680=CARTESIAN_POINT('Ctrl Pts',(-3.29921662029567,7.69562324385725,29.0495742630684));
#2681=CARTESIAN_POINT('Ctrl Pts',(-4.43711421498089,6.97137892312983,29.0885539932804));
#2682=CARTESIAN_POINT('Ctrl Pts',(-5.57501180966612,6.24713460240241,29.1275337234925));
#2683=CARTESIAN_POINT('Ctrl Pts',(-6.53189587534698,5.2384905929701,29.1665134537046));
#2684=CARTESIAN_POINT('Ctrl Pts',(-7.1952474618565,4.06405224002923,29.2054931839166));
#2685=CARTESIAN_POINT('Ctrl Pts',(-7.85859904836602,2.88961388708836,29.2444729141287));
#2686=CARTESIAN_POINT('Ctrl Pts',(-8.22841815570419,1.54938119063894,29.2834526443407));
#2687=CARTESIAN_POINT('Ctrl Pts',(-8.26121815983298,0.200950646676576,29.3224323745528));
#2688=CARTESIAN_POINT('Ctrl Pts',(-8.2628466490576,0.134002343793022,29.3243676813406));
#2689=CARTESIAN_POINT('Ctrl Pts',(-8.26364437651709,0.0670338329799911,
29.3263029881283));
#2690=CARTESIAN_POINT('Ctrl Pts',(-8.26361572031265,6.46378519363319E-5,
29.3282382949161));
#2691=CARTESIAN_POINT('Origin',(0.,0.,4.));
#2692=CARTESIAN_POINT('',(-8.26341915527694,-0.000143666179898631,30.8282382949161));
#2693=CARTESIAN_POINT('',(-8.26288252866125,0.000194265432766072,30.4217617050839));
#2694=CARTESIAN_POINT('',(-8.263,-1.01192565013546E-15,4.));
#2695=CARTESIAN_POINT('Ctrl Pts',(-8.26288252866125,0.000194265432766072,
30.4217617050839));
#2696=CARTESIAN_POINT('Ctrl Pts',(-8.26321274987392,0.352381492359316,30.4115866462057));
#2697=CARTESIAN_POINT('Ctrl Pts',(-8.24109913095173,0.704527541842358,30.4014115873274));
#2698=CARTESIAN_POINT('Ctrl Pts',(-8.19620207248373,1.05374443919919,30.3912365284492));
#2699=CARTESIAN_POINT('Ctrl Pts',(-8.02420550250412,2.39156278574218,30.3522567982371));
#2700=CARTESIAN_POINT('Ctrl Pts',(-7.5178421818948,3.68639328242294,30.3132770680251));
#2701=CARTESIAN_POINT('Ctrl Pts',(-6.73665481935114,4.78597822822531,30.274297337813));
#2702=CARTESIAN_POINT('Ctrl Pts',(-5.95546745680749,5.88556317402769,30.235317607601));
#2703=CARTESIAN_POINT('Ctrl Pts',(-4.89945605232949,6.78990256895168,30.1963378773889));
#2704=CARTESIAN_POINT('Ctrl Pts',(-3.69279583125303,7.3926561332727,30.1573581471768));
#2705=CARTESIAN_POINT('Ctrl Pts',(-2.48613561017657,7.99540969759373,30.1183784169648));
#2706=CARTESIAN_POINT('Ctrl Pts',(-1.12882657250164,8.29657743131179,30.0793986867527));
#2707=CARTESIAN_POINT('Ctrl Pts',(0.219526797502192,8.26074535022684,30.0404189565407));
#2708=CARTESIAN_POINT('Ctrl Pts',(1.56788016750603,8.2249132691419,30.0014392263286));
#2709=CARTESIAN_POINT('Ctrl Pts',(2.90727786983877,7.85208137325395,29.9624594961165));
#2710=CARTESIAN_POINT('Ctrl Pts',(4.0802215945349,7.18609055715769,29.9234797659045));
#2711=CARTESIAN_POINT('Ctrl Pts',(5.25316531923101,6.52009974106144,29.8845000356924));
#2712=CARTESIAN_POINT('Ctrl Pts',(6.25965506629051,5.56095000475689,29.8455203054804));
#2713=CARTESIAN_POINT('Ctrl Pts',(6.98133880790095,4.42142671604109,29.8065405752683));
#2714=CARTESIAN_POINT('Ctrl Pts',(7.70302254951141,3.28190342732527,29.7675608450563));
#2715=CARTESIAN_POINT('Ctrl Pts',(8.1399002856728,1.9620065861982,29.7285811148442));
#2716=CARTESIAN_POINT('Ctrl Pts',(8.24060004147148,0.616941417652552,29.6896013846321));
#2717=CARTESIAN_POINT('Ctrl Pts',(8.34129979727016,-0.728123750893095,29.6506216544201));
#2718=CARTESIAN_POINT('Ctrl Pts',(8.10582157270613,-2.09835724685732,29.611641924208));
#2719=CARTESIAN_POINT('Ctrl Pts',(7.5618549945878,-3.33263481298852,29.5726621939959));
#2720=CARTESIAN_POINT('Ctrl Pts',(7.01788841646948,-4.56691237911972,29.5336824637839));
#2721=CARTESIAN_POINT('Ctrl Pts',(6.16543348479687,-5.66523401541791,29.4947027335718));
#2722=CARTESIAN_POINT('Ctrl Pts',(5.10472944185019,-6.49844928284088,29.4557230033598));
#2723=CARTESIAN_POINT('Ctrl Pts',(4.04402539890349,-7.33166455026387,29.4167432731477));
#2724=CARTESIAN_POINT('Ctrl Pts',(2.7750722446827,-7.89977344881163,29.3777635429356));
#2725=CARTESIAN_POINT('Ctrl Pts',(1.44708479221853,-8.13597267455536,29.3387838127236));
#2726=CARTESIAN_POINT('Ctrl Pts',(0.119097339754369,-8.37217190029909,29.2998040825115));
#2727=CARTESIAN_POINT('Ctrl Pts',(-1.26792441095317,-8.27646145323879,29.2608243522995));
#2728=CARTESIAN_POINT('Ctrl Pts',(-2.55088209102526,-7.86009582070641,29.2218446220874));
#2729=CARTESIAN_POINT('Ctrl Pts',(-3.83383977109736,-7.44373018817402,29.1828648918753));
#2730=CARTESIAN_POINT('Ctrl Pts',(-5.012733380534,-6.70670937016955,29.1438851616633));
#2731=CARTESIAN_POINT('Ctrl Pts',(-5.94893810836201,-5.73569883682553,29.1049054314512));
#2732=CARTESIAN_POINT('Ctrl Pts',(-6.88514283619002,-4.76468830348152,29.0659257012392));
#2733=CARTESIAN_POINT('Ctrl Pts',(-7.5786586824094,-3.55968805479797,29.0269459710271));
#2734=CARTESIAN_POINT('Ctrl Pts',(-7.94793588102232,-2.26239275379235,28.9879662408151));
#2735=CARTESIAN_POINT('Ctrl Pts',(-8.15700031320503,-1.52793553169253,28.965898062238));
#2736=CARTESIAN_POINT('Ctrl Pts',(-8.26213972922925,-0.763895886662174,
28.943829883661));
#2737=CARTESIAN_POINT('Ctrl Pts',(-8.26239310493873,7.54023496543632E-5,
28.9217617050839));
#2738=CARTESIAN_POINT('Ctrl Pts',(-8.26361572031265,6.46378519363319E-5,
29.3282382949161));
#2739=CARTESIAN_POINT('Ctrl Pts',(-8.26306720129861,-1.28181750941047,29.3652827183404));
#2740=CARTESIAN_POINT('Ctrl Pts',(-7.95973827908141,-2.56395038425613,29.4023271417647));
#2741=CARTESIAN_POINT('Ctrl Pts',(-7.38433365348115,-3.7094100799145,29.439371565189));
#2742=CARTESIAN_POINT('Ctrl Pts',(-6.77886824208111,-4.91471187106792,29.4783512954011));
#2743=CARTESIAN_POINT('Ctrl Pts',(-5.87215651836162,-5.96868706189944,29.5173310256131));
#2744=CARTESIAN_POINT('Ctrl Pts',(-4.77081772160553,-6.74739986321083,29.5563107558252));
#2745=CARTESIAN_POINT('Ctrl Pts',(-3.66947892484944,-7.52611266452221,29.5952904860372));
#2746=CARTESIAN_POINT('Ctrl Pts',(-2.37351305505675,-8.02956307631345,29.6342702162493));
#2747=CARTESIAN_POINT('Ctrl Pts',(-1.03531132051966,-8.19855091564751,29.6732499464613));
#2748=CARTESIAN_POINT('Ctrl Pts',(0.302890414017439,-8.36753875498156,29.7122296766734));
#2749=CARTESIAN_POINT('Ctrl Pts',(1.68332801329894,-8.20206402185843,29.7512094068855));
#2750=CARTESIAN_POINT('Ctrl Pts',(2.94367733079973,-7.72158470904749,29.7901891370975));
#2751=CARTESIAN_POINT('Ctrl Pts',(4.20402664830051,-7.24110539623656,29.8291688673096));
#2752=CARTESIAN_POINT('Ctrl Pts',(5.34428768402057,-6.44562150373784,29.8681485975217));
#2753=CARTESIAN_POINT('Ctrl Pts',(6.23037839069491,-5.42867311187719,29.9071283277337));
#2754=CARTESIAN_POINT('Ctrl Pts',(7.11646909736925,-4.41172472001653,29.9461080579458));
#2755=CARTESIAN_POINT('Ctrl Pts',(7.74838947499786,-3.17331182879396,29.9850877881578));
#2756=CARTESIAN_POINT('Ctrl Pts',(8.05183269796053,-1.85905805474533,30.0240675183699));
#2757=CARTESIAN_POINT('Ctrl Pts',(8.3552759209232,-0.544804280696706,30.0630472485819));
#2758=CARTESIAN_POINT('Ctrl Pts',(8.3302419892199,0.845290376177982,30.102026978794));
#2759=CARTESIAN_POINT('Ctrl Pts',(7.97967461548239,2.14776620652333,30.1410067090061));
#2760=CARTESIAN_POINT('Ctrl Pts',(7.62910724174489,3.4502420368687,30.1799864392181));
#2761=CARTESIAN_POINT('Ctrl Pts',(6.95300642597317,4.66509904068475,30.2189661694302));
#2762=CARTESIAN_POINT('Ctrl Pts',(6.03087412315583,5.64948351245567,30.2579458996422));
#2763=CARTESIAN_POINT('Ctrl Pts',(5.10874182033851,6.63386798422656,30.2969256298543));
#2764=CARTESIAN_POINT('Ctrl Pts',(3.94057803047559,7.38777992395233,30.3359053600664));
#2765=CARTESIAN_POINT('Ctrl Pts',(2.6637458551561,7.82256765173664,30.3748850902784));
#2766=CARTESIAN_POINT('Ctrl Pts',(1.38691367983657,8.25735537952096,30.4138648204905));
#2767=CARTESIAN_POINT('Ctrl Pts',(0.00141311906046382,8.37301889536378,
30.4528445507026));
#2768=CARTESIAN_POINT('Ctrl Pts',(-1.32983633254927,8.15595745302118,30.4918242809146));
#2769=CARTESIAN_POINT('Ctrl Pts',(-2.661085784159,7.93889601067858,30.5308040111267));
#2770=CARTESIAN_POINT('Ctrl Pts',(-3.93808412660235,7.38910961015055,30.5697837413387));
#2771=CARTESIAN_POINT('Ctrl Pts',(-5.01067052236298,6.57124703257907,30.6087634715508));
#2772=CARTESIAN_POINT('Ctrl Pts',(-6.08325691812363,5.75338445500757,30.6477432017628));
#2773=CARTESIAN_POINT('Ctrl Pts',(-6.95143136720155,4.66744570039262,30.6867229319749));
#2774=CARTESIAN_POINT('Ctrl Pts',(-7.51310618627679,3.44112511841545,30.725702662187));
#2775=CARTESIAN_POINT('Ctrl Pts',(-8.00559875996899,2.36585209730329,30.75988120643));
#2776=CARTESIAN_POINT('Ctrl Pts',(-8.26244568822925,1.18264952888499,30.7940597506731));
#2777=CARTESIAN_POINT('Ctrl Pts',(-8.26341915527694,-0.000143666179898631,
30.8282382949161));
#2778=CARTESIAN_POINT('Origin',(0.,0.,4.));
#2779=CARTESIAN_POINT('',(-8.26275135597213,-0.000184472242019797,32.3282382949161));
#2780=CARTESIAN_POINT('',(-8.2635274622051,0.000109583171358854,31.9217617050839));
#2781=CARTESIAN_POINT('',(-8.263,-1.01192565013546E-15,4.));
#2782=CARTESIAN_POINT('Ctrl Pts',(-8.2635274622051,0.000109583171358854,
31.9217617050839));
#2783=CARTESIAN_POINT('Ctrl Pts',(-8.26360701022904,0.119101131110379,31.9183231389625));
#2784=CARTESIAN_POINT('Ctrl Pts',(-8.26108811755765,0.238089309170559,31.914884572841));
#2785=CARTESIAN_POINT('Ctrl Pts',(-8.25594830048425,0.356964165774009,31.9114460067195));
#2786=CARTESIAN_POINT('Ctrl Pts',(-8.19768311791007,1.70453454125136,31.8724662765075));
#2787=CARTESIAN_POINT('Ctrl Pts',(-7.80261381778378,3.03754244663074,31.8334865462954));
#2788=CARTESIAN_POINT('Ctrl Pts',(-7.1171961666831,4.19924094108284,31.7945068160834));
#2789=CARTESIAN_POINT('Ctrl Pts',(-6.43177851558241,5.36093943553495,31.7555270858713));
#2790=CARTESIAN_POINT('Ctrl Pts',(-5.45601251350732,6.35132851905978,31.7165473556592));
#2791=CARTESIAN_POINT('Ctrl Pts',(-4.3046374167704,7.05394942327814,31.6775676254472));
#2792=CARTESIAN_POINT('Ctrl Pts',(-3.15326232003349,7.75657032749649,31.6385878952351));
#2793=CARTESIAN_POINT('Ctrl Pts',(-1.82627812863476,8.17142305240838,31.5996081650231));
#2794=CARTESIAN_POINT('Ctrl Pts',(-0.47972346135101,8.24972552008909,31.560628434811));
#2795=CARTESIAN_POINT('Ctrl Pts',(0.866831205932737,8.32802798776979,31.5216487045989));
#2796=CARTESIAN_POINT('Ctrl Pts',(2.23295634910149,8.06978019821931,31.4826689743869));
#2797=CARTESIAN_POINT('Ctrl Pts',(3.45801080767769,7.50534922639182,31.4436892441748));
#2798=CARTESIAN_POINT('Ctrl Pts',(4.6830652662539,6.94091825456432,31.4047095139628));
#2799=CARTESIAN_POINT('Ctrl Pts',(5.76704904023755,6.0703041004598,31.3657297837507));
#2800=CARTESIAN_POINT('Ctrl Pts',(6.5824976639817,4.99588132963642,31.3267500535387));
#2801=CARTESIAN_POINT('Ctrl Pts',(7.39794628772584,3.92145855881305,31.2877703233266));
#2802=CARTESIAN_POINT('Ctrl Pts',(7.94485976123049,2.64322717127083,31.2487905931145));
#2803=CARTESIAN_POINT('Ctrl Pts',(8.15892712769748,1.31149299695263,31.2098108629024));
#2804=CARTESIAN_POINT('Ctrl Pts',(8.37299449416447,-0.0202411773655942,
31.1708311326904));
#2805=CARTESIAN_POINT('Ctrl Pts',(8.25421575359379,-1.4054781384598,31.1318514024784));
#2806=CARTESIAN_POINT('Ctrl Pts',(7.81655796809608,-2.68132938810649,31.0928716722663));
#2807=CARTESIAN_POINT('Ctrl Pts',(7.37890018259838,-3.95718063775317,31.0538919420542));
#2808=CARTESIAN_POINT('Ctrl Pts',(6.62236335217367,-5.12364617595234,31.0149122118422));
#2809=CARTESIAN_POINT('Ctrl Pts',(5.63590781474271,-6.04356259666889,30.9759324816301));
#2810=CARTESIAN_POINT('Ctrl Pts',(4.64945227731175,-6.96347901738546,30.936952751418));
#2811=CARTESIAN_POINT('Ctrl Pts',(3.43307803287453,-7.63684632061942,30.897973021206));
#2812=CARTESIAN_POINT('Ctrl Pts',(2.12981719761107,-7.98448398213005,30.8589932909939));
#2813=CARTESIAN_POINT('Ctrl Pts',(0.826556362347634,-8.33212164364067,30.8200135607819));
#2814=CARTESIAN_POINT('Ctrl Pts',(-0.563591063742065,-8.35402966342798,
30.7810338305698));
#2815=CARTESIAN_POINT('Ctrl Pts',(-1.87715916622836,-8.04763190142152,30.7420541003577));
#2816=CARTESIAN_POINT('Ctrl Pts',(-3.19072726871466,-7.74123413941506,30.7030743701457));
#2817=CARTESIAN_POINT('Ctrl Pts',(-4.42771604759757,-7.10653059561482,30.6640946399336));
#2818=CARTESIAN_POINT('Ctrl Pts',(-5.44266934615281,-6.21815536510464,30.6251149097216));
#2819=CARTESIAN_POINT('Ctrl Pts',(-6.45762264470804,-5.32978013459447,30.5861351795095));
#2820=CARTESIAN_POINT('Ctrl Pts',(-7.2505404629356,-4.18773321737436,30.5471554492974));
#2821=CARTESIAN_POINT('Ctrl Pts',(-7.72818446237443,-2.9263066605617,30.5081757190854));
#2822=CARTESIAN_POINT('Ctrl Pts',(-8.08114684419592,-1.99415609966577,30.4793710477516));
#2823=CARTESIAN_POINT('Ctrl Pts',(-8.26194770227722,-0.996815918094169,
30.4505663764177));
#2824=CARTESIAN_POINT('Ctrl Pts',(-8.26288252866125,0.000194265432766072,
30.4217617050839));
#2825=CARTESIAN_POINT('Ctrl Pts',(-8.26341915527694,-0.000143666179898631,
30.8282382949161));
#2826=CARTESIAN_POINT('Ctrl Pts',(-8.26355590177783,-0.166294981812685,
30.8330394808851));
#2827=CARTESIAN_POINT('Ctrl Pts',(-8.25864353425562,-0.332438219340265,
30.8378406668541));
#2828=CARTESIAN_POINT('Ctrl Pts',(-8.24862598227968,-0.49827306903071,30.8426418528231));
#2829=CARTESIAN_POINT('Ctrl Pts',(-8.1672957701348,-1.84464826516042,30.8816215830352));
#2830=CARTESIAN_POINT('Ctrl Pts',(-7.74946015677248,-3.17069624808049,30.9206013132473));
#2831=CARTESIAN_POINT('Ctrl Pts',(-7.04425197468141,-4.32048848673849,30.9595810434593));
#2832=CARTESIAN_POINT('Ctrl Pts',(-6.33904379259034,-5.4702807253965,30.9985607736714));
#2833=CARTESIAN_POINT('Ctrl Pts',(-5.34646304177053,-6.44381721979244,31.0375405038834));
#2834=CARTESIAN_POINT('Ctrl Pts',(-4.18322620640963,-7.126620878994,31.0765202340955));
#2835=CARTESIAN_POINT('Ctrl Pts',(-3.01998937104876,-7.80942453819555,31.1154999643076));
#2836=CARTESIAN_POINT('Ctrl Pts',(-1.6860964511468,-8.20149536220274,31.1544796945196));
#2837=CARTESIAN_POINT('Ctrl Pts',(-0.338398455320225,-8.25673017193797,
31.1934594247317));
#2838=CARTESIAN_POINT('Ctrl Pts',(1.00929954050635,-8.31196498167321,31.2324391549437));
#2839=CARTESIAN_POINT('Ctrl Pts',(2.37080261225754,-8.0303637771365,31.2714188851558));
#2840=CARTESIAN_POINT('Ctrl Pts',(3.58601310378841,-7.44503973572316,31.3103986153678));
#2841=CARTESIAN_POINT('Ctrl Pts',(4.80122359531929,-6.85971569430982,31.3493783455799));
#2842=CARTESIAN_POINT('Ctrl Pts',(5.87014150662985,-5.97066881601983,31.388358075792));
#2843=CARTESIAN_POINT('Ctrl Pts',(6.66707395035923,-4.88244115039656,31.427337806004));
#2844=CARTESIAN_POINT('Ctrl Pts',(7.46400639408861,-3.79421348477329,31.4663175362161));
#2845=CARTESIAN_POINT('Ctrl Pts',(7.98895337023682,-2.50680503181674,31.5052972664281));
#2846=CARTESIAN_POINT('Ctrl Pts',(8.18018693841993,-1.17160074230928,31.5442769966402));
#2847=CARTESIAN_POINT('Ctrl Pts',(8.37142050660303,0.163603547198145,31.5832567268523));
#2848=CARTESIAN_POINT('Ctrl Pts',(8.22894066682105,1.54660367325646,31.6222364570643));
#2849=CARTESIAN_POINT('Ctrl Pts',(7.76950146744148,2.81477416414144,31.6612161872764));
#2850=CARTESIAN_POINT('Ctrl Pts',(7.31006226806189,4.08294465502645,31.7001959174885));
#2851=CARTESIAN_POINT('Ctrl Pts',(6.53366370908469,5.23628551073811,31.7391756477005));
#2852=CARTESIAN_POINT('Ctrl Pts',(5.53160164747675,6.13917664328068,31.7781553779126));
#2853=CARTESIAN_POINT('Ctrl Pts',(4.52953958586881,7.04206777582326,31.8171351081246));
#2854=CARTESIAN_POINT('Ctrl Pts',(3.30181402163013,7.69450918519674,31.8561148383367));
#2855=CARTESIAN_POINT('Ctrl Pts',(1.99279185996252,8.01978099809353,31.8950945685488));
#2856=CARTESIAN_POINT('Ctrl Pts',(0.683769698294918,8.34505281099032,31.9340742987608));
#2857=CARTESIAN_POINT('Ctrl Pts',(-0.706549060801618,8.34315502741041,31.9730540289729));
#2858=CARTESIAN_POINT('Ctrl Pts',(-2.01467835552415,8.01431080979025,32.0120337591849));
#2859=CARTESIAN_POINT('Ctrl Pts',(-3.32280765024669,7.6854665921701,32.051013489397));
#2860=CARTESIAN_POINT('Ctrl Pts',(-4.54874748059523,7.0296759405097,32.089993219609));
#2861=CARTESIAN_POINT('Ctrl Pts',(-5.5483409246603,6.1240525513499,32.1289729498211));
#2862=CARTESIAN_POINT('Ctrl Pts',(-6.54793436872535,5.21842916219013,32.1679526800332));
#2863=CARTESIAN_POINT('Ctrl Pts',(-7.32118142650695,4.06297303553096,32.2069324102452));
#2864=CARTESIAN_POINT('Ctrl Pts',(-7.77715682059021,2.79355301010441,32.2459121404573));
#2865=CARTESIAN_POINT('Ctrl Pts',(-8.09816725788236,1.89987084488834,32.2733541919436));
#2866=CARTESIAN_POINT('Ctrl Pts',(-8.26192909874988,0.949705024890898,32.3007962434298));
#2867=CARTESIAN_POINT('Ctrl Pts',(-8.26275135597213,-0.000184472242019797,
32.3282382949161));
#2868=CARTESIAN_POINT('Origin',(0.,0.,4.));
#2869=CARTESIAN_POINT('',(-8.26235787079529,-0.000110049499564573,33.8282382949161));
#2870=CARTESIAN_POINT('',(-8.26353743269849,-0.000105351206930449,33.4217617050839));
#2871=CARTESIAN_POINT('',(-8.263,-1.01192565013546E-15,4.));
#2872=CARTESIAN_POINT('',(-6.21503716225227,-5.44522562175557,34.));
#2873=CARTESIAN_POINT('Ctrl Pts',(-8.26235787079529,-0.000110049499564573,
33.8282382949161));
#2874=CARTESIAN_POINT('Ctrl Pts',(-8.26245488556973,-0.632770836601262,
33.8465124663987));
#2875=CARTESIAN_POINT('Ctrl Pts',(-8.19065179373424,-1.2653815691529,33.8647866378812));
#2876=CARTESIAN_POINT('Ctrl Pts',(-8.0466801150708,-1.88104791169732,33.8830608093638));
#2877=CARTESIAN_POINT('Ctrl Pts',(-7.73958125711,-3.19429529781887,33.9220405395759));
#2878=CARTESIAN_POINT('Ctrl Pts',(-7.1041222326723,-4.43044733029468,33.9610202697879));
#2879=CARTESIAN_POINT('Ctrl Pts',(-6.21503716225227,-5.44522562175557,34.));
#2880=CARTESIAN_POINT('',(6.21503716225171,-5.4452256217562,34.));
#2881=CARTESIAN_POINT('Origin',(0.,0.,34.));
#2882=CARTESIAN_POINT('Ctrl Pts',(6.21541797051409,-5.44535707100949,34.));
#2883=CARTESIAN_POINT('Ctrl Pts',(5.4499978196893,-6.31744728356926,33.9664707491782));
#2884=CARTESIAN_POINT('Ctrl Pts',(4.49935406806752,-7.02780422943503,33.9329414983564));
#2885=CARTESIAN_POINT('Ctrl Pts',(3.44473868215233,-7.51144430246863,33.8994122475346));
#2886=CARTESIAN_POINT('Ctrl Pts',(2.21868613958447,-8.07370439192862,33.8604325173225));
#2887=CARTESIAN_POINT('Ctrl Pts',(0.852111433037263,-8.32954681470942,33.8214527871105));
#2888=CARTESIAN_POINT('Ctrl Pts',(-0.494301541131915,-8.24886707605014,
33.7824730568984));
#2889=CARTESIAN_POINT('Ctrl Pts',(-1.84071451530108,-8.16818733739087,33.7434933266864));
#2890=CARTESIAN_POINT('Ctrl Pts',(-3.16696575709223,-7.75098543729151,33.7045135964743));
#2891=CARTESIAN_POINT('Ctrl Pts',(-4.31709788344195,-7.04632959637955,33.6655338662622));
#2892=CARTESIAN_POINT('Ctrl Pts',(-5.46723000979169,-6.34167375546757,33.6265541360502));
#2893=CARTESIAN_POINT('Ctrl Pts',(-6.4412430207,-5.34956397374298,33.5875744058381));
#2894=CARTESIAN_POINT('Ctrl Pts',(-7.12460621252036,-4.18665651217114,33.5485946756261));
#2895=CARTESIAN_POINT('Ctrl Pts',(-7.80796940434072,-3.02374905059929,33.509614945414));
#2896=CARTESIAN_POINT('Ctrl Pts',(-8.20068277707311,-1.69004390918021,33.4706352152019));
#2897=CARTESIAN_POINT('Ctrl Pts',(-8.25656641182104,-0.342372383132874,
33.4316554849899));
#2898=CARTESIAN_POINT('Ctrl Pts',(-8.26129451349109,-0.228351023897376,
33.4283575583546));
#2899=CARTESIAN_POINT('Ctrl Pts',(-8.2636115177871,-0.11422969037367,33.4250596317192));
#2900=CARTESIAN_POINT('Ctrl Pts',(-8.26353743269849,-0.000105351206930449,
33.4217617050839));
#2901=CARTESIAN_POINT('Origin',(0.,0.,23.1876535043684));
#2902=CARTESIAN_POINT('',(-9.10122612445605,-0.000203191832224836,32.8123464956316));
#2903=CARTESIAN_POINT('',(-9.10209196946693,-0.000116041874542112,32.9376535043684));
#2904=CARTESIAN_POINT('',(-9.1015,1.15702847587474E-14,23.1876535043684));
#2905=CARTESIAN_POINT('',(2.36129388392421,8.78985741885169,34.));
#2906=CARTESIAN_POINT('Ctrl Pts',(-9.10209196946693,-0.000116041874542346,
32.9376535043684));
#2907=CARTESIAN_POINT('Ctrl Pts',(-9.10217357244818,-0.125821315131986,
32.9409514310037));
#2908=CARTESIAN_POINT('Ctrl Pts',(-9.06945668508054,-1.73725329286433,32.9832290878511));
#2909=CARTESIAN_POINT('Ctrl Pts',(-8.16772997357899,-4.79963322384792,33.0644864749106));
#2910=CARTESIAN_POINT('Ctrl Pts',(-4.9491727599343,-8.07798993873343,33.1814256655468));
#2911=CARTESIAN_POINT('Ctrl Pts',(-0.566669185991873,-9.45660415648279,
33.2983648561829));
#2912=CARTESIAN_POINT('Ctrl Pts',(3.94908042975526,-8.61119093697189,33.4153040468191));
#2913=CARTESIAN_POINT('Ctrl Pts',(7.53613890998886,-5.74070663435757,33.5322432374553));
#2914=CARTESIAN_POINT('Ctrl Pts',(9.35077276088242,-1.51995147081023,33.6491824280915));
#2915=CARTESIAN_POINT('Ctrl Pts',(8.96650044092251,3.05788406443752,33.7661216187276));
#2916=CARTESIAN_POINT('Ctrl Pts',(6.47311679108849,6.917351293407,33.8830608093638));
#2917=CARTESIAN_POINT('Ctrl Pts',(3.79648345090892,8.40431028363599,33.9610202697879));
#2918=CARTESIAN_POINT('Ctrl Pts',(2.36129388392414,8.78985741885171,34.));
#2919=CARTESIAN_POINT('',(-2.36129388392324,8.78985741885195,34.));
#2920=CARTESIAN_POINT('Origin',(0.,0.,34.));
#2921=CARTESIAN_POINT('Ctrl Pts',(-9.10122612445605,-0.000203191832224177,
32.8123464956316));
#2922=CARTESIAN_POINT('Ctrl Pts',(-9.10160691379795,-0.440099354134308,
32.8238841743574));
#2923=CARTESIAN_POINT('Ctrl Pts',(-8.96436589399568,-2.36593703155521,32.8744015832952));
#2924=CARTESIAN_POINT('Ctrl Pts',(-7.62790160293849,-5.61813205520894,32.9638987224452));
#2925=CARTESIAN_POINT('Ctrl Pts',(-4.08773083747043,-8.54627073575112,33.0808379130813));
#2926=CARTESIAN_POINT('Ctrl Pts',(0.413783437253066,-9.46451683153107,33.1977771037175));
#2927=CARTESIAN_POINT('Ctrl Pts',(4.81798519615892,-8.15691722340741,33.3147162943537));
#2928=CARTESIAN_POINT('Ctrl Pts',(8.08910340011483,-4.93099444350318,33.4316554849899));
#2929=CARTESIAN_POINT('Ctrl Pts',(9.45784467277635,-0.545405521062104,33.5485946756261));
#2930=CARTESIAN_POINT('Ctrl Pts',(8.60230930307471,3.9684390887023,33.6655338662622));
#2931=CARTESIAN_POINT('Ctrl Pts',(5.72370459533832,7.54901859962147,33.7824730568984));
#2932=CARTESIAN_POINT('Ctrl Pts',(1.69591675095894,9.27004982081396,33.8939617681443));
#2933=CARTESIAN_POINT('Ctrl Pts',(-1.12693890431995,9.12072053989945,33.9664707491782));
#2934=CARTESIAN_POINT('Ctrl Pts',(-2.36156232089325,8.79021079559322,34.));
#2935=CARTESIAN_POINT('Origin',(0.,0.,23.1876535043684));
#2936=CARTESIAN_POINT('',(-9.1019616896712,-0.000158244915318684,31.3123464956316));
#2937=CARTESIAN_POINT('',(-9.10208098720316,0.000120703284068994,31.4376535043684));
#2938=CARTESIAN_POINT('',(-9.1015,1.15702847587474E-14,23.1876535043684));
#2939=CARTESIAN_POINT('Ctrl Pts',(-9.10208098720316,0.000120703284068775,
31.4376535043684));
#2940=CARTESIAN_POINT('Ctrl Pts',(-9.1011753403452,-1.35458700890993,31.473194668459));
#2941=CARTESIAN_POINT('Ctrl Pts',(-8.45815103614392,-4.19590028837176,31.5477155627616));
#2942=CARTESIAN_POINT('Ctrl Pts',(-5.61445973406281,-7.63060485134336,31.6612161872764));
#2943=CARTESIAN_POINT('Ctrl Pts',(-1.36422083278818,-9.37481679829311,31.7781553779126));
#2944=CARTESIAN_POINT('Ctrl Pts',(3.20685253988352,-8.91427985458615,31.8950945685488));
#2945=CARTESIAN_POINT('Ctrl Pts',(7.02374534741447,-6.35730207840749,32.0120337591849));
#2946=CARTESIAN_POINT('Ctrl Pts',(9.18880910636044,-2.30522793129279,32.1289729498211));
#2947=CARTESIAN_POINT('Ctrl Pts',(9.19286883536295,2.2889847092053,32.2459121404573));
#2948=CARTESIAN_POINT('Ctrl Pts',(7.03496982841395,6.34487886590003,32.3628513310935));
#2949=CARTESIAN_POINT('Ctrl Pts',(3.22260194395065,8.90859844224695,32.4797905217297));
#2950=CARTESIAN_POINT('Ctrl Pts',(-1.3476502653026,9.37721304305562,32.5967297123659));
#2951=CARTESIAN_POINT('Ctrl Pts',(-5.60096533490178,7.64051580573289,32.713668903002));
#2952=CARTESIAN_POINT('Ctrl Pts',(-8.4542531749384,4.20659176029108,32.8273101670029));
#2953=CARTESIAN_POINT('Ctrl Pts',(-9.10120906882355,1.35994783004306,32.9019717007917));
#2954=CARTESIAN_POINT('Ctrl Pts',(-9.10209196946693,-0.000116041874542346,
32.9376535043684));
#2955=CARTESIAN_POINT('Ctrl Pts',(-9.1019616896712,-0.000158244915318788,
31.3123464956316));
#2956=CARTESIAN_POINT('Ctrl Pts',(-9.1021123127231,-0.183170008104494,31.3171476816006));
#2957=CARTESIAN_POINT('Ctrl Pts',(-9.05277194414403,-1.85193126008062,31.3609285977817));
#2958=CARTESIAN_POINT('Ctrl Pts',(-8.07561185790238,-4.95305792308506,31.4436892441748));
#2959=CARTESIAN_POINT('Ctrl Pts',(-4.79569885889968,-8.17004052156424,31.560628434811));
#2960=CARTESIAN_POINT('Ctrl Pts',(-0.387943899264787,-9.46561087302307,
31.6775676254472));
#2961=CARTESIAN_POINT('Ctrl Pts',(4.11104685743745,-8.53507957818189,31.7945068160833));
#2962=CARTESIAN_POINT('Ctrl Pts',(7.64321061265697,-5.59728694980616,31.9114460067196));
#2963=CARTESIAN_POINT('Ctrl Pts',(9.37786082568357,-1.34313662864529,32.0283851973557));
#2964=CARTESIAN_POINT('Ctrl Pts',(8.90704625648022,3.22688962597895,32.1453243879919));
#2965=CARTESIAN_POINT('Ctrl Pts',(6.34149204449994,7.03802303936133,32.2622635786281));
#2966=CARTESIAN_POINT('Ctrl Pts',(2.28455961454053,9.19396960383407,32.3792027692643));
#2967=CARTESIAN_POINT('Ctrl Pts',(-2.30965054614582,9.18769851200814,32.4961419599004));
#2968=CARTESIAN_POINT('Ctrl Pts',(-6.36068214456665,7.02068461290842,32.6130811505366));
#2969=CARTESIAN_POINT('Ctrl Pts',(-8.66372229025474,3.57927242840979,32.718482662447));
#2970=CARTESIAN_POINT('Ctrl Pts',(-9.10032042748057,1.0460777301277,32.7849044441453));
#2971=CARTESIAN_POINT('Ctrl Pts',(-9.10122612445605,-0.000203191832224177,
32.8123464956316));
#2972=CARTESIAN_POINT('Origin',(0.,0.,23.1876535043684));
#2973=CARTESIAN_POINT('',(-9.10217820143115,7.11970726132924E-5,29.8123464956316));
#2974=CARTESIAN_POINT('',(-9.10137060808548,0.000213978801539008,29.9376535043684));
#2975=CARTESIAN_POINT('',(-9.1015,1.15702847587474E-14,23.1876535043684));
#2976=CARTESIAN_POINT('Ctrl Pts',(-9.10137060808548,0.000213978801538797,
29.9376535043684));
#2977=CARTESIAN_POINT('Ctrl Pts',(-9.10034091882805,-1.09796927006335,29.9664581757022));
#2978=CARTESIAN_POINT('Ctrl Pts',(-8.63169747057203,-3.68311707708238,30.0342425772481));
#2979=CARTESIAN_POINT('Ctrl Pts',(-6.23953902677141,-7.12856515939616,30.1410067090061));
#2980=CARTESIAN_POINT('Ctrl Pts',(-2.15199695815125,-9.22589819965919,30.2579458996422));
#2981=CARTESIAN_POINT('Ctrl Pts',(2.44164704471286,-9.15350469532874,30.3748850902785));
#2982=CARTESIAN_POINT('Ctrl Pts',(6.46106983997313,-6.928409992297,30.4918242809146));
#2983=CARTESIAN_POINT('Ctrl Pts',(8.96099237250752,-3.07390699244715,30.6087634715508));
#2984=CARTESIAN_POINT('Ctrl Pts',(9.35348833304395,1.50351072559672,30.725702662187));
#2985=CARTESIAN_POINT('Ctrl Pts',(7.54625138068911,5.72733608214361,30.8426418528231));
#2986=CARTESIAN_POINT('Ctrl Pts',(3.96430354615732,8.60421907509371,30.9595810434594));
#2987=CARTESIAN_POINT('Ctrl Pts',(-0.54996051915208,9.45758065923763,31.0765202340954));
#2988=CARTESIAN_POINT('Ctrl Pts',(-4.93488607331485,8.0867291250059,31.1934594247317));
#2989=CARTESIAN_POINT('Ctrl Pts',(-8.15923592248091,4.81405833581267,31.3103986153678));
#2990=CARTESIAN_POINT('Ctrl Pts',(-9.06794224659149,1.74798179349349,31.3917966419135));
#2991=CARTESIAN_POINT('Ctrl Pts',(-9.10216860747907,0.131187092436469,31.434214938247));
#2992=CARTESIAN_POINT('Ctrl Pts',(-9.10208098720316,0.000120703284068775,
31.4376535043684));
#2993=CARTESIAN_POINT('Ctrl Pts',(-9.10217820143115,7.11970726134659E-5,
29.8123464956316));
#2994=CARTESIAN_POINT('Ctrl Pts',(-9.10157402064862,-1.41189181434084,29.8493909190559));
#2995=CARTESIAN_POINT('Ctrl Pts',(-8.41589983886555,-4.31014959823761,29.9254150726922));
#2996=CARTESIAN_POINT('Ctrl Pts',(-5.46932056135003,-7.73529716727955,30.0404189565407));
#2997=CARTESIAN_POINT('Ctrl Pts',(-1.1868928605447,-9.39891350138992,30.1573581471768));
#2998=CARTESIAN_POINT('Ctrl Pts',(3.37466570530084,-8.85211393094811,30.274297337813));
#2999=CARTESIAN_POINT('Ctrl Pts',(7.14257777716561,-6.22349358207586,30.3912365284492));
#3000=CARTESIAN_POINT('Ctrl Pts',(9.2307140413506,-2.13124563479433,30.5081757190854));
#3001=CARTESIAN_POINT('Ctrl Pts',(9.14799118183316,2.46222399592506,30.6251149097216));
#3002=CARTESIAN_POINT('Ctrl Pts',(6.91386377965008,6.47663317669416,30.7420541003577));
#3003=CARTESIAN_POINT('Ctrl Pts',(3.05374902710102,8.96788194327322,30.8589932909939));
#3004=CARTESIAN_POINT('Ctrl Pts',(-1.52453973747732,9.3500838636811,30.9759324816301));
#3005=CARTESIAN_POINT('Ctrl Pts',(-5.74429058356764,7.53335352685215,31.0928716722663));
#3006=CARTESIAN_POINT('Ctrl Pts',(-8.49532621906354,4.09227527917429,31.2050096769334));
#3007=CARTESIAN_POINT('Ctrl Pts',(-9.10088943863226,1.30266061807426,31.2781679513886));
#3008=CARTESIAN_POINT('Ctrl Pts',(-9.1019616896712,-0.000158244915318788,
31.3123464956316));
#3009=CARTESIAN_POINT('Origin',(0.,0.,23.1876535043684));
#3010=CARTESIAN_POINT('',(-9.10153994456354,0.000214338211066839,28.3123464956316));
#3011=CARTESIAN_POINT('',(-9.10083151937551,8.30539133703644E-5,28.4376535043684));
#3012=CARTESIAN_POINT('',(-9.1015,1.15702847587474E-14,23.1876535043684));
#3013=CARTESIAN_POINT('',(-6.43159287840727,-6.43986919870434,27.));
#3014=CARTESIAN_POINT('Ctrl Pts',(-6.43159287840729,-6.43986919870432,27.));
#3015=CARTESIAN_POINT('Ctrl Pts',(-5.38010448146189,-7.49000625535177,27.0389797302121));
#3016=CARTESIAN_POINT('Ctrl Pts',(-2.75404200445112,-9.06455782677535,27.1169391906362));
#3017=CARTESIAN_POINT('Ctrl Pts',(1.83504440355906,-9.29415973047857,27.2338783812723));
#3018=CARTESIAN_POINT('Ctrl Pts',(5.99170333528859,-7.33803082314396,27.3508175719086));
#3019=CARTESIAN_POINT('Ctrl Pts',(8.73966710833323,-3.65613456913023,27.4677567625447));
#3020=CARTESIAN_POINT('Ctrl Pts',(9.43205048741973,0.885591559917027,27.5846959531809));
#3021=CARTESIAN_POINT('Ctrl Pts',(7.90632483530005,5.21905199349894,27.7016351438171));
#3022=CARTESIAN_POINT('Ctrl Pts',(4.52115817848106,8.32510437602195,27.8185743344533));
#3023=CARTESIAN_POINT('Ctrl Pts',(0.0727392980222237,9.47327831488615,27.9355135250894));
#3024=CARTESIAN_POINT('Ctrl Pts',(-4.39279790950174,8.39354672030161,28.0524527157256));
#3025=CARTESIAN_POINT('Ctrl Pts',(-7.82524082368757,5.33983950987484,28.1693919063618));
#3026=CARTESIAN_POINT('Ctrl Pts',(-9.00472217448859,2.14724795117591,28.2560231663304));
#3027=CARTESIAN_POINT('Ctrl Pts',(-9.10186233639906,0.330810548685583,28.303674696087));
#3028=CARTESIAN_POINT('Ctrl Pts',(-9.10153994456354,0.000214338211066423,
28.3123464956316));
#3029=CARTESIAN_POINT('',(-8.79288676233078,-2.34998822014668,27.));
#3030=CARTESIAN_POINT('Origin',(0.,0.,27.));
#3031=CARTESIAN_POINT('Ctrl Pts',(-8.79332698562944,-2.34993248405907,27.));
#3032=CARTESIAN_POINT('Ctrl Pts',(-8.4622451135489,-3.58440259906098,27.0335292508218));
#3033=CARTESIAN_POINT('Ctrl Pts',(-7.18014016827112,-6.10373176070538,27.1060382318557));
#3034=CARTESIAN_POINT('Ctrl Pts',(-3.67578958977832,-8.73138288190578,27.2175269431016));
#3035=CARTESIAN_POINT('Ctrl Pts',(0.864385599000805,-9.43403784146504,27.3344661337377));
#3036=CARTESIAN_POINT('Ctrl Pts',(5.20125732945673,-7.91803095457058,27.4514053243739));
#3037=CARTESIAN_POINT('Ctrl Pts',(8.31491810508871,-4.53987177918453,27.5683445150101));
#3038=CARTESIAN_POINT('Ctrl Pts',(9.47309006548346,-0.0940389666349505,
27.6852837056463));
#3039=CARTESIAN_POINT('Ctrl Pts',(8.40340367600229,4.37391142097967,27.8022228962825));
#3040=CARTESIAN_POINT('Ctrl Pts',(5.35742211029161,7.81321406494032,27.9191620869186));
#3041=CARTESIAN_POINT('Ctrl Pts',(1.05149427373098,9.41502253245686,28.0361012775548));
#3042=CARTESIAN_POINT('Ctrl Pts',(-3.50172194587519,8.80262641053313,28.153040468191));
#3043=CARTESIAN_POINT('Ctrl Pts',(-7.23141073521658,6.12004797381173,28.2699796588272));
#3044=CARTESIAN_POINT('Ctrl Pts',(-8.87752545926043,2.77603017666122,28.3648506708863));
#3045=CARTESIAN_POINT('Ctrl Pts',(-9.10104539296814,0.644948674969939,28.4207419527334));
#3046=CARTESIAN_POINT('Ctrl Pts',(-9.10083151937551,8.30539133698377E-5,
28.4376535043684));
#3047=CARTESIAN_POINT('Origin',(-8.04061324838318E-16,5.,0.));
#3048=CARTESIAN_POINT('',(-7.23655192354486E-16,4.5,0.));
#3049=CARTESIAN_POINT('',(0.433012701892217,5.25,0.));
#3050=CARTESIAN_POINT('Origin',(-8.04061324838318E-16,5.,0.));
#3051=CARTESIAN_POINT('',(0.433012701892217,5.25,3.));
#3052=CARTESIAN_POINT('',(0.433012701892218,5.25,0.));
#3053=CARTESIAN_POINT('',(-7.23655192354486E-16,4.5,3.));
#3054=CARTESIAN_POINT('Origin',(-8.04061324838318E-16,5.,3.));
#3055=CARTESIAN_POINT('',(-7.23655192354486E-16,4.5,0.));
#3056=CARTESIAN_POINT('Origin',(0.,0.,0.));
#3057=CARTESIAN_POINT('',(-4.5,-5.51091059616309E-16,4.));
#3058=CARTESIAN_POINT('Origin',(0.,0.,4.));
#3059=CARTESIAN_POINT('',(-4.5,-5.51091059616309E-16,0.));
#3060=CARTESIAN_POINT('',(-4.5,-5.51091059616309E-16,0.));
#3061=CARTESIAN_POINT('Origin',(0.,0.,0.));
#3062=CARTESIAN_POINT('',(3.89711431702997,2.25,3.));
#3063=CARTESIAN_POINT('Origin',(0.,0.,3.));
#3064=CARTESIAN_POINT('',(3.89711431702997,2.25,0.));
#3065=CARTESIAN_POINT('',(3.89711431702997,2.25,0.));
#3066=CARTESIAN_POINT('',(3.89711431702997,-2.25,0.));
#3067=CARTESIAN_POINT('Origin',(0.,0.,0.));
#3068=CARTESIAN_POINT('',(3.89711431702997,-2.25,3.));
#3069=CARTESIAN_POINT('',(3.89711431702997,-2.25,0.));
#3070=CARTESIAN_POINT('',(-3.89711431702998,-2.25,3.));
#3071=CARTESIAN_POINT('Origin',(0.,0.,3.));
#3072=CARTESIAN_POINT('',(-3.89711431702997,-2.25,0.));
#3073=CARTESIAN_POINT('',(-3.89711431702998,-2.25,0.));
#3074=CARTESIAN_POINT('Origin',(0.,0.,0.));
#3075=CARTESIAN_POINT('Origin',(-4.33012701892219,-2.5,0.));
#3076=CARTESIAN_POINT('',(-4.33012701892219,-3.,0.));
#3077=CARTESIAN_POINT('Origin',(-4.33012701892219,-2.5,0.));
#3078=CARTESIAN_POINT('',(-4.33012701892219,-3.,3.));
#3079=CARTESIAN_POINT('Origin',(-4.33012701892219,-2.5,3.));
#3080=CARTESIAN_POINT('',(-4.33012701892219,-3.,0.));
#3081=CARTESIAN_POINT('Origin',(-7.74373889885323,-3.,0.));
#3082=CARTESIAN_POINT('',(-5.98817619466691,-3.,3.));
#3083=CARTESIAN_POINT('',(-8.66025403784439,-3.,3.));
#3084=CARTESIAN_POINT('',(-5.98817619466691,-3.,0.));
#3085=CARTESIAN_POINT('',(-5.98817619466691,-3.,0.));
#3086=CARTESIAN_POINT('',(-8.66025403784439,-3.,0.));
#3087=CARTESIAN_POINT('Origin',(4.33012701892219,-2.5,0.));
#3088=CARTESIAN_POINT('',(4.33012701892219,-3.,0.));
#3089=CARTESIAN_POINT('Origin',(4.33012701892219,-2.5,0.));
#3090=CARTESIAN_POINT('',(4.33012701892219,-3.,3.));
#3091=CARTESIAN_POINT('',(4.33012701892219,-3.,0.));
#3092=CARTESIAN_POINT('Origin',(4.33012701892219,-2.5,3.));
#3093=CARTESIAN_POINT('Origin',(3.35410196624968,-3.,0.));
#3094=CARTESIAN_POINT('',(5.98817619466691,-3.,0.));
#3095=CARTESIAN_POINT('',(0.,-3.,0.));
#3096=CARTESIAN_POINT('',(5.98817619466691,-3.,3.));
#3097=CARTESIAN_POINT('',(5.98817619466691,-3.,0.));
#3098=CARTESIAN_POINT('',(0.,-3.,3.));
#3099=CARTESIAN_POINT('Origin',(7.17705098312484,-1.11022302462516E-15,
0.));
#3100=CARTESIAN_POINT('',(4.33012701892219,3.,0.));
#3101=CARTESIAN_POINT('Origin',(4.33012701892219,2.5,0.));
#3102=CARTESIAN_POINT('',(5.98817619466691,3.,0.));
#3103=CARTESIAN_POINT('',(8.66025403784439,3.,0.));
#3104=CARTESIAN_POINT('',(6.66751801920356,4.06779661016949,0.));
#3105=CARTESIAN_POINT('Origin',(5.98817619466691,3.75,0.));
#3106=CARTESIAN_POINT('',(10.3831271899421,3.63189616557042,0.));
#3107=CARTESIAN_POINT('Origin',(8.66025403784439,5.,0.));
#3108=CARTESIAN_POINT('',(10.3831271899421,-3.63189616557042,0.));
#3109=CARTESIAN_POINT('Origin',(0.,0.,0.));
#3110=CARTESIAN_POINT('',(6.66751801920356,-4.06779661016949,0.));
#3111=CARTESIAN_POINT('Origin',(8.66025403784439,-5.,0.));
#3112=CARTESIAN_POINT('Origin',(5.98817619466691,-3.75,0.));
#3113=CARTESIAN_POINT('Origin',(4.33012701892219,2.5,0.));
#3114=CARTESIAN_POINT('',(4.33012701892219,3.,3.));
#3115=CARTESIAN_POINT('Origin',(4.33012701892219,2.5,3.));
#3116=CARTESIAN_POINT('',(4.33012701892219,3.,0.));
#3117=CARTESIAN_POINT('Origin',(7.74373889885321,3.,0.));
#3118=CARTESIAN_POINT('',(5.98817619466691,3.,3.));
#3119=CARTESIAN_POINT('',(8.66025403784439,3.,3.));
#3120=CARTESIAN_POINT('',(5.98817619466691,3.,0.));
#3121=CARTESIAN_POINT('Origin',(0.253507166858187,7.06091270691877,0.));
#3122=CARTESIAN_POINT('',(-0.396011885980143,6.68591270691878,3.));
#3123=CARTESIAN_POINT('',(0.189056192233223,7.80813828990553,3.));
#3124=CARTESIAN_POINT('Origin',(0.253507166858187,7.06091270691877,3.));
#3125=CARTESIAN_POINT('',(-0.396011885980143,6.68591270691878,0.));
#3126=CARTESIAN_POINT('',(-0.396011885980141,6.68591270691877,0.));
#3127=CARTESIAN_POINT('',(0.189056192233223,7.80813828990553,0.));
#3128=CARTESIAN_POINT('Origin',(0.253507166858187,7.06091270691877,0.));
#3129=CARTESIAN_POINT('',(0.189056192233223,7.80813828990553,0.));
#3130=CARTESIAN_POINT('Origin',(0.921025228228472,4.40473750965556,0.));
#3131=CARTESIAN_POINT('',(2.59807621135332,1.5,0.));
#3132=CARTESIAN_POINT('',(2.59807621135332,1.5,3.));
#3133=CARTESIAN_POINT('Origin',(-5.98817619466691,-3.75,0.));
#3134=CARTESIAN_POINT('',(-6.66751801920355,-4.06779661016949,3.));
#3135=CARTESIAN_POINT('Origin',(-5.98817619466691,-3.75,3.));
#3136=CARTESIAN_POINT('',(-6.66751801920355,-4.06779661016949,0.));
#3137=CARTESIAN_POINT('',(-6.66751801920355,-4.06779661016949,0.));
#3138=CARTESIAN_POINT('Origin',(-5.98817619466691,-3.75,0.));
#3139=CARTESIAN_POINT('Origin',(-8.66025403784438,-5.,0.));
#3140=CARTESIAN_POINT('',(-10.3831271899421,-3.63189616557043,0.));
#3141=CARTESIAN_POINT('Origin',(-8.66025403784438,-5.,0.));
#3142=CARTESIAN_POINT('',(-8.33687793826233,-7.17610383442957,3.));
#3143=CARTESIAN_POINT('Origin',(-8.66025403784438,-5.,3.));
#3144=CARTESIAN_POINT('',(-8.33687793826233,-7.17610383442957,-1.5));
#3145=CARTESIAN_POINT('',(-8.33687793826233,-7.17610383442957,0.));
#3146=CARTESIAN_POINT('',(-10.3831271899421,-3.63189616557043,-1.5));
#3147=CARTESIAN_POINT('Origin',(-8.66025403784438,-5.,-1.5));
#3148=CARTESIAN_POINT('',(-10.3831271899421,-3.63189616557043,0.));
#3149=CARTESIAN_POINT('Origin',(5.98817619466691,3.75,0.));
#3150=CARTESIAN_POINT('',(6.66751801920356,4.06779661016949,3.));
#3151=CARTESIAN_POINT('Origin',(5.98817619466691,3.75,3.));
#3152=CARTESIAN_POINT('',(6.66751801920356,4.06779661016949,0.));
#3153=CARTESIAN_POINT('Origin',(8.66025403784439,5.,0.));
#3154=CARTESIAN_POINT('',(8.33687793826233,7.17610383442957,3.));
#3155=CARTESIAN_POINT('Origin',(8.66025403784439,5.,3.));
#3156=CARTESIAN_POINT('',(8.33687793826233,7.17610383442957,-1.5));
#3157=CARTESIAN_POINT('',(8.33687793826233,7.17610383442957,0.));
#3158=CARTESIAN_POINT('',(10.3831271899421,3.63189616557042,-1.5));
#3159=CARTESIAN_POINT('Origin',(8.66025403784439,5.,-1.5));
#3160=CARTESIAN_POINT('',(10.3831271899421,3.63189616557042,0.));
#3161=CARTESIAN_POINT('Origin',(5.98817619466691,-3.75,0.));
#3162=CARTESIAN_POINT('',(6.66751801920356,-4.06779661016949,3.));
#3163=CARTESIAN_POINT('Origin',(5.98817619466691,-3.75,3.));
#3164=CARTESIAN_POINT('',(6.66751801920356,-4.06779661016949,0.));
#3165=CARTESIAN_POINT('Origin',(0.,0.,23.1876535043684));
#3166=CARTESIAN_POINT('Ctrl Pts',(-9.10083151937551,8.30539133698377E-5,
28.4376535043684));
#3167=CARTESIAN_POINT('Ctrl Pts',(-9.10055243199566,-0.841413338067914,
28.4597216829455));
#3168=CARTESIAN_POINT('Ctrl Pts',(-8.7801874172222,-3.16948002726547,28.5207695917346));
#3169=CARTESIAN_POINT('Ctrl Pts',(-6.81993138681082,-6.57547142170282,28.6207972307357));
#3170=CARTESIAN_POINT('Ctrl Pts',(-2.92436070317741,-9.01090466933723,28.7377364213719));
#3171=CARTESIAN_POINT('Ctrl Pts',(1.65895472610905,-9.32717308295916,28.8546756120081));
#3172=CARTESIAN_POINT('Ctrl Pts',(5.8521208158369,-7.44989734528552,28.9716148026442));
#3173=CARTESIAN_POINT('Ctrl Pts',(8.66899794059244,-3.82057105721775,29.0885539932805));
#3174=CARTESIAN_POINT('Ctrl Pts',(9.4471191051342,0.707268769788802,29.2054931839166));
#3175=CARTESIAN_POINT('Ctrl Pts',(8.00348747654667,5.06877467545916,29.3224323745528));
#3176=CARTESIAN_POINT('Ctrl Pts',(4.67761318166753,8.2382172477607,29.439371565189));
#3177=CARTESIAN_POINT('Ctrl Pts',(0.251668057215866,9.47021391982563,29.5563107558252));
#3178=CARTESIAN_POINT('Ctrl Pts',(-4.23346381004724,8.47502641101469,29.6732499464613));
#3179=CARTESIAN_POINT('Ctrl Pts',(-7.72297892484448,5.48670074131821,29.7901891370975));
#3180=CARTESIAN_POINT('Ctrl Pts',(-8.98406482816802,2.26195593833237,29.8783236563999));
#3181=CARTESIAN_POINT('Ctrl Pts',(-9.10173433897827,0.388139919243476,29.9274784454902));
#3182=CARTESIAN_POINT('Ctrl Pts',(-9.10137060808548,0.000213978801538797,
29.9376535043684));
#3183=CARTESIAN_POINT('Ctrl Pts',(-9.10153994456354,0.000214338211066423,
28.3123464956316));
#3184=CARTESIAN_POINT('Ctrl Pts',(-9.10041318542334,-1.15521908417646,28.3426544262991));
#3185=CARTESIAN_POINT('Ctrl Pts',(-8.59517789166253,-3.79763977694616,28.4119420871787));
#3186=CARTESIAN_POINT('Ctrl Pts',(-6.10377163027424,-7.24515441790836,28.5202094782703));
#3187=CARTESIAN_POINT('Ctrl Pts',(-1.97734138083632,-9.26490207974247,28.6371486689065));
#3188=CARTESIAN_POINT('Ctrl Pts',(2.61411552786026,-9.10575035901973,28.7540878595427));
#3189=CARTESIAN_POINT('Ctrl Pts',(6.59079054608532,-6.80512819539576,28.8710270501789));
#3190=CARTESIAN_POINT('Ctrl Pts',(9.01745783199661,-2.90409088029822,28.987966240815));
#3191=CARTESIAN_POINT('Ctrl Pts',(9.32341914123908,1.67992417251222,29.1049054314512));
#3192=CARTESIAN_POINT('Ctrl Pts',(7.43671913526677,5.86885833499107,29.2218446220874));
#3193=CARTESIAN_POINT('Ctrl Pts',(3.80106780525728,8.67756724048655,29.3387838127236));
#3194=CARTESIAN_POINT('Ctrl Pts',(-0.728510333426081,9.44550487603445,29.4557230033598));
#3195=CARTESIAN_POINT('Ctrl Pts',(-5.08675900543165,7.99206934958414,29.5726621939959));
#3196=CARTESIAN_POINT('Ctrl Pts',(-8.24871482914983,4.65907644681945,29.6896013846321));
#3197=CARTESIAN_POINT('Ctrl Pts',(-9.08363330838947,1.63331324923653,29.769496151844));
#3198=CARTESIAN_POINT('Ctrl Pts',(-9.10220976556581,0.0738361891405617,
29.8104111888438));
#3199=CARTESIAN_POINT('Ctrl Pts',(-9.10217820143115,7.11970726134659E-5,
29.8123464956316));
#3200=CARTESIAN_POINT('Ctrl Pts',(1.60818513665303,8.10499287885241,27.));
#3201=CARTESIAN_POINT('Ctrl Pts',(0.284818821828957,8.36757399023134,27.0389797302121));
#3202=CARTESIAN_POINT('Ctrl Pts',(-2.49171786813792,8.23207111325172,27.1169391906362));
#3203=CARTESIAN_POINT('Ctrl Pts',(-6.07204289892378,6.09131599209206,27.2338783812723));
#3204=CARTESIAN_POINT('Ctrl Pts',(-8.22372856844886,2.51849567518642,27.3508175719085));
#3205=CARTESIAN_POINT('Ctrl Pts',(-8.44168093108663,-1.64685154330174,27.4677567625447));
#3206=CARTESIAN_POINT('Ctrl Pts',(-6.67418844003767,-5.42478292379707,27.5846959531809));
#3207=CARTESIAN_POINT('Ctrl Pts',(-3.33714765481935,-7.92698091009037,27.7016351438171));
#3208=CARTESIAN_POINT('Ctrl Pts',(0.784751766691609,-8.56490190452404,27.8185743344532));
#3209=CARTESIAN_POINT('Ctrl Pts',(4.72207760405437,-7.18856120173782,27.9355135250894));
#3210=CARTESIAN_POINT('Ctrl Pts',(7.54888406332451,-4.12162396433574,28.0524527157256));
#3211=CARTESIAN_POINT('Ctrl Pts',(8.60035633808602,-0.085375375630895,28.1693919063618));
#3212=CARTESIAN_POINT('Ctrl Pts',(7.62921766464945,3.97095314745427,28.2863310969979));
#3213=CARTESIAN_POINT('Ctrl Pts',(4.86385528729765,7.09340084805822,28.4032702876342));
#3214=CARTESIAN_POINT('Ctrl Pts',(0.95462255494579,8.54763843165314,28.5202094782703));
#3215=CARTESIAN_POINT('Ctrl Pts',(-3.17911645759124,7.99166093833272,28.6371486689065));
#3216=CARTESIAN_POINT('Ctrl Pts',(-6.56519770423497,5.55622220596675,28.7540878595427));
#3217=CARTESIAN_POINT('Ctrl Pts',(-8.40729018164811,1.81408325386869,28.8710270501789));
#3218=CARTESIAN_POINT('Ctrl Pts',(-8.2721745286288,-2.35468780611439,28.987966240815));
#3219=CARTESIAN_POINT('Ctrl Pts',(-6.19162698997064,-5.96968855216507,29.1049054314512));
#3220=CARTESIAN_POINT('Ctrl Pts',(-2.65494616166071,-8.18075100617849,29.2218446220874));
#3221=CARTESIAN_POINT('Ctrl Pts',(1.50611909046191,-8.46788234735939,29.3387838127236));
#3222=CARTESIAN_POINT('Ctrl Pts',(5.31297855312425,-6.76355565171612,29.4557230033598));
#3223=CARTESIAN_POINT('Ctrl Pts',(7.87034334814209,-3.46859074282154,29.572662193996));
#3224=CARTESIAN_POINT('Ctrl Pts',(8.57677802183419,0.642109745071127,29.6896013846321));
#3225=CARTESIAN_POINT('Ctrl Pts',(7.26614481335001,4.60180026845234,29.8065405752683));
#3226=CARTESIAN_POINT('Ctrl Pts',(4.24667557217149,7.479249477366,29.9234797659045));
#3227=CARTESIAN_POINT('Ctrl Pts',(0.228482465173291,8.59774516502985,30.0404189565407));
#3228=CARTESIAN_POINT('Ctrl Pts',(-3.8434446478515,7.69424196387567,30.1573581471768));
#3229=CARTESIAN_POINT('Ctrl Pts',(-7.01147886128548,4.9812237791037,30.274297337813));
#3230=CARTESIAN_POINT('Ctrl Pts',(-8.53056882311343,1.09673228906142,30.3912365284492));
#3231=CARTESIAN_POINT('Ctrl Pts',(-8.04345828116318,-3.04568630015422,30.5081757190854));
#3232=CARTESIAN_POINT('Ctrl Pts',(-5.66470482648049,-6.47182705181459,30.6251149097216));
#3233=CARTESIAN_POINT('Ctrl Pts',(-1.95373848983176,-8.37593768321529,30.7420541003577));
#3234=CARTESIAN_POINT('Ctrl Pts',(2.21670378843733,-8.31021362385336,30.858993290994));
#3235=CARTESIAN_POINT('Ctrl Pts',(5.86582652174893,-6.29011171415153,30.9759324816301));
#3236=CARTESIAN_POINT('Ctrl Pts',(8.1354370130231,-2.790715099554,31.0928716722663));
#3237=CARTESIAN_POINT('Ctrl Pts',(8.49177323473516,1.36499578372858,31.2098108629024));
#3238=CARTESIAN_POINT('Ctrl Pts',(6.85103281422118,5.19968994635529,31.3267500535387));
#3239=CARTESIAN_POINT('Ctrl Pts',(3.59908149227027,7.81153240866882,31.4436892441748));
#3240=CARTESIAN_POINT('Ctrl Pts',(-0.499293937236022,8.58627577732028,31.560628434811));
#3241=CARTESIAN_POINT('Ctrl Pts',(-4.48024651143225,7.34171760258459,31.6775676254472));
#3242=CARTESIAN_POINT('Ctrl Pts',(-7.4075445176575,4.37055035201012,31.7945068160834));
#3243=CARTESIAN_POINT('Ctrl Pts',(-8.59275241803635,0.371526635871995,31.9114460067195));
#3244=CARTESIAN_POINT('Ctrl Pts',(-7.75713561310264,-3.71487190085391,32.0283851973557));
#3245=CARTESIAN_POINT('Ctrl Pts',(-5.09721263336384,-6.9276149960611,32.1453243879919));
#3246=CARTESIAN_POINT('Ctrl Pts',(-1.23853834437497,-8.51113675814932,32.2622635786281));
#3247=CARTESIAN_POINT('Ctrl Pts',(2.91141268330028,-8.09302801059663,32.3792027692643));
#3248=CARTESIAN_POINT('Ctrl Pts',(6.376664045013,-5.77161864240852,32.4961419599004));
#3249=CARTESIAN_POINT('Ctrl Pts',(8.34226552171141,-2.09285265025241,32.6130811505366));
#3250=CARTESIAN_POINT('Ctrl Pts',(8.34595123733495,2.07810587838965,32.7300203411728));
#3251=CARTESIAN_POINT('Ctrl Pts',(6.38685444071686,5.76033995153896,32.846959531809));
#3252=CARTESIAN_POINT('Ctrl Pts',(2.92571113144693,8.08787001354574,32.9638987224452));
#3253=CARTESIAN_POINT('Ctrl Pts',(-1.22349438468333,8.51331224246208,33.0808379130813));
#3254=CARTESIAN_POINT('Ctrl Pts',(-5.08496144177262,6.93661287730273,33.1977771037175));
#3255=CARTESIAN_POINT('Ctrl Pts',(-7.75055784009593,3.72857496426552,33.3147162943537));
#3256=CARTESIAN_POINT('Ctrl Pts',(-8.5933961498055,-0.356338767761129,33.4316554849899));
#3257=CARTESIAN_POINT('Ctrl Pts',(-7.41525603160832,-4.35745419201839,33.5485946756261));
#3258=CARTESIAN_POINT('Ctrl Pts',(-4.49321699888338,-7.33378353719215,33.6655338662622));
#3259=CARTESIAN_POINT('Ctrl Pts',(-0.514463273509952,-8.58538923749022,
33.7824730568984));
#3260=CARTESIAN_POINT('Ctrl Pts',(3.5852608461317,-7.81786196914781,33.8994122475346));
#3261=CARTESIAN_POINT('Ctrl Pts',(6.84185198189726,-5.21182870073027,34.0163514381708));
#3262=CARTESIAN_POINT('Ctrl Pts',(8.48930784191303,-1.37992188137174,34.133290628807));
#3263=CARTESIAN_POINT('Ctrl Pts',(8.14043763592185,2.77616832658872,34.2502298194431));
#3264=CARTESIAN_POINT('Ctrl Pts',(5.87676361531222,6.28007182743746,34.3671690100793));
#3265=CARTESIAN_POINT('Ctrl Pts',(3.44672227158824,7.63004074863311,34.4451284705034));
#3266=CARTESIAN_POINT('Ctrl Pts',(2.1437533772307,7.98006832411929,34.4841082007155));
#3267=CARTESIAN_POINT('Ctrl Pts',(1.66258278226534,8.37914821101255,26.8386305997615));
#3268=CARTESIAN_POINT('Ctrl Pts',(0.294452957215764,8.65061125639008,26.8776103299735));
#3269=CARTESIAN_POINT('Ctrl Pts',(-2.57600143877142,8.51052492859166,26.9555697903977));
#3270=CARTESIAN_POINT('Ctrl Pts',(-6.27743270774009,6.29735772267293,27.0725089810338));
#3271=CARTESIAN_POINT('Ctrl Pts',(-8.50190019314708,2.60368501818711,27.1894481716701));
#3272=CARTESIAN_POINT('Ctrl Pts',(-8.72722490061813,-1.70255709895379,27.3063873623062));
#3273=CARTESIAN_POINT('Ctrl Pts',(-6.89994611509401,-5.60827884866712,27.4233265529424));
#3274=CARTESIAN_POINT('Ctrl Pts',(-3.45002829980567,-8.19511490069551,27.5402657435786));
#3275=CARTESIAN_POINT('Ctrl Pts',(0.811296377461342,-8.85461388350438,27.6572049342147));
#3276=CARTESIAN_POINT('Ctrl Pts',(4.88180417918849,-7.43171778601541,27.7741441248509));
#3277=CARTESIAN_POINT('Ctrl Pts',(7.80422874391257,-4.26103990261867,27.8910833154871));
#3278=CARTESIAN_POINT('Ctrl Pts',(8.89126758055183,-0.0882632392989151,
28.0080225061233));
#3279=CARTESIAN_POINT('Ctrl Pts',(7.88727966843374,4.10527257196274,28.1249616967594));
#3280=CARTESIAN_POINT('Ctrl Pts',(5.02837756162897,7.33333858701892,28.2419008873957));
#3281=CARTESIAN_POINT('Ctrl Pts',(0.986913127874184,8.83676646525437,28.3588400780318));
#3282=CARTESIAN_POINT('Ctrl Pts',(-3.28665162035255,8.26198276239953,28.475779268668));
#3283=CARTESIAN_POINT('Ctrl Pts',(-6.78726871456218,5.74416412858174,28.5927184593042));
#3284=CARTESIAN_POINT('Ctrl Pts',(-8.69167086732772,1.8754455035911,28.7096576499404));
#3285=CARTESIAN_POINT('Ctrl Pts',(-8.55198486152869,-2.43433626815106,28.8265968405765));
#3286=CARTESIAN_POINT('Ctrl Pts',(-6.40106178891736,-6.17161617534432,28.9435360312127));
#3287=CARTESIAN_POINT('Ctrl Pts',(-2.74475100883295,-8.45746889389808,29.0604752218489));
#3288=CARTESIAN_POINT('Ctrl Pts',(1.55706430234429,-8.75431259255931,29.1774144124851));
#3289=CARTESIAN_POINT('Ctrl Pts',(5.49269264069513,-6.99233621623925,29.2943536031213));
#3290=CARTESIAN_POINT('Ctrl Pts',(8.13656154562554,-3.58591751428694,29.4112927937575));
#3291=CARTESIAN_POINT('Ctrl Pts',(8.86689171626753,0.663829419977013,29.5282319843936));
#3292=CARTESIAN_POINT('Ctrl Pts',(7.51192570108223,4.75745840412129,29.6451711750298));
#3293=CARTESIAN_POINT('Ctrl Pts',(4.39032144200351,7.73223873416423,29.762110365666));
#3294=CARTESIAN_POINT('Ctrl Pts',(0.236210995854145,8.88856808329512,29.8790495563022));
#3295=CARTESIAN_POINT('Ctrl Pts',(-3.97345103525007,7.95450344625533,29.9959887469383));
#3296=CARTESIAN_POINT('Ctrl Pts',(-7.24864554913849,5.14971609984187,30.1129279375746));
#3297=CARTESIAN_POINT('Ctrl Pts',(-8.81911946889101,1.13382979296952,30.2298671282107));
#3298=CARTESIAN_POINT('Ctrl Pts',(-8.3155321755823,-3.1487081228449,30.3468063188469));
#3299=CARTESIAN_POINT('Ctrl Pts',(-5.85631622657746,-6.69073975434178,30.4637455094831));
#3300=CARTESIAN_POINT('Ctrl Pts',(-2.01982464593826,-8.65925785536325,30.5806847001192));
#3301=CARTESIAN_POINT('Ctrl Pts',(2.2916848738625,-8.5913106476785,30.6976238907554));
#3302=CARTESIAN_POINT('Ctrl Pts',(6.064240961157,-6.50287780686668,30.8145630813916));
#3303=CARTESIAN_POINT('Ctrl Pts',(8.41062213285123,-2.88511239718506,30.9315022720278));
#3304=CARTESIAN_POINT('Ctrl Pts',(8.7790116008381,1.41116743101796,31.0484414626639));
#3305=CARTESIAN_POINT('Ctrl Pts',(7.08277233637715,5.37557199161806,31.1653806533002));
#3306=CARTESIAN_POINT('Ctrl Pts',(3.72082217689929,8.07576129747712,31.2823198439363));
#3307=CARTESIAN_POINT('Ctrl Pts',(-0.516182797874708,8.87671073795939,31.3992590345725));
#3308=CARTESIAN_POINT('Ctrl Pts',(-4.63179303205978,7.59005477672503,31.5161982252087));
#3309=CARTESIAN_POINT('Ctrl Pts',(-7.6581083192653,4.51838634661097,31.6331374158448));
#3310=CARTESIAN_POINT('Ctrl Pts',(-8.88340645420253,0.384093705305161,31.7500766064811));
#3311=CARTESIAN_POINT('Ctrl Pts',(-8.01952450380362,-3.84052925245607,31.8670157971172));
#3312=CARTESIAN_POINT('Ctrl Pts',(-5.26962833359683,-7.16194494782185,31.9839549877534));
#3313=CARTESIAN_POINT('Ctrl Pts',(-1.28043250717938,-8.79903010486391,32.1008941783896));
#3314=CARTESIAN_POINT('Ctrl Pts',(3.0098926354947,-8.36677862525981,32.2178333690258));
#3315=CARTESIAN_POINT('Ctrl Pts',(6.59235781248015,-5.96684645440817,32.3347725596619));
#3316=CARTESIAN_POINT('Ctrl Pts',(8.62444671659442,-2.16364441059921,32.4517117502981));
#3317=CARTESIAN_POINT('Ctrl Pts',(8.62825710334428,2.14839882199487,32.5686509409343));
#3318=CARTESIAN_POINT('Ctrl Pts',(6.60289290328255,5.95518625632598,32.6855901315705));
#3319=CARTESIAN_POINT('Ctrl Pts',(3.02467473561484,8.36144615644615,32.8025293222066));
#3320=CARTESIAN_POINT('Ctrl Pts',(-1.26487967822309,8.80127917599326,32.9194685128429));
#3321=CARTESIAN_POINT('Ctrl Pts',(-5.25696273948233,7.17124718677945,33.036407703479));
#3322=CARTESIAN_POINT('Ctrl Pts',(-8.01272423442086,3.85469582866249,33.1533468941152));
#3323=CARTESIAN_POINT('Ctrl Pts',(-8.88407196051234,-0.368392100157259,
33.2702860847514));
#3324=CARTESIAN_POINT('Ctrl Pts',(-7.66608067893188,-4.50484720262823,33.3872252753875));
#3325=CARTESIAN_POINT('Ctrl Pts',(-4.64520225256702,-7.58185233770592,33.5041644660238));
#3326=CARTESIAN_POINT('Ctrl Pts',(-0.531865244337259,-8.87579421048773,
33.6211036566599));
#3327=CARTESIAN_POINT('Ctrl Pts',(3.70653404067289,-8.08230495842251,33.7380428472961));
#3328=CARTESIAN_POINT('Ctrl Pts',(7.07328095792779,-5.38812134527269,33.8549820379323));
#3329=CARTESIAN_POINT('Ctrl Pts',(8.77646281490282,-1.42659841118458,33.9719212285685));
#3330=CARTESIAN_POINT('Ctrl Pts',(8.4157919042554,2.87007357253832,34.0888604192046));
#3331=CARTESIAN_POINT('Ctrl Pts',(6.07554800723764,6.49249831609397,34.2057996098408));
#3332=CARTESIAN_POINT('Ctrl Pts',(3.5633093313618,7.88813059363407,34.2837590702649));
#3333=CARTESIAN_POINT('Ctrl Pts',(2.21626687946185,8.24999802236343,34.322738800477));
#3334=CARTESIAN_POINT('Ctrl Pts',(1.71698042787765,8.65330354317269,26.677261199523));
#3335=CARTESIAN_POINT('Ctrl Pts',(0.304087092602573,8.93364852254882,26.7162409297351));
#3336=CARTESIAN_POINT('Ctrl Pts',(-2.6602850094049,8.78897874393159,26.7942003901592));
#3337=CARTESIAN_POINT('Ctrl Pts',(-6.48282251655641,6.5033994532538,26.9111395807953));
#3338=CARTESIAN_POINT('Ctrl Pts',(-8.78007181784531,2.68887436118778,27.0280787714315));
#3339=CARTESIAN_POINT('Ctrl Pts',(-9.01276887014962,-1.75826265460583,27.1450179620677));
#3340=CARTESIAN_POINT('Ctrl Pts',(-7.12570379015035,-5.79177477353718,27.2619571527039));
#3341=CARTESIAN_POINT('Ctrl Pts',(-3.562908944792,-8.46324889130065,27.3788963433401));
#3342=CARTESIAN_POINT('Ctrl Pts',(0.837840988231075,-9.1443258624847,27.4958355339762));
#3343=CARTESIAN_POINT('Ctrl Pts',(5.04153075432261,-7.674874370293,27.6127747246124));
#3344=CARTESIAN_POINT('Ctrl Pts',(8.05957342450064,-4.40045584090159,27.7297139152486));
#3345=CARTESIAN_POINT('Ctrl Pts',(9.18217882301765,-0.0911511029669342,
27.8466531058848));
#3346=CARTESIAN_POINT('Ctrl Pts',(8.14534167221802,4.23959199647121,27.963592296521));
#3347=CARTESIAN_POINT('Ctrl Pts',(5.19289983596029,7.57327632597962,28.0805314871571));
#3348=CARTESIAN_POINT('Ctrl Pts',(1.01920370080259,9.12589449885562,28.1974706777933));
#3349=CARTESIAN_POINT('Ctrl Pts',(-3.39418678311387,8.53230458646633,28.3144098684295));
#3350=CARTESIAN_POINT('Ctrl Pts',(-7.00933972488938,5.93210605119674,28.4313490590657));
#3351=CARTESIAN_POINT('Ctrl Pts',(-8.97605155300734,1.93680775331352,28.5482882497019));
#3352=CARTESIAN_POINT('Ctrl Pts',(-8.83179519442857,-2.51398473018773,28.665227440338));
#3353=CARTESIAN_POINT('Ctrl Pts',(-6.61049658786409,-6.37354379852357,28.7821666309743));
#3354=CARTESIAN_POINT('Ctrl Pts',(-2.83455585600518,-8.73418678161766,28.8991058216104));
#3355=CARTESIAN_POINT('Ctrl Pts',(1.60800951422667,-9.04074283775923,29.0160450122466));
#3356=CARTESIAN_POINT('Ctrl Pts',(5.67240672826601,-7.22111678076238,29.1329842028827));
#3357=CARTESIAN_POINT('Ctrl Pts',(8.40277974310899,-3.70324428575234,29.249923393519));
#3358=CARTESIAN_POINT('Ctrl Pts',(9.15700541070086,0.685549094882909,29.3668625841551));
#3359=CARTESIAN_POINT('Ctrl Pts',(7.75770658881446,4.91311653979022,29.4838017747913));
#3360=CARTESIAN_POINT('Ctrl Pts',(4.53396731183551,7.98522799096247,29.6007409654275));
#3361=CARTESIAN_POINT('Ctrl Pts',(0.243939526535012,9.17939100156037,29.7176801560637));
#3362=CARTESIAN_POINT('Ctrl Pts',(-4.10345742264866,8.21476492863501,29.8346193466998));
#3363=CARTESIAN_POINT('Ctrl Pts',(-7.48581223699148,5.31820842058004,29.951558537336));
#3364=CARTESIAN_POINT('Ctrl Pts',(-9.1076701146686,1.17092729687762,30.0684977279722));
#3365=CARTESIAN_POINT('Ctrl Pts',(-8.5876060700014,-3.25172994553558,30.1854369186084));
#3366=CARTESIAN_POINT('Ctrl Pts',(-6.04792762667444,-6.90965245686897,30.3023761092446));
#3367=CARTESIAN_POINT('Ctrl Pts',(-2.08591080204475,-8.94257802751122,30.4193152998807));
#3368=CARTESIAN_POINT('Ctrl Pts',(2.36666595928769,-8.87240767150363,30.536254490517));
#3369=CARTESIAN_POINT('Ctrl Pts',(6.26265540056506,-6.71564389958184,30.6531936811531));
#3370=CARTESIAN_POINT('Ctrl Pts',(8.68580725267939,-2.9795096948161,30.7701328717893));
#3371=CARTESIAN_POINT('Ctrl Pts',(9.06624996694102,1.45733907830734,30.8870720624254));
#3372=CARTESIAN_POINT('Ctrl Pts',(7.31451185853313,5.55145403688084,31.0040112530617));
#3373=CARTESIAN_POINT('Ctrl Pts',(3.8425628615283,8.33999018628541,31.1209504436978));
#3374=CARTESIAN_POINT('Ctrl Pts',(-0.533071658513396,9.16714569859851,31.237889634334));
#3375=CARTESIAN_POINT('Ctrl Pts',(-4.78333955268731,7.83839195086546,31.3548288249702));
#3376=CARTESIAN_POINT('Ctrl Pts',(-7.90867212087311,4.66622234121182,31.4717680156064));
#3377=CARTESIAN_POINT('Ctrl Pts',(-9.17406049036871,0.39666077473832,31.5887072062425));
#3378=CARTESIAN_POINT('Ctrl Pts',(-8.28191339450459,-3.96618660405823,31.7056463968787));
#3379=CARTESIAN_POINT('Ctrl Pts',(-5.44204403382982,-7.39627489958261,31.8225855875149));
#3380=CARTESIAN_POINT('Ctrl Pts',(-1.32232666998378,-9.08692345157851,31.9395247781511));
#3381=CARTESIAN_POINT('Ctrl Pts',(3.10837258768911,-8.64052923992298,32.0564639687873));
#3382=CARTESIAN_POINT('Ctrl Pts',(6.80805157994731,-6.16207426640783,32.1734031594234));
#3383=CARTESIAN_POINT('Ctrl Pts',(8.90662791147743,-2.234436170946,32.2903423500596));
#3384=CARTESIAN_POINT('Ctrl Pts',(8.91056296935362,2.21869176560009,32.4072815406958));
#3385=CARTESIAN_POINT('Ctrl Pts',(6.81893136584826,6.150032561113,32.524220731332));
#3386=CARTESIAN_POINT('Ctrl Pts',(3.12363833978274,8.63502229934655,32.6411599219682));
#3387=CARTESIAN_POINT('Ctrl Pts',(-1.30626497176284,9.08924610952444,32.7580991126043));
#3388=CARTESIAN_POINT('Ctrl Pts',(-5.42896403719206,7.40588149625616,32.8750383032405));
#3389=CARTESIAN_POINT('Ctrl Pts',(-8.27489062874577,3.98081669305948,32.9919774938767));
#3390=CARTESIAN_POINT('Ctrl Pts',(-9.17474777121919,-0.380445432553394,
33.1089166845129));
#3391=CARTESIAN_POINT('Ctrl Pts',(-7.91690532625543,-4.65224021323808,33.2258558751491));
#3392=CARTESIAN_POINT('Ctrl Pts',(-4.79718750625066,-7.82992113821968,33.3427950657852));
#3393=CARTESIAN_POINT('Ctrl Pts',(-0.549267215164563,-9.16619918348525,
33.4597342564214));
#3394=CARTESIAN_POINT('Ctrl Pts',(3.82780723521407,-8.34674794769721,33.5766734470576));
#3395=CARTESIAN_POINT('Ctrl Pts',(7.30470993395833,-5.56441398981513,33.6936126376938));
#3396=CARTESIAN_POINT('Ctrl Pts',(9.06361778789262,-1.4732749409974,33.81055182833));
#3397=CARTESIAN_POINT('Ctrl Pts',(8.69114617258896,2.96397881848792,33.9274910189661));
#3398=CARTESIAN_POINT('Ctrl Pts',(6.27433239916306,6.70492480475049,34.0444302096023));
#3399=CARTESIAN_POINT('Ctrl Pts',(3.67989639113536,8.14622043863503,34.1223896700264));
#3400=CARTESIAN_POINT('Ctrl Pts',(2.28878038169299,8.51992772060757,34.1613694002385));
#3401=CARTESIAN_POINT('Ctrl Pts',(1.77137807348996,8.92745887533284,26.5158917992845));
#3402=CARTESIAN_POINT('Ctrl Pts',(0.31372122798938,9.21668578870755,26.5548715294965));
#3403=CARTESIAN_POINT('Ctrl Pts',(-2.7445685800384,9.06743255927152,26.6328309899207));
#3404=CARTESIAN_POINT('Ctrl Pts',(-6.68821232537272,6.70944118383468,26.7497701805568));
#3405=CARTESIAN_POINT('Ctrl Pts',(-9.05824344254354,2.77406370418846,26.866709371193));
#3406=CARTESIAN_POINT('Ctrl Pts',(-9.29831283968111,-1.81396821025787,26.9836485618292));
#3407=CARTESIAN_POINT('Ctrl Pts',(-7.3514614652067,-5.97527069840724,27.1005877524654));
#3408=CARTESIAN_POINT('Ctrl Pts',(-3.67578958977832,-8.73138288190578,27.2175269431016));
#3409=CARTESIAN_POINT('Ctrl Pts',(0.864385599000805,-9.43403784146504,27.3344661337377));
#3410=CARTESIAN_POINT('Ctrl Pts',(5.20125732945673,-7.91803095457058,27.4514053243739));
#3411=CARTESIAN_POINT('Ctrl Pts',(8.31491810508871,-4.53987177918453,27.5683445150101));
#3412=CARTESIAN_POINT('Ctrl Pts',(9.47309006548346,-0.0940389666349505,
27.6852837056463));
#3413=CARTESIAN_POINT('Ctrl Pts',(8.40340367600229,4.37391142097967,27.8022228962825));
#3414=CARTESIAN_POINT('Ctrl Pts',(5.35742211029161,7.81321406494032,27.9191620869186));
#3415=CARTESIAN_POINT('Ctrl Pts',(1.05149427373098,9.41502253245686,28.0361012775548));
#3416=CARTESIAN_POINT('Ctrl Pts',(-3.50172194587519,8.80262641053313,28.153040468191));
#3417=CARTESIAN_POINT('Ctrl Pts',(-7.23141073521658,6.12004797381173,28.2699796588272));
#3418=CARTESIAN_POINT('Ctrl Pts',(-9.26043223868695,1.99817000303593,28.3869188494634));
#3419=CARTESIAN_POINT('Ctrl Pts',(-9.11160552732845,-2.5936331922244,28.5038580400996));
#3420=CARTESIAN_POINT('Ctrl Pts',(-6.81993138681082,-6.57547142170282,28.6207972307357));
#3421=CARTESIAN_POINT('Ctrl Pts',(-2.92436070317741,-9.01090466933723,28.7377364213719));
#3422=CARTESIAN_POINT('Ctrl Pts',(1.65895472610905,-9.32717308295916,28.8546756120081));
#3423=CARTESIAN_POINT('Ctrl Pts',(5.8521208158369,-7.44989734528552,28.9716148026442));
#3424=CARTESIAN_POINT('Ctrl Pts',(8.66899794059244,-3.82057105721775,29.0885539932805));
#3425=CARTESIAN_POINT('Ctrl Pts',(9.4471191051342,0.707268769788802,29.2054931839166));
#3426=CARTESIAN_POINT('Ctrl Pts',(8.00348747654667,5.06877467545916,29.3224323745528));
#3427=CARTESIAN_POINT('Ctrl Pts',(4.67761318166753,8.2382172477607,29.439371565189));
#3428=CARTESIAN_POINT('Ctrl Pts',(0.251668057215866,9.47021391982563,29.5563107558252));
#3429=CARTESIAN_POINT('Ctrl Pts',(-4.23346381004724,8.47502641101469,29.6732499464613));
#3430=CARTESIAN_POINT('Ctrl Pts',(-7.72297892484448,5.48670074131821,29.7901891370975));
#3431=CARTESIAN_POINT('Ctrl Pts',(-9.39622076044619,1.20802480078573,29.9071283277337));
#3432=CARTESIAN_POINT('Ctrl Pts',(-8.85967996442051,-3.35475176822626,30.0240675183699));
#3433=CARTESIAN_POINT('Ctrl Pts',(-6.23953902677141,-7.12856515939616,30.1410067090061));
#3434=CARTESIAN_POINT('Ctrl Pts',(-2.15199695815125,-9.22589819965919,30.2579458996422));
#3435=CARTESIAN_POINT('Ctrl Pts',(2.44164704471286,-9.15350469532874,30.3748850902785));
#3436=CARTESIAN_POINT('Ctrl Pts',(6.46106983997313,-6.928409992297,30.4918242809146));
#3437=CARTESIAN_POINT('Ctrl Pts',(8.96099237250752,-3.07390699244715,30.6087634715508));
#3438=CARTESIAN_POINT('Ctrl Pts',(9.35348833304395,1.50351072559672,30.725702662187));
#3439=CARTESIAN_POINT('Ctrl Pts',(7.54625138068911,5.72733608214361,30.8426418528231));
#3440=CARTESIAN_POINT('Ctrl Pts',(3.96430354615732,8.60421907509371,30.9595810434594));
#3441=CARTESIAN_POINT('Ctrl Pts',(-0.54996051915208,9.45758065923763,31.0765202340954));
#3442=CARTESIAN_POINT('Ctrl Pts',(-4.93488607331485,8.0867291250059,31.1934594247317));
#3443=CARTESIAN_POINT('Ctrl Pts',(-8.15923592248091,4.81405833581267,31.3103986153678));
#3444=CARTESIAN_POINT('Ctrl Pts',(-9.46471452653489,0.409227844171483,31.4273378060041));
#3445=CARTESIAN_POINT('Ctrl Pts',(-8.54430228520557,-4.09184395566039,31.5442769966402));
#3446=CARTESIAN_POINT('Ctrl Pts',(-5.61445973406281,-7.63060485134336,31.6612161872764));
#3447=CARTESIAN_POINT('Ctrl Pts',(-1.36422083278818,-9.37481679829311,31.7781553779126));
#3448=CARTESIAN_POINT('Ctrl Pts',(3.20685253988352,-8.91427985458615,31.8950945685488));
#3449=CARTESIAN_POINT('Ctrl Pts',(7.02374534741447,-6.35730207840749,32.0120337591849));
#3450=CARTESIAN_POINT('Ctrl Pts',(9.18880910636044,-2.30522793129279,32.1289729498211));
#3451=CARTESIAN_POINT('Ctrl Pts',(9.19286883536295,2.2889847092053,32.2459121404573));
#3452=CARTESIAN_POINT('Ctrl Pts',(7.03496982841395,6.34487886590003,32.3628513310935));
#3453=CARTESIAN_POINT('Ctrl Pts',(3.22260194395065,8.90859844224695,32.4797905217297));
#3454=CARTESIAN_POINT('Ctrl Pts',(-1.3476502653026,9.37721304305562,32.5967297123659));
#3455=CARTESIAN_POINT('Ctrl Pts',(-5.60096533490178,7.64051580573289,32.713668903002));
#3456=CARTESIAN_POINT('Ctrl Pts',(-8.53705702307069,4.10693755745645,32.8306080936382));
#3457=CARTESIAN_POINT('Ctrl Pts',(-9.46542358192602,-0.392498764949521,
32.9475472842744));
#3458=CARTESIAN_POINT('Ctrl Pts',(-8.16772997357899,-4.79963322384792,33.0644864749106));
#3459=CARTESIAN_POINT('Ctrl Pts',(-4.9491727599343,-8.07798993873343,33.1814256655468));
#3460=CARTESIAN_POINT('Ctrl Pts',(-0.566669185991873,-9.45660415648279,
33.2983648561829));
#3461=CARTESIAN_POINT('Ctrl Pts',(3.94908042975526,-8.61119093697189,33.4153040468191));
#3462=CARTESIAN_POINT('Ctrl Pts',(7.53613890998886,-5.74070663435757,33.5322432374553));
#3463=CARTESIAN_POINT('Ctrl Pts',(9.35077276088242,-1.51995147081023,33.6491824280915));
#3464=CARTESIAN_POINT('Ctrl Pts',(8.96650044092251,3.05788406443752,33.7661216187276));
#3465=CARTESIAN_POINT('Ctrl Pts',(6.47311679108849,6.917351293407,33.8830608093638));
#3466=CARTESIAN_POINT('Ctrl Pts',(3.79648345090892,8.40431028363599,33.9610202697879));
#3467=CARTESIAN_POINT('Ctrl Pts',(2.36129388392414,8.78985741885171,34.));
#3468=CARTESIAN_POINT('Ctrl Pts',(2.36129388392414,8.78985741885171,34.));
#3469=CARTESIAN_POINT('Ctrl Pts',(2.57897199607004,8.72064651640744,34.));
#3470=CARTESIAN_POINT('Ctrl Pts',(2.79356806667552,8.64321816855976,34.));
#3471=CARTESIAN_POINT('Ctrl Pts',(3.00469891945761,8.55790416501869,34.));
#3472=CARTESIAN_POINT('Ctrl Pts',(3.21790885825492,8.47175004195304,34.));
#3473=CARTESIAN_POINT('Ctrl Pts',(3.42758557746517,8.37755387785422,34.));
#3474=CARTESIAN_POINT('Ctrl Pts',(3.63331677971339,8.27560702821654,34.));
#3475=CARTESIAN_POINT('Ctrl Pts',(3.83952054563896,8.17342600710837,34.));
#3476=CARTESIAN_POINT('Ctrl Pts',(4.04176121868489,8.06345828145975,34.));
#3477=CARTESIAN_POINT('Ctrl Pts',(4.23959731871668,7.9459521705868,34.));
#3478=CARTESIAN_POINT('Ctrl Pts',(4.43531488722858,7.82970437606574,34.));
#3479=CARTESIAN_POINT('Ctrl Pts',(4.62672219295298,7.70607834981971,34.));
#3480=CARTESIAN_POINT('Ctrl Pts',(4.813358299849,7.57527660434023,34.));
#3481=CARTESIAN_POINT('Ctrl Pts',(4.92694784017921,7.49566869571792,34.));
#3482=CARTESIAN_POINT('Ctrl Pts',(5.03876938811192,7.41340210375697,34.));
#3483=CARTESIAN_POINT('Ctrl Pts',(5.14871169967563,7.32851649778045,34.));
#3484=CARTESIAN_POINT('Ctrl Pts',(5.19599769576021,7.29200734698351,34.));
#3485=CARTESIAN_POINT('Ctrl Pts',(5.2429359869026,7.25501366592327,34.));
#3486=CARTESIAN_POINT('Ctrl Pts',(5.28951736733327,7.21753837851019,34.));
#3487=CARTESIAN_POINT('Ctrl Pts',(5.32196733547606,7.19143198425024,34.));
#3488=CARTESIAN_POINT('Ctrl Pts',(5.35424409290404,7.165091867039,34.));
#3489=CARTESIAN_POINT('Ctrl Pts',(5.38634446241044,7.13851897769054,34.));
#3490=CARTESIAN_POINT('Ctrl Pts',(5.41087873691632,7.11820934974188,34.));
#3491=CARTESIAN_POINT('Ctrl Pts',(5.43531219947105,7.09776178928857,34.));
#3492=CARTESIAN_POINT('Ctrl Pts',(5.45962472835153,7.07719273506925,34.));
#3493=CARTESIAN_POINT('Ctrl Pts',(5.63325422575353,6.93029750406749,34.));
#3494=CARTESIAN_POINT('Ctrl Pts',(5.80091605866246,6.77704793471409,34.));
#3495=CARTESIAN_POINT('Ctrl Pts',(5.96220843688182,6.61770763626733,34.));
#3496=CARTESIAN_POINT('Ctrl Pts',(6.00223800305785,6.57816253753671,34.));
#3497=CARTESIAN_POINT('Ctrl Pts',(6.04187509789111,6.53824209285094,34.));
#3498=CARTESIAN_POINT('Ctrl Pts',(6.08111325655263,6.49794995259852,34.));
#3499=CARTESIAN_POINT('Ctrl Pts',(6.23915902499086,6.33565889497915,34.));
#3500=CARTESIAN_POINT('Ctrl Pts',(6.39073576879571,6.16734023681477,34.));
#3501=CARTESIAN_POINT('Ctrl Pts',(6.53561388302161,5.99345193081332,34.));
#3502=CARTESIAN_POINT('Ctrl Pts',(6.68086845934495,5.81911178046847,34.));
#3503=CARTESIAN_POINT('Ctrl Pts',(6.81938988641684,5.63917239409997,34.));
#3504=CARTESIAN_POINT('Ctrl Pts',(6.95090315999928,5.45406638702156,34.));
#3505=CARTESIAN_POINT('Ctrl Pts',(7.08169591499305,5.26997451574359,34.));
#3506=CARTESIAN_POINT('Ctrl Pts',(7.20555737482663,5.08077186434064,34.));
#3507=CARTESIAN_POINT('Ctrl Pts',(7.32216944572126,4.88686460216821,34.));
#3508=CARTESIAN_POINT('Ctrl Pts',(7.37108344840653,4.8055284225615,34.));
#3509=CARTESIAN_POINT('Ctrl Pts',(7.4187213489627,4.72336430374695,34.));
#3510=CARTESIAN_POINT('Ctrl Pts',(7.46505697614048,4.64040159497285,34.));
#3511=CARTESIAN_POINT('Ctrl Pts',(7.49436126511692,4.58793304452341,34.));
#3512=CARTESIAN_POINT('Ctrl Pts',(7.52314464538133,4.53514507239214,34.));
#3513=CARTESIAN_POINT('Ctrl Pts',(7.55140015053483,4.48204505720224,34.));
#3514=CARTESIAN_POINT('Ctrl Pts',(7.56598150610711,4.45464260241791,34.));
#3515=CARTESIAN_POINT('Ctrl Pts',(7.58042340963843,4.42715474374543,34.));
#3516=CARTESIAN_POINT('Ctrl Pts',(7.59471414609636,4.39960354143061,34.));
#3517=CARTESIAN_POINT('Ctrl Pts',(7.69812368785329,4.20023962378966,34.));
#3518=CARTESIAN_POINT('Ctrl Pts',(7.79374508689565,3.9973324314816,34.));
#3519=CARTESIAN_POINT('Ctrl Pts',(7.88135909058646,3.79132192473438,34.));
#3520=CARTESIAN_POINT('Ctrl Pts',(7.96866983175176,3.58602449196994,34.));
#3521=CARTESIAN_POINT('Ctrl Pts',(8.04802877884091,3.37764457326531,34.));
#3522=CARTESIAN_POINT('Ctrl Pts',(8.11917219455412,3.16659613868502,34.));
#3523=CARTESIAN_POINT('Ctrl Pts',(8.15925743334977,3.04768243721614,34.));
#3524=CARTESIAN_POINT('Ctrl Pts',(8.19673363951853,2.9279212327452,34.));
#3525=CARTESIAN_POINT('Ctrl Pts',(8.2315465777507,2.80738466976802,34.));
#3526=CARTESIAN_POINT('Ctrl Pts',(8.29362501332584,2.59244385640354,34.));
#3527=CARTESIAN_POINT('Ctrl Pts',(8.34723772015469,2.37503752132325,34.));
#3528=CARTESIAN_POINT('Ctrl Pts',(8.39234522869064,2.15567270365598,34.));
#3529=CARTESIAN_POINT('Ctrl Pts',(8.43721089218081,1.93748401599663,34.));
#3530=CARTESIAN_POINT('Ctrl Pts',(8.47366227349109,1.71735710862429,34.));
#3531=CARTESIAN_POINT('Ctrl Pts',(8.50160938326878,1.49579448723735,34.));
#3532=CARTESIAN_POINT('Ctrl Pts',(8.5093063833211,1.4347732395315,34.));
#3533=CARTESIAN_POINT('Ctrl Pts',(8.51635801586044,1.37364314368006,34.));
#3534=CARTESIAN_POINT('Ctrl Pts',(8.5227617200138,1.31241485147707,34.));
#3535=CARTESIAN_POINT('Ctrl Pts',(8.52546452838564,1.28657225525518,34.));
#3536=CARTESIAN_POINT('Ctrl Pts',(8.52805190946267,1.26071216713362,34.));
#3537=CARTESIAN_POINT('Ctrl Pts',(8.53052365494466,1.23483539296326,34.));
#3538=CARTESIAN_POINT('Ctrl Pts',(8.53316222019772,1.20721217783676,34.));
#3539=CARTESIAN_POINT('Ctrl Pts',(8.53566828514395,1.17957730688699,34.));
#3540=CARTESIAN_POINT('Ctrl Pts',(8.53804116701671,1.15194004194641,34.));
#3541=CARTESIAN_POINT('Ctrl Pts',(8.55698590332854,0.931288224976654,34.));
#3542=CARTESIAN_POINT('Ctrl Pts',(8.56746136900094,0.710320502199161,34.));
#3543=CARTESIAN_POINT('Ctrl Pts',(8.56949593980051,0.489530723336241,34.));
#3544=CARTESIAN_POINT('Ctrl Pts',(8.57153077030094,0.268712761971609,34.));
#3545=CARTESIAN_POINT('Ctrl Pts',(8.56512252389078,0.0480721010614697,34.));
#3546=CARTESIAN_POINT('Ctrl Pts',(8.55024750334837,-0.17189889709947,34.));
#3547=CARTESIAN_POINT('Ctrl Pts',(8.53554289940873,-0.389349783768355,34.));
#3548=CARTESIAN_POINT('Ctrl Pts',(8.51256429836561,-0.606146900120955,34.));
#3549=CARTESIAN_POINT('Ctrl Pts',(8.48123909975761,-0.821806409844239,34.));
#3550=CARTESIAN_POINT('Ctrl Pts',(8.45490772263955,-1.00308576742088,34.));
#3551=CARTESIAN_POINT('Ctrl Pts',(8.42267797749403,-1.18356137043748,34.));
#3552=CARTESIAN_POINT('Ctrl Pts',(8.38447981500452,-1.36293638643449,34.));
#3553=CARTESIAN_POINT('Ctrl Pts',(8.34883156396632,-1.53033725557306,34.));
#3554=CARTESIAN_POINT('Ctrl Pts',(8.30798466995789,-1.69677962504292,34.));
#3555=CARTESIAN_POINT('Ctrl Pts',(8.26201477438956,-1.86203636212492,34.));
#3556=CARTESIAN_POINT('Ctrl Pts',(8.24982500256512,-1.90585725605073,34.));
#3557=CARTESIAN_POINT('Ctrl Pts',(8.23727492540116,-1.94959472366493,34.));
#3558=CARTESIAN_POINT('Ctrl Pts',(8.22436577332987,-1.99324439481638,34.));
#3559=CARTESIAN_POINT('Ctrl Pts',(8.21210425058798,-2.03470423916125,34.));
#3560=CARTESIAN_POINT('Ctrl Pts',(8.19951656319893,-2.07609166651624,34.));
#3561=CARTESIAN_POINT('Ctrl Pts',(8.18661538958932,-2.11736636966887,34.));
#3562=CARTESIAN_POINT('Ctrl Pts',(8.12137219375022,-2.32609881700068,34.));
#3563=CARTESIAN_POINT('Ctrl Pts',(8.04807806182085,-2.5320868200348,34.));
#3564=CARTESIAN_POINT('Ctrl Pts',(7.96697421972372,-2.73488795356047,34.));
#3565=CARTESIAN_POINT('Ctrl Pts',(7.8840500094038,-2.94224093974157,34.));
#3566=CARTESIAN_POINT('Ctrl Pts',(7.79296139127909,-3.14626314378412,34.));
#3567=CARTESIAN_POINT('Ctrl Pts',(7.69391643004951,-3.34645593368765,34.));
#3568=CARTESIAN_POINT('Ctrl Pts',(7.61963270912732,-3.49660052611531,34.));
#3569=CARTESIAN_POINT('Ctrl Pts',(7.54087248025608,-3.64459060346274,34.));
#3570=CARTESIAN_POINT('Ctrl Pts',(7.45770685020488,-3.79020274712428,34.));
#3571=CARTESIAN_POINT('Ctrl Pts',(7.4404587655753,-3.82040188798839,34.));
#3572=CARTESIAN_POINT('Ctrl Pts',(7.42302114795237,-3.85049870412283,34.));
#3573=CARTESIAN_POINT('Ctrl Pts',(7.40539456073207,-3.8804911309951,34.));
#3574=CARTESIAN_POINT('Ctrl Pts',(7.38953287977916,-3.90748049088117,34.));
#3575=CARTESIAN_POINT('Ctrl Pts',(7.3735233796038,-3.93437646366685,34.));
#3576=CARTESIAN_POINT('Ctrl Pts',(7.35736689062882,-3.96117747642353,34.));
#3577=CARTESIAN_POINT('Ctrl Pts',(7.24456675489761,-4.14829473199615,34.));
#3578=CARTESIAN_POINT('Ctrl Pts',(7.12460282759922,-4.3307899929394,34.));
#3579=CARTESIAN_POINT('Ctrl Pts',(6.99767954709633,-4.50820041399738,34.));
#3580=CARTESIAN_POINT('Ctrl Pts',(6.87075626659343,-4.68561083505536,34.));
#3581=CARTESIAN_POINT('Ctrl Pts',(6.73687328349479,-4.85793703200854,34.));
#3582=CARTESIAN_POINT('Ctrl Pts',(6.59619406936833,-5.02467975889568,34.));
#3583=CARTESIAN_POINT('Ctrl Pts',(6.47428722499518,-5.16917217579754,34.));
#3584=CARTESIAN_POINT('Ctrl Pts',(6.34727591923542,-5.30947131921796,34.));
#3585=CARTESIAN_POINT('Ctrl Pts',(6.21541797051421,-5.44535707100935,34.));
#3586=CARTESIAN_POINT('Ctrl Pts',(1.60818513665295,8.10499287885242,27.));
#3587=CARTESIAN_POINT('Ctrl Pts',(1.40083377492514,8.15702828434024,27.));
#3588=CARTESIAN_POINT('Ctrl Pts',(1.19168082715301,8.20079651190916,27.));
#3589=CARTESIAN_POINT('Ctrl Pts',(0.981224350921832,8.23639547745781,27.));
#3590=CARTESIAN_POINT('Ctrl Pts',(0.768438111248832,8.27238852528888,27.));
#3591=CARTESIAN_POINT('Ctrl Pts',(0.554318702010518,8.30003056559273,27.));
#3592=CARTESIAN_POINT('Ctrl Pts',(0.339361570458972,8.31937290496532,27.));
#3593=CARTESIAN_POINT('Ctrl Pts',(0.220481956526481,8.33006996730779,27.));
#3594=CARTESIAN_POINT('Ctrl Pts',(0.101345836801083,8.3382276609115,27.));
#3595=CARTESIAN_POINT('Ctrl Pts',(-0.0179644028988178,8.34384801016358,
27.));
#3596=CARTESIAN_POINT('Ctrl Pts',(-0.096616032110672,8.34755305364123,27.));
#3597=CARTESIAN_POINT('Ctrl Pts',(-0.175343345856428,8.35015534547531,27.));
#3598=CARTESIAN_POINT('Ctrl Pts',(-0.254122841253075,8.351654329656,27.));
#3599=CARTESIAN_POINT('Ctrl Pts',(-0.287204328912498,8.35228379074135,27.));
#3600=CARTESIAN_POINT('Ctrl Pts',(-0.320297245769752,8.35271870114855,27.));
#3601=CARTESIAN_POINT('Ctrl Pts',(-0.353392706858089,8.35295892558614,27.));
#3602=CARTESIAN_POINT('Ctrl Pts',(-0.572023480728679,8.35454586388417,27.));
#3603=CARTESIAN_POINT('Ctrl Pts',(-0.790467715016353,8.34763991860054,27.));
#3604=CARTESIAN_POINT('Ctrl Pts',(-1.00821823357019,8.33230489107767,27.));
#3605=CARTESIAN_POINT('Ctrl Pts',(-1.2264002315228,8.31693947672266,27.));
#3606=CARTESIAN_POINT('Ctrl Pts',(-1.44388645338244,8.29311159074721,27.));
#3607=CARTESIAN_POINT('Ctrl Pts',(-1.66017386352217,8.26083364008943,27.));
#3608=CARTESIAN_POINT('Ctrl Pts',(-1.79339157874045,8.24095271019258,27.));
#3609=CARTESIAN_POINT('Ctrl Pts',(-1.92615460160461,8.21786507235851,27.));
#3610=CARTESIAN_POINT('Ctrl Pts',(-2.05834499604111,8.19156375005687,27.));
#3611=CARTESIAN_POINT('Ctrl Pts',(-2.13415053399526,8.17648106651938,27.));
#3612=CARTESIAN_POINT('Ctrl Pts',(-2.20976774754232,8.16034141363084,27.));
#3613=CARTESIAN_POINT('Ctrl Pts',(-2.28517420414104,8.14314234933923,27.));
#3614=CARTESIAN_POINT('Ctrl Pts',(-2.31433972645937,8.13649013789637,27.));
#3615=CARTESIAN_POINT('Ctrl Pts',(-2.34347484505032,8.12967911141583,27.));
#3616=CARTESIAN_POINT('Ctrl Pts',(-2.37256128101491,8.12271331579414,27.));
#3617=CARTESIAN_POINT('Ctrl Pts',(-2.39941077072436,8.11628323759238,27.));
#3618=CARTESIAN_POINT('Ctrl Pts',(-2.42622210317085,8.10972053902087,27.));
#3619=CARTESIAN_POINT('Ctrl Pts',(-2.45299429582112,8.10302538229826,27.));
#3620=CARTESIAN_POINT('Ctrl Pts',(-2.66265452926402,8.05059381123738,27.));
#3621=CARTESIAN_POINT('Ctrl Pts',(-2.86991414924832,7.99004316490551,27.));
#3622=CARTESIAN_POINT('Ctrl Pts',(-3.07438806614214,7.92172130395953,27.));
#3623=CARTESIAN_POINT('Ctrl Pts',(-3.28182073033414,7.85241082243762,27.));
#3624=CARTESIAN_POINT('Ctrl Pts',(-3.48638706853483,7.77510244324565,27.));
#3625=CARTESIAN_POINT('Ctrl Pts',(-3.68768273475666,7.69010535943972,27.));
#3626=CARTESIAN_POINT('Ctrl Pts',(-3.89068976001472,7.60438565437645,27.));
#3627=CARTESIAN_POINT('Ctrl Pts',(-4.09037088764897,7.51084573735291,27.));
#3628=CARTESIAN_POINT('Ctrl Pts',(-4.28629992842887,7.40975115210996,27.));
#3629=CARTESIAN_POINT('Ctrl Pts',(-4.48189736686837,7.30882766555119,27.));
#3630=CARTESIAN_POINT('Ctrl Pts',(-4.67375602397694,7.20037476352058,27.));
#3631=CARTESIAN_POINT('Ctrl Pts',(-4.86143123433297,7.08460943281985,27.));
#3632=CARTESIAN_POINT('Ctrl Pts',(-4.97314741249582,7.01569857194957,27.));
#3633=CARTESIAN_POINT('Ctrl Pts',(-5.08338079792336,6.9441957574194,27.));
#3634=CARTESIAN_POINT('Ctrl Pts',(-5.19203274126429,6.87013944517088,27.));
#3635=CARTESIAN_POINT('Ctrl Pts',(-5.22145261932988,6.85008708706899,27.));
#3636=CARTESIAN_POINT('Ctrl Pts',(-5.25075652664131,6.82984748374489,27.));
#3637=CARTESIAN_POINT('Ctrl Pts',(-5.27994245014741,6.80942133368316,27.));
#3638=CARTESIAN_POINT('Ctrl Pts',(-5.31005779543222,6.78834471564091,27.));
#3639=CARTESIAN_POINT('Ctrl Pts',(-5.340052534948,6.76706579340241,27.));
#3640=CARTESIAN_POINT('Ctrl Pts',(-5.36989650070472,6.74560563721884,27.));
#3641=CARTESIAN_POINT('Ctrl Pts',(-5.55191736003996,6.6147183381968,27.));
#3642=CARTESIAN_POINT('Ctrl Pts',(-5.72849214337166,6.47698414324793,27.));
#3643=CARTESIAN_POINT('Ctrl Pts',(-5.89920590654248,6.33271483972993,27.));
#3644=CARTESIAN_POINT('Ctrl Pts',(-5.97391937668254,6.26957487901256,27.));
#3645=CARTESIAN_POINT('Ctrl Pts',(-6.04751003452832,6.20518252862806,27.));
#3646=CARTESIAN_POINT('Ctrl Pts',(-6.11994200647744,6.13956098888793,27.));
#3647=CARTESIAN_POINT('Ctrl Pts',(-6.28415964475666,5.99078395042847,27.));
#3648=CARTESIAN_POINT('Ctrl Pts',(-6.4424234780375,5.83569165713256,27.));
#3649=CARTESIAN_POINT('Ctrl Pts',(-6.5945233701721,5.67474526436645,27.));
#3650=CARTESIAN_POINT('Ctrl Pts',(-6.74789979046163,5.51244809745503,27.));
#3651=CARTESIAN_POINT('Ctrl Pts',(-6.89500881197096,5.34419768406399,27.));
#3652=CARTESIAN_POINT('Ctrl Pts',(-7.03560169690609,5.17042542618132,27.));
#3653=CARTESIAN_POINT('Ctrl Pts',(-7.17633775925313,4.99647620157549,27.));
#3654=CARTESIAN_POINT('Ctrl Pts',(-7.31054482714226,4.81699334960037,27.));
#3655=CARTESIAN_POINT('Ctrl Pts',(-7.43793378289498,4.63237583659296,27.));
#3656=CARTESIAN_POINT('Ctrl Pts',(-7.49227323715042,4.55362477969369,27.));
#3657=CARTESIAN_POINT('Ctrl Pts',(-7.54537156504681,4.47393906740831,27.));
#3658=CARTESIAN_POINT('Ctrl Pts',(-7.59720384268836,4.39334816599437,27.));
#3659=CARTESIAN_POINT('Ctrl Pts',(-7.61153299442875,4.37106862691562,27.));
#3660=CARTESIAN_POINT('Ctrl Pts',(-7.62576632357021,4.34871840212584,27.));
#3661=CARTESIAN_POINT('Ctrl Pts',(-7.6399003034269,4.32630283225691,27.));
#3662=CARTESIAN_POINT('Ctrl Pts',(-7.76061349824088,4.13485958131915,27.));
#3663=CARTESIAN_POINT('Ctrl Pts',(-7.87377481716668,3.93914369320876,27.));
#3664=CARTESIAN_POINT('Ctrl Pts',(-7.97918070340704,3.73963474642522,27.));
#3665=CARTESIAN_POINT('Ctrl Pts',(-8.0853730381935,3.53863723456502,27.));
#3666=CARTESIAN_POINT('Ctrl Pts',(-8.18369421831538,3.33378933620845,27.));
#3667=CARTESIAN_POINT('Ctrl Pts',(-8.27389940661689,3.12554341360353,27.));
#3668=CARTESIAN_POINT('Ctrl Pts',(-8.3491283444848,2.95187136803863,27.));
#3669=CARTESIAN_POINT('Ctrl Pts',(-8.41871195123199,2.77583511011518,27.));
#3670=CARTESIAN_POINT('Ctrl Pts',(-8.48248558554328,2.5976810048995,27.));
#3671=CARTESIAN_POINT('Ctrl Pts',(-8.55872887484149,2.38469243791078,27.));
#3672=CARTESIAN_POINT('Ctrl Pts',(-8.6266694793429,2.16867695413108,27.));
#3673=CARTESIAN_POINT('Ctrl Pts',(-8.68629065673098,1.95013084956088,27.));
#3674=CARTESIAN_POINT('Ctrl Pts',(-8.72705859194658,1.8006927837081,27.));
#3675=CARTESIAN_POINT('Ctrl Pts',(-8.76393569678288,1.65007103190934,27.));
#3676=CARTESIAN_POINT('Ctrl Pts',(-8.79690312788145,1.49842051489758,27.));
#3677=CARTESIAN_POINT('Ctrl Pts',(-8.81159912794588,1.43081876573151,27.));
#3678=CARTESIAN_POINT('Ctrl Pts',(-8.82551807438596,1.36301255789322,27.));
#3679=CARTESIAN_POINT('Ctrl Pts',(-8.83865758000682,1.29501551128278,27.));
#3680=CARTESIAN_POINT('Ctrl Pts',(-8.84649945418823,1.25443374971477,27.));
#3681=CARTESIAN_POINT('Ctrl Pts',(-8.8540636908469,1.2137840123825,27.));
#3682=CARTESIAN_POINT('Ctrl Pts',(-8.86134970631734,1.17306918937467,27.));
#3683=CARTESIAN_POINT('Ctrl Pts',(-8.86671647867589,1.14307924664282,27.));
#3684=CARTESIAN_POINT('Ctrl Pts',(-8.8719325681153,1.11305206159465,27.));
#3685=CARTESIAN_POINT('Ctrl Pts',(-8.8769942164135,1.0830105834917,27.));
#3686=CARTESIAN_POINT('Ctrl Pts',(-8.9163337654208,0.849525732222216,27.));
#3687=CARTESIAN_POINT('Ctrl Pts',(-8.94640178136611,0.614891946106735,27.));
#3688=CARTESIAN_POINT('Ctrl Pts',(-8.96726045110713,0.379691461140958,27.));
#3689=CARTESIAN_POINT('Ctrl Pts',(-8.9875914247858,0.150441229538367,27.));
#3690=CARTESIAN_POINT('Ctrl Pts',(-8.99917299496077,-0.0793481843324468,
27.));
#3691=CARTESIAN_POINT('Ctrl Pts',(-9.002012526378,-0.309158353470486,27.));
#3692=CARTESIAN_POINT('Ctrl Pts',(-9.00496260903381,-0.547915702654424,
27.));
#3693=CARTESIAN_POINT('Ctrl Pts',(-8.9984771667407,-0.786696156131563,27.));
#3694=CARTESIAN_POINT('Ctrl Pts',(-8.98250623683193,-1.02492991084612,27.));
#3695=CARTESIAN_POINT('Ctrl Pts',(-8.96653530692316,-1.26316366556067,27.));
#3696=CARTESIAN_POINT('Ctrl Pts',(-8.94107901781231,-1.50085154723543,27.));
#3697=CARTESIAN_POINT('Ctrl Pts',(-8.90602628084829,-1.73742334976242,27.));
#3698=CARTESIAN_POINT('Ctrl Pts',(-8.87563381621099,-1.94254285725946,27.));
#3699=CARTESIAN_POINT('Ctrl Pts',(-8.83802584746281,-2.14682359855717,27.));
#3700=CARTESIAN_POINT('Ctrl Pts',(-8.79332698562942,-2.34993248405913,27.));
#3701=CARTESIAN_POINT('Ctrl Pts',(-8.26353743269849,-0.000105351206930449,
33.4217617050839));
#3702=CARTESIAN_POINT('Ctrl Pts',(-8.26273587163534,1.23465900342201,33.3860799015072));
#3703=CARTESIAN_POINT('Ctrl Pts',(-7.98203139179113,2.46977520113273,33.3503980979304));
#3704=CARTESIAN_POINT('Ctrl Pts',(-7.44676482532698,3.58242899443395,33.3147162943537));
#3705=CARTESIAN_POINT('Ctrl Pts',(-6.8620257073215,4.79792093527792,33.2757365641416));
#3706=CARTESIAN_POINT('Ctrl Pts',(-5.97349357454706,5.86726690629032,33.2367568339296));
#3707=CARTESIAN_POINT('Ctrl Pts',(-4.88564966531164,6.66472311932307,33.1977771037175));
#3708=CARTESIAN_POINT('Ctrl Pts',(-3.7978057560762,7.46217933235584,33.1587973735055));
#3709=CARTESIAN_POINT('Ctrl Pts',(-2.51065007037976,7.98774578740896,33.1198176432934));
#3710=CARTESIAN_POINT('Ctrl Pts',(-1.17553797484315,8.1796219767828,33.0808379130813));
#3711=CARTESIAN_POINT('Ctrl Pts',(0.159574120693433,8.37149816615663,33.0418581828693));
#3712=CARTESIAN_POINT('Ctrl Pts',(1.54264262607018,8.22968408985119,33.0028784526572));
#3713=CARTESIAN_POINT('Ctrl Pts',(2.81103409697021,7.77085537469734,32.9638987224452));
#3714=CARTESIAN_POINT('Ctrl Pts',(4.07942556787023,7.31202665954349,32.9249189922331));
#3715=CARTESIAN_POINT('Ctrl Pts',(5.23314000429354,6.53618330554123,32.885939262021));
#3716=CARTESIAN_POINT('Ctrl Pts',(6.13651335527487,5.53455594968189,32.846959531809));
#3717=CARTESIAN_POINT('Ctrl Pts',(7.03988670625622,4.53292859382254,32.8079798015969));
#3718=CARTESIAN_POINT('Ctrl Pts',(7.69291897179558,3.3055172361061,32.7690000713849));
#3719=CARTESIAN_POINT('Ctrl Pts',(8.01882081862801,1.99665180247419,32.7300203411728));
#3720=CARTESIAN_POINT('Ctrl Pts',(8.34472266546043,0.687786368842293,32.6910406109607));
#3721=CARTESIAN_POINT('Ctrl Pts',(8.34349409358592,-0.702533140705069,32.6520608807487));
#3722=CARTESIAN_POINT('Ctrl Pts',(8.01527956153226,-2.01082056083811,32.6130811505366));
#3723=CARTESIAN_POINT('Ctrl Pts',(7.6870650294786,-3.31910798097112,32.5741014203246));
#3724=CARTESIAN_POINT('Ctrl Pts',(7.0318645372458,-4.54536331168982,32.5351216901125));
#3725=CARTESIAN_POINT('Ctrl Pts',(6.12672239751061,-5.54539253841385,32.4961419599004));
#3726=CARTESIAN_POINT('Ctrl Pts',(5.22158025777543,-6.54542176513789,32.4571622296884));
#3727=CARTESIAN_POINT('Ctrl Pts',(4.06649647053786,-7.31922488786725,32.4181824994763));
#3728=CARTESIAN_POINT('Ctrl Pts',(2.79729607230655,-7.77581124049072,32.3792027692643));
#3729=CARTESIAN_POINT('Ctrl Pts',(1.52809567407521,-8.23239759311419,32.3402230390522));
#3730=CARTESIAN_POINT('Ctrl Pts',(0.144778664850122,-8.37176717563175,32.3012433088401));
#3731=CARTESIAN_POINT('Ctrl Pts',(-1.18999222126057,-8.17753167320916,32.2622635786281));
#3732=CARTESIAN_POINT('Ctrl Pts',(-2.52476310737126,-7.98329617078657,32.223283848416));
#3733=CARTESIAN_POINT('Ctrl Pts',(-3.81098787036756,-7.45545558342383,32.184304118204));
#3734=CARTESIAN_POINT('Ctrl Pts',(-4.89742074848885,-6.65607810720792,32.1453243879919));
#3735=CARTESIAN_POINT('Ctrl Pts',(-5.98385362661011,-5.85670063099203,32.1063446577798));
#3736=CARTESIAN_POINT('Ctrl Pts',(-6.87049461985637,-4.78578626592297,32.0673649275678));
#3737=CARTESIAN_POINT('Ctrl Pts',(-7.45308458396846,-3.56926266060079,32.0283851973557));
#3738=CARTESIAN_POINT('Ctrl Pts',(-7.98428183442141,-2.46005372453005,31.9928440332651));
#3739=CARTESIAN_POINT('Ctrl Pts',(-8.26270525048311,-1.22979206225613,31.9573028691745));
#3740=CARTESIAN_POINT('Ctrl Pts',(-8.2635274622051,0.000109583171358854,
31.9217617050839));
#3741=CARTESIAN_POINT('Origin',(-9.43632998691731E-16,0.,27.));
#3742=CARTESIAN_POINT('Ctrl Pts',(-6.43159287840729,-6.43986919870432,27.));
#3743=CARTESIAN_POINT('Ctrl Pts',(-6.26120247788223,-6.59524937783823,27.));
#3744=CARTESIAN_POINT('Ctrl Pts',(-6.08499698928604,-6.74384219416185,27.));
#3745=CARTESIAN_POINT('Ctrl Pts',(-5.9034466545529,-6.8854425330558,27.));
#3746=CARTESIAN_POINT('Ctrl Pts',(-5.72112153663834,-7.02764716475494,27.));
#3747=CARTESIAN_POINT('Ctrl Pts',(-5.53340525633793,-7.16279983451931,27.));
#3748=CARTESIAN_POINT('Ctrl Pts',(-5.34074479486672,-7.29064916237066,27.));
#3749=CARTESIAN_POINT('Ctrl Pts',(-5.23134813701679,-7.36324469685914,27.));
#3750=CARTESIAN_POINT('Ctrl Pts',(-5.12035688968835,-7.43348466278235,27.));
#3751=CARTESIAN_POINT('Ctrl Pts',(-5.00784982877509,-7.5013162049419,27.));
#3752=CARTESIAN_POINT('Ctrl Pts',(-4.94938247599817,-7.53656670986713,27.));
#3753=CARTESIAN_POINT('Ctrl Pts',(-4.89050572499415,-7.57116670137169,27.));
#3754=CARTESIAN_POINT('Ctrl Pts',(-4.83123045828709,-7.605108202469,27.));
#3755=CARTESIAN_POINT('Ctrl Pts',(-4.7941638517647,-7.62633284363629,27.));
#3756=CARTESIAN_POINT('Ctrl Pts',(-4.75694140841499,-7.64729998255411,27.));
#3757=CARTESIAN_POINT('Ctrl Pts',(-4.71956577048597,-7.66800759026378,27.));
#3758=CARTESIAN_POINT('Ctrl Pts',(-4.6902619656612,-7.68424307755805,27.));
#3759=CARTESIAN_POINT('Ctrl Pts',(-4.66086363475556,-7.70031915989381,27.));
#3760=CARTESIAN_POINT('Ctrl Pts',(-4.63138549685435,-7.71622775080513,27.));
#3761=CARTESIAN_POINT('Ctrl Pts',(-4.42947857384467,-7.82519171084517,27.));
#3762=CARTESIAN_POINT('Ctrl Pts',(-4.22367766500577,-7.92638669817755,27.));
#3763=CARTESIAN_POINT('Ctrl Pts',(-4.01442348788134,-8.01957318123706,27.));
#3764=CARTESIAN_POINT('Ctrl Pts',(-3.80624386729822,-8.11228113552209,27.));
#3765=CARTESIAN_POINT('Ctrl Pts',(-3.59464574201397,-8.19706286378773,27.));
#3766=CARTESIAN_POINT('Ctrl Pts',(-3.38004636917766,-8.27363392729698,27.));
#3767=CARTESIAN_POINT('Ctrl Pts',(-3.24991516148767,-8.3200659593988,27.));
#3768=CARTESIAN_POINT('Ctrl Pts',(-3.11868008039626,-8.36347788715477,27.));
#3769=CARTESIAN_POINT('Ctrl Pts',(-2.98643257807566,-8.40379694018376,27.));
#3770=CARTESIAN_POINT('Ctrl Pts',(-2.91061511658042,-8.42691184365573,27.));
#3771=CARTESIAN_POINT('Ctrl Pts',(-2.83446488437493,-8.44901007101307,27.));
#3772=CARTESIAN_POINT('Ctrl Pts',(-2.75799904969837,-8.4700768081375,27.));
#3773=CARTESIAN_POINT('Ctrl Pts',(-2.72904176434134,-8.47805469160707,27.));
#3774=CARTESIAN_POINT('Ctrl Pts',(-2.70003814473424,-8.48588487449631,27.));
#3775=CARTESIAN_POINT('Ctrl Pts',(-2.67100580059722,-8.49356225981371,27.));
#3776=CARTESIAN_POINT('Ctrl Pts',(-2.6429780069654,-8.50097399929615,27.));
#3777=CARTESIAN_POINT('Ctrl Pts',(-2.61491987885839,-8.50824433153649,27.));
#3778=CARTESIAN_POINT('Ctrl Pts',(-2.58683230808857,-8.51537282666389,27.));
#3779=CARTESIAN_POINT('Ctrl Pts',(-2.36896983625666,-8.57066531107361,27.));
#3780=CARTESIAN_POINT('Ctrl Pts',(-2.14933728365103,-8.61742849912665,27.));
#3781=CARTESIAN_POINT('Ctrl Pts',(-1.92843930273959,-8.65573511607064,27.));
#3782=CARTESIAN_POINT('Ctrl Pts',(-1.70555183865045,-8.69438673557956,27.));
#3783=CARTESIAN_POINT('Ctrl Pts',(-1.48137537482938,-8.72442880424933,27.));
#3784=CARTESIAN_POINT('Ctrl Pts',(-1.25641808489602,-8.7458838119562,27.));
#3785=CARTESIAN_POINT('Ctrl Pts',(-1.03120980060505,-8.76736275792209,27.));
#3786=CARTESIAN_POINT('Ctrl Pts',(-0.80521825600553,-8.78023544522615,27.));
#3787=CARTESIAN_POINT('Ctrl Pts',(-0.578953421109391,-8.78447239069836,
27.));
#3788=CARTESIAN_POINT('Ctrl Pts',(-0.355531211200178,-8.78865610630358,
27.));
#3789=CARTESIAN_POINT('Ctrl Pts',(-0.131841898041671,-8.7844195759139,27.));
#3790=CARTESIAN_POINT('Ctrl Pts',(0.0916135879081882,-8.7716850065522,27.));
#3791=CARTESIAN_POINT('Ctrl Pts',(0.225770080446569,-8.76403952337111,27.));
#3792=CARTESIAN_POINT('Ctrl Pts',(0.359842055887694,-8.75333000696603,27.));
#3793=CARTESIAN_POINT('Ctrl Pts',(0.493717918806786,-8.73953116279724,27.));
#3794=CARTESIAN_POINT('Ctrl Pts',(0.535758314156648,-8.735197977923,27.));
#3795=CARTESIAN_POINT('Ctrl Pts',(0.577779348583478,-8.730560101847,27.));
#3796=CARTESIAN_POINT('Ctrl Pts',(0.619777502285945,-8.72561662240583,27.));
#3797=CARTESIAN_POINT('Ctrl Pts',(0.656931672348566,-8.72124331406566,27.));
#3798=CARTESIAN_POINT('Ctrl Pts',(0.694074290419556,-8.71662993194149,27.));
#3799=CARTESIAN_POINT('Ctrl Pts',(0.73116806699952,-8.71178056372283,27.));
#3800=CARTESIAN_POINT('Ctrl Pts',(0.952987773772326,-8.68278148259728,27.));
#3801=CARTESIAN_POINT('Ctrl Pts',(1.17324814134505,-8.64532872615803,27.));
#3802=CARTESIAN_POINT('Ctrl Pts',(1.39146488359161,-8.59943803510579,27.));
#3803=CARTESIAN_POINT('Ctrl Pts',(1.48957350341562,-8.5788059226677,27.));
#3804=CARTESIAN_POINT('Ctrl Pts',(1.58726898589601,-8.5564675235703,27.));
#3805=CARTESIAN_POINT('Ctrl Pts',(1.68450681075306,-8.53242086860078,27.));
#3806=CARTESIAN_POINT('Ctrl Pts',(1.90090058431375,-8.4789072650415,27.));
#3807=CARTESIAN_POINT('Ctrl Pts',(2.11502910387191,-8.41693691028533,27.));
#3808=CARTESIAN_POINT('Ctrl Pts',(2.32645572430583,-8.34676692108352,27.));
#3809=CARTESIAN_POINT('Ctrl Pts',(2.53813806067252,-8.27651206279472,27.));
#3810=CARTESIAN_POINT('Ctrl Pts',(2.74711256158357,-8.19803737775282,27.));
#3811=CARTESIAN_POINT('Ctrl Pts',(2.95291787306131,-8.11155419465056,27.));
#3812=CARTESIAN_POINT('Ctrl Pts',(3.15732083156608,-8.02566030610082,27.));
#3813=CARTESIAN_POINT('Ctrl Pts',(3.35859819500037,-7.93186630453965,27.));
#3814=CARTESIAN_POINT('Ctrl Pts',(3.55626661244326,-7.8303386941113,27.));
#3815=CARTESIAN_POINT('Ctrl Pts',(3.63842949731016,-7.78813771190914,27.));
#3816=CARTESIAN_POINT('Ctrl Pts',(3.71996842987301,-7.74460011566685,27.));
#3817=CARTESIAN_POINT('Ctrl Pts',(3.80084674118638,-7.69973601733497,27.));
#3818=CARTESIAN_POINT('Ctrl Pts',(3.82117566133708,-7.68845933935034,27.));
#3819=CARTESIAN_POINT('Ctrl Pts',(3.84146374891039,-7.67709833596948,27.));
#3820=CARTESIAN_POINT('Ctrl Pts',(3.8617075843294,-7.66565475540433,27.));
#3821=CARTESIAN_POINT('Ctrl Pts',(4.05390798132175,-7.55700633567003,27.));
#3822=CARTESIAN_POINT('Ctrl Pts',(4.24156813122581,-7.44123182095834,27.));
#3823=CARTESIAN_POINT('Ctrl Pts',(4.42427660710232,-7.31859153178694,27.));
#3824=CARTESIAN_POINT('Ctrl Pts',(4.60638832554788,-7.19635180697658,27.));
#3825=CARTESIAN_POINT('Ctrl Pts',(4.78358121732488,-7.067290697072,27.));
#3826=CARTESIAN_POINT('Ctrl Pts',(4.95542062711285,-6.93162237648149,27.));
#3827=CARTESIAN_POINT('Ctrl Pts',(5.09826177824331,-6.81884836783588,27.));
#3828=CARTESIAN_POINT('Ctrl Pts',(5.23740348899913,-6.70150808536045,27.));
#3829=CARTESIAN_POINT('Ctrl Pts',(5.37257756811163,-6.57970430661559,27.));
#3830=CARTESIAN_POINT('Ctrl Pts',(5.53588676191804,-6.43254830570183,27.));
#3831=CARTESIAN_POINT('Ctrl Pts',(5.69340610986826,-6.27887767348312,27.));
#3832=CARTESIAN_POINT('Ctrl Pts',(5.84482753644638,-6.1190949591297,27.));
#3833=CARTESIAN_POINT('Ctrl Pts',(5.94386938086874,-6.01458415709858,27.));
#3834=CARTESIAN_POINT('Ctrl Pts',(6.04030154707483,-5.90745784135136,27.));
#3835=CARTESIAN_POINT('Ctrl Pts',(6.1340270892737,-5.79782311041644,27.));
#3836=CARTESIAN_POINT('Ctrl Pts',(6.1768219799578,-5.74776411672627,27.));
#3837=CARTESIAN_POINT('Ctrl Pts',(6.21905246669287,-5.69718211293656,27.));
#3838=CARTESIAN_POINT('Ctrl Pts',(6.26070868529421,-5.64608706328765,27.));
#3839=CARTESIAN_POINT('Ctrl Pts',(6.28695590627447,-5.61389251697114,27.));
#3840=CARTESIAN_POINT('Ctrl Pts',(6.3129751260705,-5.58149428106443,27.));
#3841=CARTESIAN_POINT('Ctrl Pts',(6.33876379236066,-5.54889482403706,27.));
#3842=CARTESIAN_POINT('Ctrl Pts',(6.35421431092024,-5.5293638211474,27.));
#3843=CARTESIAN_POINT('Ctrl Pts',(6.36958189121608,-5.5097607521195,27.));
#3844=CARTESIAN_POINT('Ctrl Pts',(6.38485738457695,-5.49009741397682,27.));
#3845=CARTESIAN_POINT('Ctrl Pts',(6.51963741641482,-5.3166021769786,27.));
#3846=CARTESIAN_POINT('Ctrl Pts',(6.64742657812804,-5.13819833732714,27.));
#3847=CARTESIAN_POINT('Ctrl Pts',(6.76798397827794,-4.95533326402432,27.));
#3848=CARTESIAN_POINT('Ctrl Pts',(6.88745014112181,-4.7741234121323,27.));
#3849=CARTESIAN_POINT('Ctrl Pts',(6.99981515046837,-4.58853206333777,27.));
#3850=CARTESIAN_POINT('Ctrl Pts',(7.10480149224593,-4.39896468746142,27.));
#3851=CARTESIAN_POINT('Ctrl Pts',(7.21122629588638,-4.20679996953058,27.));
#3852=CARTESIAN_POINT('Ctrl Pts',(7.31006932876047,-4.01054895256314,27.));
#3853=CARTESIAN_POINT('Ctrl Pts',(7.40099103897049,-3.81061230518231,27.));
#3854=CARTESIAN_POINT('Ctrl Pts',(7.49191274918051,-3.61067565780147,27.));
#3855=CARTESIAN_POINT('Ctrl Pts',(7.57491351713672,-3.40705275689653,27.));
#3856=CARTESIAN_POINT('Ctrl Pts',(7.64959735513044,-3.2001318003893,27.));
#3857=CARTESIAN_POINT('Ctrl Pts',(7.71373795839291,-3.02242220036666,27.));
#3858=CARTESIAN_POINT('Ctrl Pts',(7.77174294150856,-2.84227940893966,27.));
#3859=CARTESIAN_POINT('Ctrl Pts',(7.82352653828865,-2.66003137325592,27.));
#3860=CARTESIAN_POINT('Ctrl Pts',(-6.43159287840729,-6.43986919870432,27.));
#3861=CARTESIAN_POINT('Ctrl Pts',(-5.38010448146189,-7.49000625535177,27.0389797302121));
#3862=CARTESIAN_POINT('Ctrl Pts',(-2.75404200445112,-9.06455782677535,27.1169391906362));
#3863=CARTESIAN_POINT('Ctrl Pts',(1.83504440355906,-9.29415973047857,27.2338783812723));
#3864=CARTESIAN_POINT('Ctrl Pts',(5.99170333528859,-7.33803082314396,27.3508175719086));
#3865=CARTESIAN_POINT('Ctrl Pts',(8.73966710833323,-3.65613456913023,27.4677567625447));
#3866=CARTESIAN_POINT('Ctrl Pts',(9.43205048741973,0.885591559917027,27.5846959531809));
#3867=CARTESIAN_POINT('Ctrl Pts',(7.90632483530005,5.21905199349894,27.7016351438171));
#3868=CARTESIAN_POINT('Ctrl Pts',(4.52115817848106,8.32510437602195,27.8185743344533));
#3869=CARTESIAN_POINT('Ctrl Pts',(0.0727392980222237,9.47327831488615,27.9355135250894));
#3870=CARTESIAN_POINT('Ctrl Pts',(-4.39279790950174,8.39354672030161,28.0524527157256));
#3871=CARTESIAN_POINT('Ctrl Pts',(-7.82524082368757,5.33983950987484,28.1693919063618));
#3872=CARTESIAN_POINT('Ctrl Pts',(-9.41736351223022,1.03032037046473,28.286331096998));
#3873=CARTESIAN_POINT('Ctrl Pts',(-8.79472990326022,-3.52150717975458,28.4032702876342));
#3874=CARTESIAN_POINT('Ctrl Pts',(-6.10377163027424,-7.24515441790836,28.5202094782703));
#3875=CARTESIAN_POINT('Ctrl Pts',(-1.97734138083632,-9.26490207974247,28.6371486689065));
#3876=CARTESIAN_POINT('Ctrl Pts',(2.61411552786026,-9.10575035901973,28.7540878595427));
#3877=CARTESIAN_POINT('Ctrl Pts',(6.59079054608532,-6.80512819539576,28.8710270501789));
#3878=CARTESIAN_POINT('Ctrl Pts',(9.01745783199661,-2.90409088029822,28.987966240815));
#3879=CARTESIAN_POINT('Ctrl Pts',(9.32341914123908,1.67992417251222,29.1049054314512));
#3880=CARTESIAN_POINT('Ctrl Pts',(7.43671913526677,5.86885833499107,29.2218446220874));
#3881=CARTESIAN_POINT('Ctrl Pts',(3.80106780525728,8.67756724048655,29.3387838127236));
#3882=CARTESIAN_POINT('Ctrl Pts',(-0.728510333426081,9.44550487603445,29.4557230033598));
#3883=CARTESIAN_POINT('Ctrl Pts',(-5.08675900543165,7.99206934958414,29.5726621939959));
#3884=CARTESIAN_POINT('Ctrl Pts',(-8.24871482914983,4.65907644681945,29.6896013846321));
#3885=CARTESIAN_POINT('Ctrl Pts',(-9.47075595420307,0.230372143273131,29.8065405752683));
#3886=CARTESIAN_POINT('Ctrl Pts',(-8.46548542402689,-4.25251057668783,29.9234797659045));
#3887=CARTESIAN_POINT('Ctrl Pts',(-5.46932056135003,-7.73529716727955,30.0404189565407));
#3888=CARTESIAN_POINT('Ctrl Pts',(-1.1868928605447,-9.39891350138992,30.1573581471768));
#3889=CARTESIAN_POINT('Ctrl Pts',(3.37466570530084,-8.85211393094811,30.274297337813));
#3890=CARTESIAN_POINT('Ctrl Pts',(7.14257777716561,-6.22349358207586,30.3912365284492));
#3891=CARTESIAN_POINT('Ctrl Pts',(9.2307140413506,-2.13124563479433,30.5081757190854));
#3892=CARTESIAN_POINT('Ctrl Pts',(9.14799118183316,2.46222399592506,30.6251149097216));
#3893=CARTESIAN_POINT('Ctrl Pts',(6.91386377965008,6.47663317669416,30.7420541003577));
#3894=CARTESIAN_POINT('Ctrl Pts',(3.05374902710102,8.96788194327322,30.8589932909939));
#3895=CARTESIAN_POINT('Ctrl Pts',(-1.52453973747732,9.3500838636811,30.9759324816301));
#3896=CARTESIAN_POINT('Ctrl Pts',(-5.74429058356764,7.53335352685215,31.0928716722663));
#3897=CARTESIAN_POINT('Ctrl Pts',(-8.61311174353954,3.94494559687717,31.2098108629025));
#3898=CARTESIAN_POINT('Ctrl Pts',(-9.45632013637893,-0.571226003728737,
31.3267500535387));
#3899=CARTESIAN_POINT('Ctrl Pts',(-8.07561185790238,-4.95305792308506,31.4436892441748));
#3900=CARTESIAN_POINT('Ctrl Pts',(-4.79569885889968,-8.17004052156424,31.560628434811));
#3901=CARTESIAN_POINT('Ctrl Pts',(-0.387943899264787,-9.46561087302307,
31.6775676254472));
#3902=CARTESIAN_POINT('Ctrl Pts',(4.11104685743745,-8.53507957818189,31.7945068160833));
#3903=CARTESIAN_POINT('Ctrl Pts',(7.64321061265697,-5.59728694980616,31.9114460067196));
#3904=CARTESIAN_POINT('Ctrl Pts',(9.37786082568357,-1.34313662864529,32.0283851973557));
#3905=CARTESIAN_POINT('Ctrl Pts',(8.90704625648022,3.22688962597895,32.1453243879919));
#3906=CARTESIAN_POINT('Ctrl Pts',(6.34149204449994,7.03802303936133,32.2622635786281));
#3907=CARTESIAN_POINT('Ctrl Pts',(2.28455961454053,9.19396960383407,32.3792027692643));
#3908=CARTESIAN_POINT('Ctrl Pts',(-2.30965054614582,9.18769851200814,32.4961419599004));
#3909=CARTESIAN_POINT('Ctrl Pts',(-6.36068214456665,7.02068461290842,32.6130811505366));
#3910=CARTESIAN_POINT('Ctrl Pts',(-8.91582244339252,3.20256143605186,32.7300203411728));
#3911=CARTESIAN_POINT('Ctrl Pts',(-9.37415912574704,-1.36873305240924,32.8469595318089));
#3912=CARTESIAN_POINT('Ctrl Pts',(-7.62790160293849,-5.61813205520894,32.9638987224452));
#3913=CARTESIAN_POINT('Ctrl Pts',(-4.08773083747043,-8.54627073575112,33.0808379130813));
#3914=CARTESIAN_POINT('Ctrl Pts',(0.413783437253066,-9.46451683153107,33.1977771037175));
#3915=CARTESIAN_POINT('Ctrl Pts',(4.81798519615892,-8.15691722340741,33.3147162943537));
#3916=CARTESIAN_POINT('Ctrl Pts',(8.08910340011483,-4.93099444350318,33.4316554849899));
#3917=CARTESIAN_POINT('Ctrl Pts',(9.45784467277635,-0.545405521062104,33.5485946756261));
#3918=CARTESIAN_POINT('Ctrl Pts',(8.60230930307471,3.9684390887023,33.6655338662622));
#3919=CARTESIAN_POINT('Ctrl Pts',(5.72370459533832,7.54901859962147,33.7824730568984));
#3920=CARTESIAN_POINT('Ctrl Pts',(1.49900556247358,9.35418789269834,33.8994122475346));
#3921=CARTESIAN_POINT('Ctrl Pts',(-3.07821401993166,8.95955911859323,34.0163514381708));
#3922=CARTESIAN_POINT('Ctrl Pts',(-6.93153113979771,6.45763743775801,34.1332906288069));
#3923=CARTESIAN_POINT('Ctrl Pts',(-9.15465324024308,2.43744068842496,34.2502298194432));
#3924=CARTESIAN_POINT('Ctrl Pts',(-9.22490973284599,-2.15684871469441,34.3671690100793));
#3925=CARTESIAN_POINT('Ctrl Pts',(-7.82502341772563,-4.88003344749813,34.4451284705034));
#3926=CARTESIAN_POINT('Ctrl Pts',(-6.84571714053479,-5.99778784901468,34.4841082007155));
#3927=CARTESIAN_POINT('Ctrl Pts',(-6.23408365360755,-6.24210581453272,26.8386305997615));
#3928=CARTESIAN_POINT('Ctrl Pts',(-5.21488564911903,-7.25999397733487,26.8776103299735));
#3929=CARTESIAN_POINT('Ctrl Pts',(-2.66946751230761,-8.78619229223888,26.9555697903977));
#3930=CARTESIAN_POINT('Ctrl Pts',(1.77869161437104,-9.00874329970684,27.0725089810338));
#3931=CARTESIAN_POINT('Ctrl Pts',(5.80770277689567,-7.1126855926799,27.18944817167));
#3932=CARTESIAN_POINT('Ctrl Pts',(8.47127871556509,-3.54385751457088,27.3063873623062));
#3933=CARTESIAN_POINT('Ctrl Pts',(9.14239953853946,0.85839573054859,27.4233265529424));
#3934=CARTESIAN_POINT('Ctrl Pts',(7.66352773685844,5.05877895804512,27.5402657435786));
#3935=CARTESIAN_POINT('Ctrl Pts',(4.38231692034938,8.06944688296057,27.6572049342148));
#3936=CARTESIAN_POINT('Ctrl Pts',(0.0705055306435282,9.18236129142731,27.7741441248509));
#3937=CARTESIAN_POINT('Ctrl Pts',(-4.25789849559131,8.13578741597548,27.8910833154871));
#3938=CARTESIAN_POINT('Ctrl Pts',(-7.58493375230146,5.1758571835539,28.0080225061233));
#3939=CARTESIAN_POINT('Ctrl Pts',(-9.12816358895732,0.998680031669489,28.1249616967595));
#3940=CARTESIAN_POINT('Ctrl Pts',(-8.52465057480214,-3.41336442781903,28.2419008873956));
#3941=CARTESIAN_POINT('Ctrl Pts',(-5.91632954153484,-7.02266134975418,28.3588400780318));
#3942=CARTESIAN_POINT('Ctrl Pts',(-1.91661876193352,-8.98038412871374,28.475779268668));
#3943=CARTESIAN_POINT('Ctrl Pts',(2.53383806919554,-8.82611983379355,28.5927184593042));
#3944=CARTESIAN_POINT('Ctrl Pts',(6.38839248448769,-6.59614799096649,28.7096576499403));
#3945=CARTESIAN_POINT('Ctrl Pts',(8.74053870173862,-2.81490850365224,28.8265968405765));
#3946=CARTESIAN_POINT('Ctrl Pts',(9.03710417667541,1.62833500520824,28.9435360312127));
#3947=CARTESIAN_POINT('Ctrl Pts',(7.20834326334378,5.68863025119939,29.0604752218489));
#3948=CARTESIAN_POINT('Ctrl Pts',(3.68433996352028,8.41108588645524,29.1774144124851));
#3949=CARTESIAN_POINT('Ctrl Pts',(-0.706138346589565,9.15544075332374,29.2943536031213));
#3950=CARTESIAN_POINT('Ctrl Pts',(-4.93054858494951,7.74663910366767,29.4112927937574));
#3951=CARTESIAN_POINT('Ctrl Pts',(-7.99540319977584,4.51599982572556,29.5282319843936));
#3952=CARTESIAN_POINT('Ctrl Pts',(-9.17991639048283,0.223297593578593,29.6451711750298));
#3953=CARTESIAN_POINT('Ctrl Pts',(-8.20551693795146,-4.12191927787068,29.762110365666));
#3954=CARTESIAN_POINT('Ctrl Pts',(-5.3013619724474,-7.49775219576336,29.8790495563022));
#3955=CARTESIAN_POINT('Ctrl Pts',(-1.15044430211783,-9.11028016362817,29.9959887469383));
#3956=CARTESIAN_POINT('Ctrl Pts',(3.27103234106071,-8.58027238354384,30.1129279375745));
#3957=CARTESIAN_POINT('Ctrl Pts',(6.92323475802395,-6.03237492513028,30.2298671282107));
#3958=CARTESIAN_POINT('Ctrl Pts',(8.94724597844256,-2.06579673571999,30.3468063188469));
#3959=CARTESIAN_POINT('Ctrl Pts',(8.86706347372764,2.38661100830092,30.4637455094831));
#3960=CARTESIAN_POINT('Ctrl Pts',(6.70154438983387,6.27774079929636,30.5806847001192));
#3961=CARTESIAN_POINT('Ctrl Pts',(2.95997076493822,8.69248525007486,30.6976238907554));
#3962=CARTESIAN_POINT('Ctrl Pts',(-1.47772230555677,9.0629500461896,30.8145630813916));
#3963=CARTESIAN_POINT('Ctrl Pts',(-5.567887878727,7.3020100877756,30.9315022720278));
#3964=CARTESIAN_POINT('Ctrl Pts',(-8.34860976778616,3.82379937984403,31.048441462664));
#3965=CARTESIAN_POINT('Ctrl Pts',(-9.16592388541833,-0.553684096565942,
31.1653806533001));
#3966=CARTESIAN_POINT('Ctrl Pts',(-7.82761608640497,-4.8009533590569,31.2823198439363));
#3967=CARTESIAN_POINT('Ctrl Pts',(-4.64842666958336,-7.91914491910562,31.3992590345725));
#3968=CARTESIAN_POINT('Ctrl Pts',(-0.376030443258137,-9.17492931075201,
31.5161982252087));
#3969=CARTESIAN_POINT('Ctrl Pts',(3.98479979962788,-8.27297390965453,31.6331374158448));
#3970=CARTESIAN_POINT('Ctrl Pts',(7.40849354775145,-5.42539861244738,31.7500766064811));
#3971=CARTESIAN_POINT('Ctrl Pts',(9.08987399925071,-1.3018899453836,31.8670157971172));
#3972=CARTESIAN_POINT('Ctrl Pts',(8.63351777999984,3.12779435042425,31.9839549877534));
#3973=CARTESIAN_POINT('Ctrl Pts',(6.14674974636912,6.82189081505747,32.1008941783896));
#3974=CARTESIAN_POINT('Ctrl Pts',(2.2144025621575,8.91162993407946,32.2178333690257));
#3975=CARTESIAN_POINT('Ctrl Pts',(-2.23872297072993,8.90555142261559,32.334772559662));
#3976=CARTESIAN_POINT('Ctrl Pts',(-6.165350533359,6.80508483822206,32.4517117502981));
#3977=CARTESIAN_POINT('Ctrl Pts',(-8.64202445702454,3.10421326032517,32.5686509409343));
#3978=CARTESIAN_POINT('Ctrl Pts',(-9.08628597564581,-1.32670032284286,32.6855901315705));
#3979=CARTESIAN_POINT('Ctrl Pts',(-7.39365466583787,-5.44560358084417,32.8025293222067));
#3980=CARTESIAN_POINT('Ctrl Pts',(-3.9621997965351,-8.28382139546189,32.9194685128428));
#3981=CARTESIAN_POINT('Ctrl Pts',(0.401076469092628,-9.17386886642499,33.036407703479));
#3982=CARTESIAN_POINT('Ctrl Pts',(4.67002861072505,-7.90642462724827,33.1533468941152));
#3983=CARTESIAN_POINT('Ctrl Pts',(7.84069331382883,-4.7795674318063,33.2702860847514));
#3984=CARTESIAN_POINT('Ctrl Pts',(9.1674016044864,-0.528656540878965,33.3872252753876));
#3985=CARTESIAN_POINT('Ctrl Pts',(8.33813906188266,3.84657140477193,33.5041644660238));
#3986=CARTESIAN_POINT('Ctrl Pts',(5.54793407021642,7.31719409832012,33.6211036566599));
#3987=CARTESIAN_POINT('Ctrl Pts',(1.4529722652466,9.06692804366146,33.7380428472961));
#3988=CARTESIAN_POINT('Ctrl Pts',(-2.98368445682988,8.68441801288024,33.8549820379323));
#3989=CARTESIAN_POINT('Ctrl Pts',(-6.71866919906558,6.25932840475759,33.9719212285685));
#3990=CARTESIAN_POINT('Ctrl Pts',(-8.8735209454952,2.36258877693622,34.0888604192046));
#3991=CARTESIAN_POINT('Ctrl Pts',(-8.94161991574654,-2.09061356491063,34.2057996098408));
#3992=CARTESIAN_POINT('Ctrl Pts',(-7.58472302270785,-4.73017140843031,34.2837590702649));
#3993=CARTESIAN_POINT('Ctrl Pts',(-6.63549048110729,-5.81360043992831,34.322738800477));
#3994=CARTESIAN_POINT('Ctrl Pts',(-6.03657442880781,-6.04434243036111,26.677261199523));
#3995=CARTESIAN_POINT('Ctrl Pts',(-5.04966681677616,-7.02998169931797,26.7162409297351));
#3996=CARTESIAN_POINT('Ctrl Pts',(-2.58489302016411,-8.50782675770241,26.7942003901592));
#3997=CARTESIAN_POINT('Ctrl Pts',(1.72233882518302,-8.72332686893514,26.9111395807954));
#3998=CARTESIAN_POINT('Ctrl Pts',(5.62370221850275,-6.88734036221582,27.0280787714315));
#3999=CARTESIAN_POINT('Ctrl Pts',(8.20289032279696,-3.43158046001153,27.1450179620677));
#4000=CARTESIAN_POINT('Ctrl Pts',(8.85274858965919,0.831199901180154,27.2619571527039));
#4001=CARTESIAN_POINT('Ctrl Pts',(7.42073063841682,4.89850592259131,27.3788963433401));
#4002=CARTESIAN_POINT('Ctrl Pts',(4.24347566221771,7.81378938989918,27.4958355339762));
#4003=CARTESIAN_POINT('Ctrl Pts',(0.0682717632648286,8.89144426796847,27.6127747246124));
#4004=CARTESIAN_POINT('Ctrl Pts',(-4.12299908168089,7.87802811164933,27.7297139152486));
#4005=CARTESIAN_POINT('Ctrl Pts',(-7.34462668091536,5.01187485723297,27.8466531058848));
#4006=CARTESIAN_POINT('Ctrl Pts',(-8.8389636656844,0.967039692874242,27.963592296521));
#4007=CARTESIAN_POINT('Ctrl Pts',(-8.25457124634406,-3.30522167588348,28.0805314871571));
#4008=CARTESIAN_POINT('Ctrl Pts',(-5.72888745279544,-6.80016828159998,28.1974706777933));
#4009=CARTESIAN_POINT('Ctrl Pts',(-1.85589614303074,-8.695866177685,28.3144098684295));
#4010=CARTESIAN_POINT('Ctrl Pts',(2.45356061053083,-8.54648930856739,28.4313490590657));
#4011=CARTESIAN_POINT('Ctrl Pts',(6.18599442289006,-6.38716778653719,28.5482882497018));
#4012=CARTESIAN_POINT('Ctrl Pts',(8.46361957148063,-2.72572612700627,28.6652274403381));
#4013=CARTESIAN_POINT('Ctrl Pts',(8.75078921211173,1.57674583790427,28.7821666309742));
#4014=CARTESIAN_POINT('Ctrl Pts',(6.97996739142079,5.5084021674077,28.8991058216104));
#4015=CARTESIAN_POINT('Ctrl Pts',(3.56761212178326,8.14460453242393,29.0160450122466));
#4016=CARTESIAN_POINT('Ctrl Pts',(-0.683766359753041,8.86537663061302,29.1329842028828));
#4017=CARTESIAN_POINT('Ctrl Pts',(-4.77433816446738,7.5012088577512,29.2499233935189));
#4018=CARTESIAN_POINT('Ctrl Pts',(-7.74209157040184,4.37292320463168,29.3668625841551));
#4019=CARTESIAN_POINT('Ctrl Pts',(-8.8890768267626,0.216223043884052,29.4838017747913));
#4020=CARTESIAN_POINT('Ctrl Pts',(-7.94554845187602,-3.99132797905353,29.6007409654275));
#4021=CARTESIAN_POINT('Ctrl Pts',(-5.13340338354477,-7.26020722424717,29.7176801560637));
#4022=CARTESIAN_POINT('Ctrl Pts',(-1.11399574369094,-8.82164682586643,29.8346193466998));
#4023=CARTESIAN_POINT('Ctrl Pts',(3.16739897682057,-8.30843083613957,29.9515585373361));
#4024=CARTESIAN_POINT('Ctrl Pts',(6.70389173888229,-5.8412562681847,30.0684977279722));
#4025=CARTESIAN_POINT('Ctrl Pts',(8.66377791553453,-2.00034783664567,30.1854369186084));
#4026=CARTESIAN_POINT('Ctrl Pts',(8.58613576562213,2.31099802067679,30.3023761092446));
#4027=CARTESIAN_POINT('Ctrl Pts',(6.48922500001766,6.07884842189858,30.4193152998807));
#4028=CARTESIAN_POINT('Ctrl Pts',(2.86619250277542,8.4170885568765,30.5362544905169));
#4029=CARTESIAN_POINT('Ctrl Pts',(-1.43090487363622,8.7758162286981,30.6531936811531));
#4030=CARTESIAN_POINT('Ctrl Pts',(-5.39148517388635,7.07066664869906,30.7701328717893));
#4031=CARTESIAN_POINT('Ctrl Pts',(-8.0841077920328,3.70265316281089,30.8870720624255));
#4032=CARTESIAN_POINT('Ctrl Pts',(-8.87552763445773,-0.536142189403147,
31.0040112530616));
#4033=CARTESIAN_POINT('Ctrl Pts',(-7.57962031490756,-4.64884879502874,31.1209504436978));
#4034=CARTESIAN_POINT('Ctrl Pts',(-4.50115448026705,-7.66824931664699,31.237889634334));
#4035=CARTESIAN_POINT('Ctrl Pts',(-0.364116987251489,-8.88424774848096,
31.3548288249702));
#4036=CARTESIAN_POINT('Ctrl Pts',(3.85855274181832,-8.01086824112717,31.4717680156064));
#4037=CARTESIAN_POINT('Ctrl Pts',(7.17377648284593,-5.25351027508862,31.5887072062425));
#4038=CARTESIAN_POINT('Ctrl Pts',(8.80188717281788,-1.2606432621219,31.7056463968787));
#4039=CARTESIAN_POINT('Ctrl Pts',(8.35998930351945,3.02869907486955,31.8225855875149));
#4040=CARTESIAN_POINT('Ctrl Pts',(5.95200744823829,6.60575859075363,31.9395247781511));
#4041=CARTESIAN_POINT('Ctrl Pts',(2.14424550977448,8.62929026432484,32.0564639687873));
#4042=CARTESIAN_POINT('Ctrl Pts',(-2.16779539531403,8.62340433322305,32.1734031594234));
#4043=CARTESIAN_POINT('Ctrl Pts',(-5.97001892215136,6.5894850635357,32.2903423500596));
#4044=CARTESIAN_POINT('Ctrl Pts',(-8.36822647065655,3.00586508459847,32.4072815406958));
#4045=CARTESIAN_POINT('Ctrl Pts',(-8.79841282554459,-1.28466759327648,32.524220731332));
#4046=CARTESIAN_POINT('Ctrl Pts',(-7.15940772873725,-5.27307510647941,32.6411599219682));
#4047=CARTESIAN_POINT('Ctrl Pts',(-3.83666875559976,-8.02137205517265,32.7580991126044));
#4048=CARTESIAN_POINT('Ctrl Pts',(0.388369500932192,-8.88322090131892,32.8750383032405));
#4049=CARTESIAN_POINT('Ctrl Pts',(4.52207202529117,-7.65593203108913,32.9919774938767));
#4050=CARTESIAN_POINT('Ctrl Pts',(7.59228322754281,-4.62814042010943,33.1089166845129));
#4051=CARTESIAN_POINT('Ctrl Pts',(8.87695853619646,-0.51190756069582,33.225855875149));
#4052=CARTESIAN_POINT('Ctrl Pts',(8.07396882069062,3.72470372084155,33.3427950657853));
#4053=CARTESIAN_POINT('Ctrl Pts',(5.37216354509451,7.08536959701878,33.4597342564214));
#4054=CARTESIAN_POINT('Ctrl Pts',(1.40693896801961,8.77966819462457,33.5766734470576));
#4055=CARTESIAN_POINT('Ctrl Pts',(-2.88915489372809,8.40927690716725,33.6936126376938));
#4056=CARTESIAN_POINT('Ctrl Pts',(-6.50580725833345,6.06101937175717,33.81055182833));
#4057=CARTESIAN_POINT('Ctrl Pts',(-8.5923886507473,2.28773686544748,33.9274910189661));
#4058=CARTESIAN_POINT('Ctrl Pts',(-8.65833009864713,-2.02437841512685,34.0444302096023));
#4059=CARTESIAN_POINT('Ctrl Pts',(-7.34442262769007,-4.5803093693625,34.1223896700264));
#4060=CARTESIAN_POINT('Ctrl Pts',(-6.42526382167978,-5.62941303084194,34.1613694002385));
#4061=CARTESIAN_POINT('Ctrl Pts',(-5.83906520400807,-5.84657904618951,26.5158917992845));
#4062=CARTESIAN_POINT('Ctrl Pts',(-4.88444798443329,-6.79996942130107,26.5548715294966));
#4063=CARTESIAN_POINT('Ctrl Pts',(-2.50031852802061,-8.22946122316594,26.6328309899207));
#4064=CARTESIAN_POINT('Ctrl Pts',(1.665986035995,-8.43791043816341,26.7497701805568));
#4065=CARTESIAN_POINT('Ctrl Pts',(5.43970166010983,-6.66199513175176,26.866709371193));
#4066=CARTESIAN_POINT('Ctrl Pts',(7.93450193002884,-3.31930340545219,26.9836485618292));
#4067=CARTESIAN_POINT('Ctrl Pts',(8.56309764077891,0.80400407181172,27.1005877524654));
#4068=CARTESIAN_POINT('Ctrl Pts',(7.17793353997521,4.73823288713748,27.2175269431016));
#4069=CARTESIAN_POINT('Ctrl Pts',(4.10463440408602,7.55813189683781,27.3344661337378));
#4070=CARTESIAN_POINT('Ctrl Pts',(0.066037995886136,8.60052724450962,27.4514053243739));
#4071=CARTESIAN_POINT('Ctrl Pts',(-3.98809966777046,7.6202688073232,27.5683445150101));
#4072=CARTESIAN_POINT('Ctrl Pts',(-7.10431960952924,4.84789253091203,27.6852837056463));
#4073=CARTESIAN_POINT('Ctrl Pts',(-8.5497637424115,0.935399354079002,27.8022228962825));
#4074=CARTESIAN_POINT('Ctrl Pts',(-7.98449191788598,-3.19707892394793,27.9191620869186));
#4075=CARTESIAN_POINT('Ctrl Pts',(-5.54144536405604,-6.57767521344578,28.0361012775548));
#4076=CARTESIAN_POINT('Ctrl Pts',(-1.79517352412794,-8.41134822665627,28.153040468191));
#4077=CARTESIAN_POINT('Ctrl Pts',(2.3732831518661,-8.26685878334121,28.2699796588272));
#4078=CARTESIAN_POINT('Ctrl Pts',(5.98359636129243,-6.17818758210792,28.3869188494633));
#4079=CARTESIAN_POINT('Ctrl Pts',(8.18670044122265,-2.63654375036029,28.5038580400996));
#4080=CARTESIAN_POINT('Ctrl Pts',(8.46447424754805,1.52515667060028,28.6207972307357));
#4081=CARTESIAN_POINT('Ctrl Pts',(6.75159151949781,5.32817408361602,28.7377364213719));
#4082=CARTESIAN_POINT('Ctrl Pts',(3.45088428004625,7.87812317839261,28.8546756120081));
#4083=CARTESIAN_POINT('Ctrl Pts',(-0.661394372916521,8.57531250790229,28.9716148026443));
#4084=CARTESIAN_POINT('Ctrl Pts',(-4.61812774398524,7.25577861183472,29.0885539932804));
#4085=CARTESIAN_POINT('Ctrl Pts',(-7.48877994102786,4.22984658353778,29.2054931839166));
#4086=CARTESIAN_POINT('Ctrl Pts',(-8.59823726304236,0.209148494189514,29.3224323745528));
#4087=CARTESIAN_POINT('Ctrl Pts',(-7.6855799658006,-3.86073668023639,29.439371565189));
#4088=CARTESIAN_POINT('Ctrl Pts',(-4.96544479464213,-7.02266225273097,29.5563107558252));
#4089=CARTESIAN_POINT('Ctrl Pts',(-1.07754718526407,-8.5330134881047,29.6732499464613));
#4090=CARTESIAN_POINT('Ctrl Pts',(3.06376561258044,-8.03658928873529,29.7901891370975));
#4091=CARTESIAN_POINT('Ctrl Pts',(6.48454871974064,-5.65013761123912,29.9071283277337));
#4092=CARTESIAN_POINT('Ctrl Pts',(8.38030985262649,-1.93489893757134,30.0240675183699));
#4093=CARTESIAN_POINT('Ctrl Pts',(8.3052080575166,2.23538503305265,30.1410067090061));
#4094=CARTESIAN_POINT('Ctrl Pts',(6.27690561020146,5.87995604450078,30.2579458996423));
#4095=CARTESIAN_POINT('Ctrl Pts',(2.77241424061262,8.14169186367814,30.3748850902784));
#4096=CARTESIAN_POINT('Ctrl Pts',(-1.38408744171566,8.48868241120661,30.4918242809146));
#4097=CARTESIAN_POINT('Ctrl Pts',(-5.2150824690457,6.83932320962251,30.6087634715508));
#4098=CARTESIAN_POINT('Ctrl Pts',(-7.81960581627943,3.58150694577774,30.725702662187));
#4099=CARTESIAN_POINT('Ctrl Pts',(-8.58513138349713,-0.518600282240353,
30.8426418528231));
#4100=CARTESIAN_POINT('Ctrl Pts',(-7.33162454341014,-4.49674423100058,30.9595810434593));
#4101=CARTESIAN_POINT('Ctrl Pts',(-4.35388229095073,-7.41735371418836,31.0765202340955));
#4102=CARTESIAN_POINT('Ctrl Pts',(-0.352203531244843,-8.59356618620992,
31.1934594247317));
#4103=CARTESIAN_POINT('Ctrl Pts',(3.73230568400876,-7.74876257259979,31.3103986153678));
#4104=CARTESIAN_POINT('Ctrl Pts',(6.9390594179404,-5.08162193772985,31.4273378060041));
#4105=CARTESIAN_POINT('Ctrl Pts',(8.51390034638503,-1.2193965788602,31.5442769966402));
#4106=CARTESIAN_POINT('Ctrl Pts',(8.08646082703906,2.92960379931484,31.6612161872764));
#4107=CARTESIAN_POINT('Ctrl Pts',(5.75726515010747,6.38962636644978,31.7781553779126));
#4108=CARTESIAN_POINT('Ctrl Pts',(2.07408845739145,8.34695059457023,31.8950945685488));
#4109=CARTESIAN_POINT('Ctrl Pts',(-2.09686781989813,8.3412572438305,32.0120337591849));
#4110=CARTESIAN_POINT('Ctrl Pts',(-5.77468731094372,6.37388528884934,32.1289729498211));
#4111=CARTESIAN_POINT('Ctrl Pts',(-8.09442848428857,2.90751690887178,32.2459121404573));
#4112=CARTESIAN_POINT('Ctrl Pts',(-8.51053967544336,-1.24263486371011,32.3628513310935));
#4113=CARTESIAN_POINT('Ctrl Pts',(-6.92516079163663,-5.10054663211464,32.4797905217297));
#4114=CARTESIAN_POINT('Ctrl Pts',(-3.71113771466442,-7.75892271488342,32.5967297123658));
#4115=CARTESIAN_POINT('Ctrl Pts',(0.375662532771751,-8.59257293621284,32.7136689030021));
#4116=CARTESIAN_POINT('Ctrl Pts',(4.3741154398573,-7.40543943493,32.8306080936382));
#4117=CARTESIAN_POINT('Ctrl Pts',(7.34387314125681,-4.47671340841255,32.9475472842744));
#4118=CARTESIAN_POINT('Ctrl Pts',(8.5865154679065,-0.49515858051268,33.0644864749106));
#4119=CARTESIAN_POINT('Ctrl Pts',(7.80979857949858,3.60283603691118,33.1814256655467));
#4120=CARTESIAN_POINT('Ctrl Pts',(5.19639301997259,6.85354509571743,33.2983648561829));
#4121=CARTESIAN_POINT('Ctrl Pts',(1.36090567079264,8.49240834558769,33.4153040468191));
#4122=CARTESIAN_POINT('Ctrl Pts',(-2.79462533062631,8.13413580145425,33.5322432374553));
#4123=CARTESIAN_POINT('Ctrl Pts',(-6.29294531760132,5.86271033875674,33.6491824280915));
#4124=CARTESIAN_POINT('Ctrl Pts',(-8.31125635599941,2.21288495395874,33.7661216187276));
#4125=CARTESIAN_POINT('Ctrl Pts',(-8.3750402815477,-1.95814326534307,33.8830608093638));
#4126=CARTESIAN_POINT('Ctrl Pts',(-7.10412223267229,-4.43044733029468,33.9610202697879));
#4127=CARTESIAN_POINT('Ctrl Pts',(-6.21503716225227,-5.44522562175557,34.));
#4128=CARTESIAN_POINT('Ctrl Pts',(-6.21503716225227,-5.44522562175557,34.));
#4129=CARTESIAN_POINT('Ctrl Pts',(-6.36268311316868,-5.29280089037537,34.));
#4130=CARTESIAN_POINT('Ctrl Pts',(-6.50406016682457,-5.13487082525705,34.));
#4131=CARTESIAN_POINT('Ctrl Pts',(-6.63903168068456,-4.9719297353139,34.));
#4132=CARTESIAN_POINT('Ctrl Pts',(-6.77603079859881,-4.80654086950214,34.));
#4133=CARTESIAN_POINT('Ctrl Pts',(-6.90643088599268,-4.63598886461378,34.));
#4134=CARTESIAN_POINT('Ctrl Pts',(-7.03005945894502,-4.46074534973617,34.));
#4135=CARTESIAN_POINT('Ctrl Pts',(-7.15483702386454,-4.28387313862689,34.));
#4136=CARTESIAN_POINT('Ctrl Pts',(-7.27271703975075,-4.10222130415208,34.));
#4137=CARTESIAN_POINT('Ctrl Pts',(-7.38348601109641,-3.91623608690024,34.));
#4138=CARTESIAN_POINT('Ctrl Pts',(-7.49422882341943,-3.73029479161903,34.));
#4139=CARTESIAN_POINT('Ctrl Pts',(-7.59786432697199,-3.54002159069054,34.));
#4140=CARTESIAN_POINT('Ctrl Pts',(-7.69413730505584,-3.34583210744969,34.));
#4141=CARTESIAN_POINT('Ctrl Pts',(-7.75046845442126,-3.23220814978934,34.));
#4142=CARTESIAN_POINT('Ctrl Pts',(-7.80427812469153,-3.1172428715338,34.));
#4143=CARTESIAN_POINT('Ctrl Pts',(-7.85550773912643,-3.00101590832932,34.));
#4144=CARTESIAN_POINT('Ctrl Pts',(-7.8853308041902,-2.93335496018348,34.));
#4145=CARTESIAN_POINT('Ctrl Pts',(-7.91427940048353,-2.8652663914511,34.));
#4146=CARTESIAN_POINT('Ctrl Pts',(-7.94234104374716,-2.79676559555639,34.));
#4147=CARTESIAN_POINT('Ctrl Pts',(-7.95100980445298,-2.77560443253433,34.));
#4148=CARTESIAN_POINT('Ctrl Pts',(-7.95959433240648,-2.75440289140292,34.));
#4149=CARTESIAN_POINT('Ctrl Pts',(-7.96809295415963,-2.73316465298012,34.));
#4150=CARTESIAN_POINT('Ctrl Pts',(-8.04993520960785,-2.52863909757167,34.));
#4151=CARTESIAN_POINT('Ctrl Pts',(-8.12358141169688,-2.32129652119638,34.));
#4152=CARTESIAN_POINT('Ctrl Pts',(-8.18884698273534,-2.11161185710217,34.));
#4153=CARTESIAN_POINT('Ctrl Pts',(-8.20792340039411,-2.05032330687186,34.));
#4154=CARTESIAN_POINT('Ctrl Pts',(-8.22628357871709,-1.98883444240889,34.));
#4155=CARTESIAN_POINT('Ctrl Pts',(-8.24392225022409,-1.92715660511162,34.));
#4156=CARTESIAN_POINT('Ctrl Pts',(-8.30369545500797,-1.71814528598067,34.));
#4157=CARTESIAN_POINT('Ctrl Pts',(-8.3551867776809,-1.50696567664602,34.));
#4158=CARTESIAN_POINT('Ctrl Pts',(-8.39846876813535,-1.29412078490237,34.));
#4159=CARTESIAN_POINT('Ctrl Pts',(-8.44216787997402,-1.07922464378368,34.));
#4160=CARTESIAN_POINT('Ctrl Pts',(-8.47749879910221,-0.862630338059256,
34.));
#4161=CARTESIAN_POINT('Ctrl Pts',(-8.50448638423772,-0.644836523151168,
34.));
#4162=CARTESIAN_POINT('Ctrl Pts',(-8.53153698762008,-0.426534141643948,
34.));
#4163=CARTESIAN_POINT('Ctrl Pts',(-8.55020533381752,-0.207025965975054,
34.));
#4164=CARTESIAN_POINT('Ctrl Pts',(-8.56046508121363,0.0131949949012589,
34.));
#4165=CARTESIAN_POINT('Ctrl Pts',(-8.56479276577189,0.106086838627469,34.));
#4166=CARTESIAN_POINT('Ctrl Pts',(-8.56762371448101,0.199105557120665,34.));
#4167=CARTESIAN_POINT('Ctrl Pts',(-8.56895315851532,0.292214184562675,34.));
#4168=CARTESIAN_POINT('Ctrl Pts',(-8.5697549571308,0.34836876245084,34.));
#4169=CARTESIAN_POINT('Ctrl Pts',(-8.57001056702386,0.404556042459377,34.));
#4170=CARTESIAN_POINT('Ctrl Pts',(-8.5697186470813,0.460767887255407,34.));
#4171=CARTESIAN_POINT('Ctrl Pts',(-8.56957680628103,0.488080625745002,34.));
#4172=CARTESIAN_POINT('Ctrl Pts',(-8.56930563165557,0.515400557766123,34.));
#4173=CARTESIAN_POINT('Ctrl Pts',(-8.56890535219269,0.542708448291556,34.));
#4174=CARTESIAN_POINT('Ctrl Pts',(-8.56564252039211,0.765305563247686,34.));
#4175=CARTESIAN_POINT('Ctrl Pts',(-8.55380521736598,0.98737466481497,34.));
#4176=CARTESIAN_POINT('Ctrl Pts',(-8.53346850974087,1.20840225680745,34.));
#4177=CARTESIAN_POINT('Ctrl Pts',(-8.51299249230444,1.43094392436739,34.));
#4178=CARTESIAN_POINT('Ctrl Pts',(-8.48390032357545,1.65243044460685,34.));
#4179=CARTESIAN_POINT('Ctrl Pts',(-8.44621728684661,1.87234927565368,34.));
#4180=CARTESIAN_POINT('Ctrl Pts',(-8.42569113130166,1.9921402618689,34.));
#4181=CARTESIAN_POINT('Ctrl Pts',(-8.40261513171398,2.1114662488816,34.));
#4182=CARTESIAN_POINT('Ctrl Pts',(-8.3769868745267,2.23024472266365,34.));
#4183=CARTESIAN_POINT('Ctrl Pts',(-8.33011262950239,2.44749130494151,34.));
#4184=CARTESIAN_POINT('Ctrl Pts',(-8.27470346876824,2.6629069786939,34.));
#4185=CARTESIAN_POINT('Ctrl Pts',(-8.21101402545949,2.8760676710443,34.));
#4186=CARTESIAN_POINT('Ctrl Pts',(-8.14716915272854,3.08974856645392,34.));
#4187=CARTESIAN_POINT('Ctrl Pts',(-8.07500330136529,3.30116408754874,34.));
#4188=CARTESIAN_POINT('Ctrl Pts',(-7.9947226529516,3.509872712368,34.));
#4189=CARTESIAN_POINT('Ctrl Pts',(-7.97235610276597,3.56801987514549,34.));
#4190=CARTESIAN_POINT('Ctrl Pts',(-7.94935939018277,3.62595681057552,34.));
#4191=CARTESIAN_POINT('Ctrl Pts',(-7.92573631820735,3.68367367007876,34.));
#4192=CARTESIAN_POINT('Ctrl Pts',(-7.91549952027933,3.70868463513821,34.));
#4193=CARTESIAN_POINT('Ctrl Pts',(-7.90514509937769,3.73365427183383,34.));
#4194=CARTESIAN_POINT('Ctrl Pts',(-7.89467334888595,3.75858176960734,34.));
#4195=CARTESIAN_POINT('Ctrl Pts',(-7.88493201485006,3.78177054618124,34.));
#4196=CARTESIAN_POINT('Ctrl Pts',(-7.87509056561181,3.80491941061932,34.));
#4197=CARTESIAN_POINT('Ctrl Pts',(-7.86515326785847,3.82801877399365,34.));
#4198=CARTESIAN_POINT('Ctrl Pts',(-7.77606343688298,4.03510911482267,34.));
#4199=CARTESIAN_POINT('Ctrl Pts',(-7.67918487674697,4.23843450265038,34.));
#4200=CARTESIAN_POINT('Ctrl Pts',(-7.5748406514171,4.43757984618551,34.));
#4201=CARTESIAN_POINT('Ctrl Pts',(-7.46978586397956,4.63808132739465,34.));
#4202=CARTESIAN_POINT('Ctrl Pts',(-7.35716315920799,4.83434626678352,34.));
#4203=CARTESIAN_POINT('Ctrl Pts',(-7.23724977676751,5.02594167710872,34.));
#4204=CARTESIAN_POINT('Ctrl Pts',(-7.11748861112284,5.21729387822026,34.));
#4205=CARTESIAN_POINT('Ctrl Pts',(-6.99045497730073,5.40398901815202,34.));
#4206=CARTESIAN_POINT('Ctrl Pts',(-6.85637687542205,5.58557710537156,34.));
#4207=CARTESIAN_POINT('Ctrl Pts',(-6.73983377633741,5.74341673872623,34.));
#4208=CARTESIAN_POINT('Ctrl Pts',(-6.61796745314011,5.89739775447347,34.));
#4209=CARTESIAN_POINT('Ctrl Pts',(-6.49090050712742,6.04720763220935,34.));
#4210=CARTESIAN_POINT('Ctrl Pts',(-6.37260742103198,6.18667327076485,34.));
#4211=CARTESIAN_POINT('Ctrl Pts',(-6.24980669344252,6.32252387604273,34.));
#4212=CARTESIAN_POINT('Ctrl Pts',(-6.12270480525655,6.45460748579151,34.));
#4213=CARTESIAN_POINT('Ctrl Pts',(-6.07674555656457,6.50236809387701,34.));
#4214=CARTESIAN_POINT('Ctrl Pts',(-6.03022378510793,6.5496360137464,34.));
#4215=CARTESIAN_POINT('Ctrl Pts',(-5.98314878206413,6.59640351827583,34.));
#4216=CARTESIAN_POINT('Ctrl Pts',(-5.96319452813321,6.61622742907257,34.));
#4217=CARTESIAN_POINT('Ctrl Pts',(-5.94314720304063,6.63595511921883,34.));
#4218=CARTESIAN_POINT('Ctrl Pts',(-5.92300955180275,6.6555843755644,34.));
#4219=CARTESIAN_POINT('Ctrl Pts',(-5.76025290819777,6.81423206697227,34.));
#4220=CARTESIAN_POINT('Ctrl Pts',(-5.5915609153507,6.96649068804369,34.));
#4221=CARTESIAN_POINT('Ctrl Pts',(-5.41739819729666,7.11212928481923,34.));
#4222=CARTESIAN_POINT('Ctrl Pts',(-5.23300014335166,7.26632688878839,34.));
#4223=CARTESIAN_POINT('Ctrl Pts',(-5.04246927759601,7.41310435788555,34.));
#4224=CARTESIAN_POINT('Ctrl Pts',(-4.84630867389337,7.55214784010188,34.));
#4225=CARTESIAN_POINT('Ctrl Pts',(-4.69918822111639,7.65643045176413,34.));
#4226=CARTESIAN_POINT('Ctrl Pts',(-4.54889995503079,7.75636191273037,34.));
#4227=CARTESIAN_POINT('Ctrl Pts',(-4.39564114454359,7.8517920261129,34.));
#4228=CARTESIAN_POINT('Ctrl Pts',(-4.36884678091969,7.86847615115937,34.));
#4229=CARTESIAN_POINT('Ctrl Pts',(-4.34196159257199,7.8850226478878,34.));
#4230=CARTESIAN_POINT('Ctrl Pts',(-4.31498659983903,7.90143066056139,34.));
#4231=CARTESIAN_POINT('Ctrl Pts',(-4.28620421007069,7.91893805419707,34.));
#4232=CARTESIAN_POINT('Ctrl Pts',(-4.25732750686852,7.93628294925561,34.));
#4233=CARTESIAN_POINT('Ctrl Pts',(-4.22836044346388,7.95346306888523,34.));
#4234=CARTESIAN_POINT('Ctrl Pts',(-4.02349509380009,8.07496697026532,34.));
#4235=CARTESIAN_POINT('Ctrl Pts',(-3.81407264762615,8.18825737904277,34.));
#4236=CARTESIAN_POINT('Ctrl Pts',(-3.6005823398627,8.29304399998335,34.));
#4237=CARTESIAN_POINT('Ctrl Pts',(-3.38709203209926,8.39783062092393,34.));
#4238=CARTESIAN_POINT('Ctrl Pts',(-3.16953323202685,8.49411394403683,34.));
#4239=CARTESIAN_POINT('Ctrl Pts',(-2.94836043399752,8.58155668792748,34.));
#4240=CARTESIAN_POINT('Ctrl Pts',(-2.75539175205548,8.65784866951075,34.));
#4241=CARTESIAN_POINT('Ctrl Pts',(-2.55967121473892,8.72741044616532,34.));
#4242=CARTESIAN_POINT('Ctrl Pts',(-2.36156232089357,8.79021079559313,34.));
#4243=CARTESIAN_POINT('Ctrl Pts',(-8.26275135597213,-0.000184472242019797,
32.3282382949161));
#4244=CARTESIAN_POINT('Ctrl Pts',(-8.26309706407871,-0.399554025513652,
32.3397759736419));
#4245=CARTESIAN_POINT('Ctrl Pts',(-8.23464026220643,-0.798874733735574,
32.3513136523677));
#4246=CARTESIAN_POINT('Ctrl Pts',(-8.1769579962831,-1.19392819634723,32.3628513310935));
#4247=CARTESIAN_POINT('Ctrl Pts',(-7.98208004750777,-2.52860545317832,32.4018310613055));
#4248=CARTESIAN_POINT('Ctrl Pts',(-7.45362041957219,-3.81457604264651,32.4408107915176));
#4249=CARTESIAN_POINT('Ctrl Pts',(-6.65372009277568,-4.90062401784207,32.4797905217297));
#4250=CARTESIAN_POINT('Ctrl Pts',(-5.8538197659792,-5.98667199303759,32.5187702519417));
#4251=CARTESIAN_POINT('Ctrl Pts',(-4.78247874032181,-6.8727973539605,32.5577499821538));
#4252=CARTESIAN_POINT('Ctrl Pts',(-3.56567485292044,-7.45480173797685,32.5967297123658));
#4253=CARTESIAN_POINT('Ctrl Pts',(-2.34887096551904,-8.03680612199323,32.6357094425779));
#4254=CARTESIAN_POINT('Ctrl Pts',(-0.986604216373643,-8.31468952910304,
32.67468917279));
#4255=CARTESIAN_POINT('Ctrl Pts',(0.360937976046647,-8.2557756491108,32.713668903002));
#4256=CARTESIAN_POINT('Ctrl Pts',(1.70848016846694,-8.19686176911856,32.7526486332141));
#4257=CARTESIAN_POINT('Ctrl Pts',(3.04129780416213,-7.80115060202428,32.7916283634261));
#4258=CARTESIAN_POINT('Ctrl Pts',(4.20266623890964,-7.11517401405755,32.8306080936382));
#4259=CARTESIAN_POINT('Ctrl Pts',(5.36403467365716,-6.42919742609083,32.8695878238502));
#4260=CARTESIAN_POINT('Ctrl Pts',(6.35395390745701,-5.45295541725167,32.9085675540623));
#4261=CARTESIAN_POINT('Ctrl Pts',(7.05602057879854,-4.30124194151543,32.9475472842744));
#4262=CARTESIAN_POINT('Ctrl Pts',(7.75808725014005,-3.14952846577923,32.9865270144864));
#4263=CARTESIAN_POINT('Ctrl Pts',(8.17230135902327,-1.82234352314596,33.0255067446985));
#4264=CARTESIAN_POINT('Ctrl Pts',(8.24995559873023,-0.475751948925371,33.0644864749106));
#4265=CARTESIAN_POINT('Ctrl Pts',(8.32760983843719,0.870839625295268,33.1034662051226));
#4266=CARTESIAN_POINT('Ctrl Pts',(8.06870420896789,2.23683783110321,33.1424459353347));
#4267=CARTESIAN_POINT('Ctrl Pts',(7.5036838009789,3.46162177714158,33.1814256655467));
#4268=CARTESIAN_POINT('Ctrl Pts',(6.93866339298991,4.68640572317993,33.2204053957588));
#4269=CARTESIAN_POINT('Ctrl Pts',(6.06752820648125,5.76997540944869,33.2593851259709));
#4270=CARTESIAN_POINT('Ctrl Pts',(4.99271272169691,6.58490412756144,33.2983648561829));
#4271=CARTESIAN_POINT('Ctrl Pts',(3.9178972369126,7.39983284567418,33.337344586395));
#4272=CARTESIAN_POINT('Ctrl Pts',(2.63940145385262,7.94612059563094,33.376324316607));
#4273=CARTESIAN_POINT('Ctrl Pts',(1.30756506208614,8.15955237992041,33.4153040468191));
#4274=CARTESIAN_POINT('Ctrl Pts',(-0.0242713296803368,8.37298416420988,
33.4542837770312));
#4275=CARTESIAN_POINT('Ctrl Pts',(-1.40944833015331,8.25355998283207,33.4932635072432));
#4276=CARTESIAN_POINT('Ctrl Pts',(-2.6850901615523,7.81527698169358,33.5322432374553));
#4277=CARTESIAN_POINT('Ctrl Pts',(-3.96073199295131,7.37699398055508,33.5712229676673));
#4278=CARTESIAN_POINT('Ctrl Pts',(-5.12683865527632,6.6198521596559,33.6102026978794));
#4279=CARTESIAN_POINT('Ctrl Pts',(-6.04627715950518,5.63297701840664,33.6491824280915));
#4280=CARTESIAN_POINT('Ctrl Pts',(-6.96571566373402,4.64610187715739,33.6881621583035));
#4281=CARTESIAN_POINT('Ctrl Pts',(-7.63848600986672,3.42949341555806,33.7271418885156));
#4282=CARTESIAN_POINT('Ctrl Pts',(-7.98550183719111,2.12601781487477,33.7661216187276));
#4283=CARTESIAN_POINT('Ctrl Pts',(-8.16983242525925,1.43362742490616,33.7868271774571));
#4284=CARTESIAN_POINT('Ctrl Pts',(-8.26224794815875,0.71672655760288,33.8075327361866));
#4285=CARTESIAN_POINT('Ctrl Pts',(-8.26235787079529,-0.000110049499564573,
33.8282382949161));
#4286=CARTESIAN_POINT('Origin',(0.,0.,4.));
#4287=CARTESIAN_POINT('Origin',(0.,0.,34.));
#4288=CARTESIAN_POINT('',(-11.,-1.34711147906209E-15,34.));
#4289=CARTESIAN_POINT('Origin',(0.,0.,34.));
#4290=CARTESIAN_POINT('Origin',(0.,0.,3.));
#4291=CARTESIAN_POINT('',(8.33687793826233,-7.17610383442957,3.));
#4292=CARTESIAN_POINT('Origin',(8.66025403784439,-5.,3.));
#4293=CARTESIAN_POINT('Origin',(0.,0.,3.));
#4294=CARTESIAN_POINT('Origin',(0.,0.,3.));
#4295=CARTESIAN_POINT('',(2.04624925167976,10.808,3.));
#4296=CARTESIAN_POINT('Origin',(-6.70794529850485E-15,10.,3.));
#4297=CARTESIAN_POINT('Origin',(0.,0.,3.));
#4298=CARTESIAN_POINT('Origin',(0.,0.,4.));
#4299=CARTESIAN_POINT('Origin',(8.42169061389325,4.98805191721478,-1.5));
#4300=CARTESIAN_POINT('Origin',(0.,0.,-1.5));
#4301=CARTESIAN_POINT('Origin',(8.66025403784439,-5.,0.));
#4302=CARTESIAN_POINT('',(10.3831271899421,-3.63189616557042,-1.5));
#4303=CARTESIAN_POINT('',(10.3831271899421,-3.63189616557042,0.));
#4304=CARTESIAN_POINT('',(8.33687793826233,-7.17610383442957,-1.5));
#4305=CARTESIAN_POINT('Origin',(8.66025403784439,-5.,-1.5));
#4306=CARTESIAN_POINT('',(8.33687793826233,-7.17610383442957,0.));
#4307=CARTESIAN_POINT('Origin',(8.42169061389324,-4.98805191721479,-1.5));
#4308=CARTESIAN_POINT('Origin',(0.,0.,-1.5));
#4309=CARTESIAN_POINT('Origin',(-4.4,1.91194808278521,0.));
#4310=CARTESIAN_POINT('',(-11.,1.34711147906209E-15,0.));
#4311=CARTESIAN_POINT('Origin',(0.,0.,0.));
#4312=CARTESIAN_POINT('',(-10.3831271899421,3.63189616557042,0.));
#4313=CARTESIAN_POINT('Origin',(0.,0.,0.));
#4314=CARTESIAN_POINT('',(-8.33687793826234,7.17610383442956,0.));
#4315=CARTESIAN_POINT('Origin',(-8.66025403784439,5.,0.));
#4316=CARTESIAN_POINT('',(-2.04624925167977,10.808,0.));
#4317=CARTESIAN_POINT('Origin',(0.,0.,0.));
#4318=CARTESIAN_POINT('Origin',(-6.70794529850485E-15,10.,0.));
#4319=CARTESIAN_POINT('Origin',(-8.66025403784439,5.,0.));
#4320=CARTESIAN_POINT('',(-10.3831271899421,3.63189616557042,-1.5));
#4321=CARTESIAN_POINT('',(-10.3831271899421,3.63189616557042,0.));
#4322=CARTESIAN_POINT('',(-8.33687793826234,7.17610383442956,-1.5));
#4323=CARTESIAN_POINT('Origin',(-8.66025403784439,5.,-1.5));
#4324=CARTESIAN_POINT('',(-8.33687793826234,7.17610383442956,0.));
#4325=CARTESIAN_POINT('Origin',(-8.42169061389324,4.98805191721478,-1.5));
#4326=CARTESIAN_POINT('Origin',(0.,0.,-1.5));
#4327=CARTESIAN_POINT('Origin',(-6.70794529850485E-15,10.,0.));
#4328=CARTESIAN_POINT('',(-2.04624925167977,10.808,-1.5));
#4329=CARTESIAN_POINT('',(-2.04624925167977,10.808,0.));
#4330=CARTESIAN_POINT('',(2.04624925167976,10.808,-1.5));
#4331=CARTESIAN_POINT('Origin',(-6.70794529850485E-15,10.,-1.5));
#4332=CARTESIAN_POINT('',(2.04624925167976,10.808,0.));
#4333=CARTESIAN_POINT('Origin',(-6.66133814775094E-15,9.4,-1.5));
#4334=CARTESIAN_POINT('Origin',(0.,0.,-1.5));
#4335=CARTESIAN_POINT('Origin',(0.,0.,0.));
#4336=CARTESIAN_POINT('Origin',(0.,0.,-1.5));
#4337=CARTESIAN_POINT('',(-11.,1.34711147906209E-15,0.));
#4338=CARTESIAN_POINT('Origin',(-8.42169061389324,-4.98805191721479,-1.5));
#4339=CARTESIAN_POINT('',(0.,0.,0.));
#4340=UNCERTAINTY_MEASURE_WITH_UNIT(LENGTH_MEASURE(0.01),#4346,
'DISTANCE_ACCURACY_VALUE',
'Maximum model space distance between geometric entities at asserted c
onnectivities');
#4341=UNCERTAINTY_MEASURE_WITH_UNIT(LENGTH_MEASURE(0.01),#4346,
'DISTANCE_ACCURACY_VALUE',
'Maximum model space distance between geometric entities at asserted c
onnectivities');
#4342=UNCERTAINTY_MEASURE_WITH_UNIT(LENGTH_MEASURE(0.01),#4346,
'DISTANCE_ACCURACY_VALUE',
'Maximum model space distance between geometric entities at asserted c
onnectivities');
#4343=(
GEOMETRIC_REPRESENTATION_CONTEXT(3)
GLOBAL_UNCERTAINTY_ASSIGNED_CONTEXT((#4340))
GLOBAL_UNIT_ASSIGNED_CONTEXT((#4346,#4348,#4349))
REPRESENTATION_CONTEXT('','3D')
);
#4344=(
GEOMETRIC_REPRESENTATION_CONTEXT(3)
GLOBAL_UNCERTAINTY_ASSIGNED_CONTEXT((#4341))
GLOBAL_UNIT_ASSIGNED_CONTEXT((#4346,#4348,#4349))
REPRESENTATION_CONTEXT('','3D')
);
#4345=(
GEOMETRIC_REPRESENTATION_CONTEXT(3)
GLOBAL_UNCERTAINTY_ASSIGNED_CONTEXT((#4342))
GLOBAL_UNIT_ASSIGNED_CONTEXT((#4346,#4348,#4349))
REPRESENTATION_CONTEXT('','3D')
);
#4346=(
LENGTH_UNIT()
NAMED_UNIT(*)
SI_UNIT(.MILLI.,.METRE.)
);
#4347=(
LENGTH_UNIT()
NAMED_UNIT(*)
SI_UNIT($,.METRE.)
);
#4348=(
NAMED_UNIT(*)
PLANE_ANGLE_UNIT()
SI_UNIT($,.RADIAN.)
);
#4349=(
NAMED_UNIT(*)
SI_UNIT($,.STERADIAN.)
SOLID_ANGLE_UNIT()
);
#4350=SHAPE_DEFINITION_REPRESENTATION(#4352,#4355);
#4351=SHAPE_DEFINITION_REPRESENTATION(#4353,#4356);
#4352=PRODUCT_DEFINITION_SHAPE('',$,#4358);
#4353=PRODUCT_DEFINITION_SHAPE('',$,#4359);
#4354=PRODUCT_DEFINITION_SHAPE($,$,#14);
#4355=SHAPE_REPRESENTATION('',(#1043,#1160),#4343);
#4356=SHAPE_REPRESENTATION('',(#1044),#4344);
#4357=PRODUCT_DEFINITION_CONTEXT('part definition',#4365,'design');
#4358=PRODUCT_DEFINITION('LED Tube','LED Tube v13',#4360,#4357);
#4359=PRODUCT_DEFINITION('LED Tube Apeture','LED Tube Apeture',#4361,#4357);
#4360=PRODUCT_DEFINITION_FORMATION('',$,#4367);
#4361=PRODUCT_DEFINITION_FORMATION('',$,#4368);
#4362=PRODUCT_RELATED_PRODUCT_CATEGORY('LED Tube v13','LED Tube v13',(#4367));
#4363=PRODUCT_RELATED_PRODUCT_CATEGORY('LED Tube Apeture',
'LED Tube Apeture',(#4368));
#4364=APPLICATION_PROTOCOL_DEFINITION('international standard',
'automotive_design',2009,#4365);
#4365=APPLICATION_CONTEXT(
'Core Data for Automotive Mechanical Design Process');
#4366=PRODUCT_CONTEXT('part definition',#4365,'mechanical');
#4367=PRODUCT('LED Tube','LED Tube v13',$,(#4366));
#4368=PRODUCT('LED Tube Apeture','LED Tube Apeture',$,(#4366));
#4369=PRESENTATION_STYLE_ASSIGNMENT((#4370));
#4370=SURFACE_STYLE_USAGE(.BOTH.,#4371);
#4371=SURFACE_SIDE_STYLE('',(#4372));
#4372=SURFACE_STYLE_FILL_AREA(#4373);
#4373=FILL_AREA_STYLE('Steel - Satin',(#4374));
#4374=FILL_AREA_STYLE_COLOUR('Steel - Satin',#4375);
#4375=COLOUR_RGB('Steel - Satin',0.627450980392157,0.627450980392157,0.627450980392157);
ENDSEC;
END-ISO-10303-21;
