ISO-10303-21;
HEADER;
/* Generated by software containing ST-Developer
 * from STEP Tools, Inc. (www.steptools.com) 
 */

FILE_DESCRIPTION(
/* description */ (''),
/* implementation_level */ '2;1');

FILE_NAME(
/* name */ 'Darkfield 24 3.0_v6.step',
/* time_stamp */ '2026-10-04T11:14:19-07:00',
/* author */ (''),
/* organization */ (''),
/* preprocessor_version */ 'ST-DEVELOPER v20.1',
/* originating_system */ 'Autodesk Translation Framework v15.8.0.0',
/* authorisation */ '');

FILE_SCHEMA (('AUTOMOTIVE_DESIGN { 1 0 10303 214 3 1 1 }'));
ENDSEC;

DATA;
#10=MECHANICAL_DESIGN_GEOMETRIC_PRESENTATION_REPRESENTATION('',(#13),#6111);
#11=SHAPE_REPRESENTATION_RELATIONSHIP('SRR','None',#6118,#12);
#12=ADVANCED_BREP_SHAPE_REPRESENTATION('',(#14),#6110);
#13=STYLED_ITEM('',(#6127),#14);
#14=MANIFOLD_SOLID_BREP('24WellMask',#3575);
#15=FACE_BOUND('',#1044,.T.);
#16=FACE_BOUND('',#1046,.T.);
#17=FACE_BOUND('',#1047,.T.);
#18=FACE_BOUND('',#1048,.T.);
#19=FACE_BOUND('',#1049,.T.);
#20=FACE_BOUND('',#1050,.T.);
#21=FACE_BOUND('',#1051,.T.);
#22=FACE_BOUND('',#1052,.T.);
#23=FACE_BOUND('',#1053,.T.);
#24=FACE_BOUND('',#1054,.T.);
#25=FACE_BOUND('',#1055,.T.);
#26=FACE_BOUND('',#1056,.T.);
#27=FACE_BOUND('',#1057,.T.);
#28=FACE_BOUND('',#1058,.T.);
#29=FACE_BOUND('',#1059,.T.);
#30=FACE_BOUND('',#1060,.T.);
#31=FACE_BOUND('',#1061,.T.);
#32=FACE_BOUND('',#1062,.T.);
#33=FACE_BOUND('',#1063,.T.);
#34=FACE_BOUND('',#1064,.T.);
#35=FACE_BOUND('',#1065,.T.);
#36=FACE_BOUND('',#1066,.T.);
#37=FACE_BOUND('',#1067,.T.);
#38=FACE_BOUND('',#1068,.T.);
#39=FACE_BOUND('',#1069,.T.);
#40=FACE_BOUND('',#1070,.T.);
#41=FACE_BOUND('',#1071,.T.);
#42=FACE_BOUND('',#1072,.T.);
#43=FACE_BOUND('',#1073,.T.);
#44=FACE_BOUND('',#1074,.T.);
#45=FACE_BOUND('',#1075,.T.);
#46=FACE_BOUND('',#1076,.T.);
#47=FACE_BOUND('',#1077,.T.);
#48=FACE_BOUND('',#1078,.T.);
#49=FACE_BOUND('',#1079,.T.);
#50=FACE_BOUND('',#1080,.T.);
#51=FACE_BOUND('',#1117,.T.);
#52=FACE_BOUND('',#1118,.T.);
#53=FACE_BOUND('',#1119,.T.);
#54=FACE_BOUND('',#1120,.T.);
#55=FACE_BOUND('',#1121,.T.);
#56=FACE_BOUND('',#1122,.T.);
#57=FACE_BOUND('',#1123,.T.);
#58=FACE_BOUND('',#1124,.T.);
#59=FACE_BOUND('',#1125,.T.);
#60=FACE_BOUND('',#1126,.T.);
#61=FACE_BOUND('',#1127,.T.);
#62=FACE_BOUND('',#1128,.T.);
#63=FACE_BOUND('',#1129,.T.);
#64=FACE_BOUND('',#1130,.T.);
#65=FACE_BOUND('',#1131,.T.);
#66=FACE_BOUND('',#1242,.T.);
#67=PLANE('',#3609);
#68=PLANE('',#3612);
#69=PLANE('',#3615);
#70=PLANE('',#3616);
#71=PLANE('',#3716);
#72=PLANE('',#3718);
#73=PLANE('',#3719);
#74=PLANE('',#3720);
#75=PLANE('',#3721);
#76=PLANE('',#3722);
#77=PLANE('',#3723);
#78=PLANE('',#3746);
#79=PLANE('',#3747);
#80=PLANE('',#3748);
#81=PLANE('',#3749);
#82=PLANE('',#3768);
#83=PLANE('',#3771);
#84=PLANE('',#3851);
#85=PLANE('',#3871);
#86=PLANE('',#3879);
#87=PLANE('',#3880);
#88=PLANE('',#3881);
#89=PLANE('',#3882);
#90=PLANE('',#3895);
#91=PLANE('',#3897);
#92=PLANE('',#3898);
#93=PLANE('',#3899);
#94=PLANE('',#3905);
#95=PLANE('',#3906);
#96=PLANE('',#3910);
#97=PLANE('',#3918);
#98=PLANE('',#3920);
#99=PLANE('',#3921);
#100=PLANE('',#3922);
#101=PLANE('',#3923);
#102=PLANE('',#3925);
#103=PLANE('',#3928);
#104=PLANE('',#3929);
#105=PLANE('',#3930);
#106=PLANE('',#3931);
#107=PLANE('',#3933);
#108=PLANE('',#3934);
#109=PLANE('',#3935);
#110=PLANE('',#3938);
#111=PLANE('',#3943);
#112=PLANE('',#3944);
#113=PLANE('',#3945);
#114=PLANE('',#3947);
#115=PLANE('',#3948);
#116=PLANE('',#3949);
#117=PLANE('',#3951);
#118=PLANE('',#3952);
#119=PLANE('',#3953);
#120=PLANE('',#3954);
#121=PLANE('',#3955);
#122=PLANE('',#3956);
#123=LINE('',#5049,#443);
#124=LINE('',#5050,#444);
#125=LINE('',#5069,#445);
#126=LINE('',#5070,#446);
#127=LINE('',#5089,#447);
#128=LINE('',#5090,#448);
#129=LINE('',#5106,#449);
#130=LINE('',#5107,#450);
#131=LINE('',#5110,#451);
#132=LINE('',#5112,#452);
#133=LINE('',#5113,#453);
#134=LINE('',#5116,#454);
#135=LINE('',#5120,#455);
#136=LINE('',#5121,#456);
#137=LINE('',#5124,#457);
#138=LINE('',#5129,#458);
#139=LINE('',#5131,#459);
#140=LINE('',#5133,#460);
#141=LINE('',#5134,#461);
#142=LINE('',#5137,#462);
#143=LINE('',#5141,#463);
#144=LINE('',#5145,#464);
#145=LINE('',#5147,#465);
#146=LINE('',#5152,#466);
#147=LINE('',#5155,#467);
#148=LINE('',#5157,#468);
#149=LINE('',#5162,#469);
#150=LINE('',#5165,#470);
#151=LINE('',#5171,#471);
#152=LINE('',#5172,#472);
#153=LINE('',#5175,#473);
#154=LINE('',#5181,#474);
#155=LINE('',#5182,#475);
#156=LINE('',#5217,#476);
#157=LINE('',#5219,#477);
#158=LINE('',#5221,#478);
#159=LINE('',#5239,#479);
#160=LINE('',#5241,#480);
#161=LINE('',#5242,#481);
#162=LINE('',#5253,#482);
#163=LINE('',#5255,#483);
#164=LINE('',#5260,#484);
#165=LINE('',#5263,#485);
#166=LINE('',#5267,#486);
#167=LINE('',#5269,#487);
#168=LINE('',#5270,#488);
#169=LINE('',#5273,#489);
#170=LINE('',#5275,#490);
#171=LINE('',#5277,#491);
#172=LINE('',#5287,#492);
#173=LINE('',#5289,#493);
#174=LINE('',#5290,#494);
#175=LINE('',#5301,#495);
#176=LINE('',#5303,#496);
#177=LINE('',#5305,#497);
#178=LINE('',#5311,#498);
#179=LINE('',#5313,#499);
#180=LINE('',#5315,#500);
#181=LINE('',#5317,#501);
#182=LINE('',#5323,#502);
#183=LINE('',#5325,#503);
#184=LINE('',#5327,#504);
#185=LINE('',#5331,#505);
#186=LINE('',#5337,#506);
#187=LINE('',#5338,#507);
#188=LINE('',#5349,#508);
#189=LINE('',#5351,#509);
#190=LINE('',#5353,#510);
#191=LINE('',#5361,#511);
#192=LINE('',#5363,#512);
#193=LINE('',#5365,#513);
#194=LINE('',#5409,#514);
#195=LINE('',#5411,#515);
#196=LINE('',#5413,#516);
#197=LINE('',#5429,#517);
#198=LINE('',#5431,#518);
#199=LINE('',#5433,#519);
#200=LINE('',#5437,#520);
#201=LINE('',#5441,#521);
#202=LINE('',#5443,#522);
#203=LINE('',#5444,#523);
#204=LINE('',#5447,#524);
#205=LINE('',#5449,#525);
#206=LINE('',#5451,#526);
#207=LINE('',#5454,#527);
#208=LINE('',#5464,#528);
#209=LINE('',#5466,#529);
#210=LINE('',#5468,#530);
#211=LINE('',#5472,#531);
#212=LINE('',#5474,#532);
#213=LINE('',#5475,#533);
#214=LINE('',#5478,#534);
#215=LINE('',#5480,#535);
#216=LINE('',#5481,#536);
#217=LINE('',#5484,#537);
#218=LINE('',#5486,#538);
#219=LINE('',#5487,#539);
#220=LINE('',#5490,#540);
#221=LINE('',#5492,#541);
#222=LINE('',#5493,#542);
#223=LINE('',#5495,#543);
#224=LINE('',#5497,#544);
#225=LINE('',#5499,#545);
#226=LINE('',#5500,#546);
#227=LINE('',#5502,#547);
#228=LINE('',#5504,#548);
#229=LINE('',#5505,#549);
#230=LINE('',#5507,#550);
#231=LINE('',#5509,#551);
#232=LINE('',#5510,#552);
#233=LINE('',#5512,#553);
#234=LINE('',#5514,#554);
#235=LINE('',#5515,#555);
#236=LINE('',#5517,#556);
#237=LINE('',#5519,#557);
#238=LINE('',#5520,#558);
#239=LINE('',#5522,#559);
#240=LINE('',#5524,#560);
#241=LINE('',#5525,#561);
#242=LINE('',#5528,#562);
#243=LINE('',#5533,#563);
#244=LINE('',#5537,#564);
#245=LINE('',#5540,#565);
#246=LINE('',#5543,#566);
#247=LINE('',#5546,#567);
#248=LINE('',#5548,#568);
#249=LINE('',#5552,#569);
#250=LINE('',#5554,#570);
#251=LINE('',#5558,#571);
#252=LINE('',#5561,#572);
#253=LINE('',#5565,#573);
#254=LINE('',#5569,#574);
#255=LINE('',#5573,#575);
#256=LINE('',#5577,#576);
#257=LINE('',#5580,#577);
#258=LINE('',#5582,#578);
#259=LINE('',#5583,#579);
#260=LINE('',#5586,#580);
#261=LINE('',#5588,#581);
#262=LINE('',#5589,#582);
#263=LINE('',#5592,#583);
#264=LINE('',#5593,#584);
#265=LINE('',#5596,#585);
#266=LINE('',#5597,#586);
#267=LINE('',#5603,#587);
#268=LINE('',#5607,#588);
#269=LINE('',#5610,#589);
#270=LINE('',#5613,#590);
#271=LINE('',#5616,#591);
#272=LINE('',#5618,#592);
#273=LINE('',#5622,#593);
#274=LINE('',#5624,#594);
#275=LINE('',#5628,#595);
#276=LINE('',#5631,#596);
#277=LINE('',#5635,#597);
#278=LINE('',#5639,#598);
#279=LINE('',#5642,#599);
#280=LINE('',#5643,#600);
#281=LINE('',#5647,#601);
#282=LINE('',#5650,#602);
#283=LINE('',#5654,#603);
#284=LINE('',#5656,#604);
#285=LINE('',#5658,#605);
#286=LINE('',#5664,#606);
#287=LINE('',#5666,#607);
#288=LINE('',#5668,#608);
#289=LINE('',#5674,#609);
#290=LINE('',#5676,#610);
#291=LINE('',#5678,#611);
#292=LINE('',#5684,#612);
#293=LINE('',#5686,#613);
#294=LINE('',#5687,#614);
#295=LINE('',#5690,#615);
#296=LINE('',#5692,#616);
#297=LINE('',#5697,#617);
#298=LINE('',#5699,#618);
#299=LINE('',#5704,#619);
#300=LINE('',#5706,#620);
#301=LINE('',#5711,#621);
#302=LINE('',#5713,#622);
#303=LINE('',#5717,#623);
#304=LINE('',#5719,#624);
#305=LINE('',#5720,#625);
#306=LINE('',#5722,#626);
#307=LINE('',#5723,#627);
#308=LINE('',#5727,#628);
#309=LINE('',#5729,#629);
#310=LINE('',#5731,#630);
#311=LINE('',#5737,#631);
#312=LINE('',#5739,#632);
#313=LINE('',#5741,#633);
#314=LINE('',#5745,#634);
#315=LINE('',#5747,#635);
#316=LINE('',#5749,#636);
#317=LINE('',#5755,#637);
#318=LINE('',#5757,#638);
#319=LINE('',#5759,#639);
#320=LINE('',#5765,#640);
#321=LINE('',#5767,#641);
#322=LINE('',#5769,#642);
#323=LINE('',#5775,#643);
#324=LINE('',#5777,#644);
#325=LINE('',#5779,#645);
#326=LINE('',#5781,#646);
#327=LINE('',#5873,#647);
#328=LINE('',#5874,#648);
#329=LINE('',#5876,#649);
#330=LINE('',#5877,#650);
#331=LINE('',#5879,#651);
#332=LINE('',#5880,#652);
#333=LINE('',#5882,#653);
#334=LINE('',#5883,#654);
#335=LINE('',#5885,#655);
#336=LINE('',#5887,#656);
#337=LINE('',#5889,#657);
#338=LINE('',#5891,#658);
#339=LINE('',#5893,#659);
#340=LINE('',#5894,#660);
#341=LINE('',#5896,#661);
#342=LINE('',#5898,#662);
#343=LINE('',#5899,#663);
#344=LINE('',#5901,#664);
#345=LINE('',#5904,#665);
#346=LINE('',#5906,#666);
#347=LINE('',#5907,#667);
#348=LINE('',#5909,#668);
#349=LINE('',#5910,#669);
#350=LINE('',#5912,#670);
#351=LINE('',#5915,#671);
#352=LINE('',#5917,#672);
#353=LINE('',#5919,#673);
#354=LINE('',#5920,#674);
#355=LINE('',#5922,#675);
#356=LINE('',#5923,#676);
#357=LINE('',#5925,#677);
#358=LINE('',#5927,#678);
#359=LINE('',#5930,#679);
#360=LINE('',#5932,#680);
#361=LINE('',#5933,#681);
#362=LINE('',#5935,#682);
#363=LINE('',#5936,#683);
#364=LINE('',#5938,#684);
#365=LINE('',#5940,#685);
#366=LINE('',#5942,#686);
#367=LINE('',#5944,#687);
#368=LINE('',#5946,#688);
#369=LINE('',#5948,#689);
#370=LINE('',#5949,#690);
#371=LINE('',#5951,#691);
#372=LINE('',#5953,#692);
#373=LINE('',#5954,#693);
#374=LINE('',#5956,#694);
#375=LINE('',#5958,#695);
#376=LINE('',#5960,#696);
#377=LINE('',#5962,#697);
#378=LINE('',#5964,#698);
#379=LINE('',#5966,#699);
#380=LINE('',#5968,#700);
#381=LINE('',#5973,#701);
#382=LINE('',#5976,#702);
#383=LINE('',#5979,#703);
#384=LINE('',#5981,#704);
#385=LINE('',#5983,#705);
#386=LINE('',#5986,#706);
#387=LINE('',#5988,#707);
#388=LINE('',#5989,#708);
#389=LINE('',#5991,#709);
#390=LINE('',#5992,#710);
#391=LINE('',#5994,#711);
#392=LINE('',#5996,#712);
#393=LINE('',#5998,#713);
#394=LINE('',#6000,#714);
#395=LINE('',#6002,#715);
#396=LINE('',#6005,#716);
#397=LINE('',#6008,#717);
#398=LINE('',#6011,#718);
#399=LINE('',#6012,#719);
#400=LINE('',#6014,#720);
#401=LINE('',#6016,#721);
#402=LINE('',#6017,#722);
#403=LINE('',#6019,#723);
#404=LINE('',#6021,#724);
#405=LINE('',#6023,#725);
#406=LINE('',#6025,#726);
#407=LINE('',#6026,#727);
#408=LINE('',#6028,#728);
#409=LINE('',#6030,#729);
#410=LINE('',#6032,#730);
#411=LINE('',#6033,#731);
#412=LINE('',#6037,#732);
#413=LINE('',#6040,#733);
#414=LINE('',#6042,#734);
#415=LINE('',#6044,#735);
#416=LINE('',#6045,#736);
#417=LINE('',#6046,#737);
#418=LINE('',#6047,#738);
#419=LINE('',#6049,#739);
#420=LINE('',#6050,#740);
#421=LINE('',#6052,#741);
#422=LINE('',#6054,#742);
#423=LINE('',#6056,#743);
#424=LINE('',#6059,#744);
#425=LINE('',#6062,#745);
#426=LINE('',#6065,#746);
#427=LINE('',#6066,#747);
#428=LINE('',#6067,#748);
#429=LINE('',#6069,#749);
#430=LINE('',#6071,#750);
#431=LINE('',#6073,#751);
#432=LINE('',#6078,#752);
#433=LINE('',#6081,#753);
#434=LINE('',#6086,#754);
#435=LINE('',#6089,#755);
#436=LINE('',#6091,#756);
#437=LINE('',#6092,#757);
#438=LINE('',#6095,#758);
#439=LINE('',#6096,#759);
#440=LINE('',#6099,#760);
#441=LINE('',#6100,#761);
#442=LINE('',#6102,#762);
#443=VECTOR('',#3975,10.);
#444=VECTOR('',#3976,10.);
#445=VECTOR('',#3987,10.);
#446=VECTOR('',#3988,10.);
#447=VECTOR('',#3999,10.);
#448=VECTOR('',#4000,10.);
#449=VECTOR('',#4009,10.);
#450=VECTOR('',#4010,10.);
#451=VECTOR('',#4013,10.);
#452=VECTOR('',#4014,10.);
#453=VECTOR('',#4015,10.);
#454=VECTOR('',#4018,10.);
#455=VECTOR('',#4023,10.);
#456=VECTOR('',#4024,10.);
#457=VECTOR('',#4027,10.);
#458=VECTOR('',#4032,10.);
#459=VECTOR('',#4033,10.);
#460=VECTOR('',#4034,10.);
#461=VECTOR('',#4035,10.);
#462=VECTOR('',#4038,10.);
#463=VECTOR('',#4041,10.);
#464=VECTOR('',#4044,10.);
#465=VECTOR('',#4045,10.);
#466=VECTOR('',#4050,10.);
#467=VECTOR('',#4051,10.);
#468=VECTOR('',#4052,10.);
#469=VECTOR('',#4057,10.);
#470=VECTOR('',#4058,10.);
#471=VECTOR('',#4063,10.);
#472=VECTOR('',#4064,10.);
#473=VECTOR('',#4065,10.);
#474=VECTOR('',#4070,10.);
#475=VECTOR('',#4071,10.);
#476=VECTOR('',#4104,10.);
#477=VECTOR('',#4105,10.);
#478=VECTOR('',#4106,10.);
#479=VECTOR('',#4123,10.);
#480=VECTOR('',#4124,10.);
#481=VECTOR('',#4125,10.);
#482=VECTOR('',#4134,10.);
#483=VECTOR('',#4135,10.);
#484=VECTOR('',#4140,10.);
#485=VECTOR('',#4141,10.);
#486=VECTOR('',#4144,10.);
#487=VECTOR('',#4145,10.);
#488=VECTOR('',#4146,10.);
#489=VECTOR('',#4147,10.);
#490=VECTOR('',#4148,10.);
#491=VECTOR('',#4149,10.);
#492=VECTOR('',#4158,10.);
#493=VECTOR('',#4159,10.);
#494=VECTOR('',#4160,10.);
#495=VECTOR('',#4169,10.);
#496=VECTOR('',#4170,10.);
#497=VECTOR('',#4171,10.);
#498=VECTOR('',#4176,10.);
#499=VECTOR('',#4177,10.);
#500=VECTOR('',#4178,10.);
#501=VECTOR('',#4179,10.);
#502=VECTOR('',#4184,10.);
#503=VECTOR('',#4185,10.);
#504=VECTOR('',#4186,10.);
#505=VECTOR('',#4189,10.);
#506=VECTOR('',#4194,10.);
#507=VECTOR('',#4195,10.);
#508=VECTOR('',#4204,10.);
#509=VECTOR('',#4205,10.);
#510=VECTOR('',#4206,10.);
#511=VECTOR('',#4213,10.);
#512=VECTOR('',#4214,10.);
#513=VECTOR('',#4215,10.);
#514=VECTOR('',#4258,10.);
#515=VECTOR('',#4259,10.);
#516=VECTOR('',#4260,10.);
#517=VECTOR('',#4275,10.);
#518=VECTOR('',#4276,10.);
#519=VECTOR('',#4277,10.);
#520=VECTOR('',#4280,10.);
#521=VECTOR('',#4283,10.);
#522=VECTOR('',#4284,10.);
#523=VECTOR('',#4285,10.);
#524=VECTOR('',#4286,10.);
#525=VECTOR('',#4287,10.);
#526=VECTOR('',#4288,10.);
#527=VECTOR('',#4291,10.);
#528=VECTOR('',#4302,10.);
#529=VECTOR('',#4305,10.);
#530=VECTOR('',#4308,10.);
#531=VECTOR('',#4313,10.);
#532=VECTOR('',#4314,10.);
#533=VECTOR('',#4315,10.);
#534=VECTOR('',#4318,10.);
#535=VECTOR('',#4319,10.);
#536=VECTOR('',#4320,10.);
#537=VECTOR('',#4323,10.);
#538=VECTOR('',#4324,10.);
#539=VECTOR('',#4325,10.);
#540=VECTOR('',#4328,10.);
#541=VECTOR('',#4329,10.);
#542=VECTOR('',#4330,10.);
#543=VECTOR('',#4333,10.);
#544=VECTOR('',#4334,10.);
#545=VECTOR('',#4335,10.);
#546=VECTOR('',#4336,10.);
#547=VECTOR('',#4337,10.);
#548=VECTOR('',#4338,10.);
#549=VECTOR('',#4339,10.);
#550=VECTOR('',#4340,10.);
#551=VECTOR('',#4341,10.);
#552=VECTOR('',#4342,10.);
#553=VECTOR('',#4343,10.);
#554=VECTOR('',#4344,10.);
#555=VECTOR('',#4345,10.);
#556=VECTOR('',#4346,10.);
#557=VECTOR('',#4347,10.);
#558=VECTOR('',#4348,10.);
#559=VECTOR('',#4349,10.);
#560=VECTOR('',#4350,10.);
#561=VECTOR('',#4351,10.);
#562=VECTOR('',#4354,10.);
#563=VECTOR('',#4361,10.);
#564=VECTOR('',#4366,10.);
#565=VECTOR('',#4369,10.);
#566=VECTOR('',#4372,10.);
#567=VECTOR('',#4375,10.);
#568=VECTOR('',#4376,10.);
#569=VECTOR('',#4381,10.);
#570=VECTOR('',#4382,10.);
#571=VECTOR('',#4387,10.);
#572=VECTOR('',#4390,10.);
#573=VECTOR('',#4395,10.);
#574=VECTOR('',#4400,10.);
#575=VECTOR('',#4405,10.);
#576=VECTOR('',#4410,10.);
#577=VECTOR('',#4413,10.);
#578=VECTOR('',#4414,10.);
#579=VECTOR('',#4415,10.);
#580=VECTOR('',#4418,10.);
#581=VECTOR('',#4419,10.);
#582=VECTOR('',#4420,10.);
#583=VECTOR('',#4423,10.);
#584=VECTOR('',#4424,10.);
#585=VECTOR('',#4427,10.);
#586=VECTOR('',#4428,10.);
#587=VECTOR('',#4437,10.);
#588=VECTOR('',#4442,10.);
#589=VECTOR('',#4445,10.);
#590=VECTOR('',#4448,10.);
#591=VECTOR('',#4451,10.);
#592=VECTOR('',#4452,10.);
#593=VECTOR('',#4457,10.);
#594=VECTOR('',#4458,10.);
#595=VECTOR('',#4463,10.);
#596=VECTOR('',#4466,10.);
#597=VECTOR('',#4471,10.);
#598=VECTOR('',#4476,10.);
#599=VECTOR('',#4479,10.);
#600=VECTOR('',#4480,10.);
#601=VECTOR('',#4485,10.);
#602=VECTOR('',#4490,10.);
#603=VECTOR('',#4493,10.);
#604=VECTOR('',#4494,10.);
#605=VECTOR('',#4495,10.);
#606=VECTOR('',#4500,10.);
#607=VECTOR('',#4501,10.);
#608=VECTOR('',#4502,10.);
#609=VECTOR('',#4507,10.);
#610=VECTOR('',#4508,10.);
#611=VECTOR('',#4509,10.);
#612=VECTOR('',#4514,10.);
#613=VECTOR('',#4515,10.);
#614=VECTOR('',#4516,10.);
#615=VECTOR('',#4519,10.);
#616=VECTOR('',#4520,10.);
#617=VECTOR('',#4525,10.);
#618=VECTOR('',#4526,10.);
#619=VECTOR('',#4531,10.);
#620=VECTOR('',#4532,10.);
#621=VECTOR('',#4537,10.);
#622=VECTOR('',#4538,10.);
#623=VECTOR('',#4541,10.);
#624=VECTOR('',#4542,10.);
#625=VECTOR('',#4543,10.);
#626=VECTOR('',#4544,10.);
#627=VECTOR('',#4545,10.);
#628=VECTOR('',#4548,10.);
#629=VECTOR('',#4549,10.);
#630=VECTOR('',#4550,10.);
#631=VECTOR('',#4555,10.);
#632=VECTOR('',#4556,10.);
#633=VECTOR('',#4557,10.);
#634=VECTOR('',#4560,10.);
#635=VECTOR('',#4561,10.);
#636=VECTOR('',#4562,10.);
#637=VECTOR('',#4567,10.);
#638=VECTOR('',#4568,10.);
#639=VECTOR('',#4569,10.);
#640=VECTOR('',#4574,10.);
#641=VECTOR('',#4575,10.);
#642=VECTOR('',#4576,10.);
#643=VECTOR('',#4581,10.);
#644=VECTOR('',#4582,10.);
#645=VECTOR('',#4583,10.);
#646=VECTOR('',#4586,10.);
#647=VECTOR('',#4685,10.);
#648=VECTOR('',#4686,10.);
#649=VECTOR('',#4689,10.);
#650=VECTOR('',#4690,10.);
#651=VECTOR('',#4693,10.);
#652=VECTOR('',#4694,10.);
#653=VECTOR('',#4697,10.);
#654=VECTOR('',#4698,10.);
#655=VECTOR('',#4701,10.);
#656=VECTOR('',#4704,10.);
#657=VECTOR('',#4707,10.);
#658=VECTOR('',#4710,10.);
#659=VECTOR('',#4713,10.);
#660=VECTOR('',#4714,10.);
#661=VECTOR('',#4717,10.);
#662=VECTOR('',#4720,10.);
#663=VECTOR('',#4721,10.);
#664=VECTOR('',#4724,10.);
#665=VECTOR('',#4729,10.);
#666=VECTOR('',#4732,10.);
#667=VECTOR('',#4733,10.);
#668=VECTOR('',#4736,10.);
#669=VECTOR('',#4737,10.);
#670=VECTOR('',#4740,10.);
#671=VECTOR('',#4745,10.);
#672=VECTOR('',#4748,10.);
#673=VECTOR('',#4751,10.);
#674=VECTOR('',#4752,10.);
#675=VECTOR('',#4755,10.);
#676=VECTOR('',#4756,10.);
#677=VECTOR('',#4759,10.);
#678=VECTOR('',#4762,10.);
#679=VECTOR('',#4767,10.);
#680=VECTOR('',#4770,10.);
#681=VECTOR('',#4771,10.);
#682=VECTOR('',#4774,10.);
#683=VECTOR('',#4775,10.);
#684=VECTOR('',#4778,10.);
#685=VECTOR('',#4781,10.);
#686=VECTOR('',#4784,10.);
#687=VECTOR('',#4787,10.);
#688=VECTOR('',#4790,10.);
#689=VECTOR('',#4793,10.);
#690=VECTOR('',#4794,10.);
#691=VECTOR('',#4797,10.);
#692=VECTOR('',#4800,10.);
#693=VECTOR('',#4801,10.);
#694=VECTOR('',#4804,10.);
#695=VECTOR('',#4807,10.);
#696=VECTOR('',#4810,10.);
#697=VECTOR('',#4813,10.);
#698=VECTOR('',#4816,10.);
#699=VECTOR('',#4819,10.);
#700=VECTOR('',#4822,10.);
#701=VECTOR('',#4831,10.);
#702=VECTOR('',#4836,10.);
#703=VECTOR('',#4841,10.);
#704=VECTOR('',#4844,10.);
#705=VECTOR('',#4847,10.);
#706=VECTOR('',#4852,10.);
#707=VECTOR('',#4855,10.);
#708=VECTOR('',#4856,10.);
#709=VECTOR('',#4859,10.);
#710=VECTOR('',#4860,10.);
#711=VECTOR('',#4863,10.);
#712=VECTOR('',#4866,10.);
#713=VECTOR('',#4869,10.);
#714=VECTOR('',#4872,10.);
#715=VECTOR('',#4875,10.);
#716=VECTOR('',#4880,10.);
#717=VECTOR('',#4885,10.);
#718=VECTOR('',#4890,10.);
#719=VECTOR('',#4891,10.);
#720=VECTOR('',#4894,10.);
#721=VECTOR('',#4897,10.);
#722=VECTOR('',#4898,10.);
#723=VECTOR('',#4901,10.);
#724=VECTOR('',#4904,10.);
#725=VECTOR('',#4907,10.);
#726=VECTOR('',#4910,10.);
#727=VECTOR('',#4911,10.);
#728=VECTOR('',#4914,10.);
#729=VECTOR('',#4917,10.);
#730=VECTOR('',#4920,10.);
#731=VECTOR('',#4921,10.);
#732=VECTOR('',#4928,10.);
#733=VECTOR('',#4933,10.);
#734=VECTOR('',#4936,10.);
#735=VECTOR('',#4939,10.);
#736=VECTOR('',#4940,10.);
#737=VECTOR('',#4941,10.);
#738=VECTOR('',#4942,10.);
#739=VECTOR('',#4943,10.);
#740=VECTOR('',#4944,10.);
#741=VECTOR('',#4947,10.);
#742=VECTOR('',#4950,10.);
#743=VECTOR('',#4953,10.);
#744=VECTOR('',#4958,10.);
#745=VECTOR('',#4963,10.);
#746=VECTOR('',#4966,10.);
#747=VECTOR('',#4967,10.);
#748=VECTOR('',#4968,10.);
#749=VECTOR('',#4971,10.);
#750=VECTOR('',#4974,10.);
#751=VECTOR('',#4977,10.);
#752=VECTOR('',#4986,10.);
#753=VECTOR('',#4991,10.);
#754=VECTOR('',#5000,10.);
#755=VECTOR('',#5003,10.);
#756=VECTOR('',#5004,10.);
#757=VECTOR('',#5005,10.);
#758=VECTOR('',#5008,10.);
#759=VECTOR('',#5009,10.);
#760=VECTOR('',#5012,10.);
#761=VECTOR('',#5013,10.);
#762=VECTOR('',#5016,10.);
#763=CYLINDRICAL_SURFACE('',#3593,3.);
#764=CYLINDRICAL_SURFACE('',#3598,3.);
#765=CYLINDRICAL_SURFACE('',#3603,3.);
#766=CYLINDRICAL_SURFACE('',#3608,3.);
#767=CYLINDRICAL_SURFACE('',#3610,4.);
#768=CYLINDRICAL_SURFACE('',#3613,4.);
#769=CYLINDRICAL_SURFACE('',#3715,4.);
#770=CYLINDRICAL_SURFACE('',#3717,4.);
#771=CYLINDRICAL_SURFACE('',#3724,11.5);
#772=CYLINDRICAL_SURFACE('',#3726,11.5);
#773=CYLINDRICAL_SURFACE('',#3728,11.5);
#774=CYLINDRICAL_SURFACE('',#3730,11.5);
#775=CYLINDRICAL_SURFACE('',#3732,11.5);
#776=CYLINDRICAL_SURFACE('',#3734,11.5);
#777=CYLINDRICAL_SURFACE('',#3736,11.5);
#778=CYLINDRICAL_SURFACE('',#3738,11.5);
#779=CYLINDRICAL_SURFACE('',#3740,11.5);
#780=CYLINDRICAL_SURFACE('',#3742,11.5);
#781=CYLINDRICAL_SURFACE('',#3744,11.5);
#782=CYLINDRICAL_SURFACE('',#3750,11.5);
#783=CYLINDRICAL_SURFACE('',#3752,11.5);
#784=CYLINDRICAL_SURFACE('',#3754,11.5);
#785=CYLINDRICAL_SURFACE('',#3756,11.5);
#786=CYLINDRICAL_SURFACE('',#3758,11.5);
#787=CYLINDRICAL_SURFACE('',#3760,11.5);
#788=CYLINDRICAL_SURFACE('',#3762,11.5);
#789=CYLINDRICAL_SURFACE('',#3764,11.5);
#790=CYLINDRICAL_SURFACE('',#3766,11.5);
#791=CYLINDRICAL_SURFACE('',#3769,11.5);
#792=CYLINDRICAL_SURFACE('',#3847,11.5);
#793=CYLINDRICAL_SURFACE('',#3848,11.5);
#794=CYLINDRICAL_SURFACE('',#3849,11.5);
#795=CYLINDRICAL_SURFACE('',#3850,11.5);
#796=CYLINDRICAL_SURFACE('',#3852,11.5);
#797=CYLINDRICAL_SURFACE('',#3853,11.5);
#798=CYLINDRICAL_SURFACE('',#3854,11.5);
#799=CYLINDRICAL_SURFACE('',#3855,11.5);
#800=CYLINDRICAL_SURFACE('',#3856,11.5);
#801=CYLINDRICAL_SURFACE('',#3857,11.5);
#802=CYLINDRICAL_SURFACE('',#3858,11.5);
#803=CYLINDRICAL_SURFACE('',#3859,11.5);
#804=CYLINDRICAL_SURFACE('',#3860,11.5);
#805=CYLINDRICAL_SURFACE('',#3861,11.5);
#806=CYLINDRICAL_SURFACE('',#3862,11.5);
#807=CYLINDRICAL_SURFACE('',#3863,11.5);
#808=CYLINDRICAL_SURFACE('',#3864,11.5);
#809=CYLINDRICAL_SURFACE('',#3865,11.5);
#810=CYLINDRICAL_SURFACE('',#3866,11.5);
#811=CYLINDRICAL_SURFACE('',#3867,11.5);
#812=CYLINDRICAL_SURFACE('',#3868,11.5);
#813=CYLINDRICAL_SURFACE('',#3869,11.5);
#814=CYLINDRICAL_SURFACE('',#3870,11.5);
#815=CYLINDRICAL_SURFACE('',#3872,11.5);
#816=CYLINDRICAL_SURFACE('',#3873,11.5);
#817=CYLINDRICAL_SURFACE('',#3874,11.5);
#818=CYLINDRICAL_SURFACE('',#3875,11.5);
#819=CYLINDRICAL_SURFACE('',#3876,11.5);
#820=CYLINDRICAL_SURFACE('',#3877,11.5);
#821=CYLINDRICAL_SURFACE('',#3878,11.5);
#822=CYLINDRICAL_SURFACE('',#3883,11.5);
#823=CYLINDRICAL_SURFACE('',#3884,11.5);
#824=CYLINDRICAL_SURFACE('',#3885,11.5);
#825=CYLINDRICAL_SURFACE('',#3886,11.5);
#826=CYLINDRICAL_SURFACE('',#3887,11.5);
#827=CYLINDRICAL_SURFACE('',#3888,11.5);
#828=CYLINDRICAL_SURFACE('',#3889,11.5);
#829=CYLINDRICAL_SURFACE('',#3890,11.5);
#830=CYLINDRICAL_SURFACE('',#3891,11.5);
#831=CYLINDRICAL_SURFACE('',#3892,11.5);
#832=CYLINDRICAL_SURFACE('',#3893,11.5);
#833=CYLINDRICAL_SURFACE('',#3894,11.5);
#834=CYLINDRICAL_SURFACE('',#3896,11.5);
#835=CYLINDRICAL_SURFACE('',#3900,11.5);
#836=CYLINDRICAL_SURFACE('',#3901,11.5);
#837=CYLINDRICAL_SURFACE('',#3902,11.5);
#838=CYLINDRICAL_SURFACE('',#3903,11.5);
#839=CYLINDRICAL_SURFACE('',#3904,11.5);
#840=CYLINDRICAL_SURFACE('',#3907,11.5);
#841=CYLINDRICAL_SURFACE('',#3908,11.5);
#842=CYLINDRICAL_SURFACE('',#3909,11.5);
#843=CYLINDRICAL_SURFACE('',#3911,11.5);
#844=CYLINDRICAL_SURFACE('',#3912,11.5);
#845=CYLINDRICAL_SURFACE('',#3913,11.5);
#846=CYLINDRICAL_SURFACE('',#3914,11.5);
#847=CYLINDRICAL_SURFACE('',#3915,11.5);
#848=CYLINDRICAL_SURFACE('',#3916,11.5);
#849=CYLINDRICAL_SURFACE('',#3917,11.5);
#850=CYLINDRICAL_SURFACE('',#3919,11.5);
#851=CYLINDRICAL_SURFACE('',#3924,11.5);
#852=CYLINDRICAL_SURFACE('',#3926,11.5);
#853=CYLINDRICAL_SURFACE('',#3927,11.5);
#854=CYLINDRICAL_SURFACE('',#3932,11.5);
#855=CYLINDRICAL_SURFACE('',#3936,11.5);
#856=CYLINDRICAL_SURFACE('',#3937,11.5);
#857=CYLINDRICAL_SURFACE('',#3939,11.5);
#858=CYLINDRICAL_SURFACE('',#3940,11.5);
#859=CYLINDRICAL_SURFACE('',#3941,11.5);
#860=CYLINDRICAL_SURFACE('',#3942,11.5);
#861=CYLINDRICAL_SURFACE('',#3946,11.5);
#862=CYLINDRICAL_SURFACE('',#3950,11.5);
#863=CYLINDRICAL_SURFACE('',#3957,11.5);
#864=CYLINDRICAL_SURFACE('',#3958,11.5);
#865=CYLINDRICAL_SURFACE('',#3959,11.5);
#866=CYLINDRICAL_SURFACE('',#3960,11.5);
#867=FACE_OUTER_BOUND('',#1031,.T.);
#868=FACE_OUTER_BOUND('',#1032,.T.);
#869=FACE_OUTER_BOUND('',#1033,.T.);
#870=FACE_OUTER_BOUND('',#1034,.T.);
#871=FACE_OUTER_BOUND('',#1035,.T.);
#872=FACE_OUTER_BOUND('',#1036,.T.);
#873=FACE_OUTER_BOUND('',#1037,.T.);
#874=FACE_OUTER_BOUND('',#1038,.T.);
#875=FACE_OUTER_BOUND('',#1039,.T.);
#876=FACE_OUTER_BOUND('',#1040,.T.);
#877=FACE_OUTER_BOUND('',#1041,.T.);
#878=FACE_OUTER_BOUND('',#1042,.T.);
#879=FACE_OUTER_BOUND('',#1043,.T.);
#880=FACE_OUTER_BOUND('',#1045,.T.);
#881=FACE_OUTER_BOUND('',#1081,.T.);
#882=FACE_OUTER_BOUND('',#1082,.T.);
#883=FACE_OUTER_BOUND('',#1083,.T.);
#884=FACE_OUTER_BOUND('',#1084,.T.);
#885=FACE_OUTER_BOUND('',#1085,.T.);
#886=FACE_OUTER_BOUND('',#1086,.T.);
#887=FACE_OUTER_BOUND('',#1087,.T.);
#888=FACE_OUTER_BOUND('',#1088,.T.);
#889=FACE_OUTER_BOUND('',#1089,.T.);
#890=FACE_OUTER_BOUND('',#1090,.T.);
#891=FACE_OUTER_BOUND('',#1091,.T.);
#892=FACE_OUTER_BOUND('',#1092,.T.);
#893=FACE_OUTER_BOUND('',#1093,.T.);
#894=FACE_OUTER_BOUND('',#1094,.T.);
#895=FACE_OUTER_BOUND('',#1095,.T.);
#896=FACE_OUTER_BOUND('',#1096,.T.);
#897=FACE_OUTER_BOUND('',#1097,.T.);
#898=FACE_OUTER_BOUND('',#1098,.T.);
#899=FACE_OUTER_BOUND('',#1099,.T.);
#900=FACE_OUTER_BOUND('',#1100,.T.);
#901=FACE_OUTER_BOUND('',#1101,.T.);
#902=FACE_OUTER_BOUND('',#1102,.T.);
#903=FACE_OUTER_BOUND('',#1103,.T.);
#904=FACE_OUTER_BOUND('',#1104,.T.);
#905=FACE_OUTER_BOUND('',#1105,.T.);
#906=FACE_OUTER_BOUND('',#1106,.T.);
#907=FACE_OUTER_BOUND('',#1107,.T.);
#908=FACE_OUTER_BOUND('',#1108,.T.);
#909=FACE_OUTER_BOUND('',#1109,.T.);
#910=FACE_OUTER_BOUND('',#1110,.T.);
#911=FACE_OUTER_BOUND('',#1111,.T.);
#912=FACE_OUTER_BOUND('',#1112,.T.);
#913=FACE_OUTER_BOUND('',#1113,.T.);
#914=FACE_OUTER_BOUND('',#1114,.T.);
#915=FACE_OUTER_BOUND('',#1115,.T.);
#916=FACE_OUTER_BOUND('',#1116,.T.);
#917=FACE_OUTER_BOUND('',#1132,.T.);
#918=FACE_OUTER_BOUND('',#1133,.T.);
#919=FACE_OUTER_BOUND('',#1134,.T.);
#920=FACE_OUTER_BOUND('',#1135,.T.);
#921=FACE_OUTER_BOUND('',#1136,.T.);
#922=FACE_OUTER_BOUND('',#1137,.T.);
#923=FACE_OUTER_BOUND('',#1138,.T.);
#924=FACE_OUTER_BOUND('',#1139,.T.);
#925=FACE_OUTER_BOUND('',#1140,.T.);
#926=FACE_OUTER_BOUND('',#1141,.T.);
#927=FACE_OUTER_BOUND('',#1142,.T.);
#928=FACE_OUTER_BOUND('',#1143,.T.);
#929=FACE_OUTER_BOUND('',#1144,.T.);
#930=FACE_OUTER_BOUND('',#1145,.T.);
#931=FACE_OUTER_BOUND('',#1146,.T.);
#932=FACE_OUTER_BOUND('',#1147,.T.);
#933=FACE_OUTER_BOUND('',#1148,.T.);
#934=FACE_OUTER_BOUND('',#1149,.T.);
#935=FACE_OUTER_BOUND('',#1150,.T.);
#936=FACE_OUTER_BOUND('',#1151,.T.);
#937=FACE_OUTER_BOUND('',#1152,.T.);
#938=FACE_OUTER_BOUND('',#1153,.T.);
#939=FACE_OUTER_BOUND('',#1154,.T.);
#940=FACE_OUTER_BOUND('',#1155,.T.);
#941=FACE_OUTER_BOUND('',#1156,.T.);
#942=FACE_OUTER_BOUND('',#1157,.T.);
#943=FACE_OUTER_BOUND('',#1158,.T.);
#944=FACE_OUTER_BOUND('',#1159,.T.);
#945=FACE_OUTER_BOUND('',#1160,.T.);
#946=FACE_OUTER_BOUND('',#1161,.T.);
#947=FACE_OUTER_BOUND('',#1162,.T.);
#948=FACE_OUTER_BOUND('',#1163,.T.);
#949=FACE_OUTER_BOUND('',#1164,.T.);
#950=FACE_OUTER_BOUND('',#1165,.T.);
#951=FACE_OUTER_BOUND('',#1166,.T.);
#952=FACE_OUTER_BOUND('',#1167,.T.);
#953=FACE_OUTER_BOUND('',#1168,.T.);
#954=FACE_OUTER_BOUND('',#1169,.T.);
#955=FACE_OUTER_BOUND('',#1170,.T.);
#956=FACE_OUTER_BOUND('',#1171,.T.);
#957=FACE_OUTER_BOUND('',#1172,.T.);
#958=FACE_OUTER_BOUND('',#1173,.T.);
#959=FACE_OUTER_BOUND('',#1174,.T.);
#960=FACE_OUTER_BOUND('',#1175,.T.);
#961=FACE_OUTER_BOUND('',#1176,.T.);
#962=FACE_OUTER_BOUND('',#1177,.T.);
#963=FACE_OUTER_BOUND('',#1178,.T.);
#964=FACE_OUTER_BOUND('',#1179,.T.);
#965=FACE_OUTER_BOUND('',#1180,.T.);
#966=FACE_OUTER_BOUND('',#1181,.T.);
#967=FACE_OUTER_BOUND('',#1182,.T.);
#968=FACE_OUTER_BOUND('',#1183,.T.);
#969=FACE_OUTER_BOUND('',#1184,.T.);
#970=FACE_OUTER_BOUND('',#1185,.T.);
#971=FACE_OUTER_BOUND('',#1186,.T.);
#972=FACE_OUTER_BOUND('',#1187,.T.);
#973=FACE_OUTER_BOUND('',#1188,.T.);
#974=FACE_OUTER_BOUND('',#1189,.T.);
#975=FACE_OUTER_BOUND('',#1190,.T.);
#976=FACE_OUTER_BOUND('',#1191,.T.);
#977=FACE_OUTER_BOUND('',#1192,.T.);
#978=FACE_OUTER_BOUND('',#1193,.T.);
#979=FACE_OUTER_BOUND('',#1194,.T.);
#980=FACE_OUTER_BOUND('',#1195,.T.);
#981=FACE_OUTER_BOUND('',#1196,.T.);
#982=FACE_OUTER_BOUND('',#1197,.T.);
#983=FACE_OUTER_BOUND('',#1198,.T.);
#984=FACE_OUTER_BOUND('',#1199,.T.);
#985=FACE_OUTER_BOUND('',#1200,.T.);
#986=FACE_OUTER_BOUND('',#1201,.T.);
#987=FACE_OUTER_BOUND('',#1202,.T.);
#988=FACE_OUTER_BOUND('',#1203,.T.);
#989=FACE_OUTER_BOUND('',#1204,.T.);
#990=FACE_OUTER_BOUND('',#1205,.T.);
#991=FACE_OUTER_BOUND('',#1206,.T.);
#992=FACE_OUTER_BOUND('',#1207,.T.);
#993=FACE_OUTER_BOUND('',#1208,.T.);
#994=FACE_OUTER_BOUND('',#1209,.T.);
#995=FACE_OUTER_BOUND('',#1210,.T.);
#996=FACE_OUTER_BOUND('',#1211,.T.);
#997=FACE_OUTER_BOUND('',#1212,.T.);
#998=FACE_OUTER_BOUND('',#1213,.T.);
#999=FACE_OUTER_BOUND('',#1214,.T.);
#1000=FACE_OUTER_BOUND('',#1215,.T.);
#1001=FACE_OUTER_BOUND('',#1216,.T.);
#1002=FACE_OUTER_BOUND('',#1217,.T.);
#1003=FACE_OUTER_BOUND('',#1218,.T.);
#1004=FACE_OUTER_BOUND('',#1219,.T.);
#1005=FACE_OUTER_BOUND('',#1220,.T.);
#1006=FACE_OUTER_BOUND('',#1221,.T.);
#1007=FACE_OUTER_BOUND('',#1222,.T.);
#1008=FACE_OUTER_BOUND('',#1223,.T.);
#1009=FACE_OUTER_BOUND('',#1224,.T.);
#1010=FACE_OUTER_BOUND('',#1225,.T.);
#1011=FACE_OUTER_BOUND('',#1226,.T.);
#1012=FACE_OUTER_BOUND('',#1227,.T.);
#1013=FACE_OUTER_BOUND('',#1228,.T.);
#1014=FACE_OUTER_BOUND('',#1229,.T.);
#1015=FACE_OUTER_BOUND('',#1230,.T.);
#1016=FACE_OUTER_BOUND('',#1231,.T.);
#1017=FACE_OUTER_BOUND('',#1232,.T.);
#1018=FACE_OUTER_BOUND('',#1233,.T.);
#1019=FACE_OUTER_BOUND('',#1234,.T.);
#1020=FACE_OUTER_BOUND('',#1235,.T.);
#1021=FACE_OUTER_BOUND('',#1236,.T.);
#1022=FACE_OUTER_BOUND('',#1237,.T.);
#1023=FACE_OUTER_BOUND('',#1238,.T.);
#1024=FACE_OUTER_BOUND('',#1239,.T.);
#1025=FACE_OUTER_BOUND('',#1240,.T.);
#1026=FACE_OUTER_BOUND('',#1241,.T.);
#1027=FACE_OUTER_BOUND('',#1243,.T.);
#1028=FACE_OUTER_BOUND('',#1244,.T.);
#1029=FACE_OUTER_BOUND('',#1245,.T.);
#1030=FACE_OUTER_BOUND('',#1246,.T.);
#1031=EDGE_LOOP('',(#2343,#2344,#2345,#2346));
#1032=EDGE_LOOP('',(#2347,#2348,#2349,#2350));
#1033=EDGE_LOOP('',(#2351,#2352,#2353,#2354));
#1034=EDGE_LOOP('',(#2355,#2356,#2357,#2358));
#1035=EDGE_LOOP('',(#2359,#2360,#2361,#2362));
#1036=EDGE_LOOP('',(#2363,#2364,#2365,#2366));
#1037=EDGE_LOOP('',(#2367,#2368,#2369,#2370));
#1038=EDGE_LOOP('',(#2371,#2372,#2373,#2374));
#1039=EDGE_LOOP('',(#2375,#2376,#2377,#2378));
#1040=EDGE_LOOP('',(#2379,#2380,#2381,#2382));
#1041=EDGE_LOOP('',(#2383,#2384,#2385,#2386));
#1042=EDGE_LOOP('',(#2387,#2388,#2389,#2390));
#1043=EDGE_LOOP('',(#2391,#2392,#2393,#2394,#2395,#2396,#2397,#2398));
#1044=EDGE_LOOP('',(#2399,#2400,#2401,#2402));
#1045=EDGE_LOOP('',(#2403,#2404,#2405,#2406,#2407,#2408,#2409,#2410));
#1046=EDGE_LOOP('',(#2411,#2412,#2413,#2414,#2415));
#1047=EDGE_LOOP('',(#2416,#2417,#2418,#2419,#2420));
#1048=EDGE_LOOP('',(#2421,#2422,#2423,#2424,#2425));
#1049=EDGE_LOOP('',(#2426,#2427,#2428,#2429,#2430));
#1050=EDGE_LOOP('',(#2431,#2432,#2433,#2434));
#1051=EDGE_LOOP('',(#2435,#2436,#2437,#2438));
#1052=EDGE_LOOP('',(#2439,#2440,#2441,#2442));
#1053=EDGE_LOOP('',(#2443,#2444,#2445,#2446));
#1054=EDGE_LOOP('',(#2447,#2448,#2449,#2450,#2451));
#1055=EDGE_LOOP('',(#2452,#2453,#2454,#2455));
#1056=EDGE_LOOP('',(#2456,#2457,#2458,#2459,#2460));
#1057=EDGE_LOOP('',(#2461,#2462,#2463,#2464));
#1058=EDGE_LOOP('',(#2465,#2466,#2467,#2468,#2469));
#1059=EDGE_LOOP('',(#2470,#2471,#2472,#2473,#2474));
#1060=EDGE_LOOP('',(#2475,#2476,#2477,#2478,#2479));
#1061=EDGE_LOOP('',(#2480,#2481,#2482,#2483,#2484));
#1062=EDGE_LOOP('',(#2485,#2486,#2487,#2488));
#1063=EDGE_LOOP('',(#2489,#2490,#2491,#2492,#2493));
#1064=EDGE_LOOP('',(#2494,#2495,#2496,#2497,#2498));
#1065=EDGE_LOOP('',(#2499,#2500,#2501,#2502,#2503));
#1066=EDGE_LOOP('',(#2504,#2505,#2506,#2507,#2508));
#1067=EDGE_LOOP('',(#2509,#2510,#2511,#2512));
#1068=EDGE_LOOP('',(#2513,#2514,#2515,#2516,#2517));
#1069=EDGE_LOOP('',(#2518,#2519,#2520,#2521,#2522));
#1070=EDGE_LOOP('',(#2523,#2524,#2525,#2526));
#1071=EDGE_LOOP('',(#2527,#2528,#2529,#2530));
#1072=EDGE_LOOP('',(#2531,#2532,#2533,#2534));
#1073=EDGE_LOOP('',(#2535,#2536,#2537,#2538));
#1074=EDGE_LOOP('',(#2539,#2540,#2541,#2542));
#1075=EDGE_LOOP('',(#2543,#2544,#2545,#2546,#2547));
#1076=EDGE_LOOP('',(#2548,#2549,#2550,#2551));
#1077=EDGE_LOOP('',(#2552,#2553,#2554,#2555,#2556));
#1078=EDGE_LOOP('',(#2557,#2558,#2559,#2560,#2561));
#1079=EDGE_LOOP('',(#2562,#2563,#2564,#2565,#2566));
#1080=EDGE_LOOP('',(#2567,#2568,#2569,#2570));
#1081=EDGE_LOOP('',(#2571,#2572,#2573,#2574));
#1082=EDGE_LOOP('',(#2575,#2576,#2577,#2578));
#1083=EDGE_LOOP('',(#2579,#2580,#2581,#2582));
#1084=EDGE_LOOP('',(#2583,#2584,#2585,#2586));
#1085=EDGE_LOOP('',(#2587,#2588,#2589,#2590));
#1086=EDGE_LOOP('',(#2591,#2592,#2593,#2594));
#1087=EDGE_LOOP('',(#2595,#2596,#2597,#2598));
#1088=EDGE_LOOP('',(#2599,#2600,#2601,#2602));
#1089=EDGE_LOOP('',(#2603,#2604,#2605,#2606,#2607,#2608,#2609,#2610,#2611,
#2612,#2613,#2614,#2615,#2616,#2617,#2618,#2619,#2620,#2621,#2622,#2623,
#2624,#2625,#2626,#2627,#2628,#2629,#2630));
#1090=EDGE_LOOP('',(#2631,#2632,#2633,#2634));
#1091=EDGE_LOOP('',(#2635,#2636,#2637,#2638));
#1092=EDGE_LOOP('',(#2639,#2640,#2641,#2642));
#1093=EDGE_LOOP('',(#2643,#2644,#2645,#2646));
#1094=EDGE_LOOP('',(#2647,#2648,#2649,#2650));
#1095=EDGE_LOOP('',(#2651,#2652,#2653,#2654));
#1096=EDGE_LOOP('',(#2655,#2656,#2657,#2658));
#1097=EDGE_LOOP('',(#2659,#2660,#2661,#2662));
#1098=EDGE_LOOP('',(#2663,#2664,#2665,#2666));
#1099=EDGE_LOOP('',(#2667,#2668,#2669,#2670));
#1100=EDGE_LOOP('',(#2671,#2672,#2673,#2674));
#1101=EDGE_LOOP('',(#2675,#2676,#2677,#2678));
#1102=EDGE_LOOP('',(#2679,#2680,#2681,#2682));
#1103=EDGE_LOOP('',(#2683,#2684,#2685,#2686));
#1104=EDGE_LOOP('',(#2687,#2688,#2689,#2690));
#1105=EDGE_LOOP('',(#2691,#2692,#2693,#2694));
#1106=EDGE_LOOP('',(#2695,#2696,#2697,#2698));
#1107=EDGE_LOOP('',(#2699,#2700,#2701,#2702));
#1108=EDGE_LOOP('',(#2703,#2704,#2705,#2706));
#1109=EDGE_LOOP('',(#2707,#2708,#2709,#2710));
#1110=EDGE_LOOP('',(#2711,#2712,#2713,#2714));
#1111=EDGE_LOOP('',(#2715,#2716,#2717,#2718));
#1112=EDGE_LOOP('',(#2719,#2720,#2721,#2722));
#1113=EDGE_LOOP('',(#2723,#2724,#2725,#2726));
#1114=EDGE_LOOP('',(#2727,#2728,#2729,#2730));
#1115=EDGE_LOOP('',(#2731,#2732,#2733,#2734));
#1116=EDGE_LOOP('',(#2735,#2736,#2737,#2738,#2739,#2740,#2741,#2742,#2743,
#2744,#2745,#2746,#2747,#2748,#2749,#2750,#2751,#2752,#2753,#2754,#2755,
#2756,#2757,#2758,#2759,#2760,#2761,#2762,#2763,#2764,#2765,#2766,#2767,
#2768,#2769,#2770,#2771,#2772,#2773,#2774,#2775,#2776,#2777,#2778,#2779,
#2780,#2781,#2782,#2783,#2784,#2785,#2786,#2787,#2788,#2789,#2790,#2791,
#2792,#2793,#2794,#2795,#2796,#2797,#2798,#2799,#2800,#2801,#2802,#2803,
#2804,#2805,#2806,#2807,#2808,#2809,#2810,#2811,#2812,#2813,#2814,#2815,
#2816,#2817,#2818,#2819,#2820,#2821,#2822,#2823,#2824,#2825,#2826,#2827,
#2828,#2829,#2830));
#1117=EDGE_LOOP('',(#2831,#2832,#2833,#2834));
#1118=EDGE_LOOP('',(#2835,#2836,#2837,#2838));
#1119=EDGE_LOOP('',(#2839,#2840,#2841,#2842));
#1120=EDGE_LOOP('',(#2843,#2844,#2845,#2846));
#1121=EDGE_LOOP('',(#2847,#2848,#2849,#2850));
#1122=EDGE_LOOP('',(#2851,#2852,#2853,#2854));
#1123=EDGE_LOOP('',(#2855,#2856,#2857,#2858));
#1124=EDGE_LOOP('',(#2859,#2860,#2861,#2862));
#1125=EDGE_LOOP('',(#2863,#2864,#2865,#2866));
#1126=EDGE_LOOP('',(#2867,#2868,#2869,#2870));
#1127=EDGE_LOOP('',(#2871,#2872,#2873,#2874));
#1128=EDGE_LOOP('',(#2875,#2876,#2877,#2878));
#1129=EDGE_LOOP('',(#2879,#2880,#2881,#2882));
#1130=EDGE_LOOP('',(#2883,#2884,#2885,#2886));
#1131=EDGE_LOOP('',(#2887,#2888,#2889,#2890));
#1132=EDGE_LOOP('',(#2891,#2892,#2893,#2894));
#1133=EDGE_LOOP('',(#2895,#2896,#2897,#2898));
#1134=EDGE_LOOP('',(#2899,#2900,#2901,#2902));
#1135=EDGE_LOOP('',(#2903,#2904,#2905,#2906));
#1136=EDGE_LOOP('',(#2907,#2908,#2909,#2910));
#1137=EDGE_LOOP('',(#2911,#2912,#2913,#2914));
#1138=EDGE_LOOP('',(#2915,#2916,#2917,#2918));
#1139=EDGE_LOOP('',(#2919,#2920,#2921,#2922));
#1140=EDGE_LOOP('',(#2923,#2924,#2925,#2926));
#1141=EDGE_LOOP('',(#2927,#2928,#2929,#2930));
#1142=EDGE_LOOP('',(#2931,#2932,#2933,#2934));
#1143=EDGE_LOOP('',(#2935,#2936,#2937,#2938));
#1144=EDGE_LOOP('',(#2939,#2940,#2941,#2942));
#1145=EDGE_LOOP('',(#2943,#2944,#2945,#2946));
#1146=EDGE_LOOP('',(#2947,#2948,#2949,#2950));
#1147=EDGE_LOOP('',(#2951,#2952,#2953,#2954));
#1148=EDGE_LOOP('',(#2955,#2956,#2957,#2958));
#1149=EDGE_LOOP('',(#2959,#2960,#2961,#2962));
#1150=EDGE_LOOP('',(#2963,#2964,#2965,#2966));
#1151=EDGE_LOOP('',(#2967,#2968,#2969,#2970));
#1152=EDGE_LOOP('',(#2971,#2972,#2973,#2974));
#1153=EDGE_LOOP('',(#2975,#2976,#2977,#2978));
#1154=EDGE_LOOP('',(#2979,#2980,#2981,#2982));
#1155=EDGE_LOOP('',(#2983,#2984,#2985,#2986));
#1156=EDGE_LOOP('',(#2987,#2988,#2989,#2990));
#1157=EDGE_LOOP('',(#2991,#2992,#2993,#2994));
#1158=EDGE_LOOP('',(#2995,#2996,#2997,#2998));
#1159=EDGE_LOOP('',(#2999,#3000,#3001,#3002));
#1160=EDGE_LOOP('',(#3003,#3004,#3005,#3006));
#1161=EDGE_LOOP('',(#3007,#3008,#3009,#3010));
#1162=EDGE_LOOP('',(#3011,#3012,#3013,#3014));
#1163=EDGE_LOOP('',(#3015,#3016,#3017,#3018));
#1164=EDGE_LOOP('',(#3019,#3020,#3021,#3022));
#1165=EDGE_LOOP('',(#3023,#3024,#3025,#3026));
#1166=EDGE_LOOP('',(#3027,#3028,#3029,#3030));
#1167=EDGE_LOOP('',(#3031,#3032,#3033,#3034));
#1168=EDGE_LOOP('',(#3035,#3036,#3037,#3038));
#1169=EDGE_LOOP('',(#3039,#3040,#3041,#3042));
#1170=EDGE_LOOP('',(#3043,#3044,#3045,#3046));
#1171=EDGE_LOOP('',(#3047,#3048,#3049,#3050));
#1172=EDGE_LOOP('',(#3051,#3052,#3053,#3054));
#1173=EDGE_LOOP('',(#3055,#3056,#3057,#3058));
#1174=EDGE_LOOP('',(#3059,#3060,#3061,#3062));
#1175=EDGE_LOOP('',(#3063,#3064,#3065,#3066));
#1176=EDGE_LOOP('',(#3067,#3068,#3069,#3070));
#1177=EDGE_LOOP('',(#3071,#3072,#3073,#3074));
#1178=EDGE_LOOP('',(#3075,#3076,#3077,#3078));
#1179=EDGE_LOOP('',(#3079,#3080,#3081,#3082));
#1180=EDGE_LOOP('',(#3083,#3084,#3085,#3086));
#1181=EDGE_LOOP('',(#3087,#3088,#3089,#3090));
#1182=EDGE_LOOP('',(#3091,#3092,#3093,#3094));
#1183=EDGE_LOOP('',(#3095,#3096,#3097,#3098));
#1184=EDGE_LOOP('',(#3099,#3100,#3101,#3102));
#1185=EDGE_LOOP('',(#3103,#3104,#3105,#3106));
#1186=EDGE_LOOP('',(#3107,#3108,#3109,#3110));
#1187=EDGE_LOOP('',(#3111,#3112,#3113,#3114));
#1188=EDGE_LOOP('',(#3115,#3116,#3117,#3118));
#1189=EDGE_LOOP('',(#3119,#3120,#3121,#3122));
#1190=EDGE_LOOP('',(#3123,#3124,#3125,#3126));
#1191=EDGE_LOOP('',(#3127,#3128,#3129,#3130));
#1192=EDGE_LOOP('',(#3131,#3132,#3133,#3134));
#1193=EDGE_LOOP('',(#3135,#3136,#3137,#3138));
#1194=EDGE_LOOP('',(#3139,#3140,#3141,#3142));
#1195=EDGE_LOOP('',(#3143,#3144,#3145,#3146));
#1196=EDGE_LOOP('',(#3147,#3148,#3149,#3150));
#1197=EDGE_LOOP('',(#3151,#3152,#3153,#3154));
#1198=EDGE_LOOP('',(#3155,#3156,#3157,#3158));
#1199=EDGE_LOOP('',(#3159,#3160,#3161,#3162));
#1200=EDGE_LOOP('',(#3163,#3164,#3165,#3166));
#1201=EDGE_LOOP('',(#3167,#3168,#3169,#3170));
#1202=EDGE_LOOP('',(#3171,#3172,#3173,#3174));
#1203=EDGE_LOOP('',(#3175,#3176,#3177,#3178));
#1204=EDGE_LOOP('',(#3179,#3180,#3181,#3182));
#1205=EDGE_LOOP('',(#3183,#3184,#3185,#3186));
#1206=EDGE_LOOP('',(#3187,#3188,#3189,#3190));
#1207=EDGE_LOOP('',(#3191,#3192,#3193,#3194));
#1208=EDGE_LOOP('',(#3195,#3196,#3197,#3198));
#1209=EDGE_LOOP('',(#3199,#3200,#3201,#3202));
#1210=EDGE_LOOP('',(#3203,#3204,#3205,#3206));
#1211=EDGE_LOOP('',(#3207,#3208,#3209,#3210));
#1212=EDGE_LOOP('',(#3211,#3212,#3213,#3214));
#1213=EDGE_LOOP('',(#3215,#3216,#3217,#3218));
#1214=EDGE_LOOP('',(#3219,#3220,#3221,#3222));
#1215=EDGE_LOOP('',(#3223,#3224,#3225,#3226,#3227,#3228,#3229,#3230,#3231,
#3232,#3233,#3234,#3235,#3236,#3237,#3238,#3239,#3240,#3241,#3242));
#1216=EDGE_LOOP('',(#3243,#3244,#3245,#3246));
#1217=EDGE_LOOP('',(#3247,#3248,#3249,#3250));
#1218=EDGE_LOOP('',(#3251,#3252,#3253,#3254));
#1219=EDGE_LOOP('',(#3255,#3256,#3257,#3258));
#1220=EDGE_LOOP('',(#3259,#3260,#3261,#3262));
#1221=EDGE_LOOP('',(#3263,#3264,#3265,#3266));
#1222=EDGE_LOOP('',(#3267,#3268,#3269,#3270));
#1223=EDGE_LOOP('',(#3271,#3272,#3273,#3274,#3275,#3276,#3277,#3278,#3279,
#3280,#3281,#3282,#3283,#3284,#3285,#3286,#3287,#3288,#3289,#3290));
#1224=EDGE_LOOP('',(#3291,#3292,#3293,#3294));
#1225=EDGE_LOOP('',(#3295,#3296,#3297,#3298));
#1226=EDGE_LOOP('',(#3299,#3300,#3301,#3302));
#1227=EDGE_LOOP('',(#3303,#3304,#3305,#3306));
#1228=EDGE_LOOP('',(#3307,#3308,#3309,#3310));
#1229=EDGE_LOOP('',(#3311,#3312,#3313,#3314));
#1230=EDGE_LOOP('',(#3315,#3316,#3317,#3318));
#1231=EDGE_LOOP('',(#3319,#3320,#3321,#3322));
#1232=EDGE_LOOP('',(#3323,#3324,#3325,#3326));
#1233=EDGE_LOOP('',(#3327,#3328,#3329,#3330));
#1234=EDGE_LOOP('',(#3331,#3332,#3333,#3334));
#1235=EDGE_LOOP('',(#3335,#3336,#3337,#3338));
#1236=EDGE_LOOP('',(#3339,#3340,#3341,#3342,#3343,#3344,#3345,#3346,#3347,
#3348,#3349,#3350,#3351,#3352,#3353,#3354,#3355,#3356,#3357,#3358,#3359,
#3360,#3361,#3362,#3363,#3364,#3365,#3366));
#1237=EDGE_LOOP('',(#3367,#3368,#3369,#3370));
#1238=EDGE_LOOP('',(#3371,#3372,#3373,#3374));
#1239=EDGE_LOOP('',(#3375,#3376,#3377,#3378));
#1240=EDGE_LOOP('',(#3379,#3380,#3381,#3382));
#1241=EDGE_LOOP('',(#3383,#3384,#3385,#3386));
#1242=EDGE_LOOP('',(#3387,#3388,#3389,#3390));
#1243=EDGE_LOOP('',(#3391,#3392,#3393,#3394));
#1244=EDGE_LOOP('',(#3395,#3396,#3397,#3398));
#1245=EDGE_LOOP('',(#3399,#3400,#3401,#3402));
#1246=EDGE_LOOP('',(#3403,#3404,#3405,#3406));
#1247=CIRCLE('',#3589,2.99999999999999);
#1248=CIRCLE('',#3590,0.999999999999999);
#1249=CIRCLE('',#3591,3.);
#1250=CIRCLE('',#3592,4.);
#1251=CIRCLE('',#3594,3.);
#1252=CIRCLE('',#3595,3.);
#1253=CIRCLE('',#3596,4.);
#1254=CIRCLE('',#3597,1.);
#1255=CIRCLE('',#3599,3.);
#1256=CIRCLE('',#3600,2.99999999999999);
#1257=CIRCLE('',#3601,4.);
#1258=CIRCLE('',#3602,1.);
#1259=CIRCLE('',#3604,3.);
#1260=CIRCLE('',#3605,2.99999999999999);
#1261=CIRCLE('',#3606,4.);
#1262=CIRCLE('',#3607,0.999999999999999);
#1263=CIRCLE('',#3611,4.);
#1264=CIRCLE('',#3614,4.);
#1265=CIRCLE('',#3617,4.);
#1266=CIRCLE('',#3618,4.);
#1267=CIRCLE('',#3619,11.5);
#1268=CIRCLE('',#3620,11.5);
#1269=CIRCLE('',#3621,11.5);
#1270=CIRCLE('',#3622,11.5);
#1271=CIRCLE('',#3623,11.5);
#1272=CIRCLE('',#3624,11.5);
#1273=CIRCLE('',#3625,11.5);
#1274=CIRCLE('',#3626,11.5);
#1275=CIRCLE('',#3627,11.5);
#1276=CIRCLE('',#3628,11.5);
#1277=CIRCLE('',#3629,11.5);
#1278=CIRCLE('',#3630,11.5);
#1279=CIRCLE('',#3631,11.5);
#1280=CIRCLE('',#3632,11.5);
#1281=CIRCLE('',#3633,11.5);
#1282=CIRCLE('',#3634,11.5);
#1283=CIRCLE('',#3635,11.5);
#1284=CIRCLE('',#3636,11.5);
#1285=CIRCLE('',#3637,11.5);
#1286=CIRCLE('',#3638,11.5);
#1287=CIRCLE('',#3639,11.5);
#1288=CIRCLE('',#3640,11.5);
#1289=CIRCLE('',#3641,11.5);
#1290=CIRCLE('',#3642,11.5);
#1291=CIRCLE('',#3643,11.5);
#1292=CIRCLE('',#3644,11.5);
#1293=CIRCLE('',#3645,11.5);
#1294=CIRCLE('',#3646,11.5);
#1295=CIRCLE('',#3647,11.5);
#1296=CIRCLE('',#3648,11.5);
#1297=CIRCLE('',#3649,11.5);
#1298=CIRCLE('',#3650,11.5);
#1299=CIRCLE('',#3651,11.5);
#1300=CIRCLE('',#3652,11.5);
#1301=CIRCLE('',#3653,11.5);
#1302=CIRCLE('',#3654,11.5);
#1303=CIRCLE('',#3655,11.5);
#1304=CIRCLE('',#3656,11.5);
#1305=CIRCLE('',#3657,11.5);
#1306=CIRCLE('',#3658,11.5);
#1307=CIRCLE('',#3659,11.5);
#1308=CIRCLE('',#3660,11.5);
#1309=CIRCLE('',#3661,11.5);
#1310=CIRCLE('',#3662,11.5);
#1311=CIRCLE('',#3663,11.5);
#1312=CIRCLE('',#3664,11.5);
#1313=CIRCLE('',#3665,11.5);
#1314=CIRCLE('',#3666,11.5);
#1315=CIRCLE('',#3667,11.5);
#1316=CIRCLE('',#3668,11.5);
#1317=CIRCLE('',#3669,11.5);
#1318=CIRCLE('',#3670,11.5);
#1319=CIRCLE('',#3671,11.5);
#1320=CIRCLE('',#3672,11.5);
#1321=CIRCLE('',#3673,11.5);
#1322=CIRCLE('',#3674,11.5);
#1323=CIRCLE('',#3675,11.5);
#1324=CIRCLE('',#3676,11.5);
#1325=CIRCLE('',#3677,11.5);
#1326=CIRCLE('',#3678,11.5);
#1327=CIRCLE('',#3679,11.5);
#1328=CIRCLE('',#3680,11.5);
#1329=CIRCLE('',#3681,11.5);
#1330=CIRCLE('',#3682,11.5);
#1331=CIRCLE('',#3683,11.5);
#1332=CIRCLE('',#3684,11.5);
#1333=CIRCLE('',#3685,11.5);
#1334=CIRCLE('',#3686,11.5);
#1335=CIRCLE('',#3687,11.5);
#1336=CIRCLE('',#3688,11.5);
#1337=CIRCLE('',#3689,11.5);
#1338=CIRCLE('',#3690,11.5);
#1339=CIRCLE('',#3691,11.5);
#1340=CIRCLE('',#3692,11.5);
#1341=CIRCLE('',#3693,11.5);
#1342=CIRCLE('',#3694,11.5);
#1343=CIRCLE('',#3695,11.5);
#1344=CIRCLE('',#3696,11.5);
#1345=CIRCLE('',#3697,11.5);
#1346=CIRCLE('',#3698,11.5);
#1347=CIRCLE('',#3699,11.5);
#1348=CIRCLE('',#3700,11.5);
#1349=CIRCLE('',#3701,11.5);
#1350=CIRCLE('',#3702,11.5);
#1351=CIRCLE('',#3703,11.5);
#1352=CIRCLE('',#3704,11.5);
#1353=CIRCLE('',#3705,11.5);
#1354=CIRCLE('',#3706,11.5);
#1355=CIRCLE('',#3707,11.5);
#1356=CIRCLE('',#3708,11.5);
#1357=CIRCLE('',#3709,11.5);
#1358=CIRCLE('',#3710,11.5);
#1359=CIRCLE('',#3711,11.5);
#1360=CIRCLE('',#3712,11.5);
#1361=CIRCLE('',#3713,11.5);
#1362=CIRCLE('',#3714,11.5);
#1363=CIRCLE('',#3725,11.5);
#1364=CIRCLE('',#3727,11.5);
#1365=CIRCLE('',#3729,11.5);
#1366=CIRCLE('',#3731,11.5);
#1367=CIRCLE('',#3733,11.5);
#1368=CIRCLE('',#3735,11.5);
#1369=CIRCLE('',#3737,11.5);
#1370=CIRCLE('',#3739,11.5);
#1371=CIRCLE('',#3741,11.5);
#1372=CIRCLE('',#3743,11.5);
#1373=CIRCLE('',#3745,11.5);
#1374=CIRCLE('',#3751,11.5);
#1375=CIRCLE('',#3753,11.5);
#1376=CIRCLE('',#3755,11.5);
#1377=CIRCLE('',#3757,11.5);
#1378=CIRCLE('',#3759,11.5);
#1379=CIRCLE('',#3761,11.5);
#1380=CIRCLE('',#3763,11.5);
#1381=CIRCLE('',#3765,11.5);
#1382=CIRCLE('',#3767,11.5);
#1383=CIRCLE('',#3770,11.5);
#1384=CIRCLE('',#3772,11.5);
#1385=CIRCLE('',#3773,11.5);
#1386=CIRCLE('',#3774,11.5);
#1387=CIRCLE('',#3775,11.5);
#1388=CIRCLE('',#3776,11.5);
#1389=CIRCLE('',#3777,11.5);
#1390=CIRCLE('',#3778,11.5);
#1391=CIRCLE('',#3779,11.5);
#1392=CIRCLE('',#3780,11.5);
#1393=CIRCLE('',#3781,11.5);
#1394=CIRCLE('',#3782,11.5);
#1395=CIRCLE('',#3783,11.5);
#1396=CIRCLE('',#3784,11.5);
#1397=CIRCLE('',#3785,11.5);
#1398=CIRCLE('',#3786,11.5);
#1399=CIRCLE('',#3787,11.5);
#1400=CIRCLE('',#3788,11.5);
#1401=CIRCLE('',#3789,11.5);
#1402=CIRCLE('',#3790,11.5);
#1403=CIRCLE('',#3791,11.5);
#1404=CIRCLE('',#3792,11.5);
#1405=CIRCLE('',#3793,11.5);
#1406=CIRCLE('',#3794,11.5);
#1407=CIRCLE('',#3795,11.5);
#1408=CIRCLE('',#3796,11.5);
#1409=CIRCLE('',#3797,11.5);
#1410=CIRCLE('',#3798,11.5);
#1411=CIRCLE('',#3799,11.5);
#1412=CIRCLE('',#3800,11.5);
#1413=CIRCLE('',#3801,11.5);
#1414=CIRCLE('',#3802,11.5);
#1415=CIRCLE('',#3803,11.5);
#1416=CIRCLE('',#3804,11.5);
#1417=CIRCLE('',#3805,11.5);
#1418=CIRCLE('',#3806,11.5);
#1419=CIRCLE('',#3807,11.5);
#1420=CIRCLE('',#3808,11.5);
#1421=CIRCLE('',#3809,11.5);
#1422=CIRCLE('',#3810,11.5);
#1423=CIRCLE('',#3811,11.5);
#1424=CIRCLE('',#3812,11.5);
#1425=CIRCLE('',#3813,11.5);
#1426=CIRCLE('',#3814,11.5);
#1427=CIRCLE('',#3815,11.5);
#1428=CIRCLE('',#3816,11.5);
#1429=CIRCLE('',#3817,11.5);
#1430=CIRCLE('',#3818,11.5);
#1431=CIRCLE('',#3819,11.5);
#1432=CIRCLE('',#3820,11.5);
#1433=CIRCLE('',#3821,11.5);
#1434=CIRCLE('',#3822,11.5);
#1435=CIRCLE('',#3823,11.5);
#1436=CIRCLE('',#3824,11.5);
#1437=CIRCLE('',#3825,11.5);
#1438=CIRCLE('',#3826,11.5);
#1439=CIRCLE('',#3827,11.5);
#1440=CIRCLE('',#3828,11.5);
#1441=CIRCLE('',#3829,11.5);
#1442=CIRCLE('',#3830,11.5);
#1443=CIRCLE('',#3831,11.5);
#1444=CIRCLE('',#3832,11.5);
#1445=CIRCLE('',#3833,11.5);
#1446=CIRCLE('',#3834,11.5);
#1447=CIRCLE('',#3835,11.5);
#1448=CIRCLE('',#3836,11.5);
#1449=CIRCLE('',#3837,11.5);
#1450=CIRCLE('',#3838,11.5);
#1451=CIRCLE('',#3839,11.5);
#1452=CIRCLE('',#3840,11.5);
#1453=CIRCLE('',#3841,11.5);
#1454=CIRCLE('',#3842,11.5);
#1455=CIRCLE('',#3843,11.5);
#1456=CIRCLE('',#3844,11.5);
#1457=CIRCLE('',#3845,11.5);
#1458=CIRCLE('',#3846,11.5);
#1459=VERTEX_POINT('',#5037);
#1460=VERTEX_POINT('',#5038);
#1461=VERTEX_POINT('',#5040);
#1462=VERTEX_POINT('',#5042);
#1463=VERTEX_POINT('',#5046);
#1464=VERTEX_POINT('',#5047);
#1465=VERTEX_POINT('',#5060);
#1466=VERTEX_POINT('',#5061);
#1467=VERTEX_POINT('',#5066);
#1468=VERTEX_POINT('',#5067);
#1469=VERTEX_POINT('',#5080);
#1470=VERTEX_POINT('',#5081);
#1471=VERTEX_POINT('',#5086);
#1472=VERTEX_POINT('',#5087);
#1473=VERTEX_POINT('',#5100);
#1474=VERTEX_POINT('',#5101);
#1475=VERTEX_POINT('',#5109);
#1476=VERTEX_POINT('',#5111);
#1477=VERTEX_POINT('',#5115);
#1478=VERTEX_POINT('',#5119);
#1479=VERTEX_POINT('',#5123);
#1480=VERTEX_POINT('',#5127);
#1481=VERTEX_POINT('',#5128);
#1482=VERTEX_POINT('',#5130);
#1483=VERTEX_POINT('',#5132);
#1484=VERTEX_POINT('',#5136);
#1485=VERTEX_POINT('',#5138);
#1486=VERTEX_POINT('',#5140);
#1487=VERTEX_POINT('',#5143);
#1488=VERTEX_POINT('',#5144);
#1489=VERTEX_POINT('',#5146);
#1490=VERTEX_POINT('',#5148);
#1491=VERTEX_POINT('',#5150);
#1492=VERTEX_POINT('',#5153);
#1493=VERTEX_POINT('',#5154);
#1494=VERTEX_POINT('',#5156);
#1495=VERTEX_POINT('',#5158);
#1496=VERTEX_POINT('',#5160);
#1497=VERTEX_POINT('',#5163);
#1498=VERTEX_POINT('',#5164);
#1499=VERTEX_POINT('',#5166);
#1500=VERTEX_POINT('',#5168);
#1501=VERTEX_POINT('',#5170);
#1502=VERTEX_POINT('',#5173);
#1503=VERTEX_POINT('',#5174);
#1504=VERTEX_POINT('',#5176);
#1505=VERTEX_POINT('',#5178);
#1506=VERTEX_POINT('',#5180);
#1507=VERTEX_POINT('',#5183);
#1508=VERTEX_POINT('',#5184);
#1509=VERTEX_POINT('',#5186);
#1510=VERTEX_POINT('',#5188);
#1511=VERTEX_POINT('',#5191);
#1512=VERTEX_POINT('',#5192);
#1513=VERTEX_POINT('',#5194);
#1514=VERTEX_POINT('',#5196);
#1515=VERTEX_POINT('',#5199);
#1516=VERTEX_POINT('',#5200);
#1517=VERTEX_POINT('',#5202);
#1518=VERTEX_POINT('',#5204);
#1519=VERTEX_POINT('',#5207);
#1520=VERTEX_POINT('',#5208);
#1521=VERTEX_POINT('',#5210);
#1522=VERTEX_POINT('',#5212);
#1523=VERTEX_POINT('',#5215);
#1524=VERTEX_POINT('',#5216);
#1525=VERTEX_POINT('',#5218);
#1526=VERTEX_POINT('',#5220);
#1527=VERTEX_POINT('',#5222);
#1528=VERTEX_POINT('',#5225);
#1529=VERTEX_POINT('',#5226);
#1530=VERTEX_POINT('',#5228);
#1531=VERTEX_POINT('',#5230);
#1532=VERTEX_POINT('',#5233);
#1533=VERTEX_POINT('',#5234);
#1534=VERTEX_POINT('',#5236);
#1535=VERTEX_POINT('',#5238);
#1536=VERTEX_POINT('',#5240);
#1537=VERTEX_POINT('',#5243);
#1538=VERTEX_POINT('',#5244);
#1539=VERTEX_POINT('',#5246);
#1540=VERTEX_POINT('',#5248);
#1541=VERTEX_POINT('',#5251);
#1542=VERTEX_POINT('',#5252);
#1543=VERTEX_POINT('',#5254);
#1544=VERTEX_POINT('',#5256);
#1545=VERTEX_POINT('',#5258);
#1546=VERTEX_POINT('',#5261);
#1547=VERTEX_POINT('',#5262);
#1548=VERTEX_POINT('',#5264);
#1549=VERTEX_POINT('',#5266);
#1550=VERTEX_POINT('',#5268);
#1551=VERTEX_POINT('',#5271);
#1552=VERTEX_POINT('',#5272);
#1553=VERTEX_POINT('',#5274);
#1554=VERTEX_POINT('',#5276);
#1555=VERTEX_POINT('',#5278);
#1556=VERTEX_POINT('',#5281);
#1557=VERTEX_POINT('',#5282);
#1558=VERTEX_POINT('',#5284);
#1559=VERTEX_POINT('',#5286);
#1560=VERTEX_POINT('',#5288);
#1561=VERTEX_POINT('',#5291);
#1562=VERTEX_POINT('',#5292);
#1563=VERTEX_POINT('',#5294);
#1564=VERTEX_POINT('',#5296);
#1565=VERTEX_POINT('',#5299);
#1566=VERTEX_POINT('',#5300);
#1567=VERTEX_POINT('',#5302);
#1568=VERTEX_POINT('',#5304);
#1569=VERTEX_POINT('',#5306);
#1570=VERTEX_POINT('',#5309);
#1571=VERTEX_POINT('',#5310);
#1572=VERTEX_POINT('',#5312);
#1573=VERTEX_POINT('',#5314);
#1574=VERTEX_POINT('',#5316);
#1575=VERTEX_POINT('',#5319);
#1576=VERTEX_POINT('',#5320);
#1577=VERTEX_POINT('',#5322);
#1578=VERTEX_POINT('',#5324);
#1579=VERTEX_POINT('',#5326);
#1580=VERTEX_POINT('',#5329);
#1581=VERTEX_POINT('',#5330);
#1582=VERTEX_POINT('',#5332);
#1583=VERTEX_POINT('',#5334);
#1584=VERTEX_POINT('',#5336);
#1585=VERTEX_POINT('',#5339);
#1586=VERTEX_POINT('',#5340);
#1587=VERTEX_POINT('',#5342);
#1588=VERTEX_POINT('',#5344);
#1589=VERTEX_POINT('',#5347);
#1590=VERTEX_POINT('',#5348);
#1591=VERTEX_POINT('',#5350);
#1592=VERTEX_POINT('',#5352);
#1593=VERTEX_POINT('',#5354);
#1594=VERTEX_POINT('',#5357);
#1595=VERTEX_POINT('',#5358);
#1596=VERTEX_POINT('',#5360);
#1597=VERTEX_POINT('',#5362);
#1598=VERTEX_POINT('',#5364);
#1599=VERTEX_POINT('',#5367);
#1600=VERTEX_POINT('',#5368);
#1601=VERTEX_POINT('',#5370);
#1602=VERTEX_POINT('',#5372);
#1603=VERTEX_POINT('',#5375);
#1604=VERTEX_POINT('',#5376);
#1605=VERTEX_POINT('',#5378);
#1606=VERTEX_POINT('',#5380);
#1607=VERTEX_POINT('',#5383);
#1608=VERTEX_POINT('',#5384);
#1609=VERTEX_POINT('',#5386);
#1610=VERTEX_POINT('',#5388);
#1611=VERTEX_POINT('',#5391);
#1612=VERTEX_POINT('',#5392);
#1613=VERTEX_POINT('',#5394);
#1614=VERTEX_POINT('',#5396);
#1615=VERTEX_POINT('',#5399);
#1616=VERTEX_POINT('',#5400);
#1617=VERTEX_POINT('',#5402);
#1618=VERTEX_POINT('',#5404);
#1619=VERTEX_POINT('',#5407);
#1620=VERTEX_POINT('',#5408);
#1621=VERTEX_POINT('',#5410);
#1622=VERTEX_POINT('',#5412);
#1623=VERTEX_POINT('',#5414);
#1624=VERTEX_POINT('',#5417);
#1625=VERTEX_POINT('',#5418);
#1626=VERTEX_POINT('',#5420);
#1627=VERTEX_POINT('',#5422);
#1628=VERTEX_POINT('',#5425);
#1629=VERTEX_POINT('',#5426);
#1630=VERTEX_POINT('',#5428);
#1631=VERTEX_POINT('',#5430);
#1632=VERTEX_POINT('',#5432);
#1633=VERTEX_POINT('',#5435);
#1634=VERTEX_POINT('',#5436);
#1635=VERTEX_POINT('',#5438);
#1636=VERTEX_POINT('',#5440);
#1637=VERTEX_POINT('',#5442);
#1638=VERTEX_POINT('',#5445);
#1639=VERTEX_POINT('',#5446);
#1640=VERTEX_POINT('',#5448);
#1641=VERTEX_POINT('',#5450);
#1642=VERTEX_POINT('',#5452);
#1643=VERTEX_POINT('',#5455);
#1644=VERTEX_POINT('',#5456);
#1645=VERTEX_POINT('',#5458);
#1646=VERTEX_POINT('',#5460);
#1647=VERTEX_POINT('',#5471);
#1648=VERTEX_POINT('',#5473);
#1649=VERTEX_POINT('',#5477);
#1650=VERTEX_POINT('',#5479);
#1651=VERTEX_POINT('',#5483);
#1652=VERTEX_POINT('',#5485);
#1653=VERTEX_POINT('',#5489);
#1654=VERTEX_POINT('',#5491);
#1655=VERTEX_POINT('',#5496);
#1656=VERTEX_POINT('',#5498);
#1657=VERTEX_POINT('',#5501);
#1658=VERTEX_POINT('',#5503);
#1659=VERTEX_POINT('',#5506);
#1660=VERTEX_POINT('',#5508);
#1661=VERTEX_POINT('',#5511);
#1662=VERTEX_POINT('',#5513);
#1663=VERTEX_POINT('',#5516);
#1664=VERTEX_POINT('',#5518);
#1665=VERTEX_POINT('',#5521);
#1666=VERTEX_POINT('',#5523);
#1667=VERTEX_POINT('',#5527);
#1668=VERTEX_POINT('',#5531);
#1669=VERTEX_POINT('',#5535);
#1670=VERTEX_POINT('',#5539);
#1671=VERTEX_POINT('',#5541);
#1672=VERTEX_POINT('',#5545);
#1673=VERTEX_POINT('',#5547);
#1674=VERTEX_POINT('',#5551);
#1675=VERTEX_POINT('',#5553);
#1676=VERTEX_POINT('',#5557);
#1677=VERTEX_POINT('',#5559);
#1678=VERTEX_POINT('',#5563);
#1679=VERTEX_POINT('',#5567);
#1680=VERTEX_POINT('',#5571);
#1681=VERTEX_POINT('',#5575);
#1682=VERTEX_POINT('',#5579);
#1683=VERTEX_POINT('',#5581);
#1684=VERTEX_POINT('',#5585);
#1685=VERTEX_POINT('',#5587);
#1686=VERTEX_POINT('',#5591);
#1687=VERTEX_POINT('',#5595);
#1688=VERTEX_POINT('',#5601);
#1689=VERTEX_POINT('',#5605);
#1690=VERTEX_POINT('',#5609);
#1691=VERTEX_POINT('',#5611);
#1692=VERTEX_POINT('',#5615);
#1693=VERTEX_POINT('',#5617);
#1694=VERTEX_POINT('',#5621);
#1695=VERTEX_POINT('',#5623);
#1696=VERTEX_POINT('',#5627);
#1697=VERTEX_POINT('',#5629);
#1698=VERTEX_POINT('',#5633);
#1699=VERTEX_POINT('',#5637);
#1700=VERTEX_POINT('',#5641);
#1701=VERTEX_POINT('',#5645);
#1702=VERTEX_POINT('',#5651);
#1703=VERTEX_POINT('',#5653);
#1704=VERTEX_POINT('',#5655);
#1705=VERTEX_POINT('',#5657);
#1706=VERTEX_POINT('',#5659);
#1707=VERTEX_POINT('',#5661);
#1708=VERTEX_POINT('',#5663);
#1709=VERTEX_POINT('',#5665);
#1710=VERTEX_POINT('',#5667);
#1711=VERTEX_POINT('',#5669);
#1712=VERTEX_POINT('',#5671);
#1713=VERTEX_POINT('',#5673);
#1714=VERTEX_POINT('',#5675);
#1715=VERTEX_POINT('',#5677);
#1716=VERTEX_POINT('',#5679);
#1717=VERTEX_POINT('',#5681);
#1718=VERTEX_POINT('',#5683);
#1719=VERTEX_POINT('',#5685);
#1720=VERTEX_POINT('',#5688);
#1721=VERTEX_POINT('',#5691);
#1722=VERTEX_POINT('',#5693);
#1723=VERTEX_POINT('',#5695);
#1724=VERTEX_POINT('',#5698);
#1725=VERTEX_POINT('',#5700);
#1726=VERTEX_POINT('',#5702);
#1727=VERTEX_POINT('',#5705);
#1728=VERTEX_POINT('',#5707);
#1729=VERTEX_POINT('',#5709);
#1730=VERTEX_POINT('',#5712);
#1731=VERTEX_POINT('',#5714);
#1732=VERTEX_POINT('',#5716);
#1733=VERTEX_POINT('',#5718);
#1734=VERTEX_POINT('',#5721);
#1735=VERTEX_POINT('',#5724);
#1736=VERTEX_POINT('',#5726);
#1737=VERTEX_POINT('',#5728);
#1738=VERTEX_POINT('',#5730);
#1739=VERTEX_POINT('',#5732);
#1740=VERTEX_POINT('',#5734);
#1741=VERTEX_POINT('',#5736);
#1742=VERTEX_POINT('',#5738);
#1743=VERTEX_POINT('',#5740);
#1744=VERTEX_POINT('',#5742);
#1745=VERTEX_POINT('',#5744);
#1746=VERTEX_POINT('',#5746);
#1747=VERTEX_POINT('',#5748);
#1748=VERTEX_POINT('',#5750);
#1749=VERTEX_POINT('',#5752);
#1750=VERTEX_POINT('',#5754);
#1751=VERTEX_POINT('',#5756);
#1752=VERTEX_POINT('',#5758);
#1753=VERTEX_POINT('',#5760);
#1754=VERTEX_POINT('',#5762);
#1755=VERTEX_POINT('',#5764);
#1756=VERTEX_POINT('',#5766);
#1757=VERTEX_POINT('',#5768);
#1758=VERTEX_POINT('',#5770);
#1759=VERTEX_POINT('',#5772);
#1760=VERTEX_POINT('',#5774);
#1761=VERTEX_POINT('',#5776);
#1762=VERTEX_POINT('',#5778);
#1763=VERTEX_POINT('',#5782);
#1764=VERTEX_POINT('',#5785);
#1765=VERTEX_POINT('',#5788);
#1766=VERTEX_POINT('',#5789);
#1767=VERTEX_POINT('',#5791);
#1768=VERTEX_POINT('',#5793);
#1769=VERTEX_POINT('',#5796);
#1770=VERTEX_POINT('',#5797);
#1771=VERTEX_POINT('',#5799);
#1772=VERTEX_POINT('',#5801);
#1773=VERTEX_POINT('',#5804);
#1774=VERTEX_POINT('',#5805);
#1775=VERTEX_POINT('',#5807);
#1776=VERTEX_POINT('',#5809);
#1777=VERTEX_POINT('',#5812);
#1778=VERTEX_POINT('',#5813);
#1779=VERTEX_POINT('',#5815);
#1780=VERTEX_POINT('',#5817);
#1781=VERTEX_POINT('',#5820);
#1782=VERTEX_POINT('',#5821);
#1783=VERTEX_POINT('',#5823);
#1784=VERTEX_POINT('',#5825);
#1785=VERTEX_POINT('',#5828);
#1786=VERTEX_POINT('',#5829);
#1787=VERTEX_POINT('',#5831);
#1788=VERTEX_POINT('',#5833);
#1789=VERTEX_POINT('',#5836);
#1790=VERTEX_POINT('',#5837);
#1791=VERTEX_POINT('',#5839);
#1792=VERTEX_POINT('',#5841);
#1793=VERTEX_POINT('',#5844);
#1794=VERTEX_POINT('',#5845);
#1795=VERTEX_POINT('',#5847);
#1796=VERTEX_POINT('',#5849);
#1797=VERTEX_POINT('',#5852);
#1798=VERTEX_POINT('',#5855);
#1799=VERTEX_POINT('',#5858);
#1800=VERTEX_POINT('',#5861);
#1801=VERTEX_POINT('',#5864);
#1802=VERTEX_POINT('',#5865);
#1803=VERTEX_POINT('',#5867);
#1804=VERTEX_POINT('',#5869);
#1805=VERTEX_POINT('',#6048);
#1806=VERTEX_POINT('',#6064);
#1807=VERTEX_POINT('',#6088);
#1808=VERTEX_POINT('',#6090);
#1809=VERTEX_POINT('',#6094);
#1810=VERTEX_POINT('',#6098);
#1811=EDGE_CURVE('',#1459,#1460,#1247,.T.);
#1812=EDGE_CURVE('',#1460,#1461,#1248,.T.);
#1813=EDGE_CURVE('',#1461,#1462,#1249,.T.);
#1814=EDGE_CURVE('',#1462,#1459,#1250,.T.);
#1815=EDGE_CURVE('',#1463,#1464,#1251,.T.);
#1816=EDGE_CURVE('',#1464,#1462,#123,.T.);
#1817=EDGE_CURVE('',#1461,#1463,#124,.T.);
#1818=EDGE_CURVE('',#1465,#1466,#1252,.T.);
#1819=EDGE_CURVE('',#1466,#1464,#1253,.T.);
#1820=EDGE_CURVE('',#1463,#1465,#1254,.T.);
#1821=EDGE_CURVE('',#1467,#1468,#1255,.T.);
#1822=EDGE_CURVE('',#1468,#1466,#125,.T.);
#1823=EDGE_CURVE('',#1465,#1467,#126,.T.);
#1824=EDGE_CURVE('',#1469,#1470,#1256,.T.);
#1825=EDGE_CURVE('',#1470,#1468,#1257,.T.);
#1826=EDGE_CURVE('',#1467,#1469,#1258,.T.);
#1827=EDGE_CURVE('',#1471,#1472,#1259,.T.);
#1828=EDGE_CURVE('',#1472,#1470,#127,.T.);
#1829=EDGE_CURVE('',#1469,#1471,#128,.T.);
#1830=EDGE_CURVE('',#1473,#1474,#1260,.T.);
#1831=EDGE_CURVE('',#1474,#1472,#1261,.T.);
#1832=EDGE_CURVE('',#1471,#1473,#1262,.T.);
#1833=EDGE_CURVE('',#1473,#1460,#129,.T.);
#1834=EDGE_CURVE('',#1459,#1474,#130,.T.);
#1835=EDGE_CURVE('',#1475,#1472,#131,.T.);
#1836=EDGE_CURVE('',#1475,#1476,#132,.T.);
#1837=EDGE_CURVE('',#1470,#1476,#133,.T.);
#1838=EDGE_CURVE('',#1474,#1477,#134,.T.);
#1839=EDGE_CURVE('',#1477,#1475,#1263,.T.);
#1840=EDGE_CURVE('',#1478,#1459,#135,.T.);
#1841=EDGE_CURVE('',#1478,#1477,#136,.T.);
#1842=EDGE_CURVE('',#1462,#1479,#137,.T.);
#1843=EDGE_CURVE('',#1479,#1478,#1264,.T.);
#1844=EDGE_CURVE('',#1480,#1481,#138,.T.);
#1845=EDGE_CURVE('',#1482,#1480,#139,.T.);
#1846=EDGE_CURVE('',#1483,#1482,#140,.T.);
#1847=EDGE_CURVE('',#1481,#1483,#141,.T.);
#1848=EDGE_CURVE('',#1484,#1479,#142,.T.);
#1849=EDGE_CURVE('',#1485,#1484,#1265,.T.);
#1850=EDGE_CURVE('',#1486,#1485,#143,.T.);
#1851=EDGE_CURVE('',#1476,#1486,#1266,.T.);
#1852=EDGE_CURVE('',#1487,#1488,#144,.T.);
#1853=EDGE_CURVE('',#1488,#1489,#145,.T.);
#1854=EDGE_CURVE('',#1490,#1489,#1267,.T.);
#1855=EDGE_CURVE('',#1491,#1490,#1268,.T.);
#1856=EDGE_CURVE('',#1487,#1491,#146,.T.);
#1857=EDGE_CURVE('',#1492,#1493,#147,.T.);
#1858=EDGE_CURVE('',#1494,#1493,#148,.T.);
#1859=EDGE_CURVE('',#1495,#1494,#1269,.T.);
#1860=EDGE_CURVE('',#1496,#1495,#1270,.T.);
#1861=EDGE_CURVE('',#1496,#1492,#149,.T.);
#1862=EDGE_CURVE('',#1497,#1498,#150,.T.);
#1863=EDGE_CURVE('',#1499,#1498,#1271,.T.);
#1864=EDGE_CURVE('',#1500,#1499,#1272,.T.);
#1865=EDGE_CURVE('',#1501,#1500,#151,.T.);
#1866=EDGE_CURVE('',#1501,#1497,#152,.T.);
#1867=EDGE_CURVE('',#1502,#1503,#153,.T.);
#1868=EDGE_CURVE('',#1504,#1502,#1273,.T.);
#1869=EDGE_CURVE('',#1505,#1504,#1274,.T.);
#1870=EDGE_CURVE('',#1505,#1506,#154,.T.);
#1871=EDGE_CURVE('',#1506,#1503,#155,.T.);
#1872=EDGE_CURVE('',#1507,#1508,#1275,.T.);
#1873=EDGE_CURVE('',#1509,#1507,#1276,.T.);
#1874=EDGE_CURVE('',#1510,#1509,#1277,.T.);
#1875=EDGE_CURVE('',#1508,#1510,#1278,.T.);
#1876=EDGE_CURVE('',#1511,#1512,#1279,.T.);
#1877=EDGE_CURVE('',#1513,#1511,#1280,.T.);
#1878=EDGE_CURVE('',#1514,#1513,#1281,.T.);
#1879=EDGE_CURVE('',#1512,#1514,#1282,.T.);
#1880=EDGE_CURVE('',#1515,#1516,#1283,.T.);
#1881=EDGE_CURVE('',#1517,#1515,#1284,.T.);
#1882=EDGE_CURVE('',#1518,#1517,#1285,.T.);
#1883=EDGE_CURVE('',#1516,#1518,#1286,.T.);
#1884=EDGE_CURVE('',#1519,#1520,#1287,.T.);
#1885=EDGE_CURVE('',#1521,#1519,#1288,.T.);
#1886=EDGE_CURVE('',#1522,#1521,#1289,.T.);
#1887=EDGE_CURVE('',#1520,#1522,#1290,.T.);
#1888=EDGE_CURVE('',#1523,#1524,#156,.T.);
#1889=EDGE_CURVE('',#1524,#1525,#157,.T.);
#1890=EDGE_CURVE('',#1526,#1525,#158,.T.);
#1891=EDGE_CURVE('',#1527,#1526,#1291,.T.);
#1892=EDGE_CURVE('',#1523,#1527,#1292,.T.);
#1893=EDGE_CURVE('',#1528,#1529,#1293,.T.);
#1894=EDGE_CURVE('',#1530,#1528,#1294,.T.);
#1895=EDGE_CURVE('',#1531,#1530,#1295,.T.);
#1896=EDGE_CURVE('',#1529,#1531,#1296,.T.);
#1897=EDGE_CURVE('',#1532,#1533,#1297,.T.);
#1898=EDGE_CURVE('',#1534,#1532,#1298,.T.);
#1899=EDGE_CURVE('',#1534,#1535,#159,.T.);
#1900=EDGE_CURVE('',#1535,#1536,#160,.T.);
#1901=EDGE_CURVE('',#1533,#1536,#161,.T.);
#1902=EDGE_CURVE('',#1537,#1538,#1299,.T.);
#1903=EDGE_CURVE('',#1539,#1537,#1300,.T.);
#1904=EDGE_CURVE('',#1540,#1539,#1301,.T.);
#1905=EDGE_CURVE('',#1538,#1540,#1302,.T.);
#1906=EDGE_CURVE('',#1541,#1542,#162,.T.);
#1907=EDGE_CURVE('',#1542,#1543,#163,.T.);
#1908=EDGE_CURVE('',#1544,#1543,#1303,.T.);
#1909=EDGE_CURVE('',#1545,#1544,#1304,.T.);
#1910=EDGE_CURVE('',#1541,#1545,#164,.T.);
#1911=EDGE_CURVE('',#1546,#1547,#165,.T.);
#1912=EDGE_CURVE('',#1548,#1546,#1305,.T.);
#1913=EDGE_CURVE('',#1549,#1548,#166,.T.);
#1914=EDGE_CURVE('',#1549,#1550,#167,.T.);
#1915=EDGE_CURVE('',#1550,#1547,#168,.T.);
#1916=EDGE_CURVE('',#1551,#1552,#169,.T.);
#1917=EDGE_CURVE('',#1551,#1553,#170,.T.);
#1918=EDGE_CURVE('',#1553,#1554,#171,.T.);
#1919=EDGE_CURVE('',#1555,#1554,#1306,.T.);
#1920=EDGE_CURVE('',#1552,#1555,#1307,.T.);
#1921=EDGE_CURVE('',#1556,#1557,#1308,.T.);
#1922=EDGE_CURVE('',#1558,#1556,#1309,.T.);
#1923=EDGE_CURVE('',#1559,#1558,#172,.T.);
#1924=EDGE_CURVE('',#1559,#1560,#173,.T.);
#1925=EDGE_CURVE('',#1560,#1557,#174,.T.);
#1926=EDGE_CURVE('',#1561,#1562,#1310,.T.);
#1927=EDGE_CURVE('',#1563,#1561,#1311,.T.);
#1928=EDGE_CURVE('',#1564,#1563,#1312,.T.);
#1929=EDGE_CURVE('',#1562,#1564,#1313,.T.);
#1930=EDGE_CURVE('',#1565,#1566,#175,.T.);
#1931=EDGE_CURVE('',#1565,#1567,#176,.T.);
#1932=EDGE_CURVE('',#1567,#1568,#177,.T.);
#1933=EDGE_CURVE('',#1569,#1568,#1314,.T.);
#1934=EDGE_CURVE('',#1566,#1569,#1315,.T.);
#1935=EDGE_CURVE('',#1570,#1571,#178,.T.);
#1936=EDGE_CURVE('',#1571,#1572,#179,.T.);
#1937=EDGE_CURVE('',#1572,#1573,#180,.T.);
#1938=EDGE_CURVE('',#1574,#1573,#181,.T.);
#1939=EDGE_CURVE('',#1570,#1574,#1316,.T.);
#1940=EDGE_CURVE('',#1575,#1576,#1317,.T.);
#1941=EDGE_CURVE('',#1575,#1577,#182,.T.);
#1942=EDGE_CURVE('',#1577,#1578,#183,.T.);
#1943=EDGE_CURVE('',#1579,#1578,#184,.T.);
#1944=EDGE_CURVE('',#1576,#1579,#1318,.T.);
#1945=EDGE_CURVE('',#1580,#1581,#185,.T.);
#1946=EDGE_CURVE('',#1582,#1580,#1319,.T.);
#1947=EDGE_CURVE('',#1583,#1582,#1320,.T.);
#1948=EDGE_CURVE('',#1583,#1584,#186,.T.);
#1949=EDGE_CURVE('',#1584,#1581,#187,.T.);
#1950=EDGE_CURVE('',#1585,#1586,#1321,.T.);
#1951=EDGE_CURVE('',#1587,#1585,#1322,.T.);
#1952=EDGE_CURVE('',#1588,#1587,#1323,.T.);
#1953=EDGE_CURVE('',#1586,#1588,#1324,.T.);
#1954=EDGE_CURVE('',#1589,#1590,#188,.T.);
#1955=EDGE_CURVE('',#1589,#1591,#189,.T.);
#1956=EDGE_CURVE('',#1591,#1592,#190,.T.);
#1957=EDGE_CURVE('',#1593,#1592,#1325,.T.);
#1958=EDGE_CURVE('',#1590,#1593,#1326,.T.);
#1959=EDGE_CURVE('',#1594,#1595,#1327,.T.);
#1960=EDGE_CURVE('',#1596,#1594,#191,.T.);
#1961=EDGE_CURVE('',#1596,#1597,#192,.T.);
#1962=EDGE_CURVE('',#1597,#1598,#193,.T.);
#1963=EDGE_CURVE('',#1595,#1598,#1328,.T.);
#1964=EDGE_CURVE('',#1599,#1600,#1329,.T.);
#1965=EDGE_CURVE('',#1601,#1599,#1330,.T.);
#1966=EDGE_CURVE('',#1602,#1601,#1331,.T.);
#1967=EDGE_CURVE('',#1600,#1602,#1332,.T.);
#1968=EDGE_CURVE('',#1603,#1604,#1333,.T.);
#1969=EDGE_CURVE('',#1605,#1603,#1334,.T.);
#1970=EDGE_CURVE('',#1606,#1605,#1335,.T.);
#1971=EDGE_CURVE('',#1604,#1606,#1336,.T.);
#1972=EDGE_CURVE('',#1607,#1608,#1337,.T.);
#1973=EDGE_CURVE('',#1609,#1607,#1338,.T.);
#1974=EDGE_CURVE('',#1610,#1609,#1339,.T.);
#1975=EDGE_CURVE('',#1608,#1610,#1340,.T.);
#1976=EDGE_CURVE('',#1611,#1612,#1341,.T.);
#1977=EDGE_CURVE('',#1613,#1611,#1342,.T.);
#1978=EDGE_CURVE('',#1614,#1613,#1343,.T.);
#1979=EDGE_CURVE('',#1612,#1614,#1344,.T.);
#1980=EDGE_CURVE('',#1615,#1616,#1345,.T.);
#1981=EDGE_CURVE('',#1617,#1615,#1346,.T.);
#1982=EDGE_CURVE('',#1618,#1617,#1347,.T.);
#1983=EDGE_CURVE('',#1616,#1618,#1348,.T.);
#1984=EDGE_CURVE('',#1619,#1620,#194,.T.);
#1985=EDGE_CURVE('',#1620,#1621,#195,.T.);
#1986=EDGE_CURVE('',#1622,#1621,#196,.T.);
#1987=EDGE_CURVE('',#1623,#1622,#1349,.T.);
#1988=EDGE_CURVE('',#1619,#1623,#1350,.T.);
#1989=EDGE_CURVE('',#1624,#1625,#1351,.T.);
#1990=EDGE_CURVE('',#1626,#1624,#1352,.T.);
#1991=EDGE_CURVE('',#1627,#1626,#1353,.T.);
#1992=EDGE_CURVE('',#1625,#1627,#1354,.T.);
#1993=EDGE_CURVE('',#1628,#1629,#1355,.T.);
#1994=EDGE_CURVE('',#1628,#1630,#197,.T.);
#1995=EDGE_CURVE('',#1630,#1631,#198,.T.);
#1996=EDGE_CURVE('',#1632,#1631,#199,.T.);
#1997=EDGE_CURVE('',#1629,#1632,#1356,.T.);
#1998=EDGE_CURVE('',#1633,#1634,#200,.T.);
#1999=EDGE_CURVE('',#1635,#1634,#1357,.T.);
#2000=EDGE_CURVE('',#1636,#1635,#201,.T.);
#2001=EDGE_CURVE('',#1636,#1637,#202,.T.);
#2002=EDGE_CURVE('',#1637,#1633,#203,.T.);
#2003=EDGE_CURVE('',#1638,#1639,#204,.T.);
#2004=EDGE_CURVE('',#1639,#1640,#205,.T.);
#2005=EDGE_CURVE('',#1640,#1641,#206,.T.);
#2006=EDGE_CURVE('',#1642,#1641,#1358,.T.);
#2007=EDGE_CURVE('',#1642,#1638,#207,.T.);
#2008=EDGE_CURVE('',#1643,#1644,#1359,.T.);
#2009=EDGE_CURVE('',#1645,#1643,#1360,.T.);
#2010=EDGE_CURVE('',#1646,#1645,#1361,.T.);
#2011=EDGE_CURVE('',#1644,#1646,#1362,.T.);
#2012=EDGE_CURVE('',#1486,#1468,#208,.T.);
#2013=EDGE_CURVE('',#1466,#1485,#209,.T.);
#2014=EDGE_CURVE('',#1484,#1464,#210,.T.);
#2015=EDGE_CURVE('',#1492,#1647,#211,.T.);
#2016=EDGE_CURVE('',#1648,#1496,#212,.T.);
#2017=EDGE_CURVE('',#1647,#1648,#213,.T.);
#2018=EDGE_CURVE('',#1649,#1503,#214,.T.);
#2019=EDGE_CURVE('',#1650,#1649,#215,.T.);
#2020=EDGE_CURVE('',#1502,#1650,#216,.T.);
#2021=EDGE_CURVE('',#1487,#1651,#217,.T.);
#2022=EDGE_CURVE('',#1652,#1491,#218,.T.);
#2023=EDGE_CURVE('',#1651,#1652,#219,.T.);
#2024=EDGE_CURVE('',#1653,#1497,#220,.T.);
#2025=EDGE_CURVE('',#1654,#1653,#221,.T.);
#2026=EDGE_CURVE('',#1498,#1654,#222,.T.);
#2027=EDGE_CURVE('',#1651,#1653,#223,.T.);
#2028=EDGE_CURVE('',#1501,#1655,#224,.T.);
#2029=EDGE_CURVE('',#1655,#1656,#225,.T.);
#2030=EDGE_CURVE('',#1656,#1633,#226,.T.);
#2031=EDGE_CURVE('',#1637,#1657,#227,.T.);
#2032=EDGE_CURVE('',#1657,#1658,#228,.T.);
#2033=EDGE_CURVE('',#1658,#1550,#229,.T.);
#2034=EDGE_CURVE('',#1549,#1659,#230,.T.);
#2035=EDGE_CURVE('',#1659,#1660,#231,.T.);
#2036=EDGE_CURVE('',#1660,#1591,#232,.T.);
#2037=EDGE_CURVE('',#1589,#1661,#233,.T.);
#2038=EDGE_CURVE('',#1661,#1662,#234,.T.);
#2039=EDGE_CURVE('',#1662,#1597,#235,.T.);
#2040=EDGE_CURVE('',#1596,#1663,#236,.T.);
#2041=EDGE_CURVE('',#1663,#1664,#237,.T.);
#2042=EDGE_CURVE('',#1664,#1542,#238,.T.);
#2043=EDGE_CURVE('',#1541,#1665,#239,.T.);
#2044=EDGE_CURVE('',#1665,#1666,#240,.T.);
#2045=EDGE_CURVE('',#1666,#1488,#241,.T.);
#2046=EDGE_CURVE('',#1490,#1667,#242,.T.);
#2047=EDGE_CURVE('',#1652,#1667,#1363,.T.);
#2048=EDGE_CURVE('',#1668,#1654,#1364,.T.);
#2049=EDGE_CURVE('',#1499,#1668,#243,.T.);
#2050=EDGE_CURVE('',#1669,#1650,#1365,.T.);
#2051=EDGE_CURVE('',#1669,#1504,#244,.T.);
#2052=EDGE_CURVE('',#1670,#1516,#245,.T.);
#2053=EDGE_CURVE('',#1671,#1670,#1366,.T.);
#2054=EDGE_CURVE('',#1515,#1671,#246,.T.);
#2055=EDGE_CURVE('',#1512,#1672,#247,.T.);
#2056=EDGE_CURVE('',#1673,#1514,#248,.T.);
#2057=EDGE_CURVE('',#1672,#1673,#1367,.T.);
#2058=EDGE_CURVE('',#1508,#1674,#249,.T.);
#2059=EDGE_CURVE('',#1675,#1510,#250,.T.);
#2060=EDGE_CURVE('',#1674,#1675,#1368,.T.);
#2061=EDGE_CURVE('',#1676,#1644,#251,.T.);
#2062=EDGE_CURVE('',#1677,#1676,#1369,.T.);
#2063=EDGE_CURVE('',#1643,#1677,#252,.T.);
#2064=EDGE_CURVE('',#1678,#1674,#1370,.T.);
#2065=EDGE_CURVE('',#1678,#1507,#253,.T.);
#2066=EDGE_CURVE('',#1679,#1672,#1371,.T.);
#2067=EDGE_CURVE('',#1511,#1679,#254,.T.);
#2068=EDGE_CURVE('',#1680,#1677,#1372,.T.);
#2069=EDGE_CURVE('',#1680,#1645,#255,.T.);
#2070=EDGE_CURVE('',#1681,#1671,#1373,.T.);
#2071=EDGE_CURVE('',#1681,#1517,#256,.T.);
#2072=EDGE_CURVE('',#1638,#1682,#257,.T.);
#2073=EDGE_CURVE('',#1683,#1642,#258,.T.);
#2074=EDGE_CURVE('',#1682,#1683,#259,.T.);
#2075=EDGE_CURVE('',#1684,#1493,#260,.T.);
#2076=EDGE_CURVE('',#1685,#1684,#261,.T.);
#2077=EDGE_CURVE('',#1494,#1685,#262,.T.);
#2078=EDGE_CURVE('',#1686,#1500,#263,.T.);
#2079=EDGE_CURVE('',#1655,#1686,#264,.T.);
#2080=EDGE_CURVE('',#1687,#1656,#265,.T.);
#2081=EDGE_CURVE('',#1634,#1687,#266,.T.);
#2082=EDGE_CURVE('',#1686,#1668,#1374,.T.);
#2083=EDGE_CURVE('',#1688,#1687,#1375,.T.);
#2084=EDGE_CURVE('',#1688,#1635,#267,.T.);
#2085=EDGE_CURVE('',#1689,#1685,#1376,.T.);
#2086=EDGE_CURVE('',#1495,#1689,#268,.T.);
#2087=EDGE_CURVE('',#1690,#1520,#269,.T.);
#2088=EDGE_CURVE('',#1691,#1690,#1377,.T.);
#2089=EDGE_CURVE('',#1519,#1691,#270,.T.);
#2090=EDGE_CURVE('',#1619,#1692,#271,.T.);
#2091=EDGE_CURVE('',#1693,#1623,#272,.T.);
#2092=EDGE_CURVE('',#1692,#1693,#1378,.T.);
#2093=EDGE_CURVE('',#1629,#1694,#273,.T.);
#2094=EDGE_CURVE('',#1695,#1632,#274,.T.);
#2095=EDGE_CURVE('',#1694,#1695,#1379,.T.);
#2096=EDGE_CURVE('',#1696,#1625,#275,.T.);
#2097=EDGE_CURVE('',#1697,#1696,#1380,.T.);
#2098=EDGE_CURVE('',#1624,#1697,#276,.T.);
#2099=EDGE_CURVE('',#1698,#1694,#1381,.T.);
#2100=EDGE_CURVE('',#1698,#1628,#277,.T.);
#2101=EDGE_CURVE('',#1699,#1697,#1382,.T.);
#2102=EDGE_CURVE('',#1626,#1699,#278,.T.);
#2103=EDGE_CURVE('',#1700,#1692,#279,.T.);
#2104=EDGE_CURVE('',#1620,#1700,#280,.T.);
#2105=EDGE_CURVE('',#1701,#1691,#1383,.T.);
#2106=EDGE_CURVE('',#1701,#1521,#281,.T.);
#2107=EDGE_CURVE('',#1648,#1689,#1384,.T.);
#2108=EDGE_CURVE('',#1682,#1684,#282,.T.);
#2109=EDGE_CURVE('',#1683,#1702,#1385,.T.);
#2110=EDGE_CURVE('',#1702,#1703,#283,.T.);
#2111=EDGE_CURVE('',#1704,#1703,#284,.T.);
#2112=EDGE_CURVE('',#1704,#1705,#285,.T.);
#2113=EDGE_CURVE('',#1705,#1706,#1386,.T.);
#2114=EDGE_CURVE('',#1706,#1707,#1387,.T.);
#2115=EDGE_CURVE('',#1707,#1708,#286,.T.);
#2116=EDGE_CURVE('',#1709,#1708,#287,.T.);
#2117=EDGE_CURVE('',#1709,#1710,#288,.T.);
#2118=EDGE_CURVE('',#1710,#1711,#1388,.T.);
#2119=EDGE_CURVE('',#1711,#1712,#1389,.T.);
#2120=EDGE_CURVE('',#1712,#1713,#289,.T.);
#2121=EDGE_CURVE('',#1714,#1713,#290,.T.);
#2122=EDGE_CURVE('',#1714,#1715,#291,.T.);
#2123=EDGE_CURVE('',#1715,#1716,#1390,.T.);
#2124=EDGE_CURVE('',#1716,#1717,#1391,.T.);
#2125=EDGE_CURVE('',#1717,#1718,#292,.T.);
#2126=EDGE_CURVE('',#1719,#1718,#293,.T.);
#2127=EDGE_CURVE('',#1719,#1688,#294,.T.);
#2128=EDGE_CURVE('',#1667,#1720,#1392,.T.);
#2129=EDGE_CURVE('',#1720,#1666,#295,.T.);
#2130=EDGE_CURVE('',#1665,#1721,#296,.T.);
#2131=EDGE_CURVE('',#1721,#1722,#1393,.T.);
#2132=EDGE_CURVE('',#1722,#1723,#1394,.T.);
#2133=EDGE_CURVE('',#1723,#1664,#297,.T.);
#2134=EDGE_CURVE('',#1663,#1724,#298,.T.);
#2135=EDGE_CURVE('',#1724,#1725,#1395,.T.);
#2136=EDGE_CURVE('',#1725,#1726,#1396,.T.);
#2137=EDGE_CURVE('',#1726,#1662,#299,.T.);
#2138=EDGE_CURVE('',#1661,#1727,#300,.T.);
#2139=EDGE_CURVE('',#1727,#1728,#1397,.T.);
#2140=EDGE_CURVE('',#1728,#1729,#1398,.T.);
#2141=EDGE_CURVE('',#1729,#1660,#301,.T.);
#2142=EDGE_CURVE('',#1659,#1730,#302,.T.);
#2143=EDGE_CURVE('',#1730,#1731,#1399,.T.);
#2144=EDGE_CURVE('',#1731,#1732,#303,.T.);
#2145=EDGE_CURVE('',#1733,#1732,#304,.T.);
#2146=EDGE_CURVE('',#1733,#1698,#305,.T.);
#2147=EDGE_CURVE('',#1695,#1734,#306,.T.);
#2148=EDGE_CURVE('',#1700,#1734,#307,.T.);
#2149=EDGE_CURVE('',#1693,#1735,#1400,.T.);
#2150=EDGE_CURVE('',#1735,#1736,#308,.T.);
#2151=EDGE_CURVE('',#1737,#1736,#309,.T.);
#2152=EDGE_CURVE('',#1737,#1738,#310,.T.);
#2153=EDGE_CURVE('',#1738,#1739,#1401,.T.);
#2154=EDGE_CURVE('',#1739,#1740,#1402,.T.);
#2155=EDGE_CURVE('',#1740,#1741,#311,.T.);
#2156=EDGE_CURVE('',#1742,#1741,#312,.T.);
#2157=EDGE_CURVE('',#1742,#1743,#313,.T.);
#2158=EDGE_CURVE('',#1743,#1744,#1403,.T.);
#2159=EDGE_CURVE('',#1744,#1745,#314,.T.);
#2160=EDGE_CURVE('',#1746,#1745,#315,.T.);
#2161=EDGE_CURVE('',#1746,#1747,#316,.T.);
#2162=EDGE_CURVE('',#1747,#1748,#1404,.T.);
#2163=EDGE_CURVE('',#1748,#1749,#1405,.T.);
#2164=EDGE_CURVE('',#1749,#1750,#317,.T.);
#2165=EDGE_CURVE('',#1751,#1750,#318,.T.);
#2166=EDGE_CURVE('',#1751,#1752,#319,.T.);
#2167=EDGE_CURVE('',#1752,#1753,#1406,.T.);
#2168=EDGE_CURVE('',#1753,#1754,#1407,.T.);
#2169=EDGE_CURVE('',#1754,#1755,#320,.T.);
#2170=EDGE_CURVE('',#1756,#1755,#321,.T.);
#2171=EDGE_CURVE('',#1756,#1757,#322,.T.);
#2172=EDGE_CURVE('',#1757,#1758,#1408,.T.);
#2173=EDGE_CURVE('',#1758,#1759,#1409,.T.);
#2174=EDGE_CURVE('',#1759,#1760,#323,.T.);
#2175=EDGE_CURVE('',#1761,#1760,#324,.T.);
#2176=EDGE_CURVE('',#1761,#1762,#325,.T.);
#2177=EDGE_CURVE('',#1762,#1669,#1410,.T.);
#2178=EDGE_CURVE('',#1647,#1649,#326,.T.);
#2179=EDGE_CURVE('',#1696,#1763,#1411,.T.);
#2180=EDGE_CURVE('',#1763,#1699,#1412,.T.);
#2181=EDGE_CURVE('',#1690,#1764,#1413,.T.);
#2182=EDGE_CURVE('',#1764,#1701,#1414,.T.);
#2183=EDGE_CURVE('',#1765,#1766,#1415,.T.);
#2184=EDGE_CURVE('',#1766,#1767,#1416,.T.);
#2185=EDGE_CURVE('',#1767,#1768,#1417,.T.);
#2186=EDGE_CURVE('',#1768,#1765,#1418,.T.);
#2187=EDGE_CURVE('',#1769,#1770,#1419,.T.);
#2188=EDGE_CURVE('',#1770,#1771,#1420,.T.);
#2189=EDGE_CURVE('',#1771,#1772,#1421,.T.);
#2190=EDGE_CURVE('',#1772,#1769,#1422,.T.);
#2191=EDGE_CURVE('',#1773,#1774,#1423,.T.);
#2192=EDGE_CURVE('',#1774,#1775,#1424,.T.);
#2193=EDGE_CURVE('',#1775,#1776,#1425,.T.);
#2194=EDGE_CURVE('',#1776,#1773,#1426,.T.);
#2195=EDGE_CURVE('',#1777,#1778,#1427,.T.);
#2196=EDGE_CURVE('',#1778,#1779,#1428,.T.);
#2197=EDGE_CURVE('',#1779,#1780,#1429,.T.);
#2198=EDGE_CURVE('',#1780,#1777,#1430,.T.);
#2199=EDGE_CURVE('',#1781,#1782,#1431,.T.);
#2200=EDGE_CURVE('',#1782,#1783,#1432,.T.);
#2201=EDGE_CURVE('',#1783,#1784,#1433,.T.);
#2202=EDGE_CURVE('',#1784,#1781,#1434,.T.);
#2203=EDGE_CURVE('',#1785,#1786,#1435,.T.);
#2204=EDGE_CURVE('',#1786,#1787,#1436,.T.);
#2205=EDGE_CURVE('',#1787,#1788,#1437,.T.);
#2206=EDGE_CURVE('',#1788,#1785,#1438,.T.);
#2207=EDGE_CURVE('',#1789,#1790,#1439,.T.);
#2208=EDGE_CURVE('',#1790,#1791,#1440,.T.);
#2209=EDGE_CURVE('',#1791,#1792,#1441,.T.);
#2210=EDGE_CURVE('',#1792,#1789,#1442,.T.);
#2211=EDGE_CURVE('',#1793,#1794,#1443,.T.);
#2212=EDGE_CURVE('',#1794,#1795,#1444,.T.);
#2213=EDGE_CURVE('',#1795,#1796,#1445,.T.);
#2214=EDGE_CURVE('',#1796,#1793,#1446,.T.);
#2215=EDGE_CURVE('',#1673,#1797,#1447,.T.);
#2216=EDGE_CURVE('',#1797,#1679,#1448,.T.);
#2217=EDGE_CURVE('',#1675,#1798,#1449,.T.);
#2218=EDGE_CURVE('',#1798,#1678,#1450,.T.);
#2219=EDGE_CURVE('',#1676,#1799,#1451,.T.);
#2220=EDGE_CURVE('',#1799,#1680,#1452,.T.);
#2221=EDGE_CURVE('',#1670,#1800,#1453,.T.);
#2222=EDGE_CURVE('',#1800,#1681,#1454,.T.);
#2223=EDGE_CURVE('',#1801,#1802,#1455,.T.);
#2224=EDGE_CURVE('',#1802,#1803,#1456,.T.);
#2225=EDGE_CURVE('',#1803,#1804,#1457,.T.);
#2226=EDGE_CURVE('',#1804,#1801,#1458,.T.);
#2227=EDGE_CURVE('',#1529,#1789,#327,.T.);
#2228=EDGE_CURVE('',#1790,#1531,#328,.T.);
#2229=EDGE_CURVE('',#1765,#1616,#329,.T.);
#2230=EDGE_CURVE('',#1615,#1768,#330,.T.);
#2231=EDGE_CURVE('',#1523,#1752,#331,.T.);
#2232=EDGE_CURVE('',#1753,#1527,#332,.T.);
#2233=EDGE_CURVE('',#1749,#1533,#333,.T.);
#2234=EDGE_CURVE('',#1532,#1748,#334,.T.);
#2235=EDGE_CURVE('',#1750,#1536,#335,.T.);
#2236=EDGE_CURVE('',#1754,#1526,#336,.T.);
#2237=EDGE_CURVE('',#1766,#1618,#337,.T.);
#2238=EDGE_CURVE('',#1530,#1791,#338,.T.);
#2239=EDGE_CURVE('',#1769,#1608,#339,.T.);
#2240=EDGE_CURVE('',#1607,#1772,#340,.T.);
#2241=EDGE_CURVE('',#1798,#1509,#341,.T.);
#2242=EDGE_CURVE('',#1773,#1612,#342,.T.);
#2243=EDGE_CURVE('',#1611,#1776,#343,.T.);
#2244=EDGE_CURVE('',#1774,#1614,#344,.T.);
#2245=EDGE_CURVE('',#1610,#1770,#345,.T.);
#2246=EDGE_CURVE('',#1793,#1600,#346,.T.);
#2247=EDGE_CURVE('',#1599,#1796,#347,.T.);
#2248=EDGE_CURVE('',#1604,#1777,#348,.T.);
#2249=EDGE_CURVE('',#1778,#1606,#349,.T.);
#2250=EDGE_CURVE('',#1764,#1522,#350,.T.);
#2251=EDGE_CURVE('',#1605,#1779,#351,.T.);
#2252=EDGE_CURVE('',#1794,#1602,#352,.T.);
#2253=EDGE_CURVE('',#1590,#1727,#353,.T.);
#2254=EDGE_CURVE('',#1728,#1593,#354,.T.);
#2255=EDGE_CURVE('',#1595,#1725,#355,.T.);
#2256=EDGE_CURVE('',#1726,#1598,#356,.T.);
#2257=EDGE_CURVE('',#1627,#1763,#357,.T.);
#2258=EDGE_CURVE('',#1795,#1601,#358,.T.);
#2259=EDGE_CURVE('',#1592,#1729,#359,.T.);
#2260=EDGE_CURVE('',#1586,#1785,#360,.T.);
#2261=EDGE_CURVE('',#1786,#1588,#361,.T.);
#2262=EDGE_CURVE('',#1781,#1538,#362,.T.);
#2263=EDGE_CURVE('',#1537,#1784,#363,.T.);
#2264=EDGE_CURVE('',#1513,#1797,#364,.T.);
#2265=EDGE_CURVE('',#1782,#1540,#365,.T.);
#2266=EDGE_CURVE('',#1775,#1613,#366,.T.);
#2267=EDGE_CURVE('',#1587,#1787,#367,.T.);
#2268=EDGE_CURVE('',#1489,#1720,#368,.T.);
#2269=EDGE_CURVE('',#1506,#1761,#369,.T.);
#2270=EDGE_CURVE('',#1762,#1505,#370,.T.);
#2271=EDGE_CURVE('',#1721,#1545,#371,.T.);
#2272=EDGE_CURVE('',#1760,#1581,#372,.T.);
#2273=EDGE_CURVE('',#1580,#1759,#373,.T.);
#2274=EDGE_CURVE('',#1539,#1783,#374,.T.);
#2275=EDGE_CURVE('',#1758,#1582,#375,.T.);
#2276=EDGE_CURVE('',#1609,#1771,#376,.T.);
#2277=EDGE_CURVE('',#1722,#1544,#377,.T.);
#2278=EDGE_CURVE('',#1780,#1603,#378,.T.);
#2279=EDGE_CURVE('',#1792,#1528,#379,.T.);
#2280=EDGE_CURVE('',#1585,#1788,#380,.T.);
#2281=EDGE_CURVE('',#1583,#1757,#381,.T.);
#2282=EDGE_CURVE('',#1755,#1525,#382,.T.);
#2283=EDGE_CURVE('',#1584,#1756,#383,.T.);
#2284=EDGE_CURVE('',#1724,#1594,#384,.T.);
#2285=EDGE_CURVE('',#1543,#1723,#385,.T.);
#2286=EDGE_CURVE('',#1534,#1747,#386,.T.);
#2287=EDGE_CURVE('',#1570,#1743,#387,.T.);
#2288=EDGE_CURVE('',#1744,#1574,#388,.T.);
#2289=EDGE_CURVE('',#1576,#1739,#389,.T.);
#2290=EDGE_CURVE('',#1740,#1579,#390,.T.);
#2291=EDGE_CURVE('',#1575,#1738,#391,.T.);
#2292=EDGE_CURVE('',#1571,#1742,#392,.T.);
#2293=EDGE_CURVE('',#1535,#1746,#393,.T.);
#2294=EDGE_CURVE('',#1617,#1767,#394,.T.);
#2295=EDGE_CURVE('',#1735,#1622,#395,.T.);
#2296=EDGE_CURVE('',#1736,#1621,#396,.T.);
#2297=EDGE_CURVE('',#1799,#1646,#397,.T.);
#2298=EDGE_CURVE('',#1566,#1705,#398,.T.);
#2299=EDGE_CURVE('',#1706,#1569,#399,.T.);
#2300=EDGE_CURVE('',#1702,#1641,#400,.T.);
#2301=EDGE_CURVE('',#1801,#1562,#401,.T.);
#2302=EDGE_CURVE('',#1561,#1804,#402,.T.);
#2303=EDGE_CURVE('',#1564,#1802,#403,.T.);
#2304=EDGE_CURVE('',#1703,#1640,#404,.T.);
#2305=EDGE_CURVE('',#1568,#1707,#405,.T.);
#2306=EDGE_CURVE('',#1557,#1717,#406,.T.);
#2307=EDGE_CURVE('',#1718,#1560,#407,.T.);
#2308=EDGE_CURVE('',#1630,#1733,#408,.T.);
#2309=EDGE_CURVE('',#1636,#1719,#409,.T.);
#2310=EDGE_CURVE('',#1732,#1547,#410,.T.);
#2311=EDGE_CURVE('',#1546,#1731,#411,.T.);
#2312=EDGE_CURVE('',#1730,#1548,#412,.T.);
#2313=EDGE_CURVE('',#1741,#1578,#413,.T.);
#2314=EDGE_CURVE('',#1565,#1704,#414,.T.);
#2315=EDGE_CURVE('',#1559,#1714,#415,.T.);
#2316=EDGE_CURVE('',#1713,#1553,#416,.T.);
#2317=EDGE_CURVE('',#1551,#1709,#417,.T.);
#2318=EDGE_CURVE('',#1708,#1567,#418,.T.);
#2319=EDGE_CURVE('',#1805,#1639,#419,.T.);
#2320=EDGE_CURVE('',#1805,#1657,#420,.T.);
#2321=EDGE_CURVE('',#1745,#1573,#421,.T.);
#2322=EDGE_CURVE('',#1556,#1716,#422,.T.);
#2323=EDGE_CURVE('',#1577,#1737,#423,.T.);
#2324=EDGE_CURVE('',#1710,#1552,#424,.T.);
#2325=EDGE_CURVE('',#1711,#1555,#425,.T.);
#2326=EDGE_CURVE('',#1658,#1806,#426,.T.);
#2327=EDGE_CURVE('',#1806,#1572,#427,.T.);
#2328=EDGE_CURVE('',#1734,#1631,#428,.T.);
#2329=EDGE_CURVE('',#1563,#1803,#429,.T.);
#2330=EDGE_CURVE('',#1518,#1800,#430,.T.);
#2331=EDGE_CURVE('',#1554,#1712,#431,.T.);
#2332=EDGE_CURVE('',#1715,#1558,#432,.T.);
#2333=EDGE_CURVE('',#1524,#1751,#433,.T.);
#2334=EDGE_CURVE('',#1806,#1805,#434,.T.);
#2335=EDGE_CURVE('',#1807,#1480,#435,.T.);
#2336=EDGE_CURVE('',#1808,#1481,#436,.T.);
#2337=EDGE_CURVE('',#1808,#1807,#437,.T.);
#2338=EDGE_CURVE('',#1809,#1482,#438,.T.);
#2339=EDGE_CURVE('',#1809,#1807,#439,.T.);
#2340=EDGE_CURVE('',#1810,#1483,#440,.T.);
#2341=EDGE_CURVE('',#1810,#1809,#441,.T.);
#2342=EDGE_CURVE('',#1808,#1810,#442,.T.);
#2343=ORIENTED_EDGE('',*,*,#1811,.T.);
#2344=ORIENTED_EDGE('',*,*,#1812,.T.);
#2345=ORIENTED_EDGE('',*,*,#1813,.T.);
#2346=ORIENTED_EDGE('',*,*,#1814,.T.);
#2347=ORIENTED_EDGE('',*,*,#1815,.T.);
#2348=ORIENTED_EDGE('',*,*,#1816,.T.);
#2349=ORIENTED_EDGE('',*,*,#1813,.F.);
#2350=ORIENTED_EDGE('',*,*,#1817,.T.);
#2351=ORIENTED_EDGE('',*,*,#1818,.T.);
#2352=ORIENTED_EDGE('',*,*,#1819,.T.);
#2353=ORIENTED_EDGE('',*,*,#1815,.F.);
#2354=ORIENTED_EDGE('',*,*,#1820,.T.);
#2355=ORIENTED_EDGE('',*,*,#1821,.T.);
#2356=ORIENTED_EDGE('',*,*,#1822,.T.);
#2357=ORIENTED_EDGE('',*,*,#1818,.F.);
#2358=ORIENTED_EDGE('',*,*,#1823,.T.);
#2359=ORIENTED_EDGE('',*,*,#1824,.T.);
#2360=ORIENTED_EDGE('',*,*,#1825,.T.);
#2361=ORIENTED_EDGE('',*,*,#1821,.F.);
#2362=ORIENTED_EDGE('',*,*,#1826,.T.);
#2363=ORIENTED_EDGE('',*,*,#1827,.T.);
#2364=ORIENTED_EDGE('',*,*,#1828,.T.);
#2365=ORIENTED_EDGE('',*,*,#1824,.F.);
#2366=ORIENTED_EDGE('',*,*,#1829,.T.);
#2367=ORIENTED_EDGE('',*,*,#1830,.T.);
#2368=ORIENTED_EDGE('',*,*,#1831,.T.);
#2369=ORIENTED_EDGE('',*,*,#1827,.F.);
#2370=ORIENTED_EDGE('',*,*,#1832,.T.);
#2371=ORIENTED_EDGE('',*,*,#1830,.F.);
#2372=ORIENTED_EDGE('',*,*,#1833,.T.);
#2373=ORIENTED_EDGE('',*,*,#1811,.F.);
#2374=ORIENTED_EDGE('',*,*,#1834,.T.);
#2375=ORIENTED_EDGE('',*,*,#1828,.F.);
#2376=ORIENTED_EDGE('',*,*,#1835,.F.);
#2377=ORIENTED_EDGE('',*,*,#1836,.T.);
#2378=ORIENTED_EDGE('',*,*,#1837,.F.);
#2379=ORIENTED_EDGE('',*,*,#1831,.F.);
#2380=ORIENTED_EDGE('',*,*,#1838,.T.);
#2381=ORIENTED_EDGE('',*,*,#1839,.T.);
#2382=ORIENTED_EDGE('',*,*,#1835,.T.);
#2383=ORIENTED_EDGE('',*,*,#1834,.F.);
#2384=ORIENTED_EDGE('',*,*,#1840,.F.);
#2385=ORIENTED_EDGE('',*,*,#1841,.T.);
#2386=ORIENTED_EDGE('',*,*,#1838,.F.);
#2387=ORIENTED_EDGE('',*,*,#1814,.F.);
#2388=ORIENTED_EDGE('',*,*,#1842,.T.);
#2389=ORIENTED_EDGE('',*,*,#1843,.T.);
#2390=ORIENTED_EDGE('',*,*,#1840,.T.);
#2391=ORIENTED_EDGE('',*,*,#1812,.F.);
#2392=ORIENTED_EDGE('',*,*,#1833,.F.);
#2393=ORIENTED_EDGE('',*,*,#1832,.F.);
#2394=ORIENTED_EDGE('',*,*,#1829,.F.);
#2395=ORIENTED_EDGE('',*,*,#1826,.F.);
#2396=ORIENTED_EDGE('',*,*,#1823,.F.);
#2397=ORIENTED_EDGE('',*,*,#1820,.F.);
#2398=ORIENTED_EDGE('',*,*,#1817,.F.);
#2399=ORIENTED_EDGE('',*,*,#1844,.F.);
#2400=ORIENTED_EDGE('',*,*,#1845,.F.);
#2401=ORIENTED_EDGE('',*,*,#1846,.F.);
#2402=ORIENTED_EDGE('',*,*,#1847,.F.);
#2403=ORIENTED_EDGE('',*,*,#1843,.F.);
#2404=ORIENTED_EDGE('',*,*,#1848,.F.);
#2405=ORIENTED_EDGE('',*,*,#1849,.F.);
#2406=ORIENTED_EDGE('',*,*,#1850,.F.);
#2407=ORIENTED_EDGE('',*,*,#1851,.F.);
#2408=ORIENTED_EDGE('',*,*,#1836,.F.);
#2409=ORIENTED_EDGE('',*,*,#1839,.F.);
#2410=ORIENTED_EDGE('',*,*,#1841,.F.);
#2411=ORIENTED_EDGE('',*,*,#1852,.T.);
#2412=ORIENTED_EDGE('',*,*,#1853,.T.);
#2413=ORIENTED_EDGE('',*,*,#1854,.F.);
#2414=ORIENTED_EDGE('',*,*,#1855,.F.);
#2415=ORIENTED_EDGE('',*,*,#1856,.F.);
#2416=ORIENTED_EDGE('',*,*,#1857,.T.);
#2417=ORIENTED_EDGE('',*,*,#1858,.F.);
#2418=ORIENTED_EDGE('',*,*,#1859,.F.);
#2419=ORIENTED_EDGE('',*,*,#1860,.F.);
#2420=ORIENTED_EDGE('',*,*,#1861,.T.);
#2421=ORIENTED_EDGE('',*,*,#1862,.T.);
#2422=ORIENTED_EDGE('',*,*,#1863,.F.);
#2423=ORIENTED_EDGE('',*,*,#1864,.F.);
#2424=ORIENTED_EDGE('',*,*,#1865,.F.);
#2425=ORIENTED_EDGE('',*,*,#1866,.T.);
#2426=ORIENTED_EDGE('',*,*,#1867,.F.);
#2427=ORIENTED_EDGE('',*,*,#1868,.F.);
#2428=ORIENTED_EDGE('',*,*,#1869,.F.);
#2429=ORIENTED_EDGE('',*,*,#1870,.T.);
#2430=ORIENTED_EDGE('',*,*,#1871,.T.);
#2431=ORIENTED_EDGE('',*,*,#1872,.F.);
#2432=ORIENTED_EDGE('',*,*,#1873,.F.);
#2433=ORIENTED_EDGE('',*,*,#1874,.F.);
#2434=ORIENTED_EDGE('',*,*,#1875,.F.);
#2435=ORIENTED_EDGE('',*,*,#1876,.F.);
#2436=ORIENTED_EDGE('',*,*,#1877,.F.);
#2437=ORIENTED_EDGE('',*,*,#1878,.F.);
#2438=ORIENTED_EDGE('',*,*,#1879,.F.);
#2439=ORIENTED_EDGE('',*,*,#1880,.F.);
#2440=ORIENTED_EDGE('',*,*,#1881,.F.);
#2441=ORIENTED_EDGE('',*,*,#1882,.F.);
#2442=ORIENTED_EDGE('',*,*,#1883,.F.);
#2443=ORIENTED_EDGE('',*,*,#1884,.F.);
#2444=ORIENTED_EDGE('',*,*,#1885,.F.);
#2445=ORIENTED_EDGE('',*,*,#1886,.F.);
#2446=ORIENTED_EDGE('',*,*,#1887,.F.);
#2447=ORIENTED_EDGE('',*,*,#1888,.T.);
#2448=ORIENTED_EDGE('',*,*,#1889,.T.);
#2449=ORIENTED_EDGE('',*,*,#1890,.F.);
#2450=ORIENTED_EDGE('',*,*,#1891,.F.);
#2451=ORIENTED_EDGE('',*,*,#1892,.F.);
#2452=ORIENTED_EDGE('',*,*,#1893,.F.);
#2453=ORIENTED_EDGE('',*,*,#1894,.F.);
#2454=ORIENTED_EDGE('',*,*,#1895,.F.);
#2455=ORIENTED_EDGE('',*,*,#1896,.F.);
#2456=ORIENTED_EDGE('',*,*,#1897,.F.);
#2457=ORIENTED_EDGE('',*,*,#1898,.F.);
#2458=ORIENTED_EDGE('',*,*,#1899,.T.);
#2459=ORIENTED_EDGE('',*,*,#1900,.T.);
#2460=ORIENTED_EDGE('',*,*,#1901,.F.);
#2461=ORIENTED_EDGE('',*,*,#1902,.F.);
#2462=ORIENTED_EDGE('',*,*,#1903,.F.);
#2463=ORIENTED_EDGE('',*,*,#1904,.F.);
#2464=ORIENTED_EDGE('',*,*,#1905,.F.);
#2465=ORIENTED_EDGE('',*,*,#1906,.T.);
#2466=ORIENTED_EDGE('',*,*,#1907,.T.);
#2467=ORIENTED_EDGE('',*,*,#1908,.F.);
#2468=ORIENTED_EDGE('',*,*,#1909,.F.);
#2469=ORIENTED_EDGE('',*,*,#1910,.F.);
#2470=ORIENTED_EDGE('',*,*,#1911,.F.);
#2471=ORIENTED_EDGE('',*,*,#1912,.F.);
#2472=ORIENTED_EDGE('',*,*,#1913,.F.);
#2473=ORIENTED_EDGE('',*,*,#1914,.T.);
#2474=ORIENTED_EDGE('',*,*,#1915,.T.);
#2475=ORIENTED_EDGE('',*,*,#1916,.F.);
#2476=ORIENTED_EDGE('',*,*,#1917,.T.);
#2477=ORIENTED_EDGE('',*,*,#1918,.T.);
#2478=ORIENTED_EDGE('',*,*,#1919,.F.);
#2479=ORIENTED_EDGE('',*,*,#1920,.F.);
#2480=ORIENTED_EDGE('',*,*,#1921,.F.);
#2481=ORIENTED_EDGE('',*,*,#1922,.F.);
#2482=ORIENTED_EDGE('',*,*,#1923,.F.);
#2483=ORIENTED_EDGE('',*,*,#1924,.T.);
#2484=ORIENTED_EDGE('',*,*,#1925,.T.);
#2485=ORIENTED_EDGE('',*,*,#1926,.F.);
#2486=ORIENTED_EDGE('',*,*,#1927,.F.);
#2487=ORIENTED_EDGE('',*,*,#1928,.F.);
#2488=ORIENTED_EDGE('',*,*,#1929,.F.);
#2489=ORIENTED_EDGE('',*,*,#1930,.F.);
#2490=ORIENTED_EDGE('',*,*,#1931,.T.);
#2491=ORIENTED_EDGE('',*,*,#1932,.T.);
#2492=ORIENTED_EDGE('',*,*,#1933,.F.);
#2493=ORIENTED_EDGE('',*,*,#1934,.F.);
#2494=ORIENTED_EDGE('',*,*,#1935,.T.);
#2495=ORIENTED_EDGE('',*,*,#1936,.T.);
#2496=ORIENTED_EDGE('',*,*,#1937,.T.);
#2497=ORIENTED_EDGE('',*,*,#1938,.F.);
#2498=ORIENTED_EDGE('',*,*,#1939,.F.);
#2499=ORIENTED_EDGE('',*,*,#1940,.F.);
#2500=ORIENTED_EDGE('',*,*,#1941,.T.);
#2501=ORIENTED_EDGE('',*,*,#1942,.T.);
#2502=ORIENTED_EDGE('',*,*,#1943,.F.);
#2503=ORIENTED_EDGE('',*,*,#1944,.F.);
#2504=ORIENTED_EDGE('',*,*,#1945,.F.);
#2505=ORIENTED_EDGE('',*,*,#1946,.F.);
#2506=ORIENTED_EDGE('',*,*,#1947,.F.);
#2507=ORIENTED_EDGE('',*,*,#1948,.T.);
#2508=ORIENTED_EDGE('',*,*,#1949,.T.);
#2509=ORIENTED_EDGE('',*,*,#1950,.F.);
#2510=ORIENTED_EDGE('',*,*,#1951,.F.);
#2511=ORIENTED_EDGE('',*,*,#1952,.F.);
#2512=ORIENTED_EDGE('',*,*,#1953,.F.);
#2513=ORIENTED_EDGE('',*,*,#1954,.F.);
#2514=ORIENTED_EDGE('',*,*,#1955,.T.);
#2515=ORIENTED_EDGE('',*,*,#1956,.T.);
#2516=ORIENTED_EDGE('',*,*,#1957,.F.);
#2517=ORIENTED_EDGE('',*,*,#1958,.F.);
#2518=ORIENTED_EDGE('',*,*,#1959,.F.);
#2519=ORIENTED_EDGE('',*,*,#1960,.F.);
#2520=ORIENTED_EDGE('',*,*,#1961,.T.);
#2521=ORIENTED_EDGE('',*,*,#1962,.T.);
#2522=ORIENTED_EDGE('',*,*,#1963,.F.);
#2523=ORIENTED_EDGE('',*,*,#1964,.F.);
#2524=ORIENTED_EDGE('',*,*,#1965,.F.);
#2525=ORIENTED_EDGE('',*,*,#1966,.F.);
#2526=ORIENTED_EDGE('',*,*,#1967,.F.);
#2527=ORIENTED_EDGE('',*,*,#1968,.F.);
#2528=ORIENTED_EDGE('',*,*,#1969,.F.);
#2529=ORIENTED_EDGE('',*,*,#1970,.F.);
#2530=ORIENTED_EDGE('',*,*,#1971,.F.);
#2531=ORIENTED_EDGE('',*,*,#1972,.F.);
#2532=ORIENTED_EDGE('',*,*,#1973,.F.);
#2533=ORIENTED_EDGE('',*,*,#1974,.F.);
#2534=ORIENTED_EDGE('',*,*,#1975,.F.);
#2535=ORIENTED_EDGE('',*,*,#1976,.F.);
#2536=ORIENTED_EDGE('',*,*,#1977,.F.);
#2537=ORIENTED_EDGE('',*,*,#1978,.F.);
#2538=ORIENTED_EDGE('',*,*,#1979,.F.);
#2539=ORIENTED_EDGE('',*,*,#1980,.F.);
#2540=ORIENTED_EDGE('',*,*,#1981,.F.);
#2541=ORIENTED_EDGE('',*,*,#1982,.F.);
#2542=ORIENTED_EDGE('',*,*,#1983,.F.);
#2543=ORIENTED_EDGE('',*,*,#1984,.T.);
#2544=ORIENTED_EDGE('',*,*,#1985,.T.);
#2545=ORIENTED_EDGE('',*,*,#1986,.F.);
#2546=ORIENTED_EDGE('',*,*,#1987,.F.);
#2547=ORIENTED_EDGE('',*,*,#1988,.F.);
#2548=ORIENTED_EDGE('',*,*,#1989,.F.);
#2549=ORIENTED_EDGE('',*,*,#1990,.F.);
#2550=ORIENTED_EDGE('',*,*,#1991,.F.);
#2551=ORIENTED_EDGE('',*,*,#1992,.F.);
#2552=ORIENTED_EDGE('',*,*,#1993,.F.);
#2553=ORIENTED_EDGE('',*,*,#1994,.T.);
#2554=ORIENTED_EDGE('',*,*,#1995,.T.);
#2555=ORIENTED_EDGE('',*,*,#1996,.F.);
#2556=ORIENTED_EDGE('',*,*,#1997,.F.);
#2557=ORIENTED_EDGE('',*,*,#1998,.T.);
#2558=ORIENTED_EDGE('',*,*,#1999,.F.);
#2559=ORIENTED_EDGE('',*,*,#2000,.F.);
#2560=ORIENTED_EDGE('',*,*,#2001,.T.);
#2561=ORIENTED_EDGE('',*,*,#2002,.T.);
#2562=ORIENTED_EDGE('',*,*,#2003,.T.);
#2563=ORIENTED_EDGE('',*,*,#2004,.T.);
#2564=ORIENTED_EDGE('',*,*,#2005,.T.);
#2565=ORIENTED_EDGE('',*,*,#2006,.F.);
#2566=ORIENTED_EDGE('',*,*,#2007,.T.);
#2567=ORIENTED_EDGE('',*,*,#2008,.F.);
#2568=ORIENTED_EDGE('',*,*,#2009,.F.);
#2569=ORIENTED_EDGE('',*,*,#2010,.F.);
#2570=ORIENTED_EDGE('',*,*,#2011,.F.);
#2571=ORIENTED_EDGE('',*,*,#1825,.F.);
#2572=ORIENTED_EDGE('',*,*,#1837,.T.);
#2573=ORIENTED_EDGE('',*,*,#1851,.T.);
#2574=ORIENTED_EDGE('',*,*,#2012,.T.);
#2575=ORIENTED_EDGE('',*,*,#1822,.F.);
#2576=ORIENTED_EDGE('',*,*,#2012,.F.);
#2577=ORIENTED_EDGE('',*,*,#1850,.T.);
#2578=ORIENTED_EDGE('',*,*,#2013,.F.);
#2579=ORIENTED_EDGE('',*,*,#1819,.F.);
#2580=ORIENTED_EDGE('',*,*,#2013,.T.);
#2581=ORIENTED_EDGE('',*,*,#1849,.T.);
#2582=ORIENTED_EDGE('',*,*,#2014,.T.);
#2583=ORIENTED_EDGE('',*,*,#1816,.F.);
#2584=ORIENTED_EDGE('',*,*,#2014,.F.);
#2585=ORIENTED_EDGE('',*,*,#1848,.T.);
#2586=ORIENTED_EDGE('',*,*,#1842,.F.);
#2587=ORIENTED_EDGE('',*,*,#2015,.F.);
#2588=ORIENTED_EDGE('',*,*,#1861,.F.);
#2589=ORIENTED_EDGE('',*,*,#2016,.F.);
#2590=ORIENTED_EDGE('',*,*,#2017,.F.);
#2591=ORIENTED_EDGE('',*,*,#2018,.F.);
#2592=ORIENTED_EDGE('',*,*,#2019,.F.);
#2593=ORIENTED_EDGE('',*,*,#2020,.F.);
#2594=ORIENTED_EDGE('',*,*,#1867,.T.);
#2595=ORIENTED_EDGE('',*,*,#2021,.F.);
#2596=ORIENTED_EDGE('',*,*,#1856,.T.);
#2597=ORIENTED_EDGE('',*,*,#2022,.F.);
#2598=ORIENTED_EDGE('',*,*,#2023,.F.);
#2599=ORIENTED_EDGE('',*,*,#2024,.F.);
#2600=ORIENTED_EDGE('',*,*,#2025,.F.);
#2601=ORIENTED_EDGE('',*,*,#2026,.F.);
#2602=ORIENTED_EDGE('',*,*,#1862,.F.);
#2603=ORIENTED_EDGE('',*,*,#2021,.T.);
#2604=ORIENTED_EDGE('',*,*,#2027,.T.);
#2605=ORIENTED_EDGE('',*,*,#2024,.T.);
#2606=ORIENTED_EDGE('',*,*,#1866,.F.);
#2607=ORIENTED_EDGE('',*,*,#2028,.T.);
#2608=ORIENTED_EDGE('',*,*,#2029,.T.);
#2609=ORIENTED_EDGE('',*,*,#2030,.T.);
#2610=ORIENTED_EDGE('',*,*,#2002,.F.);
#2611=ORIENTED_EDGE('',*,*,#2031,.T.);
#2612=ORIENTED_EDGE('',*,*,#2032,.T.);
#2613=ORIENTED_EDGE('',*,*,#2033,.T.);
#2614=ORIENTED_EDGE('',*,*,#1914,.F.);
#2615=ORIENTED_EDGE('',*,*,#2034,.T.);
#2616=ORIENTED_EDGE('',*,*,#2035,.T.);
#2617=ORIENTED_EDGE('',*,*,#2036,.T.);
#2618=ORIENTED_EDGE('',*,*,#1955,.F.);
#2619=ORIENTED_EDGE('',*,*,#2037,.T.);
#2620=ORIENTED_EDGE('',*,*,#2038,.T.);
#2621=ORIENTED_EDGE('',*,*,#2039,.T.);
#2622=ORIENTED_EDGE('',*,*,#1961,.F.);
#2623=ORIENTED_EDGE('',*,*,#2040,.T.);
#2624=ORIENTED_EDGE('',*,*,#2041,.T.);
#2625=ORIENTED_EDGE('',*,*,#2042,.T.);
#2626=ORIENTED_EDGE('',*,*,#1906,.F.);
#2627=ORIENTED_EDGE('',*,*,#2043,.T.);
#2628=ORIENTED_EDGE('',*,*,#2044,.T.);
#2629=ORIENTED_EDGE('',*,*,#2045,.T.);
#2630=ORIENTED_EDGE('',*,*,#1852,.F.);
#2631=ORIENTED_EDGE('',*,*,#2022,.T.);
#2632=ORIENTED_EDGE('',*,*,#1855,.T.);
#2633=ORIENTED_EDGE('',*,*,#2046,.T.);
#2634=ORIENTED_EDGE('',*,*,#2047,.F.);
#2635=ORIENTED_EDGE('',*,*,#2026,.T.);
#2636=ORIENTED_EDGE('',*,*,#2048,.F.);
#2637=ORIENTED_EDGE('',*,*,#2049,.F.);
#2638=ORIENTED_EDGE('',*,*,#1863,.T.);
#2639=ORIENTED_EDGE('',*,*,#2020,.T.);
#2640=ORIENTED_EDGE('',*,*,#2050,.F.);
#2641=ORIENTED_EDGE('',*,*,#2051,.T.);
#2642=ORIENTED_EDGE('',*,*,#1868,.T.);
#2643=ORIENTED_EDGE('',*,*,#2052,.F.);
#2644=ORIENTED_EDGE('',*,*,#2053,.F.);
#2645=ORIENTED_EDGE('',*,*,#2054,.F.);
#2646=ORIENTED_EDGE('',*,*,#1880,.T.);
#2647=ORIENTED_EDGE('',*,*,#2055,.F.);
#2648=ORIENTED_EDGE('',*,*,#1879,.T.);
#2649=ORIENTED_EDGE('',*,*,#2056,.F.);
#2650=ORIENTED_EDGE('',*,*,#2057,.F.);
#2651=ORIENTED_EDGE('',*,*,#2058,.F.);
#2652=ORIENTED_EDGE('',*,*,#1875,.T.);
#2653=ORIENTED_EDGE('',*,*,#2059,.F.);
#2654=ORIENTED_EDGE('',*,*,#2060,.F.);
#2655=ORIENTED_EDGE('',*,*,#2061,.F.);
#2656=ORIENTED_EDGE('',*,*,#2062,.F.);
#2657=ORIENTED_EDGE('',*,*,#2063,.F.);
#2658=ORIENTED_EDGE('',*,*,#2008,.T.);
#2659=ORIENTED_EDGE('',*,*,#2058,.T.);
#2660=ORIENTED_EDGE('',*,*,#2064,.F.);
#2661=ORIENTED_EDGE('',*,*,#2065,.T.);
#2662=ORIENTED_EDGE('',*,*,#1872,.T.);
#2663=ORIENTED_EDGE('',*,*,#2055,.T.);
#2664=ORIENTED_EDGE('',*,*,#2066,.F.);
#2665=ORIENTED_EDGE('',*,*,#2067,.F.);
#2666=ORIENTED_EDGE('',*,*,#1876,.T.);
#2667=ORIENTED_EDGE('',*,*,#2063,.T.);
#2668=ORIENTED_EDGE('',*,*,#2068,.F.);
#2669=ORIENTED_EDGE('',*,*,#2069,.T.);
#2670=ORIENTED_EDGE('',*,*,#2009,.T.);
#2671=ORIENTED_EDGE('',*,*,#2054,.T.);
#2672=ORIENTED_EDGE('',*,*,#2070,.F.);
#2673=ORIENTED_EDGE('',*,*,#2071,.T.);
#2674=ORIENTED_EDGE('',*,*,#1881,.T.);
#2675=ORIENTED_EDGE('',*,*,#2072,.F.);
#2676=ORIENTED_EDGE('',*,*,#2007,.F.);
#2677=ORIENTED_EDGE('',*,*,#2073,.F.);
#2678=ORIENTED_EDGE('',*,*,#2074,.F.);
#2679=ORIENTED_EDGE('',*,*,#2075,.F.);
#2680=ORIENTED_EDGE('',*,*,#2076,.F.);
#2681=ORIENTED_EDGE('',*,*,#2077,.F.);
#2682=ORIENTED_EDGE('',*,*,#1858,.T.);
#2683=ORIENTED_EDGE('',*,*,#2028,.F.);
#2684=ORIENTED_EDGE('',*,*,#1865,.T.);
#2685=ORIENTED_EDGE('',*,*,#2078,.F.);
#2686=ORIENTED_EDGE('',*,*,#2079,.F.);
#2687=ORIENTED_EDGE('',*,*,#2030,.F.);
#2688=ORIENTED_EDGE('',*,*,#2080,.F.);
#2689=ORIENTED_EDGE('',*,*,#2081,.F.);
#2690=ORIENTED_EDGE('',*,*,#1998,.F.);
#2691=ORIENTED_EDGE('',*,*,#2078,.T.);
#2692=ORIENTED_EDGE('',*,*,#1864,.T.);
#2693=ORIENTED_EDGE('',*,*,#2049,.T.);
#2694=ORIENTED_EDGE('',*,*,#2082,.F.);
#2695=ORIENTED_EDGE('',*,*,#2081,.T.);
#2696=ORIENTED_EDGE('',*,*,#2083,.F.);
#2697=ORIENTED_EDGE('',*,*,#2084,.T.);
#2698=ORIENTED_EDGE('',*,*,#1999,.T.);
#2699=ORIENTED_EDGE('',*,*,#2077,.T.);
#2700=ORIENTED_EDGE('',*,*,#2085,.F.);
#2701=ORIENTED_EDGE('',*,*,#2086,.F.);
#2702=ORIENTED_EDGE('',*,*,#1859,.T.);
#2703=ORIENTED_EDGE('',*,*,#2087,.F.);
#2704=ORIENTED_EDGE('',*,*,#2088,.F.);
#2705=ORIENTED_EDGE('',*,*,#2089,.F.);
#2706=ORIENTED_EDGE('',*,*,#1884,.T.);
#2707=ORIENTED_EDGE('',*,*,#2090,.F.);
#2708=ORIENTED_EDGE('',*,*,#1988,.T.);
#2709=ORIENTED_EDGE('',*,*,#2091,.F.);
#2710=ORIENTED_EDGE('',*,*,#2092,.F.);
#2711=ORIENTED_EDGE('',*,*,#2093,.F.);
#2712=ORIENTED_EDGE('',*,*,#1997,.T.);
#2713=ORIENTED_EDGE('',*,*,#2094,.F.);
#2714=ORIENTED_EDGE('',*,*,#2095,.F.);
#2715=ORIENTED_EDGE('',*,*,#2096,.F.);
#2716=ORIENTED_EDGE('',*,*,#2097,.F.);
#2717=ORIENTED_EDGE('',*,*,#2098,.F.);
#2718=ORIENTED_EDGE('',*,*,#1989,.T.);
#2719=ORIENTED_EDGE('',*,*,#2093,.T.);
#2720=ORIENTED_EDGE('',*,*,#2099,.F.);
#2721=ORIENTED_EDGE('',*,*,#2100,.T.);
#2722=ORIENTED_EDGE('',*,*,#1993,.T.);
#2723=ORIENTED_EDGE('',*,*,#2098,.T.);
#2724=ORIENTED_EDGE('',*,*,#2101,.F.);
#2725=ORIENTED_EDGE('',*,*,#2102,.F.);
#2726=ORIENTED_EDGE('',*,*,#1990,.T.);
#2727=ORIENTED_EDGE('',*,*,#2090,.T.);
#2728=ORIENTED_EDGE('',*,*,#2103,.F.);
#2729=ORIENTED_EDGE('',*,*,#2104,.F.);
#2730=ORIENTED_EDGE('',*,*,#1984,.F.);
#2731=ORIENTED_EDGE('',*,*,#2089,.T.);
#2732=ORIENTED_EDGE('',*,*,#2105,.F.);
#2733=ORIENTED_EDGE('',*,*,#2106,.T.);
#2734=ORIENTED_EDGE('',*,*,#1885,.T.);
#2735=ORIENTED_EDGE('',*,*,#2107,.T.);
#2736=ORIENTED_EDGE('',*,*,#2085,.T.);
#2737=ORIENTED_EDGE('',*,*,#2076,.T.);
#2738=ORIENTED_EDGE('',*,*,#2108,.F.);
#2739=ORIENTED_EDGE('',*,*,#2074,.T.);
#2740=ORIENTED_EDGE('',*,*,#2109,.T.);
#2741=ORIENTED_EDGE('',*,*,#2110,.T.);
#2742=ORIENTED_EDGE('',*,*,#2111,.F.);
#2743=ORIENTED_EDGE('',*,*,#2112,.T.);
#2744=ORIENTED_EDGE('',*,*,#2113,.T.);
#2745=ORIENTED_EDGE('',*,*,#2114,.T.);
#2746=ORIENTED_EDGE('',*,*,#2115,.T.);
#2747=ORIENTED_EDGE('',*,*,#2116,.F.);
#2748=ORIENTED_EDGE('',*,*,#2117,.T.);
#2749=ORIENTED_EDGE('',*,*,#2118,.T.);
#2750=ORIENTED_EDGE('',*,*,#2119,.T.);
#2751=ORIENTED_EDGE('',*,*,#2120,.T.);
#2752=ORIENTED_EDGE('',*,*,#2121,.F.);
#2753=ORIENTED_EDGE('',*,*,#2122,.T.);
#2754=ORIENTED_EDGE('',*,*,#2123,.T.);
#2755=ORIENTED_EDGE('',*,*,#2124,.T.);
#2756=ORIENTED_EDGE('',*,*,#2125,.T.);
#2757=ORIENTED_EDGE('',*,*,#2126,.F.);
#2758=ORIENTED_EDGE('',*,*,#2127,.T.);
#2759=ORIENTED_EDGE('',*,*,#2083,.T.);
#2760=ORIENTED_EDGE('',*,*,#2080,.T.);
#2761=ORIENTED_EDGE('',*,*,#2029,.F.);
#2762=ORIENTED_EDGE('',*,*,#2079,.T.);
#2763=ORIENTED_EDGE('',*,*,#2082,.T.);
#2764=ORIENTED_EDGE('',*,*,#2048,.T.);
#2765=ORIENTED_EDGE('',*,*,#2025,.T.);
#2766=ORIENTED_EDGE('',*,*,#2027,.F.);
#2767=ORIENTED_EDGE('',*,*,#2023,.T.);
#2768=ORIENTED_EDGE('',*,*,#2047,.T.);
#2769=ORIENTED_EDGE('',*,*,#2128,.T.);
#2770=ORIENTED_EDGE('',*,*,#2129,.T.);
#2771=ORIENTED_EDGE('',*,*,#2044,.F.);
#2772=ORIENTED_EDGE('',*,*,#2130,.T.);
#2773=ORIENTED_EDGE('',*,*,#2131,.T.);
#2774=ORIENTED_EDGE('',*,*,#2132,.T.);
#2775=ORIENTED_EDGE('',*,*,#2133,.T.);
#2776=ORIENTED_EDGE('',*,*,#2041,.F.);
#2777=ORIENTED_EDGE('',*,*,#2134,.T.);
#2778=ORIENTED_EDGE('',*,*,#2135,.T.);
#2779=ORIENTED_EDGE('',*,*,#2136,.T.);
#2780=ORIENTED_EDGE('',*,*,#2137,.T.);
#2781=ORIENTED_EDGE('',*,*,#2038,.F.);
#2782=ORIENTED_EDGE('',*,*,#2138,.T.);
#2783=ORIENTED_EDGE('',*,*,#2139,.T.);
#2784=ORIENTED_EDGE('',*,*,#2140,.T.);
#2785=ORIENTED_EDGE('',*,*,#2141,.T.);
#2786=ORIENTED_EDGE('',*,*,#2035,.F.);
#2787=ORIENTED_EDGE('',*,*,#2142,.T.);
#2788=ORIENTED_EDGE('',*,*,#2143,.T.);
#2789=ORIENTED_EDGE('',*,*,#2144,.T.);
#2790=ORIENTED_EDGE('',*,*,#2145,.F.);
#2791=ORIENTED_EDGE('',*,*,#2146,.T.);
#2792=ORIENTED_EDGE('',*,*,#2099,.T.);
#2793=ORIENTED_EDGE('',*,*,#2095,.T.);
#2794=ORIENTED_EDGE('',*,*,#2147,.T.);
#2795=ORIENTED_EDGE('',*,*,#2148,.F.);
#2796=ORIENTED_EDGE('',*,*,#2103,.T.);
#2797=ORIENTED_EDGE('',*,*,#2092,.T.);
#2798=ORIENTED_EDGE('',*,*,#2149,.T.);
#2799=ORIENTED_EDGE('',*,*,#2150,.T.);
#2800=ORIENTED_EDGE('',*,*,#2151,.F.);
#2801=ORIENTED_EDGE('',*,*,#2152,.T.);
#2802=ORIENTED_EDGE('',*,*,#2153,.T.);
#2803=ORIENTED_EDGE('',*,*,#2154,.T.);
#2804=ORIENTED_EDGE('',*,*,#2155,.T.);
#2805=ORIENTED_EDGE('',*,*,#2156,.F.);
#2806=ORIENTED_EDGE('',*,*,#2157,.T.);
#2807=ORIENTED_EDGE('',*,*,#2158,.T.);
#2808=ORIENTED_EDGE('',*,*,#2159,.T.);
#2809=ORIENTED_EDGE('',*,*,#2160,.F.);
#2810=ORIENTED_EDGE('',*,*,#2161,.T.);
#2811=ORIENTED_EDGE('',*,*,#2162,.T.);
#2812=ORIENTED_EDGE('',*,*,#2163,.T.);
#2813=ORIENTED_EDGE('',*,*,#2164,.T.);
#2814=ORIENTED_EDGE('',*,*,#2165,.F.);
#2815=ORIENTED_EDGE('',*,*,#2166,.T.);
#2816=ORIENTED_EDGE('',*,*,#2167,.T.);
#2817=ORIENTED_EDGE('',*,*,#2168,.T.);
#2818=ORIENTED_EDGE('',*,*,#2169,.T.);
#2819=ORIENTED_EDGE('',*,*,#2170,.F.);
#2820=ORIENTED_EDGE('',*,*,#2171,.T.);
#2821=ORIENTED_EDGE('',*,*,#2172,.T.);
#2822=ORIENTED_EDGE('',*,*,#2173,.T.);
#2823=ORIENTED_EDGE('',*,*,#2174,.T.);
#2824=ORIENTED_EDGE('',*,*,#2175,.F.);
#2825=ORIENTED_EDGE('',*,*,#2176,.T.);
#2826=ORIENTED_EDGE('',*,*,#2177,.T.);
#2827=ORIENTED_EDGE('',*,*,#2050,.T.);
#2828=ORIENTED_EDGE('',*,*,#2019,.T.);
#2829=ORIENTED_EDGE('',*,*,#2178,.F.);
#2830=ORIENTED_EDGE('',*,*,#2017,.T.);
#2831=ORIENTED_EDGE('',*,*,#2179,.T.);
#2832=ORIENTED_EDGE('',*,*,#2180,.T.);
#2833=ORIENTED_EDGE('',*,*,#2101,.T.);
#2834=ORIENTED_EDGE('',*,*,#2097,.T.);
#2835=ORIENTED_EDGE('',*,*,#2181,.T.);
#2836=ORIENTED_EDGE('',*,*,#2182,.T.);
#2837=ORIENTED_EDGE('',*,*,#2105,.T.);
#2838=ORIENTED_EDGE('',*,*,#2088,.T.);
#2839=ORIENTED_EDGE('',*,*,#2183,.T.);
#2840=ORIENTED_EDGE('',*,*,#2184,.T.);
#2841=ORIENTED_EDGE('',*,*,#2185,.T.);
#2842=ORIENTED_EDGE('',*,*,#2186,.T.);
#2843=ORIENTED_EDGE('',*,*,#2187,.T.);
#2844=ORIENTED_EDGE('',*,*,#2188,.T.);
#2845=ORIENTED_EDGE('',*,*,#2189,.T.);
#2846=ORIENTED_EDGE('',*,*,#2190,.T.);
#2847=ORIENTED_EDGE('',*,*,#2191,.T.);
#2848=ORIENTED_EDGE('',*,*,#2192,.T.);
#2849=ORIENTED_EDGE('',*,*,#2193,.T.);
#2850=ORIENTED_EDGE('',*,*,#2194,.T.);
#2851=ORIENTED_EDGE('',*,*,#2195,.T.);
#2852=ORIENTED_EDGE('',*,*,#2196,.T.);
#2853=ORIENTED_EDGE('',*,*,#2197,.T.);
#2854=ORIENTED_EDGE('',*,*,#2198,.T.);
#2855=ORIENTED_EDGE('',*,*,#2199,.T.);
#2856=ORIENTED_EDGE('',*,*,#2200,.T.);
#2857=ORIENTED_EDGE('',*,*,#2201,.T.);
#2858=ORIENTED_EDGE('',*,*,#2202,.T.);
#2859=ORIENTED_EDGE('',*,*,#2203,.T.);
#2860=ORIENTED_EDGE('',*,*,#2204,.T.);
#2861=ORIENTED_EDGE('',*,*,#2205,.T.);
#2862=ORIENTED_EDGE('',*,*,#2206,.T.);
#2863=ORIENTED_EDGE('',*,*,#2207,.T.);
#2864=ORIENTED_EDGE('',*,*,#2208,.T.);
#2865=ORIENTED_EDGE('',*,*,#2209,.T.);
#2866=ORIENTED_EDGE('',*,*,#2210,.T.);
#2867=ORIENTED_EDGE('',*,*,#2211,.T.);
#2868=ORIENTED_EDGE('',*,*,#2212,.T.);
#2869=ORIENTED_EDGE('',*,*,#2213,.T.);
#2870=ORIENTED_EDGE('',*,*,#2214,.T.);
#2871=ORIENTED_EDGE('',*,*,#2057,.T.);
#2872=ORIENTED_EDGE('',*,*,#2215,.T.);
#2873=ORIENTED_EDGE('',*,*,#2216,.T.);
#2874=ORIENTED_EDGE('',*,*,#2066,.T.);
#2875=ORIENTED_EDGE('',*,*,#2060,.T.);
#2876=ORIENTED_EDGE('',*,*,#2217,.T.);
#2877=ORIENTED_EDGE('',*,*,#2218,.T.);
#2878=ORIENTED_EDGE('',*,*,#2064,.T.);
#2879=ORIENTED_EDGE('',*,*,#2219,.T.);
#2880=ORIENTED_EDGE('',*,*,#2220,.T.);
#2881=ORIENTED_EDGE('',*,*,#2068,.T.);
#2882=ORIENTED_EDGE('',*,*,#2062,.T.);
#2883=ORIENTED_EDGE('',*,*,#2221,.T.);
#2884=ORIENTED_EDGE('',*,*,#2222,.T.);
#2885=ORIENTED_EDGE('',*,*,#2070,.T.);
#2886=ORIENTED_EDGE('',*,*,#2053,.T.);
#2887=ORIENTED_EDGE('',*,*,#2223,.T.);
#2888=ORIENTED_EDGE('',*,*,#2224,.T.);
#2889=ORIENTED_EDGE('',*,*,#2225,.T.);
#2890=ORIENTED_EDGE('',*,*,#2226,.T.);
#2891=ORIENTED_EDGE('',*,*,#2227,.F.);
#2892=ORIENTED_EDGE('',*,*,#1896,.T.);
#2893=ORIENTED_EDGE('',*,*,#2228,.F.);
#2894=ORIENTED_EDGE('',*,*,#2207,.F.);
#2895=ORIENTED_EDGE('',*,*,#2229,.F.);
#2896=ORIENTED_EDGE('',*,*,#2186,.F.);
#2897=ORIENTED_EDGE('',*,*,#2230,.F.);
#2898=ORIENTED_EDGE('',*,*,#1980,.T.);
#2899=ORIENTED_EDGE('',*,*,#2231,.F.);
#2900=ORIENTED_EDGE('',*,*,#1892,.T.);
#2901=ORIENTED_EDGE('',*,*,#2232,.F.);
#2902=ORIENTED_EDGE('',*,*,#2167,.F.);
#2903=ORIENTED_EDGE('',*,*,#2233,.F.);
#2904=ORIENTED_EDGE('',*,*,#2163,.F.);
#2905=ORIENTED_EDGE('',*,*,#2234,.F.);
#2906=ORIENTED_EDGE('',*,*,#1897,.T.);
#2907=ORIENTED_EDGE('',*,*,#2233,.T.);
#2908=ORIENTED_EDGE('',*,*,#1901,.T.);
#2909=ORIENTED_EDGE('',*,*,#2235,.F.);
#2910=ORIENTED_EDGE('',*,*,#2164,.F.);
#2911=ORIENTED_EDGE('',*,*,#2232,.T.);
#2912=ORIENTED_EDGE('',*,*,#1891,.T.);
#2913=ORIENTED_EDGE('',*,*,#2236,.F.);
#2914=ORIENTED_EDGE('',*,*,#2168,.F.);
#2915=ORIENTED_EDGE('',*,*,#2229,.T.);
#2916=ORIENTED_EDGE('',*,*,#1983,.T.);
#2917=ORIENTED_EDGE('',*,*,#2237,.F.);
#2918=ORIENTED_EDGE('',*,*,#2183,.F.);
#2919=ORIENTED_EDGE('',*,*,#2228,.T.);
#2920=ORIENTED_EDGE('',*,*,#1895,.T.);
#2921=ORIENTED_EDGE('',*,*,#2238,.T.);
#2922=ORIENTED_EDGE('',*,*,#2208,.F.);
#2923=ORIENTED_EDGE('',*,*,#2239,.F.);
#2924=ORIENTED_EDGE('',*,*,#2190,.F.);
#2925=ORIENTED_EDGE('',*,*,#2240,.F.);
#2926=ORIENTED_EDGE('',*,*,#1972,.T.);
#2927=ORIENTED_EDGE('',*,*,#2059,.T.);
#2928=ORIENTED_EDGE('',*,*,#1874,.T.);
#2929=ORIENTED_EDGE('',*,*,#2241,.F.);
#2930=ORIENTED_EDGE('',*,*,#2217,.F.);
#2931=ORIENTED_EDGE('',*,*,#2242,.F.);
#2932=ORIENTED_EDGE('',*,*,#2194,.F.);
#2933=ORIENTED_EDGE('',*,*,#2243,.F.);
#2934=ORIENTED_EDGE('',*,*,#1976,.T.);
#2935=ORIENTED_EDGE('',*,*,#2242,.T.);
#2936=ORIENTED_EDGE('',*,*,#1979,.T.);
#2937=ORIENTED_EDGE('',*,*,#2244,.F.);
#2938=ORIENTED_EDGE('',*,*,#2191,.F.);
#2939=ORIENTED_EDGE('',*,*,#2241,.T.);
#2940=ORIENTED_EDGE('',*,*,#1873,.T.);
#2941=ORIENTED_EDGE('',*,*,#2065,.F.);
#2942=ORIENTED_EDGE('',*,*,#2218,.F.);
#2943=ORIENTED_EDGE('',*,*,#2239,.T.);
#2944=ORIENTED_EDGE('',*,*,#1975,.T.);
#2945=ORIENTED_EDGE('',*,*,#2245,.T.);
#2946=ORIENTED_EDGE('',*,*,#2187,.F.);
#2947=ORIENTED_EDGE('',*,*,#2246,.F.);
#2948=ORIENTED_EDGE('',*,*,#2214,.F.);
#2949=ORIENTED_EDGE('',*,*,#2247,.F.);
#2950=ORIENTED_EDGE('',*,*,#1964,.T.);
#2951=ORIENTED_EDGE('',*,*,#2248,.F.);
#2952=ORIENTED_EDGE('',*,*,#1971,.T.);
#2953=ORIENTED_EDGE('',*,*,#2249,.F.);
#2954=ORIENTED_EDGE('',*,*,#2195,.F.);
#2955=ORIENTED_EDGE('',*,*,#2087,.T.);
#2956=ORIENTED_EDGE('',*,*,#1887,.T.);
#2957=ORIENTED_EDGE('',*,*,#2250,.F.);
#2958=ORIENTED_EDGE('',*,*,#2181,.F.);
#2959=ORIENTED_EDGE('',*,*,#2250,.T.);
#2960=ORIENTED_EDGE('',*,*,#1886,.T.);
#2961=ORIENTED_EDGE('',*,*,#2106,.F.);
#2962=ORIENTED_EDGE('',*,*,#2182,.F.);
#2963=ORIENTED_EDGE('',*,*,#2249,.T.);
#2964=ORIENTED_EDGE('',*,*,#1970,.T.);
#2965=ORIENTED_EDGE('',*,*,#2251,.T.);
#2966=ORIENTED_EDGE('',*,*,#2196,.F.);
#2967=ORIENTED_EDGE('',*,*,#2246,.T.);
#2968=ORIENTED_EDGE('',*,*,#1967,.T.);
#2969=ORIENTED_EDGE('',*,*,#2252,.F.);
#2970=ORIENTED_EDGE('',*,*,#2211,.F.);
#2971=ORIENTED_EDGE('',*,*,#2253,.F.);
#2972=ORIENTED_EDGE('',*,*,#1958,.T.);
#2973=ORIENTED_EDGE('',*,*,#2254,.F.);
#2974=ORIENTED_EDGE('',*,*,#2139,.F.);
#2975=ORIENTED_EDGE('',*,*,#2255,.F.);
#2976=ORIENTED_EDGE('',*,*,#1963,.T.);
#2977=ORIENTED_EDGE('',*,*,#2256,.F.);
#2978=ORIENTED_EDGE('',*,*,#2136,.F.);
#2979=ORIENTED_EDGE('',*,*,#2102,.T.);
#2980=ORIENTED_EDGE('',*,*,#2180,.F.);
#2981=ORIENTED_EDGE('',*,*,#2257,.F.);
#2982=ORIENTED_EDGE('',*,*,#1991,.T.);
#2983=ORIENTED_EDGE('',*,*,#2252,.T.);
#2984=ORIENTED_EDGE('',*,*,#1966,.T.);
#2985=ORIENTED_EDGE('',*,*,#2258,.F.);
#2986=ORIENTED_EDGE('',*,*,#2212,.F.);
#2987=ORIENTED_EDGE('',*,*,#2256,.T.);
#2988=ORIENTED_EDGE('',*,*,#1962,.F.);
#2989=ORIENTED_EDGE('',*,*,#2039,.F.);
#2990=ORIENTED_EDGE('',*,*,#2137,.F.);
#2991=ORIENTED_EDGE('',*,*,#2254,.T.);
#2992=ORIENTED_EDGE('',*,*,#1957,.T.);
#2993=ORIENTED_EDGE('',*,*,#2259,.T.);
#2994=ORIENTED_EDGE('',*,*,#2140,.F.);
#2995=ORIENTED_EDGE('',*,*,#2260,.F.);
#2996=ORIENTED_EDGE('',*,*,#1953,.T.);
#2997=ORIENTED_EDGE('',*,*,#2261,.F.);
#2998=ORIENTED_EDGE('',*,*,#2203,.F.);
#2999=ORIENTED_EDGE('',*,*,#2262,.F.);
#3000=ORIENTED_EDGE('',*,*,#2202,.F.);
#3001=ORIENTED_EDGE('',*,*,#2263,.F.);
#3002=ORIENTED_EDGE('',*,*,#1902,.T.);
#3003=ORIENTED_EDGE('',*,*,#2067,.T.);
#3004=ORIENTED_EDGE('',*,*,#2216,.F.);
#3005=ORIENTED_EDGE('',*,*,#2264,.F.);
#3006=ORIENTED_EDGE('',*,*,#1877,.T.);
#3007=ORIENTED_EDGE('',*,*,#2262,.T.);
#3008=ORIENTED_EDGE('',*,*,#1905,.T.);
#3009=ORIENTED_EDGE('',*,*,#2265,.F.);
#3010=ORIENTED_EDGE('',*,*,#2199,.F.);
#3011=ORIENTED_EDGE('',*,*,#2244,.T.);
#3012=ORIENTED_EDGE('',*,*,#1978,.T.);
#3013=ORIENTED_EDGE('',*,*,#2266,.F.);
#3014=ORIENTED_EDGE('',*,*,#2192,.F.);
#3015=ORIENTED_EDGE('',*,*,#2261,.T.);
#3016=ORIENTED_EDGE('',*,*,#1952,.T.);
#3017=ORIENTED_EDGE('',*,*,#2267,.T.);
#3018=ORIENTED_EDGE('',*,*,#2204,.F.);
#3019=ORIENTED_EDGE('',*,*,#2045,.F.);
#3020=ORIENTED_EDGE('',*,*,#2129,.F.);
#3021=ORIENTED_EDGE('',*,*,#2268,.F.);
#3022=ORIENTED_EDGE('',*,*,#1853,.F.);
#3023=ORIENTED_EDGE('',*,*,#2269,.F.);
#3024=ORIENTED_EDGE('',*,*,#1870,.F.);
#3025=ORIENTED_EDGE('',*,*,#2270,.F.);
#3026=ORIENTED_EDGE('',*,*,#2176,.F.);
#3027=ORIENTED_EDGE('',*,*,#2043,.F.);
#3028=ORIENTED_EDGE('',*,*,#1910,.T.);
#3029=ORIENTED_EDGE('',*,*,#2271,.F.);
#3030=ORIENTED_EDGE('',*,*,#2130,.F.);
#3031=ORIENTED_EDGE('',*,*,#2272,.F.);
#3032=ORIENTED_EDGE('',*,*,#2174,.F.);
#3033=ORIENTED_EDGE('',*,*,#2273,.F.);
#3034=ORIENTED_EDGE('',*,*,#1945,.T.);
#3035=ORIENTED_EDGE('',*,*,#2263,.T.);
#3036=ORIENTED_EDGE('',*,*,#2201,.F.);
#3037=ORIENTED_EDGE('',*,*,#2274,.F.);
#3038=ORIENTED_EDGE('',*,*,#1903,.T.);
#3039=ORIENTED_EDGE('',*,*,#2273,.T.);
#3040=ORIENTED_EDGE('',*,*,#2173,.F.);
#3041=ORIENTED_EDGE('',*,*,#2275,.T.);
#3042=ORIENTED_EDGE('',*,*,#1946,.T.);
#3043=ORIENTED_EDGE('',*,*,#2240,.T.);
#3044=ORIENTED_EDGE('',*,*,#2189,.F.);
#3045=ORIENTED_EDGE('',*,*,#2276,.F.);
#3046=ORIENTED_EDGE('',*,*,#1973,.T.);
#3047=ORIENTED_EDGE('',*,*,#2271,.T.);
#3048=ORIENTED_EDGE('',*,*,#1909,.T.);
#3049=ORIENTED_EDGE('',*,*,#2277,.F.);
#3050=ORIENTED_EDGE('',*,*,#2131,.F.);
#3051=ORIENTED_EDGE('',*,*,#2278,.F.);
#3052=ORIENTED_EDGE('',*,*,#2197,.F.);
#3053=ORIENTED_EDGE('',*,*,#2251,.F.);
#3054=ORIENTED_EDGE('',*,*,#1969,.T.);
#3055=ORIENTED_EDGE('',*,*,#2279,.F.);
#3056=ORIENTED_EDGE('',*,*,#2209,.F.);
#3057=ORIENTED_EDGE('',*,*,#2238,.F.);
#3058=ORIENTED_EDGE('',*,*,#1894,.T.);
#3059=ORIENTED_EDGE('',*,*,#2260,.T.);
#3060=ORIENTED_EDGE('',*,*,#2206,.F.);
#3061=ORIENTED_EDGE('',*,*,#2280,.F.);
#3062=ORIENTED_EDGE('',*,*,#1950,.T.);
#3063=ORIENTED_EDGE('',*,*,#2227,.T.);
#3064=ORIENTED_EDGE('',*,*,#2210,.F.);
#3065=ORIENTED_EDGE('',*,*,#2279,.T.);
#3066=ORIENTED_EDGE('',*,*,#1893,.T.);
#3067=ORIENTED_EDGE('',*,*,#2243,.T.);
#3068=ORIENTED_EDGE('',*,*,#2193,.F.);
#3069=ORIENTED_EDGE('',*,*,#2266,.T.);
#3070=ORIENTED_EDGE('',*,*,#1977,.T.);
#3071=ORIENTED_EDGE('',*,*,#2248,.T.);
#3072=ORIENTED_EDGE('',*,*,#2198,.F.);
#3073=ORIENTED_EDGE('',*,*,#2278,.T.);
#3074=ORIENTED_EDGE('',*,*,#1968,.T.);
#3075=ORIENTED_EDGE('',*,*,#2281,.F.);
#3076=ORIENTED_EDGE('',*,*,#1947,.T.);
#3077=ORIENTED_EDGE('',*,*,#2275,.F.);
#3078=ORIENTED_EDGE('',*,*,#2172,.F.);
#3079=ORIENTED_EDGE('',*,*,#2280,.T.);
#3080=ORIENTED_EDGE('',*,*,#2205,.F.);
#3081=ORIENTED_EDGE('',*,*,#2267,.F.);
#3082=ORIENTED_EDGE('',*,*,#1951,.T.);
#3083=ORIENTED_EDGE('',*,*,#2236,.T.);
#3084=ORIENTED_EDGE('',*,*,#1890,.T.);
#3085=ORIENTED_EDGE('',*,*,#2282,.F.);
#3086=ORIENTED_EDGE('',*,*,#2169,.F.);
#3087=ORIENTED_EDGE('',*,*,#2270,.T.);
#3088=ORIENTED_EDGE('',*,*,#1869,.T.);
#3089=ORIENTED_EDGE('',*,*,#2051,.F.);
#3090=ORIENTED_EDGE('',*,*,#2177,.F.);
#3091=ORIENTED_EDGE('',*,*,#2281,.T.);
#3092=ORIENTED_EDGE('',*,*,#2171,.F.);
#3093=ORIENTED_EDGE('',*,*,#2283,.F.);
#3094=ORIENTED_EDGE('',*,*,#1948,.F.);
#3095=ORIENTED_EDGE('',*,*,#2040,.F.);
#3096=ORIENTED_EDGE('',*,*,#1960,.T.);
#3097=ORIENTED_EDGE('',*,*,#2284,.F.);
#3098=ORIENTED_EDGE('',*,*,#2134,.F.);
#3099=ORIENTED_EDGE('',*,*,#2042,.F.);
#3100=ORIENTED_EDGE('',*,*,#2133,.F.);
#3101=ORIENTED_EDGE('',*,*,#2285,.F.);
#3102=ORIENTED_EDGE('',*,*,#1907,.F.);
#3103=ORIENTED_EDGE('',*,*,#2255,.T.);
#3104=ORIENTED_EDGE('',*,*,#2135,.F.);
#3105=ORIENTED_EDGE('',*,*,#2284,.T.);
#3106=ORIENTED_EDGE('',*,*,#1959,.T.);
#3107=ORIENTED_EDGE('',*,*,#2234,.T.);
#3108=ORIENTED_EDGE('',*,*,#2162,.F.);
#3109=ORIENTED_EDGE('',*,*,#2286,.F.);
#3110=ORIENTED_EDGE('',*,*,#1898,.T.);
#3111=ORIENTED_EDGE('',*,*,#2287,.F.);
#3112=ORIENTED_EDGE('',*,*,#1939,.T.);
#3113=ORIENTED_EDGE('',*,*,#2288,.F.);
#3114=ORIENTED_EDGE('',*,*,#2158,.F.);
#3115=ORIENTED_EDGE('',*,*,#2289,.F.);
#3116=ORIENTED_EDGE('',*,*,#1944,.T.);
#3117=ORIENTED_EDGE('',*,*,#2290,.F.);
#3118=ORIENTED_EDGE('',*,*,#2154,.F.);
#3119=ORIENTED_EDGE('',*,*,#2289,.T.);
#3120=ORIENTED_EDGE('',*,*,#2153,.F.);
#3121=ORIENTED_EDGE('',*,*,#2291,.F.);
#3122=ORIENTED_EDGE('',*,*,#1940,.T.);
#3123=ORIENTED_EDGE('',*,*,#2287,.T.);
#3124=ORIENTED_EDGE('',*,*,#2157,.F.);
#3125=ORIENTED_EDGE('',*,*,#2292,.F.);
#3126=ORIENTED_EDGE('',*,*,#1935,.F.);
#3127=ORIENTED_EDGE('',*,*,#2286,.T.);
#3128=ORIENTED_EDGE('',*,*,#2161,.F.);
#3129=ORIENTED_EDGE('',*,*,#2293,.F.);
#3130=ORIENTED_EDGE('',*,*,#1899,.F.);
#3131=ORIENTED_EDGE('',*,*,#2230,.T.);
#3132=ORIENTED_EDGE('',*,*,#2185,.F.);
#3133=ORIENTED_EDGE('',*,*,#2294,.F.);
#3134=ORIENTED_EDGE('',*,*,#1981,.T.);
#3135=ORIENTED_EDGE('',*,*,#2091,.T.);
#3136=ORIENTED_EDGE('',*,*,#1987,.T.);
#3137=ORIENTED_EDGE('',*,*,#2295,.F.);
#3138=ORIENTED_EDGE('',*,*,#2149,.F.);
#3139=ORIENTED_EDGE('',*,*,#2237,.T.);
#3140=ORIENTED_EDGE('',*,*,#1982,.T.);
#3141=ORIENTED_EDGE('',*,*,#2294,.T.);
#3142=ORIENTED_EDGE('',*,*,#2184,.F.);
#3143=ORIENTED_EDGE('',*,*,#2295,.T.);
#3144=ORIENTED_EDGE('',*,*,#1986,.T.);
#3145=ORIENTED_EDGE('',*,*,#2296,.F.);
#3146=ORIENTED_EDGE('',*,*,#2150,.F.);
#3147=ORIENTED_EDGE('',*,*,#2268,.T.);
#3148=ORIENTED_EDGE('',*,*,#2128,.F.);
#3149=ORIENTED_EDGE('',*,*,#2046,.F.);
#3150=ORIENTED_EDGE('',*,*,#1854,.T.);
#3151=ORIENTED_EDGE('',*,*,#2061,.T.);
#3152=ORIENTED_EDGE('',*,*,#2011,.T.);
#3153=ORIENTED_EDGE('',*,*,#2297,.F.);
#3154=ORIENTED_EDGE('',*,*,#2219,.F.);
#3155=ORIENTED_EDGE('',*,*,#2285,.T.);
#3156=ORIENTED_EDGE('',*,*,#2132,.F.);
#3157=ORIENTED_EDGE('',*,*,#2277,.T.);
#3158=ORIENTED_EDGE('',*,*,#1908,.T.);
#3159=ORIENTED_EDGE('',*,*,#2298,.F.);
#3160=ORIENTED_EDGE('',*,*,#1934,.T.);
#3161=ORIENTED_EDGE('',*,*,#2299,.F.);
#3162=ORIENTED_EDGE('',*,*,#2113,.F.);
#3163=ORIENTED_EDGE('',*,*,#2073,.T.);
#3164=ORIENTED_EDGE('',*,*,#2006,.T.);
#3165=ORIENTED_EDGE('',*,*,#2300,.F.);
#3166=ORIENTED_EDGE('',*,*,#2109,.F.);
#3167=ORIENTED_EDGE('',*,*,#2301,.F.);
#3168=ORIENTED_EDGE('',*,*,#2226,.F.);
#3169=ORIENTED_EDGE('',*,*,#2302,.F.);
#3170=ORIENTED_EDGE('',*,*,#1926,.T.);
#3171=ORIENTED_EDGE('',*,*,#2301,.T.);
#3172=ORIENTED_EDGE('',*,*,#1929,.T.);
#3173=ORIENTED_EDGE('',*,*,#2303,.T.);
#3174=ORIENTED_EDGE('',*,*,#2223,.F.);
#3175=ORIENTED_EDGE('',*,*,#2300,.T.);
#3176=ORIENTED_EDGE('',*,*,#2005,.F.);
#3177=ORIENTED_EDGE('',*,*,#2304,.F.);
#3178=ORIENTED_EDGE('',*,*,#2110,.F.);
#3179=ORIENTED_EDGE('',*,*,#2299,.T.);
#3180=ORIENTED_EDGE('',*,*,#1933,.T.);
#3181=ORIENTED_EDGE('',*,*,#2305,.T.);
#3182=ORIENTED_EDGE('',*,*,#2114,.F.);
#3183=ORIENTED_EDGE('',*,*,#2306,.F.);
#3184=ORIENTED_EDGE('',*,*,#1925,.F.);
#3185=ORIENTED_EDGE('',*,*,#2307,.F.);
#3186=ORIENTED_EDGE('',*,*,#2125,.F.);
#3187=ORIENTED_EDGE('',*,*,#2308,.F.);
#3188=ORIENTED_EDGE('',*,*,#1994,.F.);
#3189=ORIENTED_EDGE('',*,*,#2100,.F.);
#3190=ORIENTED_EDGE('',*,*,#2146,.F.);
#3191=ORIENTED_EDGE('',*,*,#2084,.F.);
#3192=ORIENTED_EDGE('',*,*,#2127,.F.);
#3193=ORIENTED_EDGE('',*,*,#2309,.F.);
#3194=ORIENTED_EDGE('',*,*,#2000,.T.);
#3195=ORIENTED_EDGE('',*,*,#2310,.F.);
#3196=ORIENTED_EDGE('',*,*,#2144,.F.);
#3197=ORIENTED_EDGE('',*,*,#2311,.F.);
#3198=ORIENTED_EDGE('',*,*,#1911,.T.);
#3199=ORIENTED_EDGE('',*,*,#2276,.T.);
#3200=ORIENTED_EDGE('',*,*,#2188,.F.);
#3201=ORIENTED_EDGE('',*,*,#2245,.F.);
#3202=ORIENTED_EDGE('',*,*,#1974,.T.);
#3203=ORIENTED_EDGE('',*,*,#2253,.T.);
#3204=ORIENTED_EDGE('',*,*,#2138,.F.);
#3205=ORIENTED_EDGE('',*,*,#2037,.F.);
#3206=ORIENTED_EDGE('',*,*,#1954,.T.);
#3207=ORIENTED_EDGE('',*,*,#2311,.T.);
#3208=ORIENTED_EDGE('',*,*,#2143,.F.);
#3209=ORIENTED_EDGE('',*,*,#2312,.T.);
#3210=ORIENTED_EDGE('',*,*,#1912,.T.);
#3211=ORIENTED_EDGE('',*,*,#2297,.T.);
#3212=ORIENTED_EDGE('',*,*,#2010,.T.);
#3213=ORIENTED_EDGE('',*,*,#2069,.F.);
#3214=ORIENTED_EDGE('',*,*,#2220,.F.);
#3215=ORIENTED_EDGE('',*,*,#2290,.T.);
#3216=ORIENTED_EDGE('',*,*,#1943,.T.);
#3217=ORIENTED_EDGE('',*,*,#2313,.F.);
#3218=ORIENTED_EDGE('',*,*,#2155,.F.);
#3219=ORIENTED_EDGE('',*,*,#2298,.T.);
#3220=ORIENTED_EDGE('',*,*,#2112,.F.);
#3221=ORIENTED_EDGE('',*,*,#2314,.F.);
#3222=ORIENTED_EDGE('',*,*,#1930,.T.);
#3223=ORIENTED_EDGE('',*,*,#2307,.T.);
#3224=ORIENTED_EDGE('',*,*,#1924,.F.);
#3225=ORIENTED_EDGE('',*,*,#2315,.T.);
#3226=ORIENTED_EDGE('',*,*,#2121,.T.);
#3227=ORIENTED_EDGE('',*,*,#2316,.T.);
#3228=ORIENTED_EDGE('',*,*,#1917,.F.);
#3229=ORIENTED_EDGE('',*,*,#2317,.T.);
#3230=ORIENTED_EDGE('',*,*,#2116,.T.);
#3231=ORIENTED_EDGE('',*,*,#2318,.T.);
#3232=ORIENTED_EDGE('',*,*,#1931,.F.);
#3233=ORIENTED_EDGE('',*,*,#2314,.T.);
#3234=ORIENTED_EDGE('',*,*,#2111,.T.);
#3235=ORIENTED_EDGE('',*,*,#2304,.T.);
#3236=ORIENTED_EDGE('',*,*,#2004,.F.);
#3237=ORIENTED_EDGE('',*,*,#2319,.F.);
#3238=ORIENTED_EDGE('',*,*,#2320,.T.);
#3239=ORIENTED_EDGE('',*,*,#2031,.F.);
#3240=ORIENTED_EDGE('',*,*,#2001,.F.);
#3241=ORIENTED_EDGE('',*,*,#2309,.T.);
#3242=ORIENTED_EDGE('',*,*,#2126,.T.);
#3243=ORIENTED_EDGE('',*,*,#2288,.T.);
#3244=ORIENTED_EDGE('',*,*,#1938,.T.);
#3245=ORIENTED_EDGE('',*,*,#2321,.F.);
#3246=ORIENTED_EDGE('',*,*,#2159,.F.);
#3247=ORIENTED_EDGE('',*,*,#2306,.T.);
#3248=ORIENTED_EDGE('',*,*,#2124,.F.);
#3249=ORIENTED_EDGE('',*,*,#2322,.F.);
#3250=ORIENTED_EDGE('',*,*,#1921,.T.);
#3251=ORIENTED_EDGE('',*,*,#2291,.T.);
#3252=ORIENTED_EDGE('',*,*,#2152,.F.);
#3253=ORIENTED_EDGE('',*,*,#2323,.F.);
#3254=ORIENTED_EDGE('',*,*,#1941,.F.);
#3255=ORIENTED_EDGE('',*,*,#2305,.F.);
#3256=ORIENTED_EDGE('',*,*,#1932,.F.);
#3257=ORIENTED_EDGE('',*,*,#2318,.F.);
#3258=ORIENTED_EDGE('',*,*,#2115,.F.);
#3259=ORIENTED_EDGE('',*,*,#2324,.F.);
#3260=ORIENTED_EDGE('',*,*,#2117,.F.);
#3261=ORIENTED_EDGE('',*,*,#2317,.F.);
#3262=ORIENTED_EDGE('',*,*,#1916,.T.);
#3263=ORIENTED_EDGE('',*,*,#2056,.T.);
#3264=ORIENTED_EDGE('',*,*,#1878,.T.);
#3265=ORIENTED_EDGE('',*,*,#2264,.T.);
#3266=ORIENTED_EDGE('',*,*,#2215,.F.);
#3267=ORIENTED_EDGE('',*,*,#2324,.T.);
#3268=ORIENTED_EDGE('',*,*,#1920,.T.);
#3269=ORIENTED_EDGE('',*,*,#2325,.F.);
#3270=ORIENTED_EDGE('',*,*,#2118,.F.);
#3271=ORIENTED_EDGE('',*,*,#2310,.T.);
#3272=ORIENTED_EDGE('',*,*,#1915,.F.);
#3273=ORIENTED_EDGE('',*,*,#2033,.F.);
#3274=ORIENTED_EDGE('',*,*,#2326,.T.);
#3275=ORIENTED_EDGE('',*,*,#2327,.T.);
#3276=ORIENTED_EDGE('',*,*,#1936,.F.);
#3277=ORIENTED_EDGE('',*,*,#2292,.T.);
#3278=ORIENTED_EDGE('',*,*,#2156,.T.);
#3279=ORIENTED_EDGE('',*,*,#2313,.T.);
#3280=ORIENTED_EDGE('',*,*,#1942,.F.);
#3281=ORIENTED_EDGE('',*,*,#2323,.T.);
#3282=ORIENTED_EDGE('',*,*,#2151,.T.);
#3283=ORIENTED_EDGE('',*,*,#2296,.T.);
#3284=ORIENTED_EDGE('',*,*,#1985,.F.);
#3285=ORIENTED_EDGE('',*,*,#2104,.T.);
#3286=ORIENTED_EDGE('',*,*,#2148,.T.);
#3287=ORIENTED_EDGE('',*,*,#2328,.T.);
#3288=ORIENTED_EDGE('',*,*,#1995,.F.);
#3289=ORIENTED_EDGE('',*,*,#2308,.T.);
#3290=ORIENTED_EDGE('',*,*,#2145,.T.);
#3291=ORIENTED_EDGE('',*,*,#2302,.T.);
#3292=ORIENTED_EDGE('',*,*,#2225,.F.);
#3293=ORIENTED_EDGE('',*,*,#2329,.F.);
#3294=ORIENTED_EDGE('',*,*,#1927,.T.);
#3295=ORIENTED_EDGE('',*,*,#2071,.F.);
#3296=ORIENTED_EDGE('',*,*,#2222,.F.);
#3297=ORIENTED_EDGE('',*,*,#2330,.F.);
#3298=ORIENTED_EDGE('',*,*,#1882,.T.);
#3299=ORIENTED_EDGE('',*,*,#2325,.T.);
#3300=ORIENTED_EDGE('',*,*,#1919,.T.);
#3301=ORIENTED_EDGE('',*,*,#2331,.T.);
#3302=ORIENTED_EDGE('',*,*,#2119,.F.);
#3303=ORIENTED_EDGE('',*,*,#2052,.T.);
#3304=ORIENTED_EDGE('',*,*,#1883,.T.);
#3305=ORIENTED_EDGE('',*,*,#2330,.T.);
#3306=ORIENTED_EDGE('',*,*,#2221,.F.);
#3307=ORIENTED_EDGE('',*,*,#2316,.F.);
#3308=ORIENTED_EDGE('',*,*,#2120,.F.);
#3309=ORIENTED_EDGE('',*,*,#2331,.F.);
#3310=ORIENTED_EDGE('',*,*,#1918,.F.);
#3311=ORIENTED_EDGE('',*,*,#2094,.T.);
#3312=ORIENTED_EDGE('',*,*,#1996,.T.);
#3313=ORIENTED_EDGE('',*,*,#2328,.F.);
#3314=ORIENTED_EDGE('',*,*,#2147,.F.);
#3315=ORIENTED_EDGE('',*,*,#2315,.F.);
#3316=ORIENTED_EDGE('',*,*,#1923,.T.);
#3317=ORIENTED_EDGE('',*,*,#2332,.F.);
#3318=ORIENTED_EDGE('',*,*,#2122,.F.);
#3319=ORIENTED_EDGE('',*,*,#2322,.T.);
#3320=ORIENTED_EDGE('',*,*,#2123,.F.);
#3321=ORIENTED_EDGE('',*,*,#2332,.T.);
#3322=ORIENTED_EDGE('',*,*,#1922,.T.);
#3323=ORIENTED_EDGE('',*,*,#2231,.T.);
#3324=ORIENTED_EDGE('',*,*,#2166,.F.);
#3325=ORIENTED_EDGE('',*,*,#2333,.F.);
#3326=ORIENTED_EDGE('',*,*,#1888,.F.);
#3327=ORIENTED_EDGE('',*,*,#2036,.F.);
#3328=ORIENTED_EDGE('',*,*,#2141,.F.);
#3329=ORIENTED_EDGE('',*,*,#2259,.F.);
#3330=ORIENTED_EDGE('',*,*,#1956,.F.);
#3331=ORIENTED_EDGE('',*,*,#2034,.F.);
#3332=ORIENTED_EDGE('',*,*,#1913,.T.);
#3333=ORIENTED_EDGE('',*,*,#2312,.F.);
#3334=ORIENTED_EDGE('',*,*,#2142,.F.);
#3335=ORIENTED_EDGE('',*,*,#2096,.T.);
#3336=ORIENTED_EDGE('',*,*,#1992,.T.);
#3337=ORIENTED_EDGE('',*,*,#2257,.T.);
#3338=ORIENTED_EDGE('',*,*,#2179,.F.);
#3339=ORIENTED_EDGE('',*,*,#2018,.T.);
#3340=ORIENTED_EDGE('',*,*,#1871,.F.);
#3341=ORIENTED_EDGE('',*,*,#2269,.T.);
#3342=ORIENTED_EDGE('',*,*,#2175,.T.);
#3343=ORIENTED_EDGE('',*,*,#2272,.T.);
#3344=ORIENTED_EDGE('',*,*,#1949,.F.);
#3345=ORIENTED_EDGE('',*,*,#2283,.T.);
#3346=ORIENTED_EDGE('',*,*,#2170,.T.);
#3347=ORIENTED_EDGE('',*,*,#2282,.T.);
#3348=ORIENTED_EDGE('',*,*,#1889,.F.);
#3349=ORIENTED_EDGE('',*,*,#2333,.T.);
#3350=ORIENTED_EDGE('',*,*,#2165,.T.);
#3351=ORIENTED_EDGE('',*,*,#2235,.T.);
#3352=ORIENTED_EDGE('',*,*,#1900,.F.);
#3353=ORIENTED_EDGE('',*,*,#2293,.T.);
#3354=ORIENTED_EDGE('',*,*,#2160,.T.);
#3355=ORIENTED_EDGE('',*,*,#2321,.T.);
#3356=ORIENTED_EDGE('',*,*,#1937,.F.);
#3357=ORIENTED_EDGE('',*,*,#2327,.F.);
#3358=ORIENTED_EDGE('',*,*,#2334,.T.);
#3359=ORIENTED_EDGE('',*,*,#2319,.T.);
#3360=ORIENTED_EDGE('',*,*,#2003,.F.);
#3361=ORIENTED_EDGE('',*,*,#2072,.T.);
#3362=ORIENTED_EDGE('',*,*,#2108,.T.);
#3363=ORIENTED_EDGE('',*,*,#2075,.T.);
#3364=ORIENTED_EDGE('',*,*,#1857,.F.);
#3365=ORIENTED_EDGE('',*,*,#2015,.T.);
#3366=ORIENTED_EDGE('',*,*,#2178,.T.);
#3367=ORIENTED_EDGE('',*,*,#2335,.T.);
#3368=ORIENTED_EDGE('',*,*,#1844,.T.);
#3369=ORIENTED_EDGE('',*,*,#2336,.F.);
#3370=ORIENTED_EDGE('',*,*,#2337,.T.);
#3371=ORIENTED_EDGE('',*,*,#2338,.T.);
#3372=ORIENTED_EDGE('',*,*,#1845,.T.);
#3373=ORIENTED_EDGE('',*,*,#2335,.F.);
#3374=ORIENTED_EDGE('',*,*,#2339,.F.);
#3375=ORIENTED_EDGE('',*,*,#2340,.T.);
#3376=ORIENTED_EDGE('',*,*,#1846,.T.);
#3377=ORIENTED_EDGE('',*,*,#2338,.F.);
#3378=ORIENTED_EDGE('',*,*,#2341,.F.);
#3379=ORIENTED_EDGE('',*,*,#2336,.T.);
#3380=ORIENTED_EDGE('',*,*,#1847,.T.);
#3381=ORIENTED_EDGE('',*,*,#2340,.F.);
#3382=ORIENTED_EDGE('',*,*,#2342,.F.);
#3383=ORIENTED_EDGE('',*,*,#2342,.T.);
#3384=ORIENTED_EDGE('',*,*,#2341,.T.);
#3385=ORIENTED_EDGE('',*,*,#2339,.T.);
#3386=ORIENTED_EDGE('',*,*,#2337,.F.);
#3387=ORIENTED_EDGE('',*,*,#2032,.F.);
#3388=ORIENTED_EDGE('',*,*,#2320,.F.);
#3389=ORIENTED_EDGE('',*,*,#2334,.F.);
#3390=ORIENTED_EDGE('',*,*,#2326,.F.);
#3391=ORIENTED_EDGE('',*,*,#2247,.T.);
#3392=ORIENTED_EDGE('',*,*,#2213,.F.);
#3393=ORIENTED_EDGE('',*,*,#2258,.T.);
#3394=ORIENTED_EDGE('',*,*,#1965,.T.);
#3395=ORIENTED_EDGE('',*,*,#2329,.T.);
#3396=ORIENTED_EDGE('',*,*,#2224,.F.);
#3397=ORIENTED_EDGE('',*,*,#2303,.F.);
#3398=ORIENTED_EDGE('',*,*,#1928,.T.);
#3399=ORIENTED_EDGE('',*,*,#2016,.T.);
#3400=ORIENTED_EDGE('',*,*,#1860,.T.);
#3401=ORIENTED_EDGE('',*,*,#2086,.T.);
#3402=ORIENTED_EDGE('',*,*,#2107,.F.);
#3403=ORIENTED_EDGE('',*,*,#2265,.T.);
#3404=ORIENTED_EDGE('',*,*,#1904,.T.);
#3405=ORIENTED_EDGE('',*,*,#2274,.T.);
#3406=ORIENTED_EDGE('',*,*,#2200,.F.);
#3407=(
BOUNDED_SURFACE()
B_SPLINE_SURFACE(2,2,((#5028,#5029,#5030),(#5031,#5032,#5033),(#5034,#5035,
#5036)),.UNSPECIFIED.,.F.,.F.,.F.)
B_SPLINE_SURFACE_WITH_KNOTS((3,3),(3,3),(-1.5707963267949,-1.28395329625815E-33),
(-3.14159265358979,-1.5707963267949),.UNSPECIFIED.)
GEOMETRIC_REPRESENTATION_ITEM()
RATIONAL_B_SPLINE_SURFACE(((1.,0.707106781186548,1.),(0.707106781186538,
0.499999999999993,0.707106781186538),(1.,0.707106781186548,1.)))
REPRESENTATION_ITEM('')
SURFACE()
);
#3408=(
BOUNDED_SURFACE()
B_SPLINE_SURFACE(2,2,((#5051,#5052,#5053),(#5054,#5055,#5056),(#5057,#5058,
#5059)),.UNSPECIFIED.,.F.,.F.,.F.)
B_SPLINE_SURFACE_WITH_KNOTS((3,3),(3,3),(-1.5707963267949,1.90465657719404E-16),
(-1.5707963267949,1.45449891447286E-16),.UNSPECIFIED.)
GEOMETRIC_REPRESENTATION_ITEM()
RATIONAL_B_SPLINE_SURFACE(((1.,0.707106781186547,1.),(0.707106781186547,
0.5,0.707106781186547),(1.,0.707106781186547,1.)))
REPRESENTATION_ITEM('')
SURFACE()
);
#3409=(
BOUNDED_SURFACE()
B_SPLINE_SURFACE(2,2,((#5071,#5072,#5073),(#5074,#5075,#5076),(#5077,#5078,
#5079)),.UNSPECIFIED.,.F.,.F.,.F.)
B_SPLINE_SURFACE_WITH_KNOTS((3,3),(3,3),(-1.5707963267949,3.99772405990085E-15),
(-4.27008855625061E-16,1.5707963267949),.UNSPECIFIED.)
GEOMETRIC_REPRESENTATION_ITEM()
RATIONAL_B_SPLINE_SURFACE(((1.,0.707106781186547,1.),(0.707106781186545,
0.499999999999998,0.707106781186545),(1.,0.707106781186547,1.)))
REPRESENTATION_ITEM('')
SURFACE()
);
#3410=(
BOUNDED_SURFACE()
B_SPLINE_SURFACE(2,2,((#5091,#5092,#5093),(#5094,#5095,#5096),(#5097,#5098,
#5099)),.UNSPECIFIED.,.F.,.F.,.F.)
B_SPLINE_SURFACE_WITH_KNOTS((3,3),(3,3),(-1.5707963267949,3.83403733191123E-15),
(1.5707963267949,3.14159265358979),.UNSPECIFIED.)
GEOMETRIC_REPRESENTATION_ITEM()
RATIONAL_B_SPLINE_SURFACE(((1.,0.707106781186547,1.),(0.70710678118653,
0.499999999999988,0.70710678118653),(1.,0.707106781186547,1.)))
REPRESENTATION_ITEM('')
SURFACE()
);
#3411=ADVANCED_FACE('',(#867),#3407,.F.);
#3412=ADVANCED_FACE('',(#868),#763,.T.);
#3413=ADVANCED_FACE('',(#869),#3408,.F.);
#3414=ADVANCED_FACE('',(#870),#764,.T.);
#3415=ADVANCED_FACE('',(#871),#3409,.F.);
#3416=ADVANCED_FACE('',(#872),#765,.T.);
#3417=ADVANCED_FACE('',(#873),#3410,.F.);
#3418=ADVANCED_FACE('',(#874),#766,.T.);
#3419=ADVANCED_FACE('',(#875),#67,.T.);
#3420=ADVANCED_FACE('',(#876),#767,.T.);
#3421=ADVANCED_FACE('',(#877),#68,.T.);
#3422=ADVANCED_FACE('',(#878),#768,.T.);
#3423=ADVANCED_FACE('',(#879,#15),#69,.T.);
#3424=ADVANCED_FACE('',(#880,#16,#17,#18,#19,#20,#21,#22,#23,#24,#25,#26,
#27,#28,#29,#30,#31,#32,#33,#34,#35,#36,#37,#38,#39,#40,#41,#42,#43,#44,
#45,#46,#47,#48,#49,#50),#70,.F.);
#3425=ADVANCED_FACE('',(#881),#769,.T.);
#3426=ADVANCED_FACE('',(#882),#71,.T.);
#3427=ADVANCED_FACE('',(#883),#770,.T.);
#3428=ADVANCED_FACE('',(#884),#72,.T.);
#3429=ADVANCED_FACE('',(#885),#73,.T.);
#3430=ADVANCED_FACE('',(#886),#74,.T.);
#3431=ADVANCED_FACE('',(#887),#75,.T.);
#3432=ADVANCED_FACE('',(#888),#76,.T.);
#3433=ADVANCED_FACE('',(#889),#77,.T.);
#3434=ADVANCED_FACE('',(#890),#771,.T.);
#3435=ADVANCED_FACE('',(#891),#772,.T.);
#3436=ADVANCED_FACE('',(#892),#773,.T.);
#3437=ADVANCED_FACE('',(#893),#774,.T.);
#3438=ADVANCED_FACE('',(#894),#775,.T.);
#3439=ADVANCED_FACE('',(#895),#776,.T.);
#3440=ADVANCED_FACE('',(#896),#777,.T.);
#3441=ADVANCED_FACE('',(#897),#778,.T.);
#3442=ADVANCED_FACE('',(#898),#779,.T.);
#3443=ADVANCED_FACE('',(#899),#780,.T.);
#3444=ADVANCED_FACE('',(#900),#781,.T.);
#3445=ADVANCED_FACE('',(#901),#78,.T.);
#3446=ADVANCED_FACE('',(#902),#79,.T.);
#3447=ADVANCED_FACE('',(#903),#80,.T.);
#3448=ADVANCED_FACE('',(#904),#81,.T.);
#3449=ADVANCED_FACE('',(#905),#782,.T.);
#3450=ADVANCED_FACE('',(#906),#783,.T.);
#3451=ADVANCED_FACE('',(#907),#784,.T.);
#3452=ADVANCED_FACE('',(#908),#785,.T.);
#3453=ADVANCED_FACE('',(#909),#786,.T.);
#3454=ADVANCED_FACE('',(#910),#787,.T.);
#3455=ADVANCED_FACE('',(#911),#788,.T.);
#3456=ADVANCED_FACE('',(#912),#789,.T.);
#3457=ADVANCED_FACE('',(#913),#790,.T.);
#3458=ADVANCED_FACE('',(#914),#82,.T.);
#3459=ADVANCED_FACE('',(#915),#791,.T.);
#3460=ADVANCED_FACE('',(#916,#51,#52,#53,#54,#55,#56,#57,#58,#59,#60,#61,
#62,#63,#64,#65),#83,.T.);
#3461=ADVANCED_FACE('',(#917),#792,.T.);
#3462=ADVANCED_FACE('',(#918),#793,.T.);
#3463=ADVANCED_FACE('',(#919),#794,.T.);
#3464=ADVANCED_FACE('',(#920),#795,.T.);
#3465=ADVANCED_FACE('',(#921),#84,.T.);
#3466=ADVANCED_FACE('',(#922),#796,.T.);
#3467=ADVANCED_FACE('',(#923),#797,.T.);
#3468=ADVANCED_FACE('',(#924),#798,.T.);
#3469=ADVANCED_FACE('',(#925),#799,.T.);
#3470=ADVANCED_FACE('',(#926),#800,.T.);
#3471=ADVANCED_FACE('',(#927),#801,.T.);
#3472=ADVANCED_FACE('',(#928),#802,.T.);
#3473=ADVANCED_FACE('',(#929),#803,.T.);
#3474=ADVANCED_FACE('',(#930),#804,.T.);
#3475=ADVANCED_FACE('',(#931),#805,.T.);
#3476=ADVANCED_FACE('',(#932),#806,.T.);
#3477=ADVANCED_FACE('',(#933),#807,.T.);
#3478=ADVANCED_FACE('',(#934),#808,.T.);
#3479=ADVANCED_FACE('',(#935),#809,.T.);
#3480=ADVANCED_FACE('',(#936),#810,.T.);
#3481=ADVANCED_FACE('',(#937),#811,.T.);
#3482=ADVANCED_FACE('',(#938),#812,.T.);
#3483=ADVANCED_FACE('',(#939),#813,.T.);
#3484=ADVANCED_FACE('',(#940),#814,.T.);
#3485=ADVANCED_FACE('',(#941),#85,.T.);
#3486=ADVANCED_FACE('',(#942),#815,.T.);
#3487=ADVANCED_FACE('',(#943),#816,.T.);
#3488=ADVANCED_FACE('',(#944),#817,.T.);
#3489=ADVANCED_FACE('',(#945),#818,.T.);
#3490=ADVANCED_FACE('',(#946),#819,.T.);
#3491=ADVANCED_FACE('',(#947),#820,.T.);
#3492=ADVANCED_FACE('',(#948),#821,.T.);
#3493=ADVANCED_FACE('',(#949),#86,.T.);
#3494=ADVANCED_FACE('',(#950),#87,.T.);
#3495=ADVANCED_FACE('',(#951),#88,.T.);
#3496=ADVANCED_FACE('',(#952),#89,.T.);
#3497=ADVANCED_FACE('',(#953),#822,.T.);
#3498=ADVANCED_FACE('',(#954),#823,.T.);
#3499=ADVANCED_FACE('',(#955),#824,.T.);
#3500=ADVANCED_FACE('',(#956),#825,.T.);
#3501=ADVANCED_FACE('',(#957),#826,.T.);
#3502=ADVANCED_FACE('',(#958),#827,.T.);
#3503=ADVANCED_FACE('',(#959),#828,.T.);
#3504=ADVANCED_FACE('',(#960),#829,.T.);
#3505=ADVANCED_FACE('',(#961),#830,.T.);
#3506=ADVANCED_FACE('',(#962),#831,.T.);
#3507=ADVANCED_FACE('',(#963),#832,.T.);
#3508=ADVANCED_FACE('',(#964),#833,.T.);
#3509=ADVANCED_FACE('',(#965),#90,.T.);
#3510=ADVANCED_FACE('',(#966),#834,.T.);
#3511=ADVANCED_FACE('',(#967),#91,.T.);
#3512=ADVANCED_FACE('',(#968),#92,.T.);
#3513=ADVANCED_FACE('',(#969),#93,.T.);
#3514=ADVANCED_FACE('',(#970),#835,.T.);
#3515=ADVANCED_FACE('',(#971),#836,.T.);
#3516=ADVANCED_FACE('',(#972),#837,.T.);
#3517=ADVANCED_FACE('',(#973),#838,.T.);
#3518=ADVANCED_FACE('',(#974),#839,.T.);
#3519=ADVANCED_FACE('',(#975),#94,.T.);
#3520=ADVANCED_FACE('',(#976),#95,.T.);
#3521=ADVANCED_FACE('',(#977),#840,.T.);
#3522=ADVANCED_FACE('',(#978),#841,.T.);
#3523=ADVANCED_FACE('',(#979),#842,.T.);
#3524=ADVANCED_FACE('',(#980),#96,.T.);
#3525=ADVANCED_FACE('',(#981),#843,.T.);
#3526=ADVANCED_FACE('',(#982),#844,.T.);
#3527=ADVANCED_FACE('',(#983),#845,.T.);
#3528=ADVANCED_FACE('',(#984),#846,.T.);
#3529=ADVANCED_FACE('',(#985),#847,.T.);
#3530=ADVANCED_FACE('',(#986),#848,.T.);
#3531=ADVANCED_FACE('',(#987),#849,.T.);
#3532=ADVANCED_FACE('',(#988),#97,.T.);
#3533=ADVANCED_FACE('',(#989),#850,.T.);
#3534=ADVANCED_FACE('',(#990),#98,.T.);
#3535=ADVANCED_FACE('',(#991),#99,.T.);
#3536=ADVANCED_FACE('',(#992),#100,.T.);
#3537=ADVANCED_FACE('',(#993),#101,.T.);
#3538=ADVANCED_FACE('',(#994),#851,.T.);
#3539=ADVANCED_FACE('',(#995),#102,.T.);
#3540=ADVANCED_FACE('',(#996),#852,.T.);
#3541=ADVANCED_FACE('',(#997),#853,.T.);
#3542=ADVANCED_FACE('',(#998),#103,.T.);
#3543=ADVANCED_FACE('',(#999),#104,.T.);
#3544=ADVANCED_FACE('',(#1000),#105,.T.);
#3545=ADVANCED_FACE('',(#1001),#106,.T.);
#3546=ADVANCED_FACE('',(#1002),#854,.T.);
#3547=ADVANCED_FACE('',(#1003),#107,.T.);
#3548=ADVANCED_FACE('',(#1004),#108,.T.);
#3549=ADVANCED_FACE('',(#1005),#109,.T.);
#3550=ADVANCED_FACE('',(#1006),#855,.T.);
#3551=ADVANCED_FACE('',(#1007),#856,.T.);
#3552=ADVANCED_FACE('',(#1008),#110,.T.);
#3553=ADVANCED_FACE('',(#1009),#857,.T.);
#3554=ADVANCED_FACE('',(#1010),#858,.T.);
#3555=ADVANCED_FACE('',(#1011),#859,.T.);
#3556=ADVANCED_FACE('',(#1012),#860,.T.);
#3557=ADVANCED_FACE('',(#1013),#111,.T.);
#3558=ADVANCED_FACE('',(#1014),#112,.T.);
#3559=ADVANCED_FACE('',(#1015),#113,.T.);
#3560=ADVANCED_FACE('',(#1016),#861,.T.);
#3561=ADVANCED_FACE('',(#1017),#114,.T.);
#3562=ADVANCED_FACE('',(#1018),#115,.T.);
#3563=ADVANCED_FACE('',(#1019),#116,.T.);
#3564=ADVANCED_FACE('',(#1020),#862,.T.);
#3565=ADVANCED_FACE('',(#1021),#117,.T.);
#3566=ADVANCED_FACE('',(#1022),#118,.T.);
#3567=ADVANCED_FACE('',(#1023),#119,.T.);
#3568=ADVANCED_FACE('',(#1024),#120,.T.);
#3569=ADVANCED_FACE('',(#1025),#121,.T.);
#3570=ADVANCED_FACE('',(#1026,#66),#122,.T.);
#3571=ADVANCED_FACE('',(#1027),#863,.T.);
#3572=ADVANCED_FACE('',(#1028),#864,.T.);
#3573=ADVANCED_FACE('',(#1029),#865,.T.);
#3574=ADVANCED_FACE('',(#1030),#866,.T.);
#3575=CLOSED_SHELL('',(#3411,#3412,#3413,#3414,#3415,#3416,#3417,#3418,
#3419,#3420,#3421,#3422,#3423,#3424,#3425,#3426,#3427,#3428,#3429,#3430,
#3431,#3432,#3433,#3434,#3435,#3436,#3437,#3438,#3439,#3440,#3441,#3442,
#3443,#3444,#3445,#3446,#3447,#3448,#3449,#3450,#3451,#3452,#3453,#3454,
#3455,#3456,#3457,#3458,#3459,#3460,#3461,#3462,#3463,#3464,#3465,#3466,
#3467,#3468,#3469,#3470,#3471,#3472,#3473,#3474,#3475,#3476,#3477,#3478,
#3479,#3480,#3481,#3482,#3483,#3484,#3485,#3486,#3487,#3488,#3489,#3490,
#3491,#3492,#3493,#3494,#3495,#3496,#3497,#3498,#3499,#3500,#3501,#3502,
#3503,#3504,#3505,#3506,#3507,#3508,#3509,#3510,#3511,#3512,#3513,#3514,
#3515,#3516,#3517,#3518,#3519,#3520,#3521,#3522,#3523,#3524,#3525,#3526,
#3527,#3528,#3529,#3530,#3531,#3532,#3533,#3534,#3535,#3536,#3537,#3538,
#3539,#3540,#3541,#3542,#3543,#3544,#3545,#3546,#3547,#3548,#3549,#3550,
#3551,#3552,#3553,#3554,#3555,#3556,#3557,#3558,#3559,#3560,#3561,#3562,
#3563,#3564,#3565,#3566,#3567,#3568,#3569,#3570,#3571,#3572,#3573,#3574));
#3576=DERIVED_UNIT_ELEMENT(#3578,1.);
#3577=DERIVED_UNIT_ELEMENT(#6113,-3.);
#3578=(
MASS_UNIT()
NAMED_UNIT(*)
SI_UNIT(.KILO.,.GRAM.)
);
#3579=DERIVED_UNIT((#3576,#3577));
#3580=MEASURE_REPRESENTATION_ITEM('density measure',
POSITIVE_RATIO_MEASURE(7850.),#3579);
#3581=PROPERTY_DEFINITION_REPRESENTATION(#3586,#3583);
#3582=PROPERTY_DEFINITION_REPRESENTATION(#3587,#3584);
#3583=REPRESENTATION('material name',(#3585),#6110);
#3584=REPRESENTATION('density',(#3580),#6110);
#3585=DESCRIPTIVE_REPRESENTATION_ITEM('Steel','Steel');
#3586=PROPERTY_DEFINITION('material property','material name',#6120);
#3587=PROPERTY_DEFINITION('material property','density of part',#6120);
#3588=AXIS2_PLACEMENT_3D('',#5027,#3961,#3962);
#3589=AXIS2_PLACEMENT_3D('',#5039,#3963,#3964);
#3590=AXIS2_PLACEMENT_3D('',#5041,#3965,#3966);
#3591=AXIS2_PLACEMENT_3D('',#5043,#3967,#3968);
#3592=AXIS2_PLACEMENT_3D('',#5044,#3969,#3970);
#3593=AXIS2_PLACEMENT_3D('',#5045,#3971,#3972);
#3594=AXIS2_PLACEMENT_3D('',#5048,#3973,#3974);
#3595=AXIS2_PLACEMENT_3D('',#5062,#3977,#3978);
#3596=AXIS2_PLACEMENT_3D('',#5063,#3979,#3980);
#3597=AXIS2_PLACEMENT_3D('',#5064,#3981,#3982);
#3598=AXIS2_PLACEMENT_3D('',#5065,#3983,#3984);
#3599=AXIS2_PLACEMENT_3D('',#5068,#3985,#3986);
#3600=AXIS2_PLACEMENT_3D('',#5082,#3989,#3990);
#3601=AXIS2_PLACEMENT_3D('',#5083,#3991,#3992);
#3602=AXIS2_PLACEMENT_3D('',#5084,#3993,#3994);
#3603=AXIS2_PLACEMENT_3D('',#5085,#3995,#3996);
#3604=AXIS2_PLACEMENT_3D('',#5088,#3997,#3998);
#3605=AXIS2_PLACEMENT_3D('',#5102,#4001,#4002);
#3606=AXIS2_PLACEMENT_3D('',#5103,#4003,#4004);
#3607=AXIS2_PLACEMENT_3D('',#5104,#4005,#4006);
#3608=AXIS2_PLACEMENT_3D('',#5105,#4007,#4008);
#3609=AXIS2_PLACEMENT_3D('',#5108,#4011,#4012);
#3610=AXIS2_PLACEMENT_3D('',#5114,#4016,#4017);
#3611=AXIS2_PLACEMENT_3D('',#5117,#4019,#4020);
#3612=AXIS2_PLACEMENT_3D('',#5118,#4021,#4022);
#3613=AXIS2_PLACEMENT_3D('',#5122,#4025,#4026);
#3614=AXIS2_PLACEMENT_3D('',#5125,#4028,#4029);
#3615=AXIS2_PLACEMENT_3D('',#5126,#4030,#4031);
#3616=AXIS2_PLACEMENT_3D('',#5135,#4036,#4037);
#3617=AXIS2_PLACEMENT_3D('',#5139,#4039,#4040);
#3618=AXIS2_PLACEMENT_3D('',#5142,#4042,#4043);
#3619=AXIS2_PLACEMENT_3D('',#5149,#4046,#4047);
#3620=AXIS2_PLACEMENT_3D('',#5151,#4048,#4049);
#3621=AXIS2_PLACEMENT_3D('',#5159,#4053,#4054);
#3622=AXIS2_PLACEMENT_3D('',#5161,#4055,#4056);
#3623=AXIS2_PLACEMENT_3D('',#5167,#4059,#4060);
#3624=AXIS2_PLACEMENT_3D('',#5169,#4061,#4062);
#3625=AXIS2_PLACEMENT_3D('',#5177,#4066,#4067);
#3626=AXIS2_PLACEMENT_3D('',#5179,#4068,#4069);
#3627=AXIS2_PLACEMENT_3D('',#5185,#4072,#4073);
#3628=AXIS2_PLACEMENT_3D('',#5187,#4074,#4075);
#3629=AXIS2_PLACEMENT_3D('',#5189,#4076,#4077);
#3630=AXIS2_PLACEMENT_3D('',#5190,#4078,#4079);
#3631=AXIS2_PLACEMENT_3D('',#5193,#4080,#4081);
#3632=AXIS2_PLACEMENT_3D('',#5195,#4082,#4083);
#3633=AXIS2_PLACEMENT_3D('',#5197,#4084,#4085);
#3634=AXIS2_PLACEMENT_3D('',#5198,#4086,#4087);
#3635=AXIS2_PLACEMENT_3D('',#5201,#4088,#4089);
#3636=AXIS2_PLACEMENT_3D('',#5203,#4090,#4091);
#3637=AXIS2_PLACEMENT_3D('',#5205,#4092,#4093);
#3638=AXIS2_PLACEMENT_3D('',#5206,#4094,#4095);
#3639=AXIS2_PLACEMENT_3D('',#5209,#4096,#4097);
#3640=AXIS2_PLACEMENT_3D('',#5211,#4098,#4099);
#3641=AXIS2_PLACEMENT_3D('',#5213,#4100,#4101);
#3642=AXIS2_PLACEMENT_3D('',#5214,#4102,#4103);
#3643=AXIS2_PLACEMENT_3D('',#5223,#4107,#4108);
#3644=AXIS2_PLACEMENT_3D('',#5224,#4109,#4110);
#3645=AXIS2_PLACEMENT_3D('',#5227,#4111,#4112);
#3646=AXIS2_PLACEMENT_3D('',#5229,#4113,#4114);
#3647=AXIS2_PLACEMENT_3D('',#5231,#4115,#4116);
#3648=AXIS2_PLACEMENT_3D('',#5232,#4117,#4118);
#3649=AXIS2_PLACEMENT_3D('',#5235,#4119,#4120);
#3650=AXIS2_PLACEMENT_3D('',#5237,#4121,#4122);
#3651=AXIS2_PLACEMENT_3D('',#5245,#4126,#4127);
#3652=AXIS2_PLACEMENT_3D('',#5247,#4128,#4129);
#3653=AXIS2_PLACEMENT_3D('',#5249,#4130,#4131);
#3654=AXIS2_PLACEMENT_3D('',#5250,#4132,#4133);
#3655=AXIS2_PLACEMENT_3D('',#5257,#4136,#4137);
#3656=AXIS2_PLACEMENT_3D('',#5259,#4138,#4139);
#3657=AXIS2_PLACEMENT_3D('',#5265,#4142,#4143);
#3658=AXIS2_PLACEMENT_3D('',#5279,#4150,#4151);
#3659=AXIS2_PLACEMENT_3D('',#5280,#4152,#4153);
#3660=AXIS2_PLACEMENT_3D('',#5283,#4154,#4155);
#3661=AXIS2_PLACEMENT_3D('',#5285,#4156,#4157);
#3662=AXIS2_PLACEMENT_3D('',#5293,#4161,#4162);
#3663=AXIS2_PLACEMENT_3D('',#5295,#4163,#4164);
#3664=AXIS2_PLACEMENT_3D('',#5297,#4165,#4166);
#3665=AXIS2_PLACEMENT_3D('',#5298,#4167,#4168);
#3666=AXIS2_PLACEMENT_3D('',#5307,#4172,#4173);
#3667=AXIS2_PLACEMENT_3D('',#5308,#4174,#4175);
#3668=AXIS2_PLACEMENT_3D('',#5318,#4180,#4181);
#3669=AXIS2_PLACEMENT_3D('',#5321,#4182,#4183);
#3670=AXIS2_PLACEMENT_3D('',#5328,#4187,#4188);
#3671=AXIS2_PLACEMENT_3D('',#5333,#4190,#4191);
#3672=AXIS2_PLACEMENT_3D('',#5335,#4192,#4193);
#3673=AXIS2_PLACEMENT_3D('',#5341,#4196,#4197);
#3674=AXIS2_PLACEMENT_3D('',#5343,#4198,#4199);
#3675=AXIS2_PLACEMENT_3D('',#5345,#4200,#4201);
#3676=AXIS2_PLACEMENT_3D('',#5346,#4202,#4203);
#3677=AXIS2_PLACEMENT_3D('',#5355,#4207,#4208);
#3678=AXIS2_PLACEMENT_3D('',#5356,#4209,#4210);
#3679=AXIS2_PLACEMENT_3D('',#5359,#4211,#4212);
#3680=AXIS2_PLACEMENT_3D('',#5366,#4216,#4217);
#3681=AXIS2_PLACEMENT_3D('',#5369,#4218,#4219);
#3682=AXIS2_PLACEMENT_3D('',#5371,#4220,#4221);
#3683=AXIS2_PLACEMENT_3D('',#5373,#4222,#4223);
#3684=AXIS2_PLACEMENT_3D('',#5374,#4224,#4225);
#3685=AXIS2_PLACEMENT_3D('',#5377,#4226,#4227);
#3686=AXIS2_PLACEMENT_3D('',#5379,#4228,#4229);
#3687=AXIS2_PLACEMENT_3D('',#5381,#4230,#4231);
#3688=AXIS2_PLACEMENT_3D('',#5382,#4232,#4233);
#3689=AXIS2_PLACEMENT_3D('',#5385,#4234,#4235);
#3690=AXIS2_PLACEMENT_3D('',#5387,#4236,#4237);
#3691=AXIS2_PLACEMENT_3D('',#5389,#4238,#4239);
#3692=AXIS2_PLACEMENT_3D('',#5390,#4240,#4241);
#3693=AXIS2_PLACEMENT_3D('',#5393,#4242,#4243);
#3694=AXIS2_PLACEMENT_3D('',#5395,#4244,#4245);
#3695=AXIS2_PLACEMENT_3D('',#5397,#4246,#4247);
#3696=AXIS2_PLACEMENT_3D('',#5398,#4248,#4249);
#3697=AXIS2_PLACEMENT_3D('',#5401,#4250,#4251);
#3698=AXIS2_PLACEMENT_3D('',#5403,#4252,#4253);
#3699=AXIS2_PLACEMENT_3D('',#5405,#4254,#4255);
#3700=AXIS2_PLACEMENT_3D('',#5406,#4256,#4257);
#3701=AXIS2_PLACEMENT_3D('',#5415,#4261,#4262);
#3702=AXIS2_PLACEMENT_3D('',#5416,#4263,#4264);
#3703=AXIS2_PLACEMENT_3D('',#5419,#4265,#4266);
#3704=AXIS2_PLACEMENT_3D('',#5421,#4267,#4268);
#3705=AXIS2_PLACEMENT_3D('',#5423,#4269,#4270);
#3706=AXIS2_PLACEMENT_3D('',#5424,#4271,#4272);
#3707=AXIS2_PLACEMENT_3D('',#5427,#4273,#4274);
#3708=AXIS2_PLACEMENT_3D('',#5434,#4278,#4279);
#3709=AXIS2_PLACEMENT_3D('',#5439,#4281,#4282);
#3710=AXIS2_PLACEMENT_3D('',#5453,#4289,#4290);
#3711=AXIS2_PLACEMENT_3D('',#5457,#4292,#4293);
#3712=AXIS2_PLACEMENT_3D('',#5459,#4294,#4295);
#3713=AXIS2_PLACEMENT_3D('',#5461,#4296,#4297);
#3714=AXIS2_PLACEMENT_3D('',#5462,#4298,#4299);
#3715=AXIS2_PLACEMENT_3D('',#5463,#4300,#4301);
#3716=AXIS2_PLACEMENT_3D('',#5465,#4303,#4304);
#3717=AXIS2_PLACEMENT_3D('',#5467,#4306,#4307);
#3718=AXIS2_PLACEMENT_3D('',#5469,#4309,#4310);
#3719=AXIS2_PLACEMENT_3D('',#5470,#4311,#4312);
#3720=AXIS2_PLACEMENT_3D('',#5476,#4316,#4317);
#3721=AXIS2_PLACEMENT_3D('',#5482,#4321,#4322);
#3722=AXIS2_PLACEMENT_3D('',#5488,#4326,#4327);
#3723=AXIS2_PLACEMENT_3D('',#5494,#4331,#4332);
#3724=AXIS2_PLACEMENT_3D('',#5526,#4352,#4353);
#3725=AXIS2_PLACEMENT_3D('',#5529,#4355,#4356);
#3726=AXIS2_PLACEMENT_3D('',#5530,#4357,#4358);
#3727=AXIS2_PLACEMENT_3D('',#5532,#4359,#4360);
#3728=AXIS2_PLACEMENT_3D('',#5534,#4362,#4363);
#3729=AXIS2_PLACEMENT_3D('',#5536,#4364,#4365);
#3730=AXIS2_PLACEMENT_3D('',#5538,#4367,#4368);
#3731=AXIS2_PLACEMENT_3D('',#5542,#4370,#4371);
#3732=AXIS2_PLACEMENT_3D('',#5544,#4373,#4374);
#3733=AXIS2_PLACEMENT_3D('',#5549,#4377,#4378);
#3734=AXIS2_PLACEMENT_3D('',#5550,#4379,#4380);
#3735=AXIS2_PLACEMENT_3D('',#5555,#4383,#4384);
#3736=AXIS2_PLACEMENT_3D('',#5556,#4385,#4386);
#3737=AXIS2_PLACEMENT_3D('',#5560,#4388,#4389);
#3738=AXIS2_PLACEMENT_3D('',#5562,#4391,#4392);
#3739=AXIS2_PLACEMENT_3D('',#5564,#4393,#4394);
#3740=AXIS2_PLACEMENT_3D('',#5566,#4396,#4397);
#3741=AXIS2_PLACEMENT_3D('',#5568,#4398,#4399);
#3742=AXIS2_PLACEMENT_3D('',#5570,#4401,#4402);
#3743=AXIS2_PLACEMENT_3D('',#5572,#4403,#4404);
#3744=AXIS2_PLACEMENT_3D('',#5574,#4406,#4407);
#3745=AXIS2_PLACEMENT_3D('',#5576,#4408,#4409);
#3746=AXIS2_PLACEMENT_3D('',#5578,#4411,#4412);
#3747=AXIS2_PLACEMENT_3D('',#5584,#4416,#4417);
#3748=AXIS2_PLACEMENT_3D('',#5590,#4421,#4422);
#3749=AXIS2_PLACEMENT_3D('',#5594,#4425,#4426);
#3750=AXIS2_PLACEMENT_3D('',#5598,#4429,#4430);
#3751=AXIS2_PLACEMENT_3D('',#5599,#4431,#4432);
#3752=AXIS2_PLACEMENT_3D('',#5600,#4433,#4434);
#3753=AXIS2_PLACEMENT_3D('',#5602,#4435,#4436);
#3754=AXIS2_PLACEMENT_3D('',#5604,#4438,#4439);
#3755=AXIS2_PLACEMENT_3D('',#5606,#4440,#4441);
#3756=AXIS2_PLACEMENT_3D('',#5608,#4443,#4444);
#3757=AXIS2_PLACEMENT_3D('',#5612,#4446,#4447);
#3758=AXIS2_PLACEMENT_3D('',#5614,#4449,#4450);
#3759=AXIS2_PLACEMENT_3D('',#5619,#4453,#4454);
#3760=AXIS2_PLACEMENT_3D('',#5620,#4455,#4456);
#3761=AXIS2_PLACEMENT_3D('',#5625,#4459,#4460);
#3762=AXIS2_PLACEMENT_3D('',#5626,#4461,#4462);
#3763=AXIS2_PLACEMENT_3D('',#5630,#4464,#4465);
#3764=AXIS2_PLACEMENT_3D('',#5632,#4467,#4468);
#3765=AXIS2_PLACEMENT_3D('',#5634,#4469,#4470);
#3766=AXIS2_PLACEMENT_3D('',#5636,#4472,#4473);
#3767=AXIS2_PLACEMENT_3D('',#5638,#4474,#4475);
#3768=AXIS2_PLACEMENT_3D('',#5640,#4477,#4478);
#3769=AXIS2_PLACEMENT_3D('',#5644,#4481,#4482);
#3770=AXIS2_PLACEMENT_3D('',#5646,#4483,#4484);
#3771=AXIS2_PLACEMENT_3D('',#5648,#4486,#4487);
#3772=AXIS2_PLACEMENT_3D('',#5649,#4488,#4489);
#3773=AXIS2_PLACEMENT_3D('',#5652,#4491,#4492);
#3774=AXIS2_PLACEMENT_3D('',#5660,#4496,#4497);
#3775=AXIS2_PLACEMENT_3D('',#5662,#4498,#4499);
#3776=AXIS2_PLACEMENT_3D('',#5670,#4503,#4504);
#3777=AXIS2_PLACEMENT_3D('',#5672,#4505,#4506);
#3778=AXIS2_PLACEMENT_3D('',#5680,#4510,#4511);
#3779=AXIS2_PLACEMENT_3D('',#5682,#4512,#4513);
#3780=AXIS2_PLACEMENT_3D('',#5689,#4517,#4518);
#3781=AXIS2_PLACEMENT_3D('',#5694,#4521,#4522);
#3782=AXIS2_PLACEMENT_3D('',#5696,#4523,#4524);
#3783=AXIS2_PLACEMENT_3D('',#5701,#4527,#4528);
#3784=AXIS2_PLACEMENT_3D('',#5703,#4529,#4530);
#3785=AXIS2_PLACEMENT_3D('',#5708,#4533,#4534);
#3786=AXIS2_PLACEMENT_3D('',#5710,#4535,#4536);
#3787=AXIS2_PLACEMENT_3D('',#5715,#4539,#4540);
#3788=AXIS2_PLACEMENT_3D('',#5725,#4546,#4547);
#3789=AXIS2_PLACEMENT_3D('',#5733,#4551,#4552);
#3790=AXIS2_PLACEMENT_3D('',#5735,#4553,#4554);
#3791=AXIS2_PLACEMENT_3D('',#5743,#4558,#4559);
#3792=AXIS2_PLACEMENT_3D('',#5751,#4563,#4564);
#3793=AXIS2_PLACEMENT_3D('',#5753,#4565,#4566);
#3794=AXIS2_PLACEMENT_3D('',#5761,#4570,#4571);
#3795=AXIS2_PLACEMENT_3D('',#5763,#4572,#4573);
#3796=AXIS2_PLACEMENT_3D('',#5771,#4577,#4578);
#3797=AXIS2_PLACEMENT_3D('',#5773,#4579,#4580);
#3798=AXIS2_PLACEMENT_3D('',#5780,#4584,#4585);
#3799=AXIS2_PLACEMENT_3D('',#5783,#4587,#4588);
#3800=AXIS2_PLACEMENT_3D('',#5784,#4589,#4590);
#3801=AXIS2_PLACEMENT_3D('',#5786,#4591,#4592);
#3802=AXIS2_PLACEMENT_3D('',#5787,#4593,#4594);
#3803=AXIS2_PLACEMENT_3D('',#5790,#4595,#4596);
#3804=AXIS2_PLACEMENT_3D('',#5792,#4597,#4598);
#3805=AXIS2_PLACEMENT_3D('',#5794,#4599,#4600);
#3806=AXIS2_PLACEMENT_3D('',#5795,#4601,#4602);
#3807=AXIS2_PLACEMENT_3D('',#5798,#4603,#4604);
#3808=AXIS2_PLACEMENT_3D('',#5800,#4605,#4606);
#3809=AXIS2_PLACEMENT_3D('',#5802,#4607,#4608);
#3810=AXIS2_PLACEMENT_3D('',#5803,#4609,#4610);
#3811=AXIS2_PLACEMENT_3D('',#5806,#4611,#4612);
#3812=AXIS2_PLACEMENT_3D('',#5808,#4613,#4614);
#3813=AXIS2_PLACEMENT_3D('',#5810,#4615,#4616);
#3814=AXIS2_PLACEMENT_3D('',#5811,#4617,#4618);
#3815=AXIS2_PLACEMENT_3D('',#5814,#4619,#4620);
#3816=AXIS2_PLACEMENT_3D('',#5816,#4621,#4622);
#3817=AXIS2_PLACEMENT_3D('',#5818,#4623,#4624);
#3818=AXIS2_PLACEMENT_3D('',#5819,#4625,#4626);
#3819=AXIS2_PLACEMENT_3D('',#5822,#4627,#4628);
#3820=AXIS2_PLACEMENT_3D('',#5824,#4629,#4630);
#3821=AXIS2_PLACEMENT_3D('',#5826,#4631,#4632);
#3822=AXIS2_PLACEMENT_3D('',#5827,#4633,#4634);
#3823=AXIS2_PLACEMENT_3D('',#5830,#4635,#4636);
#3824=AXIS2_PLACEMENT_3D('',#5832,#4637,#4638);
#3825=AXIS2_PLACEMENT_3D('',#5834,#4639,#4640);
#3826=AXIS2_PLACEMENT_3D('',#5835,#4641,#4642);
#3827=AXIS2_PLACEMENT_3D('',#5838,#4643,#4644);
#3828=AXIS2_PLACEMENT_3D('',#5840,#4645,#4646);
#3829=AXIS2_PLACEMENT_3D('',#5842,#4647,#4648);
#3830=AXIS2_PLACEMENT_3D('',#5843,#4649,#4650);
#3831=AXIS2_PLACEMENT_3D('',#5846,#4651,#4652);
#3832=AXIS2_PLACEMENT_3D('',#5848,#4653,#4654);
#3833=AXIS2_PLACEMENT_3D('',#5850,#4655,#4656);
#3834=AXIS2_PLACEMENT_3D('',#5851,#4657,#4658);
#3835=AXIS2_PLACEMENT_3D('',#5853,#4659,#4660);
#3836=AXIS2_PLACEMENT_3D('',#5854,#4661,#4662);
#3837=AXIS2_PLACEMENT_3D('',#5856,#4663,#4664);
#3838=AXIS2_PLACEMENT_3D('',#5857,#4665,#4666);
#3839=AXIS2_PLACEMENT_3D('',#5859,#4667,#4668);
#3840=AXIS2_PLACEMENT_3D('',#5860,#4669,#4670);
#3841=AXIS2_PLACEMENT_3D('',#5862,#4671,#4672);
#3842=AXIS2_PLACEMENT_3D('',#5863,#4673,#4674);
#3843=AXIS2_PLACEMENT_3D('',#5866,#4675,#4676);
#3844=AXIS2_PLACEMENT_3D('',#5868,#4677,#4678);
#3845=AXIS2_PLACEMENT_3D('',#5870,#4679,#4680);
#3846=AXIS2_PLACEMENT_3D('',#5871,#4681,#4682);
#3847=AXIS2_PLACEMENT_3D('',#5872,#4683,#4684);
#3848=AXIS2_PLACEMENT_3D('',#5875,#4687,#4688);
#3849=AXIS2_PLACEMENT_3D('',#5878,#4691,#4692);
#3850=AXIS2_PLACEMENT_3D('',#5881,#4695,#4696);
#3851=AXIS2_PLACEMENT_3D('',#5884,#4699,#4700);
#3852=AXIS2_PLACEMENT_3D('',#5886,#4702,#4703);
#3853=AXIS2_PLACEMENT_3D('',#5888,#4705,#4706);
#3854=AXIS2_PLACEMENT_3D('',#5890,#4708,#4709);
#3855=AXIS2_PLACEMENT_3D('',#5892,#4711,#4712);
#3856=AXIS2_PLACEMENT_3D('',#5895,#4715,#4716);
#3857=AXIS2_PLACEMENT_3D('',#5897,#4718,#4719);
#3858=AXIS2_PLACEMENT_3D('',#5900,#4722,#4723);
#3859=AXIS2_PLACEMENT_3D('',#5902,#4725,#4726);
#3860=AXIS2_PLACEMENT_3D('',#5903,#4727,#4728);
#3861=AXIS2_PLACEMENT_3D('',#5905,#4730,#4731);
#3862=AXIS2_PLACEMENT_3D('',#5908,#4734,#4735);
#3863=AXIS2_PLACEMENT_3D('',#5911,#4738,#4739);
#3864=AXIS2_PLACEMENT_3D('',#5913,#4741,#4742);
#3865=AXIS2_PLACEMENT_3D('',#5914,#4743,#4744);
#3866=AXIS2_PLACEMENT_3D('',#5916,#4746,#4747);
#3867=AXIS2_PLACEMENT_3D('',#5918,#4749,#4750);
#3868=AXIS2_PLACEMENT_3D('',#5921,#4753,#4754);
#3869=AXIS2_PLACEMENT_3D('',#5924,#4757,#4758);
#3870=AXIS2_PLACEMENT_3D('',#5926,#4760,#4761);
#3871=AXIS2_PLACEMENT_3D('',#5928,#4763,#4764);
#3872=AXIS2_PLACEMENT_3D('',#5929,#4765,#4766);
#3873=AXIS2_PLACEMENT_3D('',#5931,#4768,#4769);
#3874=AXIS2_PLACEMENT_3D('',#5934,#4772,#4773);
#3875=AXIS2_PLACEMENT_3D('',#5937,#4776,#4777);
#3876=AXIS2_PLACEMENT_3D('',#5939,#4779,#4780);
#3877=AXIS2_PLACEMENT_3D('',#5941,#4782,#4783);
#3878=AXIS2_PLACEMENT_3D('',#5943,#4785,#4786);
#3879=AXIS2_PLACEMENT_3D('',#5945,#4788,#4789);
#3880=AXIS2_PLACEMENT_3D('',#5947,#4791,#4792);
#3881=AXIS2_PLACEMENT_3D('',#5950,#4795,#4796);
#3882=AXIS2_PLACEMENT_3D('',#5952,#4798,#4799);
#3883=AXIS2_PLACEMENT_3D('',#5955,#4802,#4803);
#3884=AXIS2_PLACEMENT_3D('',#5957,#4805,#4806);
#3885=AXIS2_PLACEMENT_3D('',#5959,#4808,#4809);
#3886=AXIS2_PLACEMENT_3D('',#5961,#4811,#4812);
#3887=AXIS2_PLACEMENT_3D('',#5963,#4814,#4815);
#3888=AXIS2_PLACEMENT_3D('',#5965,#4817,#4818);
#3889=AXIS2_PLACEMENT_3D('',#5967,#4820,#4821);
#3890=AXIS2_PLACEMENT_3D('',#5969,#4823,#4824);
#3891=AXIS2_PLACEMENT_3D('',#5970,#4825,#4826);
#3892=AXIS2_PLACEMENT_3D('',#5971,#4827,#4828);
#3893=AXIS2_PLACEMENT_3D('',#5972,#4829,#4830);
#3894=AXIS2_PLACEMENT_3D('',#5974,#4832,#4833);
#3895=AXIS2_PLACEMENT_3D('',#5975,#4834,#4835);
#3896=AXIS2_PLACEMENT_3D('',#5977,#4837,#4838);
#3897=AXIS2_PLACEMENT_3D('',#5978,#4839,#4840);
#3898=AXIS2_PLACEMENT_3D('',#5980,#4842,#4843);
#3899=AXIS2_PLACEMENT_3D('',#5982,#4845,#4846);
#3900=AXIS2_PLACEMENT_3D('',#5984,#4848,#4849);
#3901=AXIS2_PLACEMENT_3D('',#5985,#4850,#4851);
#3902=AXIS2_PLACEMENT_3D('',#5987,#4853,#4854);
#3903=AXIS2_PLACEMENT_3D('',#5990,#4857,#4858);
#3904=AXIS2_PLACEMENT_3D('',#5993,#4861,#4862);
#3905=AXIS2_PLACEMENT_3D('',#5995,#4864,#4865);
#3906=AXIS2_PLACEMENT_3D('',#5997,#4867,#4868);
#3907=AXIS2_PLACEMENT_3D('',#5999,#4870,#4871);
#3908=AXIS2_PLACEMENT_3D('',#6001,#4873,#4874);
#3909=AXIS2_PLACEMENT_3D('',#6003,#4876,#4877);
#3910=AXIS2_PLACEMENT_3D('',#6004,#4878,#4879);
#3911=AXIS2_PLACEMENT_3D('',#6006,#4881,#4882);
#3912=AXIS2_PLACEMENT_3D('',#6007,#4883,#4884);
#3913=AXIS2_PLACEMENT_3D('',#6009,#4886,#4887);
#3914=AXIS2_PLACEMENT_3D('',#6010,#4888,#4889);
#3915=AXIS2_PLACEMENT_3D('',#6013,#4892,#4893);
#3916=AXIS2_PLACEMENT_3D('',#6015,#4895,#4896);
#3917=AXIS2_PLACEMENT_3D('',#6018,#4899,#4900);
#3918=AXIS2_PLACEMENT_3D('',#6020,#4902,#4903);
#3919=AXIS2_PLACEMENT_3D('',#6022,#4905,#4906);
#3920=AXIS2_PLACEMENT_3D('',#6024,#4908,#4909);
#3921=AXIS2_PLACEMENT_3D('',#6027,#4912,#4913);
#3922=AXIS2_PLACEMENT_3D('',#6029,#4915,#4916);
#3923=AXIS2_PLACEMENT_3D('',#6031,#4918,#4919);
#3924=AXIS2_PLACEMENT_3D('',#6034,#4922,#4923);
#3925=AXIS2_PLACEMENT_3D('',#6035,#4924,#4925);
#3926=AXIS2_PLACEMENT_3D('',#6036,#4926,#4927);
#3927=AXIS2_PLACEMENT_3D('',#6038,#4929,#4930);
#3928=AXIS2_PLACEMENT_3D('',#6039,#4931,#4932);
#3929=AXIS2_PLACEMENT_3D('',#6041,#4934,#4935);
#3930=AXIS2_PLACEMENT_3D('',#6043,#4937,#4938);
#3931=AXIS2_PLACEMENT_3D('',#6051,#4945,#4946);
#3932=AXIS2_PLACEMENT_3D('',#6053,#4948,#4949);
#3933=AXIS2_PLACEMENT_3D('',#6055,#4951,#4952);
#3934=AXIS2_PLACEMENT_3D('',#6057,#4954,#4955);
#3935=AXIS2_PLACEMENT_3D('',#6058,#4956,#4957);
#3936=AXIS2_PLACEMENT_3D('',#6060,#4959,#4960);
#3937=AXIS2_PLACEMENT_3D('',#6061,#4961,#4962);
#3938=AXIS2_PLACEMENT_3D('',#6063,#4964,#4965);
#3939=AXIS2_PLACEMENT_3D('',#6068,#4969,#4970);
#3940=AXIS2_PLACEMENT_3D('',#6070,#4972,#4973);
#3941=AXIS2_PLACEMENT_3D('',#6072,#4975,#4976);
#3942=AXIS2_PLACEMENT_3D('',#6074,#4978,#4979);
#3943=AXIS2_PLACEMENT_3D('',#6075,#4980,#4981);
#3944=AXIS2_PLACEMENT_3D('',#6076,#4982,#4983);
#3945=AXIS2_PLACEMENT_3D('',#6077,#4984,#4985);
#3946=AXIS2_PLACEMENT_3D('',#6079,#4987,#4988);
#3947=AXIS2_PLACEMENT_3D('',#6080,#4989,#4990);
#3948=AXIS2_PLACEMENT_3D('',#6082,#4992,#4993);
#3949=AXIS2_PLACEMENT_3D('',#6083,#4994,#4995);
#3950=AXIS2_PLACEMENT_3D('',#6084,#4996,#4997);
#3951=AXIS2_PLACEMENT_3D('',#6085,#4998,#4999);
#3952=AXIS2_PLACEMENT_3D('',#6087,#5001,#5002);
#3953=AXIS2_PLACEMENT_3D('',#6093,#5006,#5007);
#3954=AXIS2_PLACEMENT_3D('',#6097,#5010,#5011);
#3955=AXIS2_PLACEMENT_3D('',#6101,#5014,#5015);
#3956=AXIS2_PLACEMENT_3D('',#6103,#5017,#5018);
#3957=AXIS2_PLACEMENT_3D('',#6104,#5019,#5020);
#3958=AXIS2_PLACEMENT_3D('',#6105,#5021,#5022);
#3959=AXIS2_PLACEMENT_3D('',#6106,#5023,#5024);
#3960=AXIS2_PLACEMENT_3D('',#6107,#5025,#5026);
#3961=DIRECTION('axis',(0.,0.,1.));
#3962=DIRECTION('refdir',(1.,0.,0.));
#3963=DIRECTION('center_axis',(2.31296463463575E-17,-1.,1.38777878078145E-16));
#3964=DIRECTION('ref_axis',(1.,2.31296463463575E-17,-8.98754535451977E-18));
#3965=DIRECTION('center_axis',(0.,-1.42336285208353E-16,-1.));
#3966=DIRECTION('ref_axis',(0.707106781186547,-0.707106781186548,1.00646952479729E-16));
#3967=DIRECTION('center_axis',(1.,0.,0.));
#3968=DIRECTION('ref_axis',(0.,1.38777878078145E-16,1.));
#3969=DIRECTION('center_axis',(0.,1.42336285208353E-16,1.));
#3970=DIRECTION('ref_axis',(0.707106781186547,-0.707106781186548,1.38777878078145E-16));
#3971=DIRECTION('center_axis',(1.,0.,0.));
#3972=DIRECTION('ref_axis',(0.,-0.707106781186547,0.707106781186548));
#3973=DIRECTION('center_axis',(1.,0.,0.));
#3974=DIRECTION('ref_axis',(0.,1.38777878078145E-16,1.));
#3975=DIRECTION('',(1.,0.,0.));
#3976=DIRECTION('',(-1.,0.,0.));
#3977=DIRECTION('center_axis',(4.62592926927149E-17,-1.,1.38777878078145E-16));
#3978=DIRECTION('ref_axis',(0.,1.38777878078145E-16,1.));
#3979=DIRECTION('center_axis',(0.,1.42336285208353E-16,1.));
#3980=DIRECTION('ref_axis',(-0.707106781186547,-0.707106781186548,1.38777878078145E-16));
#3981=DIRECTION('center_axis',(0.,-1.42336285208353E-16,-1.));
#3982=DIRECTION('ref_axis',(-0.707106781186547,-0.707106781186548,1.00646952479729E-16));
#3983=DIRECTION('center_axis',(0.,-1.,1.42336285208353E-16));
#3984=DIRECTION('ref_axis',(-0.707106781186548,0.,0.707106781186548));
#3985=DIRECTION('center_axis',(0.,-1.,0.));
#3986=DIRECTION('ref_axis',(0.,0.,1.));
#3987=DIRECTION('',(0.,-1.,1.42336285208353E-16));
#3988=DIRECTION('',(0.,1.,-1.42336285208353E-16));
#3989=DIRECTION('center_axis',(-1.,2.31296463463574E-17,0.));
#3990=DIRECTION('ref_axis',(0.,0.,1.));
#3991=DIRECTION('center_axis',(0.,1.42336285208353E-16,1.));
#3992=DIRECTION('ref_axis',(-0.707106781186546,0.707106781186549,-1.38777878078144E-16));
#3993=DIRECTION('center_axis',(0.,-1.42336285208353E-16,-1.));
#3994=DIRECTION('ref_axis',(-0.707106781186546,0.707106781186549,-1.00646952479729E-16));
#3995=DIRECTION('center_axis',(-1.,0.,0.));
#3996=DIRECTION('ref_axis',(0.,0.707106781186548,0.707106781186547));
#3997=DIRECTION('center_axis',(-1.,0.,0.));
#3998=DIRECTION('ref_axis',(0.,0.,1.));
#3999=DIRECTION('',(-1.,0.,0.));
#4000=DIRECTION('',(1.,0.,0.));
#4001=DIRECTION('center_axis',(0.,1.,0.));
#4002=DIRECTION('ref_axis',(0.,0.,1.));
#4003=DIRECTION('center_axis',(0.,1.42336285208353E-16,1.));
#4004=DIRECTION('ref_axis',(0.70710678118655,0.707106781186545,-1.38777878078144E-16));
#4005=DIRECTION('center_axis',(0.,-1.42336285208353E-16,-1.));
#4006=DIRECTION('ref_axis',(0.70710678118655,0.707106781186545,-1.00646952479729E-16));
#4007=DIRECTION('center_axis',(0.,1.,-1.42336285208353E-16));
#4008=DIRECTION('ref_axis',(0.707106781186548,1.0064695247973E-16,0.707106781186547));
#4009=DIRECTION('',(0.,-1.,1.42336285208353E-16));
#4010=DIRECTION('',(0.,1.,-1.42336285208353E-16));
#4011=DIRECTION('center_axis',(0.,1.,0.));
#4012=DIRECTION('ref_axis',(0.,0.,-1.));
#4013=DIRECTION('',(0.,0.,1.));
#4014=DIRECTION('',(-1.,0.,0.));
#4015=DIRECTION('',(0.,0.,-1.));
#4016=DIRECTION('center_axis',(0.,0.,1.));
#4017=DIRECTION('ref_axis',(0.707106781186544,0.707106781186551,0.));
#4018=DIRECTION('',(0.,0.,-1.));
#4019=DIRECTION('center_axis',(0.,0.,1.));
#4020=DIRECTION('ref_axis',(0.707106781186544,0.707106781186551,0.));
#4021=DIRECTION('center_axis',(1.,0.,0.));
#4022=DIRECTION('ref_axis',(0.,0.,-1.));
#4023=DIRECTION('',(0.,0.,1.));
#4024=DIRECTION('',(0.,1.,0.));
#4025=DIRECTION('center_axis',(0.,0.,1.));
#4026=DIRECTION('ref_axis',(0.707106781186546,-0.707106781186549,0.));
#4027=DIRECTION('',(0.,0.,-1.));
#4028=DIRECTION('center_axis',(0.,0.,1.));
#4029=DIRECTION('ref_axis',(0.707106781186546,-0.707106781186549,0.));
#4030=DIRECTION('center_axis',(0.,1.42336285208353E-16,1.));
#4031=DIRECTION('ref_axis',(0.,-1.,1.42336285208353E-16));
#4032=DIRECTION('',(0.,-1.,0.));
#4033=DIRECTION('',(-1.,0.,0.));
#4034=DIRECTION('',(0.,1.,0.));
#4035=DIRECTION('',(1.,0.,0.));
#4036=DIRECTION('center_axis',(0.,0.,1.));
#4037=DIRECTION('ref_axis',(-1.,0.,0.));
#4038=DIRECTION('',(1.,0.,0.));
#4039=DIRECTION('center_axis',(0.,0.,1.));
#4040=DIRECTION('ref_axis',(-0.707106781186548,-0.707106781186547,0.));
#4041=DIRECTION('',(0.,-1.,0.));
#4042=DIRECTION('center_axis',(0.,0.,1.));
#4043=DIRECTION('ref_axis',(-0.707106781186545,0.70710678118655,0.));
#4044=DIRECTION('',(1.,0.,0.));
#4045=DIRECTION('',(-1.44061959129915E-16,1.,0.));
#4046=DIRECTION('center_axis',(0.,0.,1.));
#4047=DIRECTION('ref_axis',(-1.,0.,0.));
#4048=DIRECTION('center_axis',(0.,0.,1.));
#4049=DIRECTION('ref_axis',(-1.,0.,0.));
#4050=DIRECTION('',(0.,1.,0.));
#4051=DIRECTION('',(-1.,0.,0.));
#4052=DIRECTION('',(0.,1.,0.));
#4053=DIRECTION('center_axis',(0.,0.,1.));
#4054=DIRECTION('ref_axis',(-1.,0.,0.));
#4055=DIRECTION('center_axis',(0.,0.,1.));
#4056=DIRECTION('ref_axis',(-1.,0.,0.));
#4057=DIRECTION('',(-1.44061959129915E-16,1.,0.));
#4058=DIRECTION('',(-1.44061959129915E-16,1.,0.));
#4059=DIRECTION('center_axis',(0.,0.,1.));
#4060=DIRECTION('ref_axis',(-1.,0.,0.));
#4061=DIRECTION('center_axis',(0.,0.,1.));
#4062=DIRECTION('ref_axis',(-1.,0.,0.));
#4063=DIRECTION('',(0.,1.,0.));
#4064=DIRECTION('',(1.,0.,0.));
#4065=DIRECTION('',(0.,1.,0.));
#4066=DIRECTION('center_axis',(0.,0.,1.));
#4067=DIRECTION('ref_axis',(-1.,0.,0.));
#4068=DIRECTION('center_axis',(0.,0.,1.));
#4069=DIRECTION('ref_axis',(-1.,0.,0.));
#4070=DIRECTION('',(-1.44061959129915E-16,1.,0.));
#4071=DIRECTION('',(-1.,0.,0.));
#4072=DIRECTION('center_axis',(0.,0.,1.));
#4073=DIRECTION('ref_axis',(-1.,0.,0.));
#4074=DIRECTION('center_axis',(0.,0.,1.));
#4075=DIRECTION('ref_axis',(-1.,0.,0.));
#4076=DIRECTION('center_axis',(0.,0.,1.));
#4077=DIRECTION('ref_axis',(-1.,0.,0.));
#4078=DIRECTION('center_axis',(0.,0.,1.));
#4079=DIRECTION('ref_axis',(-1.,0.,0.));
#4080=DIRECTION('center_axis',(0.,0.,1.));
#4081=DIRECTION('ref_axis',(-1.,0.,0.));
#4082=DIRECTION('center_axis',(0.,0.,1.));
#4083=DIRECTION('ref_axis',(-1.,0.,0.));
#4084=DIRECTION('center_axis',(0.,0.,1.));
#4085=DIRECTION('ref_axis',(-1.,0.,0.));
#4086=DIRECTION('center_axis',(0.,0.,1.));
#4087=DIRECTION('ref_axis',(-1.,0.,0.));
#4088=DIRECTION('center_axis',(0.,0.,1.));
#4089=DIRECTION('ref_axis',(-1.,0.,0.));
#4090=DIRECTION('center_axis',(0.,0.,1.));
#4091=DIRECTION('ref_axis',(-1.,0.,0.));
#4092=DIRECTION('center_axis',(0.,0.,1.));
#4093=DIRECTION('ref_axis',(-1.,0.,0.));
#4094=DIRECTION('center_axis',(0.,0.,1.));
#4095=DIRECTION('ref_axis',(-1.,0.,0.));
#4096=DIRECTION('center_axis',(0.,0.,1.));
#4097=DIRECTION('ref_axis',(-1.,0.,0.));
#4098=DIRECTION('center_axis',(0.,0.,1.));
#4099=DIRECTION('ref_axis',(-1.,0.,0.));
#4100=DIRECTION('center_axis',(0.,0.,1.));
#4101=DIRECTION('ref_axis',(-1.,0.,0.));
#4102=DIRECTION('center_axis',(0.,0.,1.));
#4103=DIRECTION('ref_axis',(-1.,0.,0.));
#4104=DIRECTION('',(-1.44061959129915E-16,1.,0.));
#4105=DIRECTION('',(-1.,0.,0.));
#4106=DIRECTION('',(0.,1.,0.));
#4107=DIRECTION('center_axis',(0.,0.,1.));
#4108=DIRECTION('ref_axis',(-1.,0.,0.));
#4109=DIRECTION('center_axis',(0.,0.,1.));
#4110=DIRECTION('ref_axis',(-1.,0.,0.));
#4111=DIRECTION('center_axis',(0.,0.,1.));
#4112=DIRECTION('ref_axis',(-1.,0.,0.));
#4113=DIRECTION('center_axis',(0.,0.,1.));
#4114=DIRECTION('ref_axis',(-1.,0.,0.));
#4115=DIRECTION('center_axis',(0.,0.,1.));
#4116=DIRECTION('ref_axis',(-1.,0.,0.));
#4117=DIRECTION('center_axis',(0.,0.,1.));
#4118=DIRECTION('ref_axis',(-1.,0.,0.));
#4119=DIRECTION('center_axis',(0.,0.,1.));
#4120=DIRECTION('ref_axis',(-1.,0.,0.));
#4121=DIRECTION('center_axis',(0.,0.,1.));
#4122=DIRECTION('ref_axis',(-1.,0.,0.));
#4123=DIRECTION('',(-1.44061959129915E-16,1.,0.));
#4124=DIRECTION('',(-1.,0.,0.));
#4125=DIRECTION('',(0.,1.,0.));
#4126=DIRECTION('center_axis',(0.,0.,1.));
#4127=DIRECTION('ref_axis',(-1.,0.,0.));
#4128=DIRECTION('center_axis',(0.,0.,1.));
#4129=DIRECTION('ref_axis',(-1.,0.,0.));
#4130=DIRECTION('center_axis',(0.,0.,1.));
#4131=DIRECTION('ref_axis',(-1.,0.,0.));
#4132=DIRECTION('center_axis',(0.,0.,1.));
#4133=DIRECTION('ref_axis',(-1.,0.,0.));
#4134=DIRECTION('',(1.,0.,0.));
#4135=DIRECTION('',(-1.44061959129915E-16,1.,0.));
#4136=DIRECTION('center_axis',(0.,0.,1.));
#4137=DIRECTION('ref_axis',(-1.,0.,0.));
#4138=DIRECTION('center_axis',(0.,0.,1.));
#4139=DIRECTION('ref_axis',(-1.,0.,0.));
#4140=DIRECTION('',(0.,1.,0.));
#4141=DIRECTION('',(1.,0.,0.));
#4142=DIRECTION('center_axis',(0.,0.,1.));
#4143=DIRECTION('ref_axis',(-1.,0.,0.));
#4144=DIRECTION('',(0.,1.,0.));
#4145=DIRECTION('',(1.,0.,0.));
#4146=DIRECTION('',(0.,1.,0.));
#4147=DIRECTION('',(1.,0.,0.));
#4148=DIRECTION('',(0.,-1.,0.));
#4149=DIRECTION('',(1.,0.,0.));
#4150=DIRECTION('center_axis',(0.,0.,1.));
#4151=DIRECTION('ref_axis',(-1.,0.,0.));
#4152=DIRECTION('center_axis',(0.,0.,1.));
#4153=DIRECTION('ref_axis',(-1.,0.,0.));
#4154=DIRECTION('center_axis',(0.,0.,1.));
#4155=DIRECTION('ref_axis',(-1.,0.,0.));
#4156=DIRECTION('center_axis',(0.,0.,1.));
#4157=DIRECTION('ref_axis',(-1.,0.,0.));
#4158=DIRECTION('',(1.,0.,0.));
#4159=DIRECTION('',(0.,-1.,0.));
#4160=DIRECTION('',(1.,0.,0.));
#4161=DIRECTION('center_axis',(0.,0.,1.));
#4162=DIRECTION('ref_axis',(-1.,0.,0.));
#4163=DIRECTION('center_axis',(0.,0.,1.));
#4164=DIRECTION('ref_axis',(-1.,0.,0.));
#4165=DIRECTION('center_axis',(0.,0.,1.));
#4166=DIRECTION('ref_axis',(-1.,0.,0.));
#4167=DIRECTION('center_axis',(0.,0.,1.));
#4168=DIRECTION('ref_axis',(-1.,0.,0.));
#4169=DIRECTION('',(1.,0.,0.));
#4170=DIRECTION('',(0.,-1.,0.));
#4171=DIRECTION('',(1.,0.,0.));
#4172=DIRECTION('center_axis',(0.,0.,1.));
#4173=DIRECTION('ref_axis',(-1.,0.,0.));
#4174=DIRECTION('center_axis',(0.,0.,1.));
#4175=DIRECTION('ref_axis',(-1.,0.,0.));
#4176=DIRECTION('',(1.,0.,0.));
#4177=DIRECTION('',(0.,1.,0.));
#4178=DIRECTION('',(-1.,0.,0.));
#4179=DIRECTION('',(0.,1.,0.));
#4180=DIRECTION('center_axis',(0.,0.,1.));
#4181=DIRECTION('ref_axis',(-1.,0.,0.));
#4182=DIRECTION('center_axis',(0.,0.,1.));
#4183=DIRECTION('ref_axis',(-1.,0.,0.));
#4184=DIRECTION('',(1.,0.,0.));
#4185=DIRECTION('',(0.,1.,0.));
#4186=DIRECTION('',(1.,0.,0.));
#4187=DIRECTION('center_axis',(0.,0.,1.));
#4188=DIRECTION('ref_axis',(-1.,0.,0.));
#4189=DIRECTION('',(0.,1.,0.));
#4190=DIRECTION('center_axis',(0.,0.,1.));
#4191=DIRECTION('ref_axis',(-1.,0.,0.));
#4192=DIRECTION('center_axis',(0.,0.,1.));
#4193=DIRECTION('ref_axis',(-1.,0.,0.));
#4194=DIRECTION('',(-1.44061959129915E-16,1.,0.));
#4195=DIRECTION('',(-1.,0.,0.));
#4196=DIRECTION('center_axis',(0.,0.,1.));
#4197=DIRECTION('ref_axis',(-1.,0.,0.));
#4198=DIRECTION('center_axis',(0.,0.,1.));
#4199=DIRECTION('ref_axis',(-1.,0.,0.));
#4200=DIRECTION('center_axis',(0.,0.,1.));
#4201=DIRECTION('ref_axis',(-1.,0.,0.));
#4202=DIRECTION('center_axis',(0.,0.,1.));
#4203=DIRECTION('ref_axis',(-1.,0.,0.));
#4204=DIRECTION('',(0.,1.,0.));
#4205=DIRECTION('',(1.,0.,0.));
#4206=DIRECTION('',(-1.44061959129915E-16,1.,0.));
#4207=DIRECTION('center_axis',(0.,0.,1.));
#4208=DIRECTION('ref_axis',(-1.,0.,0.));
#4209=DIRECTION('center_axis',(0.,0.,1.));
#4210=DIRECTION('ref_axis',(-1.,0.,0.));
#4211=DIRECTION('center_axis',(0.,0.,1.));
#4212=DIRECTION('ref_axis',(-1.,0.,0.));
#4213=DIRECTION('',(0.,1.,0.));
#4214=DIRECTION('',(1.,0.,0.));
#4215=DIRECTION('',(-1.44061959129915E-16,1.,0.));
#4216=DIRECTION('center_axis',(0.,0.,1.));
#4217=DIRECTION('ref_axis',(-1.,0.,0.));
#4218=DIRECTION('center_axis',(0.,0.,1.));
#4219=DIRECTION('ref_axis',(-1.,0.,0.));
#4220=DIRECTION('center_axis',(0.,0.,1.));
#4221=DIRECTION('ref_axis',(-1.,0.,0.));
#4222=DIRECTION('center_axis',(0.,0.,1.));
#4223=DIRECTION('ref_axis',(-1.,0.,0.));
#4224=DIRECTION('center_axis',(0.,0.,1.));
#4225=DIRECTION('ref_axis',(-1.,0.,0.));
#4226=DIRECTION('center_axis',(0.,0.,1.));
#4227=DIRECTION('ref_axis',(-1.,0.,0.));
#4228=DIRECTION('center_axis',(0.,0.,1.));
#4229=DIRECTION('ref_axis',(-1.,0.,0.));
#4230=DIRECTION('center_axis',(0.,0.,1.));
#4231=DIRECTION('ref_axis',(-1.,0.,0.));
#4232=DIRECTION('center_axis',(0.,0.,1.));
#4233=DIRECTION('ref_axis',(-1.,0.,0.));
#4234=DIRECTION('center_axis',(0.,0.,1.));
#4235=DIRECTION('ref_axis',(-1.,0.,0.));
#4236=DIRECTION('center_axis',(0.,0.,1.));
#4237=DIRECTION('ref_axis',(-1.,0.,0.));
#4238=DIRECTION('center_axis',(0.,0.,1.));
#4239=DIRECTION('ref_axis',(-1.,0.,0.));
#4240=DIRECTION('center_axis',(0.,0.,1.));
#4241=DIRECTION('ref_axis',(-1.,0.,0.));
#4242=DIRECTION('center_axis',(0.,0.,1.));
#4243=DIRECTION('ref_axis',(-1.,0.,0.));
#4244=DIRECTION('center_axis',(0.,0.,1.));
#4245=DIRECTION('ref_axis',(-1.,0.,0.));
#4246=DIRECTION('center_axis',(0.,0.,1.));
#4247=DIRECTION('ref_axis',(-1.,0.,0.));
#4248=DIRECTION('center_axis',(0.,0.,1.));
#4249=DIRECTION('ref_axis',(-1.,0.,0.));
#4250=DIRECTION('center_axis',(0.,0.,1.));
#4251=DIRECTION('ref_axis',(-1.,0.,0.));
#4252=DIRECTION('center_axis',(0.,0.,1.));
#4253=DIRECTION('ref_axis',(-1.,0.,0.));
#4254=DIRECTION('center_axis',(0.,0.,1.));
#4255=DIRECTION('ref_axis',(-1.,0.,0.));
#4256=DIRECTION('center_axis',(0.,0.,1.));
#4257=DIRECTION('ref_axis',(-1.,0.,0.));
#4258=DIRECTION('',(1.,0.,0.));
#4259=DIRECTION('',(0.,1.,0.));
#4260=DIRECTION('',(1.,0.,0.));
#4261=DIRECTION('center_axis',(0.,0.,1.));
#4262=DIRECTION('ref_axis',(-1.,0.,0.));
#4263=DIRECTION('center_axis',(0.,0.,1.));
#4264=DIRECTION('ref_axis',(-1.,0.,0.));
#4265=DIRECTION('center_axis',(0.,0.,1.));
#4266=DIRECTION('ref_axis',(-1.,0.,0.));
#4267=DIRECTION('center_axis',(0.,0.,1.));
#4268=DIRECTION('ref_axis',(-1.,0.,0.));
#4269=DIRECTION('center_axis',(0.,0.,1.));
#4270=DIRECTION('ref_axis',(-1.,0.,0.));
#4271=DIRECTION('center_axis',(0.,0.,1.));
#4272=DIRECTION('ref_axis',(-1.,0.,0.));
#4273=DIRECTION('center_axis',(0.,0.,1.));
#4274=DIRECTION('ref_axis',(-1.,0.,0.));
#4275=DIRECTION('',(1.,0.,0.));
#4276=DIRECTION('',(0.,1.,0.));
#4277=DIRECTION('',(1.,0.,0.));
#4278=DIRECTION('center_axis',(0.,0.,1.));
#4279=DIRECTION('ref_axis',(-1.,0.,0.));
#4280=DIRECTION('',(-1.44061959129915E-16,1.,0.));
#4281=DIRECTION('center_axis',(0.,0.,1.));
#4282=DIRECTION('ref_axis',(-1.,0.,0.));
#4283=DIRECTION('',(1.,0.,0.));
#4284=DIRECTION('',(0.,-1.,0.));
#4285=DIRECTION('',(1.,0.,0.));
#4286=DIRECTION('',(-1.,0.,0.));
#4287=DIRECTION('',(0.,-1.,0.));
#4288=DIRECTION('',(1.,0.,0.));
#4289=DIRECTION('center_axis',(0.,0.,1.));
#4290=DIRECTION('ref_axis',(-1.,0.,0.));
#4291=DIRECTION('',(-1.44061959129915E-16,1.,0.));
#4292=DIRECTION('center_axis',(0.,0.,1.));
#4293=DIRECTION('ref_axis',(-1.,0.,0.));
#4294=DIRECTION('center_axis',(0.,0.,1.));
#4295=DIRECTION('ref_axis',(-1.,0.,0.));
#4296=DIRECTION('center_axis',(0.,0.,1.));
#4297=DIRECTION('ref_axis',(-1.,0.,0.));
#4298=DIRECTION('center_axis',(0.,0.,1.));
#4299=DIRECTION('ref_axis',(-1.,0.,0.));
#4300=DIRECTION('center_axis',(0.,0.,1.));
#4301=DIRECTION('ref_axis',(-0.707106781186545,0.70710678118655,0.));
#4302=DIRECTION('',(0.,0.,1.));
#4303=DIRECTION('center_axis',(-1.,0.,0.));
#4304=DIRECTION('ref_axis',(0.,0.,-1.));
#4305=DIRECTION('',(0.,0.,-1.));
#4306=DIRECTION('center_axis',(0.,0.,1.));
#4307=DIRECTION('ref_axis',(-0.707106781186548,-0.707106781186547,0.));
#4308=DIRECTION('',(0.,0.,1.));
#4309=DIRECTION('center_axis',(0.,-1.,0.));
#4310=DIRECTION('ref_axis',(0.,0.,-1.));
#4311=DIRECTION('center_axis',(-1.,-1.44061959129915E-16,0.));
#4312=DIRECTION('ref_axis',(1.44061959129915E-16,-1.,0.));
#4313=DIRECTION('',(4.56974011424686E-32,-3.1720657846433E-16,1.));
#4314=DIRECTION('',(0.,0.,-1.));
#4315=DIRECTION('',(1.44061959129915E-16,-1.,0.));
#4316=DIRECTION('center_axis',(1.,0.,0.));
#4317=DIRECTION('ref_axis',(0.,1.,0.));
#4318=DIRECTION('',(0.,3.1720657846433E-16,-1.));
#4319=DIRECTION('',(0.,1.,0.));
#4320=DIRECTION('',(0.,0.,1.));
#4321=DIRECTION('center_axis',(1.,0.,0.));
#4322=DIRECTION('ref_axis',(0.,1.,0.));
#4323=DIRECTION('',(0.,3.1720657846433E-16,1.));
#4324=DIRECTION('',(0.,0.,-1.));
#4325=DIRECTION('',(0.,1.,0.));
#4326=DIRECTION('center_axis',(-1.,-1.44061959129915E-16,0.));
#4327=DIRECTION('ref_axis',(1.44061959129915E-16,-1.,0.));
#4328=DIRECTION('',(4.56974011424686E-32,-3.1720657846433E-16,-1.));
#4329=DIRECTION('',(1.44061959129915E-16,-1.,0.));
#4330=DIRECTION('',(0.,0.,1.));
#4331=DIRECTION('center_axis',(0.,1.,-3.1720657846433E-16));
#4332=DIRECTION('ref_axis',(0.,3.1720657846433E-16,1.));
#4333=DIRECTION('',(-1.,0.,0.));
#4334=DIRECTION('',(0.,3.1720657846433E-16,1.));
#4335=DIRECTION('',(-1.,0.,0.));
#4336=DIRECTION('',(4.56974011424686E-32,-3.1720657846433E-16,-1.));
#4337=DIRECTION('',(3.1720657846433E-16,3.1720657846433E-16,1.));
#4338=DIRECTION('',(1.,0.,0.));
#4339=DIRECTION('',(3.1720657846433E-16,-3.1720657846433E-16,-1.));
#4340=DIRECTION('',(0.,3.1720657846433E-16,1.));
#4341=DIRECTION('',(-1.,0.,0.));
#4342=DIRECTION('',(4.56974011424686E-32,-3.1720657846433E-16,-1.));
#4343=DIRECTION('',(0.,3.1720657846433E-16,1.));
#4344=DIRECTION('',(-1.,0.,0.));
#4345=DIRECTION('',(4.56974011424686E-32,-3.1720657846433E-16,-1.));
#4346=DIRECTION('',(0.,3.1720657846433E-16,1.));
#4347=DIRECTION('',(-1.,0.,0.));
#4348=DIRECTION('',(4.56974011424686E-32,-3.1720657846433E-16,-1.));
#4349=DIRECTION('',(0.,3.1720657846433E-16,1.));
#4350=DIRECTION('',(-1.,0.,0.));
#4351=DIRECTION('',(4.56974011424686E-32,-3.1720657846433E-16,-1.));
#4352=DIRECTION('center_axis',(0.,0.,1.));
#4353=DIRECTION('ref_axis',(-1.,0.,0.));
#4354=DIRECTION('',(0.,0.,1.));
#4355=DIRECTION('center_axis',(0.,0.,1.));
#4356=DIRECTION('ref_axis',(-1.,0.,0.));
#4357=DIRECTION('center_axis',(0.,0.,1.));
#4358=DIRECTION('ref_axis',(-1.,0.,0.));
#4359=DIRECTION('center_axis',(0.,0.,1.));
#4360=DIRECTION('ref_axis',(-1.,0.,0.));
#4361=DIRECTION('',(0.,0.,1.));
#4362=DIRECTION('center_axis',(0.,0.,1.));
#4363=DIRECTION('ref_axis',(-1.,0.,0.));
#4364=DIRECTION('center_axis',(0.,0.,1.));
#4365=DIRECTION('ref_axis',(-1.,0.,0.));
#4366=DIRECTION('',(0.,0.,-1.));
#4367=DIRECTION('center_axis',(0.,0.,1.));
#4368=DIRECTION('ref_axis',(-1.,0.,0.));
#4369=DIRECTION('',(0.,0.,-1.));
#4370=DIRECTION('center_axis',(0.,0.,1.));
#4371=DIRECTION('ref_axis',(-1.,0.,0.));
#4372=DIRECTION('',(0.,0.,1.));
#4373=DIRECTION('center_axis',(0.,0.,1.));
#4374=DIRECTION('ref_axis',(-1.,0.,0.));
#4375=DIRECTION('',(0.,0.,1.));
#4376=DIRECTION('',(0.,0.,-1.));
#4377=DIRECTION('center_axis',(0.,0.,1.));
#4378=DIRECTION('ref_axis',(-1.,0.,0.));
#4379=DIRECTION('center_axis',(0.,0.,1.));
#4380=DIRECTION('ref_axis',(-1.,0.,0.));
#4381=DIRECTION('',(0.,0.,1.));
#4382=DIRECTION('',(0.,0.,-1.));
#4383=DIRECTION('center_axis',(0.,0.,1.));
#4384=DIRECTION('ref_axis',(-1.,0.,0.));
#4385=DIRECTION('center_axis',(0.,0.,1.));
#4386=DIRECTION('ref_axis',(-1.,0.,0.));
#4387=DIRECTION('',(0.,0.,-1.));
#4388=DIRECTION('center_axis',(0.,0.,1.));
#4389=DIRECTION('ref_axis',(-1.,0.,0.));
#4390=DIRECTION('',(0.,0.,1.));
#4391=DIRECTION('center_axis',(0.,0.,1.));
#4392=DIRECTION('ref_axis',(-1.,0.,0.));
#4393=DIRECTION('center_axis',(0.,0.,1.));
#4394=DIRECTION('ref_axis',(-1.,0.,0.));
#4395=DIRECTION('',(0.,0.,-1.));
#4396=DIRECTION('center_axis',(0.,0.,1.));
#4397=DIRECTION('ref_axis',(-1.,0.,0.));
#4398=DIRECTION('center_axis',(0.,0.,1.));
#4399=DIRECTION('ref_axis',(-1.,0.,0.));
#4400=DIRECTION('',(0.,0.,1.));
#4401=DIRECTION('center_axis',(0.,0.,1.));
#4402=DIRECTION('ref_axis',(-1.,0.,0.));
#4403=DIRECTION('center_axis',(0.,0.,1.));
#4404=DIRECTION('ref_axis',(-1.,0.,0.));
#4405=DIRECTION('',(0.,0.,-1.));
#4406=DIRECTION('center_axis',(0.,0.,1.));
#4407=DIRECTION('ref_axis',(-1.,0.,0.));
#4408=DIRECTION('center_axis',(0.,0.,1.));
#4409=DIRECTION('ref_axis',(-1.,0.,0.));
#4410=DIRECTION('',(0.,0.,-1.));
#4411=DIRECTION('center_axis',(-1.,-1.44061959129915E-16,0.));
#4412=DIRECTION('ref_axis',(1.44061959129915E-16,-1.,0.));
#4413=DIRECTION('',(4.56974011424686E-32,-3.1720657846433E-16,1.));
#4414=DIRECTION('',(0.,0.,-1.));
#4415=DIRECTION('',(1.44061959129915E-16,-1.,0.));
#4416=DIRECTION('center_axis',(1.,0.,0.));
#4417=DIRECTION('ref_axis',(0.,1.,0.));
#4418=DIRECTION('',(0.,3.1720657846433E-16,-1.));
#4419=DIRECTION('',(0.,1.,0.));
#4420=DIRECTION('',(0.,0.,1.));
#4421=DIRECTION('center_axis',(1.,0.,0.));
#4422=DIRECTION('ref_axis',(0.,1.,0.));
#4423=DIRECTION('',(0.,0.,-1.));
#4424=DIRECTION('',(0.,1.,0.));
#4425=DIRECTION('center_axis',(-1.,-1.44061959129915E-16,0.));
#4426=DIRECTION('ref_axis',(1.44061959129915E-16,-1.,0.));
#4427=DIRECTION('',(1.44061959129915E-16,-1.,0.));
#4428=DIRECTION('',(0.,0.,1.));
#4429=DIRECTION('center_axis',(0.,0.,1.));
#4430=DIRECTION('ref_axis',(-1.,0.,0.));
#4431=DIRECTION('center_axis',(0.,0.,1.));
#4432=DIRECTION('ref_axis',(-1.,0.,0.));
#4433=DIRECTION('center_axis',(0.,0.,1.));
#4434=DIRECTION('ref_axis',(-1.,0.,0.));
#4435=DIRECTION('center_axis',(0.,0.,1.));
#4436=DIRECTION('ref_axis',(-1.,0.,0.));
#4437=DIRECTION('',(0.,0.,-1.));
#4438=DIRECTION('center_axis',(0.,0.,1.));
#4439=DIRECTION('ref_axis',(-1.,0.,0.));
#4440=DIRECTION('center_axis',(0.,0.,1.));
#4441=DIRECTION('ref_axis',(-1.,0.,0.));
#4442=DIRECTION('',(0.,0.,1.));
#4443=DIRECTION('center_axis',(0.,0.,1.));
#4444=DIRECTION('ref_axis',(-1.,0.,0.));
#4445=DIRECTION('',(0.,0.,-1.));
#4446=DIRECTION('center_axis',(0.,0.,1.));
#4447=DIRECTION('ref_axis',(-1.,0.,0.));
#4448=DIRECTION('',(0.,0.,1.));
#4449=DIRECTION('center_axis',(0.,0.,1.));
#4450=DIRECTION('ref_axis',(-1.,0.,0.));
#4451=DIRECTION('',(0.,0.,1.));
#4452=DIRECTION('',(0.,0.,-1.));
#4453=DIRECTION('center_axis',(0.,0.,1.));
#4454=DIRECTION('ref_axis',(-1.,0.,0.));
#4455=DIRECTION('center_axis',(0.,0.,1.));
#4456=DIRECTION('ref_axis',(-1.,0.,0.));
#4457=DIRECTION('',(0.,0.,1.));
#4458=DIRECTION('',(0.,0.,-1.));
#4459=DIRECTION('center_axis',(0.,0.,1.));
#4460=DIRECTION('ref_axis',(-1.,0.,0.));
#4461=DIRECTION('center_axis',(0.,0.,1.));
#4462=DIRECTION('ref_axis',(-1.,0.,0.));
#4463=DIRECTION('',(0.,0.,-1.));
#4464=DIRECTION('center_axis',(0.,0.,1.));
#4465=DIRECTION('ref_axis',(-1.,0.,0.));
#4466=DIRECTION('',(0.,0.,1.));
#4467=DIRECTION('center_axis',(0.,0.,1.));
#4468=DIRECTION('ref_axis',(-1.,0.,0.));
#4469=DIRECTION('center_axis',(0.,0.,1.));
#4470=DIRECTION('ref_axis',(-1.,0.,0.));
#4471=DIRECTION('',(0.,0.,-1.));
#4472=DIRECTION('center_axis',(0.,0.,1.));
#4473=DIRECTION('ref_axis',(-1.,0.,0.));
#4474=DIRECTION('center_axis',(0.,0.,1.));
#4475=DIRECTION('ref_axis',(-1.,0.,0.));
#4476=DIRECTION('',(0.,0.,1.));
#4477=DIRECTION('center_axis',(0.,1.,0.));
#4478=DIRECTION('ref_axis',(-1.,0.,0.));
#4479=DIRECTION('',(-1.,0.,0.));
#4480=DIRECTION('',(-3.1720657846433E-16,0.,1.));
#4481=DIRECTION('center_axis',(0.,0.,1.));
#4482=DIRECTION('ref_axis',(-1.,0.,0.));
#4483=DIRECTION('center_axis',(0.,0.,1.));
#4484=DIRECTION('ref_axis',(-1.,0.,0.));
#4485=DIRECTION('',(0.,0.,-1.));
#4486=DIRECTION('center_axis',(0.,0.,1.));
#4487=DIRECTION('ref_axis',(-1.,0.,0.));
#4488=DIRECTION('center_axis',(0.,0.,1.));
#4489=DIRECTION('ref_axis',(-1.,0.,0.));
#4490=DIRECTION('',(1.,0.,0.));
#4491=DIRECTION('center_axis',(0.,0.,1.));
#4492=DIRECTION('ref_axis',(-1.,0.,0.));
#4493=DIRECTION('',(-1.,0.,0.));
#4494=DIRECTION('',(0.,1.,0.));
#4495=DIRECTION('',(1.,0.,0.));
#4496=DIRECTION('center_axis',(0.,0.,1.));
#4497=DIRECTION('ref_axis',(-1.,0.,0.));
#4498=DIRECTION('center_axis',(0.,0.,1.));
#4499=DIRECTION('ref_axis',(-1.,0.,0.));
#4500=DIRECTION('',(-1.,0.,0.));
#4501=DIRECTION('',(0.,1.,0.));
#4502=DIRECTION('',(1.,0.,0.));
#4503=DIRECTION('center_axis',(0.,0.,1.));
#4504=DIRECTION('ref_axis',(-1.,0.,0.));
#4505=DIRECTION('center_axis',(0.,0.,1.));
#4506=DIRECTION('ref_axis',(-1.,0.,0.));
#4507=DIRECTION('',(-1.,0.,0.));
#4508=DIRECTION('',(0.,1.,0.));
#4509=DIRECTION('',(1.,0.,0.));
#4510=DIRECTION('center_axis',(0.,0.,1.));
#4511=DIRECTION('ref_axis',(-1.,0.,0.));
#4512=DIRECTION('center_axis',(0.,0.,1.));
#4513=DIRECTION('ref_axis',(-1.,0.,0.));
#4514=DIRECTION('',(-1.,0.,0.));
#4515=DIRECTION('',(0.,1.,0.));
#4516=DIRECTION('',(1.,0.,0.));
#4517=DIRECTION('center_axis',(0.,0.,1.));
#4518=DIRECTION('ref_axis',(-1.,0.,0.));
#4519=DIRECTION('',(1.44061959129915E-16,-1.,0.));
#4520=DIRECTION('',(0.,1.,0.));
#4521=DIRECTION('center_axis',(0.,0.,1.));
#4522=DIRECTION('ref_axis',(-1.,0.,0.));
#4523=DIRECTION('center_axis',(0.,0.,1.));
#4524=DIRECTION('ref_axis',(-1.,0.,0.));
#4525=DIRECTION('',(1.44061959129915E-16,-1.,0.));
#4526=DIRECTION('',(0.,1.,0.));
#4527=DIRECTION('center_axis',(0.,0.,1.));
#4528=DIRECTION('ref_axis',(-1.,0.,0.));
#4529=DIRECTION('center_axis',(0.,0.,1.));
#4530=DIRECTION('ref_axis',(-1.,0.,0.));
#4531=DIRECTION('',(1.44061959129915E-16,-1.,0.));
#4532=DIRECTION('',(0.,1.,0.));
#4533=DIRECTION('center_axis',(0.,0.,1.));
#4534=DIRECTION('ref_axis',(-1.,0.,0.));
#4535=DIRECTION('center_axis',(0.,0.,1.));
#4536=DIRECTION('ref_axis',(-1.,0.,0.));
#4537=DIRECTION('',(1.44061959129915E-16,-1.,0.));
#4538=DIRECTION('',(0.,1.,0.));
#4539=DIRECTION('center_axis',(0.,0.,1.));
#4540=DIRECTION('ref_axis',(-1.,0.,0.));
#4541=DIRECTION('',(1.,0.,0.));
#4542=DIRECTION('',(0.,-1.,0.));
#4543=DIRECTION('',(-1.,0.,0.));
#4544=DIRECTION('',(1.,0.,0.));
#4545=DIRECTION('',(0.,-1.,0.));
#4546=DIRECTION('center_axis',(0.,0.,1.));
#4547=DIRECTION('ref_axis',(-1.,0.,0.));
#4548=DIRECTION('',(1.,0.,0.));
#4549=DIRECTION('',(0.,-1.,0.));
#4550=DIRECTION('',(-1.,0.,0.));
#4551=DIRECTION('center_axis',(0.,0.,1.));
#4552=DIRECTION('ref_axis',(-1.,0.,0.));
#4553=DIRECTION('center_axis',(0.,0.,1.));
#4554=DIRECTION('ref_axis',(-1.,0.,0.));
#4555=DIRECTION('',(1.,0.,0.));
#4556=DIRECTION('',(0.,-1.,0.));
#4557=DIRECTION('',(-1.,0.,0.));
#4558=DIRECTION('center_axis',(0.,0.,1.));
#4559=DIRECTION('ref_axis',(-1.,0.,0.));
#4560=DIRECTION('',(0.,1.,0.));
#4561=DIRECTION('',(1.,0.,0.));
#4562=DIRECTION('',(1.44061959129915E-16,-1.,0.));
#4563=DIRECTION('center_axis',(0.,0.,1.));
#4564=DIRECTION('ref_axis',(-1.,0.,0.));
#4565=DIRECTION('center_axis',(0.,0.,1.));
#4566=DIRECTION('ref_axis',(-1.,0.,0.));
#4567=DIRECTION('',(0.,1.,0.));
#4568=DIRECTION('',(1.,0.,0.));
#4569=DIRECTION('',(1.44061959129915E-16,-1.,0.));
#4570=DIRECTION('center_axis',(0.,0.,1.));
#4571=DIRECTION('ref_axis',(-1.,0.,0.));
#4572=DIRECTION('center_axis',(0.,0.,1.));
#4573=DIRECTION('ref_axis',(-1.,0.,0.));
#4574=DIRECTION('',(0.,1.,0.));
#4575=DIRECTION('',(1.,0.,0.));
#4576=DIRECTION('',(1.44061959129915E-16,-1.,0.));
#4577=DIRECTION('center_axis',(0.,0.,1.));
#4578=DIRECTION('ref_axis',(-1.,0.,0.));
#4579=DIRECTION('center_axis',(0.,0.,1.));
#4580=DIRECTION('ref_axis',(-1.,0.,0.));
#4581=DIRECTION('',(0.,1.,0.));
#4582=DIRECTION('',(1.,0.,0.));
#4583=DIRECTION('',(1.44061959129915E-16,-1.,0.));
#4584=DIRECTION('center_axis',(0.,0.,1.));
#4585=DIRECTION('ref_axis',(-1.,0.,0.));
#4586=DIRECTION('',(1.,0.,0.));
#4587=DIRECTION('center_axis',(0.,0.,1.));
#4588=DIRECTION('ref_axis',(-1.,0.,0.));
#4589=DIRECTION('center_axis',(0.,0.,1.));
#4590=DIRECTION('ref_axis',(-1.,0.,0.));
#4591=DIRECTION('center_axis',(0.,0.,1.));
#4592=DIRECTION('ref_axis',(-1.,0.,0.));
#4593=DIRECTION('center_axis',(0.,0.,1.));
#4594=DIRECTION('ref_axis',(-1.,0.,0.));
#4595=DIRECTION('center_axis',(0.,0.,1.));
#4596=DIRECTION('ref_axis',(-1.,0.,0.));
#4597=DIRECTION('center_axis',(0.,0.,1.));
#4598=DIRECTION('ref_axis',(-1.,0.,0.));
#4599=DIRECTION('center_axis',(0.,0.,1.));
#4600=DIRECTION('ref_axis',(-1.,0.,0.));
#4601=DIRECTION('center_axis',(0.,0.,1.));
#4602=DIRECTION('ref_axis',(-1.,0.,0.));
#4603=DIRECTION('center_axis',(0.,0.,1.));
#4604=DIRECTION('ref_axis',(-1.,0.,0.));
#4605=DIRECTION('center_axis',(0.,0.,1.));
#4606=DIRECTION('ref_axis',(-1.,0.,0.));
#4607=DIRECTION('center_axis',(0.,0.,1.));
#4608=DIRECTION('ref_axis',(-1.,0.,0.));
#4609=DIRECTION('center_axis',(0.,0.,1.));
#4610=DIRECTION('ref_axis',(-1.,0.,0.));
#4611=DIRECTION('center_axis',(0.,0.,1.));
#4612=DIRECTION('ref_axis',(-1.,0.,0.));
#4613=DIRECTION('center_axis',(0.,0.,1.));
#4614=DIRECTION('ref_axis',(-1.,0.,0.));
#4615=DIRECTION('center_axis',(0.,0.,1.));
#4616=DIRECTION('ref_axis',(-1.,0.,0.));
#4617=DIRECTION('center_axis',(0.,0.,1.));
#4618=DIRECTION('ref_axis',(-1.,0.,0.));
#4619=DIRECTION('center_axis',(0.,0.,1.));
#4620=DIRECTION('ref_axis',(-1.,0.,0.));
#4621=DIRECTION('center_axis',(0.,0.,1.));
#4622=DIRECTION('ref_axis',(-1.,0.,0.));
#4623=DIRECTION('center_axis',(0.,0.,1.));
#4624=DIRECTION('ref_axis',(-1.,0.,0.));
#4625=DIRECTION('center_axis',(0.,0.,1.));
#4626=DIRECTION('ref_axis',(-1.,0.,0.));
#4627=DIRECTION('center_axis',(0.,0.,1.));
#4628=DIRECTION('ref_axis',(-1.,0.,0.));
#4629=DIRECTION('center_axis',(0.,0.,1.));
#4630=DIRECTION('ref_axis',(-1.,0.,0.));
#4631=DIRECTION('center_axis',(0.,0.,1.));
#4632=DIRECTION('ref_axis',(-1.,0.,0.));
#4633=DIRECTION('center_axis',(0.,0.,1.));
#4634=DIRECTION('ref_axis',(-1.,0.,0.));
#4635=DIRECTION('center_axis',(0.,0.,1.));
#4636=DIRECTION('ref_axis',(-1.,0.,0.));
#4637=DIRECTION('center_axis',(0.,0.,1.));
#4638=DIRECTION('ref_axis',(-1.,0.,0.));
#4639=DIRECTION('center_axis',(0.,0.,1.));
#4640=DIRECTION('ref_axis',(-1.,0.,0.));
#4641=DIRECTION('center_axis',(0.,0.,1.));
#4642=DIRECTION('ref_axis',(-1.,0.,0.));
#4643=DIRECTION('center_axis',(0.,0.,1.));
#4644=DIRECTION('ref_axis',(-1.,0.,0.));
#4645=DIRECTION('center_axis',(0.,0.,1.));
#4646=DIRECTION('ref_axis',(-1.,0.,0.));
#4647=DIRECTION('center_axis',(0.,0.,1.));
#4648=DIRECTION('ref_axis',(-1.,0.,0.));
#4649=DIRECTION('center_axis',(0.,0.,1.));
#4650=DIRECTION('ref_axis',(-1.,0.,0.));
#4651=DIRECTION('center_axis',(0.,0.,1.));
#4652=DIRECTION('ref_axis',(-1.,0.,0.));
#4653=DIRECTION('center_axis',(0.,0.,1.));
#4654=DIRECTION('ref_axis',(-1.,0.,0.));
#4655=DIRECTION('center_axis',(0.,0.,1.));
#4656=DIRECTION('ref_axis',(-1.,0.,0.));
#4657=DIRECTION('center_axis',(0.,0.,1.));
#4658=DIRECTION('ref_axis',(-1.,0.,0.));
#4659=DIRECTION('center_axis',(0.,0.,1.));
#4660=DIRECTION('ref_axis',(-1.,0.,0.));
#4661=DIRECTION('center_axis',(0.,0.,1.));
#4662=DIRECTION('ref_axis',(-1.,0.,0.));
#4663=DIRECTION('center_axis',(0.,0.,1.));
#4664=DIRECTION('ref_axis',(-1.,0.,0.));
#4665=DIRECTION('center_axis',(0.,0.,1.));
#4666=DIRECTION('ref_axis',(-1.,0.,0.));
#4667=DIRECTION('center_axis',(0.,0.,1.));
#4668=DIRECTION('ref_axis',(-1.,0.,0.));
#4669=DIRECTION('center_axis',(0.,0.,1.));
#4670=DIRECTION('ref_axis',(-1.,0.,0.));
#4671=DIRECTION('center_axis',(0.,0.,1.));
#4672=DIRECTION('ref_axis',(-1.,0.,0.));
#4673=DIRECTION('center_axis',(0.,0.,1.));
#4674=DIRECTION('ref_axis',(-1.,0.,0.));
#4675=DIRECTION('center_axis',(0.,0.,1.));
#4676=DIRECTION('ref_axis',(-1.,0.,0.));
#4677=DIRECTION('center_axis',(0.,0.,1.));
#4678=DIRECTION('ref_axis',(-1.,0.,0.));
#4679=DIRECTION('center_axis',(0.,0.,1.));
#4680=DIRECTION('ref_axis',(-1.,0.,0.));
#4681=DIRECTION('center_axis',(0.,0.,1.));
#4682=DIRECTION('ref_axis',(-1.,0.,0.));
#4683=DIRECTION('center_axis',(0.,0.,1.));
#4684=DIRECTION('ref_axis',(-1.,0.,0.));
#4685=DIRECTION('',(0.,0.,1.));
#4686=DIRECTION('',(0.,0.,-1.));
#4687=DIRECTION('center_axis',(0.,0.,1.));
#4688=DIRECTION('ref_axis',(-1.,0.,0.));
#4689=DIRECTION('',(0.,0.,-1.));
#4690=DIRECTION('',(0.,0.,1.));
#4691=DIRECTION('center_axis',(0.,0.,1.));
#4692=DIRECTION('ref_axis',(-1.,0.,0.));
#4693=DIRECTION('',(0.,0.,1.));
#4694=DIRECTION('',(0.,0.,-1.));
#4695=DIRECTION('center_axis',(0.,0.,1.));
#4696=DIRECTION('ref_axis',(-1.,0.,0.));
#4697=DIRECTION('',(0.,0.,-1.));
#4698=DIRECTION('',(0.,0.,1.));
#4699=DIRECTION('center_axis',(1.,0.,0.));
#4700=DIRECTION('ref_axis',(0.,1.,0.));
#4701=DIRECTION('',(0.,3.1720657846433E-16,-1.));
#4702=DIRECTION('center_axis',(0.,0.,1.));
#4703=DIRECTION('ref_axis',(-1.,0.,0.));
#4704=DIRECTION('',(0.,0.,-1.));
#4705=DIRECTION('center_axis',(0.,0.,1.));
#4706=DIRECTION('ref_axis',(-1.,0.,0.));
#4707=DIRECTION('',(0.,0.,-1.));
#4708=DIRECTION('center_axis',(0.,0.,1.));
#4709=DIRECTION('ref_axis',(-1.,0.,0.));
#4710=DIRECTION('',(0.,0.,1.));
#4711=DIRECTION('center_axis',(0.,0.,1.));
#4712=DIRECTION('ref_axis',(-1.,0.,0.));
#4713=DIRECTION('',(0.,0.,-1.));
#4714=DIRECTION('',(0.,0.,1.));
#4715=DIRECTION('center_axis',(0.,0.,1.));
#4716=DIRECTION('ref_axis',(-1.,0.,0.));
#4717=DIRECTION('',(0.,0.,-1.));
#4718=DIRECTION('center_axis',(0.,0.,1.));
#4719=DIRECTION('ref_axis',(-1.,0.,0.));
#4720=DIRECTION('',(0.,0.,-1.));
#4721=DIRECTION('',(0.,0.,1.));
#4722=DIRECTION('center_axis',(0.,0.,1.));
#4723=DIRECTION('ref_axis',(-1.,0.,0.));
#4724=DIRECTION('',(0.,0.,-1.));
#4725=DIRECTION('center_axis',(0.,0.,1.));
#4726=DIRECTION('ref_axis',(-1.,0.,0.));
#4727=DIRECTION('center_axis',(0.,0.,1.));
#4728=DIRECTION('ref_axis',(-1.,0.,0.));
#4729=DIRECTION('',(0.,0.,1.));
#4730=DIRECTION('center_axis',(0.,0.,1.));
#4731=DIRECTION('ref_axis',(-1.,0.,0.));
#4732=DIRECTION('',(0.,0.,-1.));
#4733=DIRECTION('',(0.,0.,1.));
#4734=DIRECTION('center_axis',(0.,0.,1.));
#4735=DIRECTION('ref_axis',(-1.,0.,0.));
#4736=DIRECTION('',(0.,0.,1.));
#4737=DIRECTION('',(0.,0.,-1.));
#4738=DIRECTION('center_axis',(0.,0.,1.));
#4739=DIRECTION('ref_axis',(-1.,0.,0.));
#4740=DIRECTION('',(0.,0.,-1.));
#4741=DIRECTION('center_axis',(0.,0.,1.));
#4742=DIRECTION('ref_axis',(-1.,0.,0.));
#4743=DIRECTION('center_axis',(0.,0.,1.));
#4744=DIRECTION('ref_axis',(-1.,0.,0.));
#4745=DIRECTION('',(0.,0.,1.));
#4746=DIRECTION('center_axis',(0.,0.,1.));
#4747=DIRECTION('ref_axis',(-1.,0.,0.));
#4748=DIRECTION('',(0.,0.,-1.));
#4749=DIRECTION('center_axis',(0.,0.,1.));
#4750=DIRECTION('ref_axis',(-1.,0.,0.));
#4751=DIRECTION('',(0.,0.,1.));
#4752=DIRECTION('',(0.,0.,-1.));
#4753=DIRECTION('center_axis',(0.,0.,1.));
#4754=DIRECTION('ref_axis',(-1.,0.,0.));
#4755=DIRECTION('',(0.,0.,1.));
#4756=DIRECTION('',(0.,0.,-1.));
#4757=DIRECTION('center_axis',(0.,0.,1.));
#4758=DIRECTION('ref_axis',(-1.,0.,0.));
#4759=DIRECTION('',(0.,0.,1.));
#4760=DIRECTION('center_axis',(0.,0.,1.));
#4761=DIRECTION('ref_axis',(-1.,0.,0.));
#4762=DIRECTION('',(0.,0.,-1.));
#4763=DIRECTION('center_axis',(-1.,-1.44061959129915E-16,0.));
#4764=DIRECTION('ref_axis',(1.44061959129915E-16,-1.,0.));
#4765=DIRECTION('center_axis',(0.,0.,1.));
#4766=DIRECTION('ref_axis',(-1.,0.,0.));
#4767=DIRECTION('',(0.,0.,1.));
#4768=DIRECTION('center_axis',(0.,0.,1.));
#4769=DIRECTION('ref_axis',(-1.,0.,0.));
#4770=DIRECTION('',(0.,0.,1.));
#4771=DIRECTION('',(0.,0.,-1.));
#4772=DIRECTION('center_axis',(0.,0.,1.));
#4773=DIRECTION('ref_axis',(-1.,0.,0.));
#4774=DIRECTION('',(0.,0.,-1.));
#4775=DIRECTION('',(0.,0.,1.));
#4776=DIRECTION('center_axis',(0.,0.,1.));
#4777=DIRECTION('ref_axis',(-1.,0.,0.));
#4778=DIRECTION('',(0.,0.,1.));
#4779=DIRECTION('center_axis',(0.,0.,1.));
#4780=DIRECTION('ref_axis',(-1.,0.,0.));
#4781=DIRECTION('',(0.,0.,-1.));
#4782=DIRECTION('center_axis',(0.,0.,1.));
#4783=DIRECTION('ref_axis',(-1.,0.,0.));
#4784=DIRECTION('',(0.,0.,-1.));
#4785=DIRECTION('center_axis',(0.,0.,1.));
#4786=DIRECTION('ref_axis',(-1.,0.,0.));
#4787=DIRECTION('',(0.,0.,1.));
#4788=DIRECTION('center_axis',(-1.,-1.44061959129915E-16,0.));
#4789=DIRECTION('ref_axis',(1.44061959129915E-16,-1.,0.));
#4790=DIRECTION('',(0.,0.,1.));
#4791=DIRECTION('center_axis',(-1.,-1.44061959129915E-16,0.));
#4792=DIRECTION('ref_axis',(1.44061959129915E-16,-1.,0.));
#4793=DIRECTION('',(4.56974011424686E-32,-3.1720657846433E-16,1.));
#4794=DIRECTION('',(0.,0.,-1.));
#4795=DIRECTION('center_axis',(1.,0.,0.));
#4796=DIRECTION('ref_axis',(0.,1.,0.));
#4797=DIRECTION('',(0.,0.,-1.));
#4798=DIRECTION('center_axis',(1.,0.,0.));
#4799=DIRECTION('ref_axis',(0.,1.,0.));
#4800=DIRECTION('',(0.,3.1720657846433E-16,-1.));
#4801=DIRECTION('',(0.,0.,1.));
#4802=DIRECTION('center_axis',(0.,0.,1.));
#4803=DIRECTION('ref_axis',(-1.,0.,0.));
#4804=DIRECTION('',(0.,0.,1.));
#4805=DIRECTION('center_axis',(0.,0.,1.));
#4806=DIRECTION('ref_axis',(-1.,0.,0.));
#4807=DIRECTION('',(0.,0.,-1.));
#4808=DIRECTION('center_axis',(0.,0.,1.));
#4809=DIRECTION('ref_axis',(-1.,0.,0.));
#4810=DIRECTION('',(0.,0.,1.));
#4811=DIRECTION('center_axis',(0.,0.,1.));
#4812=DIRECTION('ref_axis',(-1.,0.,0.));
#4813=DIRECTION('',(0.,0.,-1.));
#4814=DIRECTION('center_axis',(0.,0.,1.));
#4815=DIRECTION('ref_axis',(-1.,0.,0.));
#4816=DIRECTION('',(0.,0.,-1.));
#4817=DIRECTION('center_axis',(0.,0.,1.));
#4818=DIRECTION('ref_axis',(-1.,0.,0.));
#4819=DIRECTION('',(0.,0.,-1.));
#4820=DIRECTION('center_axis',(0.,0.,1.));
#4821=DIRECTION('ref_axis',(-1.,0.,0.));
#4822=DIRECTION('',(0.,0.,1.));
#4823=DIRECTION('center_axis',(0.,0.,1.));
#4824=DIRECTION('ref_axis',(-1.,0.,0.));
#4825=DIRECTION('center_axis',(0.,0.,1.));
#4826=DIRECTION('ref_axis',(-1.,0.,0.));
#4827=DIRECTION('center_axis',(0.,0.,1.));
#4828=DIRECTION('ref_axis',(-1.,0.,0.));
#4829=DIRECTION('center_axis',(0.,0.,1.));
#4830=DIRECTION('ref_axis',(-1.,0.,0.));
#4831=DIRECTION('',(0.,0.,1.));
#4832=DIRECTION('center_axis',(0.,0.,1.));
#4833=DIRECTION('ref_axis',(-1.,0.,0.));
#4834=DIRECTION('center_axis',(1.,0.,0.));
#4835=DIRECTION('ref_axis',(0.,1.,0.));
#4836=DIRECTION('',(0.,3.1720657846433E-16,-1.));
#4837=DIRECTION('center_axis',(0.,0.,1.));
#4838=DIRECTION('ref_axis',(-1.,0.,0.));
#4839=DIRECTION('center_axis',(-1.,-1.44061959129915E-16,0.));
#4840=DIRECTION('ref_axis',(1.44061959129915E-16,-1.,0.));
#4841=DIRECTION('',(4.56974011424686E-32,-3.1720657846433E-16,1.));
#4842=DIRECTION('center_axis',(1.,0.,0.));
#4843=DIRECTION('ref_axis',(0.,1.,0.));
#4844=DIRECTION('',(0.,0.,-1.));
#4845=DIRECTION('center_axis',(-1.,-1.44061959129915E-16,0.));
#4846=DIRECTION('ref_axis',(1.44061959129915E-16,-1.,0.));
#4847=DIRECTION('',(0.,0.,1.));
#4848=DIRECTION('center_axis',(0.,0.,1.));
#4849=DIRECTION('ref_axis',(-1.,0.,0.));
#4850=DIRECTION('center_axis',(0.,0.,1.));
#4851=DIRECTION('ref_axis',(-1.,0.,0.));
#4852=DIRECTION('',(0.,0.,1.));
#4853=DIRECTION('center_axis',(0.,0.,1.));
#4854=DIRECTION('ref_axis',(-1.,0.,0.));
#4855=DIRECTION('',(0.,0.,1.));
#4856=DIRECTION('',(0.,0.,-1.));
#4857=DIRECTION('center_axis',(0.,0.,1.));
#4858=DIRECTION('ref_axis',(-1.,0.,0.));
#4859=DIRECTION('',(0.,0.,1.));
#4860=DIRECTION('',(0.,0.,-1.));
#4861=DIRECTION('center_axis',(0.,0.,1.));
#4862=DIRECTION('ref_axis',(-1.,0.,0.));
#4863=DIRECTION('',(0.,0.,1.));
#4864=DIRECTION('center_axis',(0.,1.,0.));
#4865=DIRECTION('ref_axis',(-1.,0.,0.));
#4866=DIRECTION('',(-3.1720657846433E-16,0.,1.));
#4867=DIRECTION('center_axis',(-1.,-1.44061959129915E-16,0.));
#4868=DIRECTION('ref_axis',(1.44061959129915E-16,-1.,0.));
#4869=DIRECTION('',(4.56974011424686E-32,-3.1720657846433E-16,1.));
#4870=DIRECTION('center_axis',(0.,0.,1.));
#4871=DIRECTION('ref_axis',(-1.,0.,0.));
#4872=DIRECTION('',(0.,0.,1.));
#4873=DIRECTION('center_axis',(0.,0.,1.));
#4874=DIRECTION('ref_axis',(-1.,0.,0.));
#4875=DIRECTION('',(0.,0.,-1.));
#4876=DIRECTION('center_axis',(0.,0.,1.));
#4877=DIRECTION('ref_axis',(-1.,0.,0.));
#4878=DIRECTION('center_axis',(0.,-1.,0.));
#4879=DIRECTION('ref_axis',(1.,0.,0.));
#4880=DIRECTION('',(3.1720657846433E-16,0.,-1.));
#4881=DIRECTION('center_axis',(0.,0.,1.));
#4882=DIRECTION('ref_axis',(-1.,0.,0.));
#4883=DIRECTION('center_axis',(0.,0.,1.));
#4884=DIRECTION('ref_axis',(-1.,0.,0.));
#4885=DIRECTION('',(0.,0.,-1.));
#4886=DIRECTION('center_axis',(0.,0.,1.));
#4887=DIRECTION('ref_axis',(-1.,0.,0.));
#4888=DIRECTION('center_axis',(0.,0.,1.));
#4889=DIRECTION('ref_axis',(-1.,0.,0.));
#4890=DIRECTION('',(0.,0.,1.));
#4891=DIRECTION('',(0.,0.,-1.));
#4892=DIRECTION('center_axis',(0.,0.,1.));
#4893=DIRECTION('ref_axis',(-1.,0.,0.));
#4894=DIRECTION('',(0.,0.,-1.));
#4895=DIRECTION('center_axis',(0.,0.,1.));
#4896=DIRECTION('ref_axis',(-1.,0.,0.));
#4897=DIRECTION('',(0.,0.,-1.));
#4898=DIRECTION('',(0.,0.,1.));
#4899=DIRECTION('center_axis',(0.,0.,1.));
#4900=DIRECTION('ref_axis',(-1.,0.,0.));
#4901=DIRECTION('',(0.,0.,1.));
#4902=DIRECTION('center_axis',(0.,1.,0.));
#4903=DIRECTION('ref_axis',(-1.,0.,0.));
#4904=DIRECTION('',(-3.1720657846433E-16,0.,-1.));
#4905=DIRECTION('center_axis',(0.,0.,1.));
#4906=DIRECTION('ref_axis',(-1.,0.,0.));
#4907=DIRECTION('',(0.,0.,1.));
#4908=DIRECTION('center_axis',(0.,1.,0.));
#4909=DIRECTION('ref_axis',(-1.,0.,0.));
#4910=DIRECTION('',(0.,0.,1.));
#4911=DIRECTION('',(-3.1720657846433E-16,0.,-1.));
#4912=DIRECTION('center_axis',(0.,1.,0.));
#4913=DIRECTION('ref_axis',(-1.,0.,0.));
#4914=DIRECTION('',(-3.1720657846433E-16,0.,1.));
#4915=DIRECTION('center_axis',(0.,-1.,0.));
#4916=DIRECTION('ref_axis',(1.,0.,0.));
#4917=DIRECTION('',(3.1720657846433E-16,0.,1.));
#4918=DIRECTION('center_axis',(0.,-1.,0.));
#4919=DIRECTION('ref_axis',(1.,0.,0.));
#4920=DIRECTION('',(3.1720657846433E-16,0.,-1.));
#4921=DIRECTION('',(0.,0.,1.));
#4922=DIRECTION('center_axis',(0.,0.,1.));
#4923=DIRECTION('ref_axis',(-1.,0.,0.));
#4924=DIRECTION('center_axis',(1.,0.,0.));
#4925=DIRECTION('ref_axis',(0.,1.,0.));
#4926=DIRECTION('center_axis',(0.,0.,1.));
#4927=DIRECTION('ref_axis',(-1.,0.,0.));
#4928=DIRECTION('',(0.,0.,-1.));
#4929=DIRECTION('center_axis',(0.,0.,1.));
#4930=DIRECTION('ref_axis',(-1.,0.,0.));
#4931=DIRECTION('center_axis',(0.,-1.,0.));
#4932=DIRECTION('ref_axis',(1.,0.,0.));
#4933=DIRECTION('',(3.1720657846433E-16,0.,-1.));
#4934=DIRECTION('center_axis',(0.,-1.,0.));
#4935=DIRECTION('ref_axis',(1.,0.,0.));
#4936=DIRECTION('',(3.1720657846433E-16,0.,1.));
#4937=DIRECTION('center_axis',(1.,0.,-3.1720657846433E-16));
#4938=DIRECTION('ref_axis',(3.1720657846433E-16,0.,1.));
#4939=DIRECTION('',(3.1720657846433E-16,0.,1.));
#4940=DIRECTION('',(-3.1720657846433E-16,0.,-1.));
#4941=DIRECTION('',(3.1720657846433E-16,0.,1.));
#4942=DIRECTION('',(-3.1720657846433E-16,0.,-1.));
#4943=DIRECTION('',(-3.1720657846433E-16,3.1720657846433E-16,-1.));
#4944=DIRECTION('',(0.,-1.,0.));
#4945=DIRECTION('center_axis',(1.,0.,0.));
#4946=DIRECTION('ref_axis',(0.,1.,0.));
#4947=DIRECTION('',(0.,3.1720657846433E-16,-1.));
#4948=DIRECTION('center_axis',(0.,0.,1.));
#4949=DIRECTION('ref_axis',(-1.,0.,0.));
#4950=DIRECTION('',(0.,0.,1.));
#4951=DIRECTION('center_axis',(0.,1.,0.));
#4952=DIRECTION('ref_axis',(-1.,0.,0.));
#4953=DIRECTION('',(-3.1720657846433E-16,0.,1.));
#4954=DIRECTION('center_axis',(0.,1.,0.));
#4955=DIRECTION('ref_axis',(-1.,0.,0.));
#4956=DIRECTION('center_axis',(0.,-1.,0.));
#4957=DIRECTION('ref_axis',(1.,0.,0.));
#4958=DIRECTION('',(0.,0.,-1.));
#4959=DIRECTION('center_axis',(0.,0.,1.));
#4960=DIRECTION('ref_axis',(-1.,0.,0.));
#4961=DIRECTION('center_axis',(0.,0.,1.));
#4962=DIRECTION('ref_axis',(-1.,0.,0.));
#4963=DIRECTION('',(0.,0.,-1.));
#4964=DIRECTION('center_axis',(-1.,0.,-3.1720657846433E-16));
#4965=DIRECTION('ref_axis',(-3.1720657846433E-16,0.,1.));
#4966=DIRECTION('',(0.,1.,0.));
#4967=DIRECTION('',(3.1720657846433E-16,3.1720657846433E-16,-1.));
#4968=DIRECTION('',(3.1720657846433E-16,0.,-1.));
#4969=DIRECTION('center_axis',(0.,0.,1.));
#4970=DIRECTION('ref_axis',(-1.,0.,0.));
#4971=DIRECTION('',(0.,0.,1.));
#4972=DIRECTION('center_axis',(0.,0.,1.));
#4973=DIRECTION('ref_axis',(-1.,0.,0.));
#4974=DIRECTION('',(0.,0.,1.));
#4975=DIRECTION('center_axis',(0.,0.,1.));
#4976=DIRECTION('ref_axis',(-1.,0.,0.));
#4977=DIRECTION('',(0.,0.,1.));
#4978=DIRECTION('center_axis',(0.,0.,1.));
#4979=DIRECTION('ref_axis',(-1.,0.,0.));
#4980=DIRECTION('center_axis',(0.,1.,0.));
#4981=DIRECTION('ref_axis',(-1.,0.,0.));
#4982=DIRECTION('center_axis',(0.,-1.,0.));
#4983=DIRECTION('ref_axis',(1.,0.,0.));
#4984=DIRECTION('center_axis',(0.,-1.,0.));
#4985=DIRECTION('ref_axis',(1.,0.,0.));
#4986=DIRECTION('',(0.,0.,-1.));
#4987=DIRECTION('center_axis',(0.,0.,1.));
#4988=DIRECTION('ref_axis',(-1.,0.,0.));
#4989=DIRECTION('center_axis',(-1.,-1.44061959129915E-16,0.));
#4990=DIRECTION('ref_axis',(1.44061959129915E-16,-1.,0.));
#4991=DIRECTION('',(4.56974011424686E-32,-3.1720657846433E-16,1.));
#4992=DIRECTION('center_axis',(-1.,-1.44061959129915E-16,0.));
#4993=DIRECTION('ref_axis',(1.44061959129915E-16,-1.,0.));
#4994=DIRECTION('center_axis',(1.,0.,0.));
#4995=DIRECTION('ref_axis',(0.,1.,0.));
#4996=DIRECTION('center_axis',(0.,0.,1.));
#4997=DIRECTION('ref_axis',(-1.,0.,0.));
#4998=DIRECTION('center_axis',(0.,-1.,-3.1720657846433E-16));
#4999=DIRECTION('ref_axis',(0.,-3.1720657846433E-16,1.));
#5000=DIRECTION('',(-1.,0.,0.));
#5001=DIRECTION('center_axis',(1.,0.,-4.1086505480261E-32));
#5002=DIRECTION('ref_axis',(4.1086505480261E-32,0.,1.));
#5003=DIRECTION('',(0.,-4.1086505480261E-32,1.));
#5004=DIRECTION('',(4.1086505480261E-32,0.,1.));
#5005=DIRECTION('',(0.,1.,0.));
#5006=DIRECTION('center_axis',(0.,-1.,-4.1086505480261E-32));
#5007=DIRECTION('ref_axis',(0.,-4.1086505480261E-32,1.));
#5008=DIRECTION('',(-4.1086505480261E-32,0.,1.));
#5009=DIRECTION('',(-1.,0.,0.));
#5010=DIRECTION('center_axis',(-1.,0.,-4.1086505480261E-32));
#5011=DIRECTION('ref_axis',(-4.1086505480261E-32,0.,1.));
#5012=DIRECTION('',(0.,4.1086505480261E-32,1.));
#5013=DIRECTION('',(0.,1.,0.));
#5014=DIRECTION('center_axis',(0.,1.,-4.1086505480261E-32));
#5015=DIRECTION('ref_axis',(0.,4.1086505480261E-32,1.));
#5016=DIRECTION('',(1.,0.,0.));
#5017=DIRECTION('center_axis',(0.,0.,1.));
#5018=DIRECTION('ref_axis',(0.,-1.,0.));
#5019=DIRECTION('center_axis',(0.,0.,1.));
#5020=DIRECTION('ref_axis',(-1.,0.,0.));
#5021=DIRECTION('center_axis',(0.,0.,1.));
#5022=DIRECTION('ref_axis',(-1.,0.,0.));
#5023=DIRECTION('center_axis',(0.,0.,1.));
#5024=DIRECTION('ref_axis',(-1.,0.,0.));
#5025=DIRECTION('center_axis',(0.,0.,1.));
#5026=DIRECTION('ref_axis',(-1.,0.,0.));
#5027=CARTESIAN_POINT('',(0.,0.,0.));
#5028=CARTESIAN_POINT('Ctrl Pts',(128.5,0.100000000000001,3.));
#5029=CARTESIAN_POINT('Ctrl Pts',(128.5,-0.899999999999996,3.));
#5030=CARTESIAN_POINT('Ctrl Pts',(127.5,-0.899999999999996,3.));
#5031=CARTESIAN_POINT('Ctrl Pts',(131.5,0.100000000000001,3.));
#5032=CARTESIAN_POINT('Ctrl Pts',(131.5,-3.9,3.));
#5033=CARTESIAN_POINT('Ctrl Pts',(127.5,-3.9,3.));
#5034=CARTESIAN_POINT('Ctrl Pts',(131.5,0.1,3.85185988877446E-33));
#5035=CARTESIAN_POINT('Ctrl Pts',(131.5,-3.9,5.69345140833414E-16));
#5036=CARTESIAN_POINT('Ctrl Pts',(127.5,-3.9,5.69345140833414E-16));
#5037=CARTESIAN_POINT('',(131.5,0.1,0.));
#5038=CARTESIAN_POINT('',(128.5,0.1,3.));
#5039=CARTESIAN_POINT('Origin',(128.5,0.1,2.69626360635592E-17));
#5040=CARTESIAN_POINT('',(127.5,-0.899999999999999,3.));
#5041=CARTESIAN_POINT('Origin',(127.5,0.100000000000001,3.));
#5042=CARTESIAN_POINT('',(127.5,-3.9,5.55111512312578E-16));
#5043=CARTESIAN_POINT('Origin',(127.5,-0.899999999999999,1.69298921271913E-16));
#5044=CARTESIAN_POINT('Origin',(127.5,0.1,0.));
#5045=CARTESIAN_POINT('Origin',(-1.77635683940025E-14,-0.9,6.40513283437589E-17));
#5046=CARTESIAN_POINT('',(0.1,-0.899999999999999,3.));
#5047=CARTESIAN_POINT('',(0.1,-3.9,0.));
#5048=CARTESIAN_POINT('Origin',(0.1,-0.9,6.40513283437589E-17));
#5049=CARTESIAN_POINT('',(-1.77635683940025E-14,-3.9,6.40513283437589E-17));
#5050=CARTESIAN_POINT('',(-1.77635683940025E-14,-0.899999999999999,3.));
#5051=CARTESIAN_POINT('Ctrl Pts',(0.1,-0.899999999999999,3.));
#5052=CARTESIAN_POINT('Ctrl Pts',(-0.899999999999997,-0.899999999999999,
3.));
#5053=CARTESIAN_POINT('Ctrl Pts',(-0.899999999999997,0.0999999999999983,
3.));
#5054=CARTESIAN_POINT('Ctrl Pts',(0.1,-3.9,3.));
#5055=CARTESIAN_POINT('Ctrl Pts',(-3.9,-3.9,3.));
#5056=CARTESIAN_POINT('Ctrl Pts',(-3.9,0.0999999999999983,3.));
#5057=CARTESIAN_POINT('Ctrl Pts',(0.1,-3.9,-2.05183232479857E-18));
#5058=CARTESIAN_POINT('Ctrl Pts',(-3.9,-3.9,-2.05183232479845E-18));
#5059=CARTESIAN_POINT('Ctrl Pts',(-3.9,0.0999999999999979,-5.71396973158212E-16));
#5060=CARTESIAN_POINT('',(-0.9,0.0999999999999984,3.));
#5061=CARTESIAN_POINT('',(-3.9,0.0999999999999979,0.));
#5062=CARTESIAN_POINT('Origin',(-0.9,0.099999999999998,2.69626360635592E-17));
#5063=CARTESIAN_POINT('Origin',(0.1,0.0999999999999979,0.));
#5064=CARTESIAN_POINT('Origin',(0.1,0.0999999999999983,3.));
#5065=CARTESIAN_POINT('Origin',(-0.9,42.75,-6.10622663543836E-15));
#5066=CARTESIAN_POINT('',(-0.9,85.4,2.99999999999999));
#5067=CARTESIAN_POINT('',(-3.9,85.4,-1.22124532708767E-14));
#5068=CARTESIAN_POINT('Origin',(-0.9,85.4,-1.21768691995746E-14));
#5069=CARTESIAN_POINT('',(-3.9,42.75,-6.10622663543836E-15));
#5070=CARTESIAN_POINT('',(-0.9,42.75,2.99999999999999));
#5071=CARTESIAN_POINT('Ctrl Pts',(-0.899999999999997,85.4,3.));
#5072=CARTESIAN_POINT('Ctrl Pts',(-0.899999999999997,86.4,3.));
#5073=CARTESIAN_POINT('Ctrl Pts',(0.0999999999999979,86.4,3.));
#5074=CARTESIAN_POINT('Ctrl Pts',(-3.90000000000001,85.4,3.00000000000001));
#5075=CARTESIAN_POINT('Ctrl Pts',(-3.90000000000002,89.4,3.));
#5076=CARTESIAN_POINT('Ctrl Pts',(0.0999999999999979,89.4,3.));
#5077=CARTESIAN_POINT('Ctrl Pts',(-3.9,85.4,-1.19931721797025E-14));
#5078=CARTESIAN_POINT('Ctrl Pts',(-3.9,89.4,-1.2562517320536E-14));
#5079=CARTESIAN_POINT('Ctrl Pts',(0.0999999999999979,89.4,-1.2562517320536E-14));
#5080=CARTESIAN_POINT('',(0.0999999999999978,86.4,2.99999999999999));
#5081=CARTESIAN_POINT('',(0.0999999999999979,89.4,-5.55111512312578E-16));
#5082=CARTESIAN_POINT('Origin',(0.0999999999999978,86.4,-1.69298921271912E-16));
#5083=CARTESIAN_POINT('Origin',(0.0999999999999979,85.4,0.));
#5084=CARTESIAN_POINT('Origin',(0.0999999999999979,85.4,2.99999999999999));
#5085=CARTESIAN_POINT('Origin',(63.8,86.4,-1.22551541564392E-14));
#5086=CARTESIAN_POINT('',(127.5,86.4,2.99999999999999));
#5087=CARTESIAN_POINT('',(127.5,89.4,-1.22124532708767E-14));
#5088=CARTESIAN_POINT('Origin',(127.5,86.4,-1.22551541564392E-14));
#5089=CARTESIAN_POINT('',(63.8,89.4,-1.22551541564392E-14));
#5090=CARTESIAN_POINT('',(63.8,86.4,2.99999999999999));
#5091=CARTESIAN_POINT('Ctrl Pts',(127.5,86.4,3.));
#5092=CARTESIAN_POINT('Ctrl Pts',(128.5,86.4,3.));
#5093=CARTESIAN_POINT('Ctrl Pts',(128.5,85.4,3.));
#5094=CARTESIAN_POINT('Ctrl Pts',(127.5,89.4,3.00000000000001));
#5095=CARTESIAN_POINT('Ctrl Pts',(131.5,89.4,3.00000000000001));
#5096=CARTESIAN_POINT('Ctrl Pts',(131.5,85.4,3.00000000000001));
#5097=CARTESIAN_POINT('Ctrl Pts',(127.5,89.4,-1.20714571365671E-14));
#5098=CARTESIAN_POINT('Ctrl Pts',(131.5,89.4,-1.20714571365671E-14));
#5099=CARTESIAN_POINT('Ctrl Pts',(131.5,85.4,-1.15021119957337E-14));
#5100=CARTESIAN_POINT('',(128.5,85.4,2.99999999999999));
#5101=CARTESIAN_POINT('',(131.5,85.4,0.));
#5102=CARTESIAN_POINT('Origin',(128.5,85.4,-2.69626360635594E-17));
#5103=CARTESIAN_POINT('Origin',(127.5,85.4,0.));
#5104=CARTESIAN_POINT('Origin',(127.5,85.4,2.99999999999999));
#5105=CARTESIAN_POINT('Origin',(128.5,-9.30879305262631E-15,0.));
#5106=CARTESIAN_POINT('',(128.5,-8.88178419700125E-15,3.));
#5107=CARTESIAN_POINT('',(131.5,-9.30879305262631E-15,0.));
#5108=CARTESIAN_POINT('Origin',(127.6,89.4,3.));
#5109=CARTESIAN_POINT('',(127.5,89.4,-3.5));
#5110=CARTESIAN_POINT('',(127.5,89.4,3.));
#5111=CARTESIAN_POINT('',(0.0999999999999979,89.4,-3.5));
#5112=CARTESIAN_POINT('',(127.6,89.4,-3.5));
#5113=CARTESIAN_POINT('',(0.0999999999999979,89.4,3.));
#5114=CARTESIAN_POINT('Origin',(127.5,85.4,3.));
#5115=CARTESIAN_POINT('',(131.5,85.4,-3.5));
#5116=CARTESIAN_POINT('',(131.5,85.4,3.));
#5117=CARTESIAN_POINT('Origin',(127.5,85.4,-3.5));
#5118=CARTESIAN_POINT('Origin',(131.5,-1.77635683940025E-14,3.));
#5119=CARTESIAN_POINT('',(131.5,0.1,-3.5));
#5120=CARTESIAN_POINT('',(131.5,0.1,3.));
#5121=CARTESIAN_POINT('',(131.5,-1.77635683940025E-14,-3.5));
#5122=CARTESIAN_POINT('Origin',(127.5,0.1,3.));
#5123=CARTESIAN_POINT('',(127.5,-3.9,-3.5));
#5124=CARTESIAN_POINT('',(127.5,-3.9,3.));
#5125=CARTESIAN_POINT('Origin',(127.5,0.1,-3.5));
#5126=CARTESIAN_POINT('Origin',(-1.77635683940025E-14,1.23259516440783E-31,
3.));
#5127=CARTESIAN_POINT('',(1.77635683940025E-14,85.5,3.));
#5128=CARTESIAN_POINT('',(1.23259516440783E-31,1.77635683940025E-14,3.));
#5129=CARTESIAN_POINT('',(1.23259516440783E-31,85.5,3.));
#5130=CARTESIAN_POINT('',(127.6,85.5,3.));
#5131=CARTESIAN_POINT('',(127.6,85.5,3.));
#5132=CARTESIAN_POINT('',(127.6,1.23259516440783E-31,3.));
#5133=CARTESIAN_POINT('',(127.6,-1.77635683940025E-14,3.));
#5134=CARTESIAN_POINT('',(-1.77635683940025E-14,1.23259516440783E-31,3.));
#5135=CARTESIAN_POINT('Origin',(36.28,71.6,-3.5));
#5136=CARTESIAN_POINT('',(0.1,-3.9,-3.5));
#5137=CARTESIAN_POINT('',(-1.77635683940025E-14,-3.9,-3.5));
#5138=CARTESIAN_POINT('',(-3.9,0.0999999999999979,-3.5));
#5139=CARTESIAN_POINT('Origin',(0.1,0.0999999999999979,-3.5));
#5140=CARTESIAN_POINT('',(-3.9,85.4,-3.5));
#5141=CARTESIAN_POINT('',(-3.9,1.80000000327141E-5,-3.5));
#5142=CARTESIAN_POINT('Origin',(0.0999999999999979,85.4,-3.5));
#5143=CARTESIAN_POINT('',(36.78,1.6,-3.5));
#5144=CARTESIAN_POINT('',(55.06,1.6,-3.5));
#5145=CARTESIAN_POINT('',(-1.77635683940025E-14,1.6,-3.5));
#5146=CARTESIAN_POINT('',(55.06,2.11087470692394,-3.5));
#5147=CARTESIAN_POINT('',(55.06,-1.81313239567923,-3.5));
#5148=CARTESIAN_POINT('',(45.92,7.32940194239816,-3.5));
#5149=CARTESIAN_POINT('Origin',(55.56,13.6,-3.5));
#5150=CARTESIAN_POINT('',(36.78,2.11087470692394,-3.5));
#5151=CARTESIAN_POINT('Origin',(36.28,13.6,-3.5));
#5152=CARTESIAN_POINT('',(36.78,71.6,-3.5));
#5153=CARTESIAN_POINT('',(35.78,83.9,-3.5));
#5154=CARTESIAN_POINT('',(17.5,83.9,-3.5));
#5155=CARTESIAN_POINT('',(127.6,83.9,-3.5));
#5156=CARTESIAN_POINT('',(17.5,83.0891252930761,-3.5));
#5157=CARTESIAN_POINT('',(17.5,71.6,-3.5));
#5158=CARTESIAN_POINT('',(26.64,77.8705980576019,-3.5));
#5159=CARTESIAN_POINT('Origin',(17.,71.6,-3.5));
#5160=CARTESIAN_POINT('',(35.78,83.0891252930761,-3.5));
#5161=CARTESIAN_POINT('Origin',(36.28,71.6,-3.5));
#5162=CARTESIAN_POINT('',(35.78,-1.81313239567923,-3.5));
#5163=CARTESIAN_POINT('',(35.78,1.6,-3.5));
#5164=CARTESIAN_POINT('',(35.78,2.11087470692394,-3.5));
#5165=CARTESIAN_POINT('',(35.78,-1.81313239567923,-3.5));
#5166=CARTESIAN_POINT('',(26.64,7.32940194239816,-3.5));
#5167=CARTESIAN_POINT('Origin',(36.28,13.6,-3.5));
#5168=CARTESIAN_POINT('',(17.5,2.11087470692394,-3.5));
#5169=CARTESIAN_POINT('Origin',(17.,13.6,-3.5));
#5170=CARTESIAN_POINT('',(17.5,1.6,-3.5));
#5171=CARTESIAN_POINT('',(17.5,71.6,-3.5));
#5172=CARTESIAN_POINT('',(-1.77635683940025E-14,1.6,-3.5));
#5173=CARTESIAN_POINT('',(36.78,83.0891252930761,-3.5));
#5174=CARTESIAN_POINT('',(36.78,83.9,-3.5));
#5175=CARTESIAN_POINT('',(36.78,71.6,-3.5));
#5176=CARTESIAN_POINT('',(45.92,77.8705980576018,-3.5));
#5177=CARTESIAN_POINT('Origin',(36.28,71.6,-3.5));
#5178=CARTESIAN_POINT('',(55.06,83.0891252930761,-3.5));
#5179=CARTESIAN_POINT('Origin',(55.56,71.6,-3.5));
#5180=CARTESIAN_POINT('',(55.06,83.9,-3.5));
#5181=CARTESIAN_POINT('',(55.06,-1.81313239567923,-3.5));
#5182=CARTESIAN_POINT('',(127.6,83.9,-3.5));
#5183=CARTESIAN_POINT('',(45.92,19.8705980576018,-3.5));
#5184=CARTESIAN_POINT('',(42.5094105303436,23.2666666666667,-3.5));
#5185=CARTESIAN_POINT('Origin',(36.28,13.6,-3.5));
#5186=CARTESIAN_POINT('',(49.3305894696564,23.2666666666667,-3.5));
#5187=CARTESIAN_POINT('Origin',(55.56,13.6,-3.5));
#5188=CARTESIAN_POINT('',(45.92,26.6627352757315,-3.5));
#5189=CARTESIAN_POINT('Origin',(55.56,32.9333333333333,-3.5));
#5190=CARTESIAN_POINT('Origin',(36.28,32.9333333333333,-3.5));
#5191=CARTESIAN_POINT('',(49.3305894696564,42.6,-3.5));
#5192=CARTESIAN_POINT('',(45.92,39.2039313909352,-3.5));
#5193=CARTESIAN_POINT('Origin',(55.56,32.9333333333333,-3.5));
#5194=CARTESIAN_POINT('',(45.92,45.9960686090648,-3.5));
#5195=CARTESIAN_POINT('Origin',(55.56,52.2666666666667,-3.5));
#5196=CARTESIAN_POINT('',(42.5094105303436,42.6,-3.5));
#5197=CARTESIAN_POINT('Origin',(36.28,52.2666666666667,-3.5));
#5198=CARTESIAN_POINT('Origin',(36.28,32.9333333333333,-3.5));
#5199=CARTESIAN_POINT('',(30.0505894696564,42.6,-3.5));
#5200=CARTESIAN_POINT('',(26.64,39.2039313909352,-3.5));
#5201=CARTESIAN_POINT('Origin',(36.28,32.9333333333333,-3.5));
#5202=CARTESIAN_POINT('',(26.64,45.9960686090648,-3.5));
#5203=CARTESIAN_POINT('Origin',(36.28,52.2666666666667,-3.5));
#5204=CARTESIAN_POINT('',(23.2294105303436,42.6,-3.5));
#5205=CARTESIAN_POINT('Origin',(17.,52.2666666666667,-3.5));
#5206=CARTESIAN_POINT('Origin',(17.,32.9333333333333,-3.5));
#5207=CARTESIAN_POINT('',(107.170589469656,42.6,-3.5));
#5208=CARTESIAN_POINT('',(103.76,39.2039313909352,-3.5));
#5209=CARTESIAN_POINT('Origin',(113.4,32.9333333333333,-3.5));
#5210=CARTESIAN_POINT('',(103.76,45.9960686090648,-3.5));
#5211=CARTESIAN_POINT('Origin',(113.4,52.2666666666667,-3.5));
#5212=CARTESIAN_POINT('',(100.349410530344,42.6,-3.5));
#5213=CARTESIAN_POINT('Origin',(94.12,52.2666666666667,-3.5));
#5214=CARTESIAN_POINT('Origin',(94.12,32.9333333333333,-3.5));
#5215=CARTESIAN_POINT('',(93.62,83.0891252930761,-3.5));
#5216=CARTESIAN_POINT('',(93.62,83.9,-3.5));
#5217=CARTESIAN_POINT('',(93.62,-1.81313239567923,-3.5));
#5218=CARTESIAN_POINT('',(75.34,83.9,-3.5));
#5219=CARTESIAN_POINT('',(127.6,83.9,-3.5));
#5220=CARTESIAN_POINT('',(75.34,83.0891252930761,-3.5));
#5221=CARTESIAN_POINT('',(75.34,71.6,-3.5));
#5222=CARTESIAN_POINT('',(84.48,77.8705980576019,-3.5));
#5223=CARTESIAN_POINT('Origin',(74.84,71.6,-3.5));
#5224=CARTESIAN_POINT('Origin',(94.12,71.6,-3.5));
#5225=CARTESIAN_POINT('',(81.0694105303436,61.9333333333333,-3.5));
#5226=CARTESIAN_POINT('',(84.48,65.3294019423981,-3.5));
#5227=CARTESIAN_POINT('Origin',(74.84,71.6,-3.5));
#5228=CARTESIAN_POINT('',(84.48,58.5372647242685,-3.5));
#5229=CARTESIAN_POINT('Origin',(74.84,52.2666666666667,-3.5));
#5230=CARTESIAN_POINT('',(87.8905894696564,61.9333333333333,-3.5));
#5231=CARTESIAN_POINT('Origin',(94.12,52.2666666666667,-3.5));
#5232=CARTESIAN_POINT('Origin',(94.12,71.6,-3.5));
#5233=CARTESIAN_POINT('',(103.76,77.8705980576018,-3.5));
#5234=CARTESIAN_POINT('',(94.62,83.0891252930761,-3.5));
#5235=CARTESIAN_POINT('Origin',(94.12,71.6,-3.5));
#5236=CARTESIAN_POINT('',(112.9,83.0891252930761,-3.5));
#5237=CARTESIAN_POINT('Origin',(113.4,71.6,-3.5));
#5238=CARTESIAN_POINT('',(112.9,83.9,-3.5));
#5239=CARTESIAN_POINT('',(112.9,-1.81313239567923,-3.5));
#5240=CARTESIAN_POINT('',(94.62,83.9,-3.5));
#5241=CARTESIAN_POINT('',(127.6,83.9,-3.5));
#5242=CARTESIAN_POINT('',(94.62,71.6,-3.5));
#5243=CARTESIAN_POINT('',(49.3305894696564,61.9333333333333,-3.5));
#5244=CARTESIAN_POINT('',(45.92,58.5372647242685,-3.5));
#5245=CARTESIAN_POINT('Origin',(55.56,52.2666666666667,-3.5));
#5246=CARTESIAN_POINT('',(45.92,65.3294019423982,-3.5));
#5247=CARTESIAN_POINT('Origin',(55.56,71.6,-3.5));
#5248=CARTESIAN_POINT('',(42.5094105303436,61.9333333333333,-3.5));
#5249=CARTESIAN_POINT('Origin',(36.28,71.6,-3.5));
#5250=CARTESIAN_POINT('Origin',(36.28,52.2666666666667,-3.5));
#5251=CARTESIAN_POINT('',(56.06,1.6,-3.5));
#5252=CARTESIAN_POINT('',(74.34,1.6,-3.5));
#5253=CARTESIAN_POINT('',(-1.77635683940025E-14,1.6,-3.5));
#5254=CARTESIAN_POINT('',(74.34,2.11087470692394,-3.5));
#5255=CARTESIAN_POINT('',(74.34,-1.81313239567923,-3.5));
#5256=CARTESIAN_POINT('',(65.2,7.32940194239816,-3.5));
#5257=CARTESIAN_POINT('Origin',(74.84,13.6,-3.5));
#5258=CARTESIAN_POINT('',(56.06,2.11087470692394,-3.5));
#5259=CARTESIAN_POINT('Origin',(55.56,13.6,-3.5));
#5260=CARTESIAN_POINT('',(56.06,71.6,-3.5));
#5261=CARTESIAN_POINT('',(124.889125293076,13.1,-3.5));
#5262=CARTESIAN_POINT('',(126.,13.1,-3.5));
#5263=CARTESIAN_POINT('',(113.4,13.1,-3.5));
#5264=CARTESIAN_POINT('',(113.9,2.11087470692394,-3.5));
#5265=CARTESIAN_POINT('Origin',(113.4,13.6,-3.5));
#5266=CARTESIAN_POINT('',(113.9,1.6,-3.5));
#5267=CARTESIAN_POINT('',(113.9,71.6,-3.5));
#5268=CARTESIAN_POINT('',(126.,1.6,-3.5));
#5269=CARTESIAN_POINT('',(-1.77635683940025E-14,1.6,-3.5));
#5270=CARTESIAN_POINT('',(126.,-1.77635683940025E-14,-3.5));
#5271=CARTESIAN_POINT('',(1.6,51.7666666666667,-3.5));
#5272=CARTESIAN_POINT('',(5.51087470692394,51.7666666666667,-3.5));
#5273=CARTESIAN_POINT('',(113.4,51.7666666666667,-3.5));
#5274=CARTESIAN_POINT('',(1.6,33.4333333333333,-3.5));
#5275=CARTESIAN_POINT('',(1.6,85.5,-3.5));
#5276=CARTESIAN_POINT('',(5.51087470692394,33.4333333333333,-3.5));
#5277=CARTESIAN_POINT('',(-2.5000000372529,33.4333333333333,-3.5));
#5278=CARTESIAN_POINT('',(10.7705894696564,42.6,-3.5));
#5279=CARTESIAN_POINT('Origin',(17.,32.9333333333333,-3.5));
#5280=CARTESIAN_POINT('Origin',(17.,52.2666666666667,-3.5));
#5281=CARTESIAN_POINT('',(10.7705894696564,23.2666666666667,-3.5));
#5282=CARTESIAN_POINT('',(5.51087470692394,14.1,-3.5));
#5283=CARTESIAN_POINT('Origin',(17.,13.6,-3.5));
#5284=CARTESIAN_POINT('',(5.51087470692394,32.4333333333333,-3.5));
#5285=CARTESIAN_POINT('Origin',(17.,32.9333333333333,-3.5));
#5286=CARTESIAN_POINT('',(1.6,32.4333333333333,-3.5));
#5287=CARTESIAN_POINT('',(113.4,32.4333333333333,-3.5));
#5288=CARTESIAN_POINT('',(1.6,14.1,-3.5));
#5289=CARTESIAN_POINT('',(1.6,85.5,-3.5));
#5290=CARTESIAN_POINT('',(-2.5000000372529,14.1,-3.5));
#5291=CARTESIAN_POINT('',(23.2294105303436,61.9333333333333,-3.5));
#5292=CARTESIAN_POINT('',(26.64,65.3294019423981,-3.5));
#5293=CARTESIAN_POINT('Origin',(17.,71.6,-3.5));
#5294=CARTESIAN_POINT('',(26.64,58.5372647242685,-3.5));
#5295=CARTESIAN_POINT('Origin',(17.,52.2666666666667,-3.5));
#5296=CARTESIAN_POINT('',(30.0505894696564,61.9333333333333,-3.5));
#5297=CARTESIAN_POINT('Origin',(36.28,52.2666666666667,-3.5));
#5298=CARTESIAN_POINT('Origin',(36.28,71.6,-3.5));
#5299=CARTESIAN_POINT('',(1.6,71.1,-3.5));
#5300=CARTESIAN_POINT('',(5.51087470692394,71.1,-3.5));
#5301=CARTESIAN_POINT('',(113.4,71.1,-3.5));
#5302=CARTESIAN_POINT('',(1.6,52.7666666666667,-3.5));
#5303=CARTESIAN_POINT('',(1.6,85.5,-3.5));
#5304=CARTESIAN_POINT('',(5.51087470692395,52.7666666666667,-3.5));
#5305=CARTESIAN_POINT('',(-2.5000000372529,52.7666666666667,-3.5));
#5306=CARTESIAN_POINT('',(10.7705894696564,61.9333333333333,-3.5));
#5307=CARTESIAN_POINT('Origin',(17.,52.2666666666667,-3.5));
#5308=CARTESIAN_POINT('Origin',(17.,71.6,-3.5));
#5309=CARTESIAN_POINT('',(124.889125293076,72.1,-3.5));
#5310=CARTESIAN_POINT('',(126.,72.1,-3.5));
#5311=CARTESIAN_POINT('',(-2.5000000372529,72.1,-3.5));
#5312=CARTESIAN_POINT('',(126.,83.9,-3.5));
#5313=CARTESIAN_POINT('',(126.,-1.77635683940025E-14,-3.5));
#5314=CARTESIAN_POINT('',(113.9,83.9,-3.5));
#5315=CARTESIAN_POINT('',(127.6,83.9,-3.5));
#5316=CARTESIAN_POINT('',(113.9,83.0891252930761,-3.5));
#5317=CARTESIAN_POINT('',(113.9,71.6,-3.5));
#5318=CARTESIAN_POINT('Origin',(113.4,71.6,-3.5));
#5319=CARTESIAN_POINT('',(124.889125293076,52.7666666666667,-3.5));
#5320=CARTESIAN_POINT('',(119.629410530344,61.9333333333333,-3.5));
#5321=CARTESIAN_POINT('Origin',(113.4,52.2666666666667,-3.5));
#5322=CARTESIAN_POINT('',(126.,52.7666666666667,-3.5));
#5323=CARTESIAN_POINT('',(-2.5000000372529,52.7666666666667,-3.5));
#5324=CARTESIAN_POINT('',(126.,71.1,-3.5));
#5325=CARTESIAN_POINT('',(126.,-1.77635683940025E-14,-3.5));
#5326=CARTESIAN_POINT('',(124.889125293076,71.1,-3.5));
#5327=CARTESIAN_POINT('',(113.4,71.1,-3.5));
#5328=CARTESIAN_POINT('Origin',(113.4,71.6,-3.5));
#5329=CARTESIAN_POINT('',(56.06,83.0891252930761,-3.5));
#5330=CARTESIAN_POINT('',(56.06,83.9,-3.5));
#5331=CARTESIAN_POINT('',(56.06,71.6,-3.5));
#5332=CARTESIAN_POINT('',(65.2,77.8705980576019,-3.5));
#5333=CARTESIAN_POINT('Origin',(55.56,71.6,-3.5));
#5334=CARTESIAN_POINT('',(74.34,83.0891252930761,-3.5));
#5335=CARTESIAN_POINT('Origin',(74.84,71.6,-3.5));
#5336=CARTESIAN_POINT('',(74.34,83.9,-3.5));
#5337=CARTESIAN_POINT('',(74.34,-1.81313239567923,-3.5));
#5338=CARTESIAN_POINT('',(127.6,83.9,-3.5));
#5339=CARTESIAN_POINT('',(68.6105894696564,61.9333333333333,-3.5));
#5340=CARTESIAN_POINT('',(65.2,58.5372647242685,-3.5));
#5341=CARTESIAN_POINT('Origin',(74.84,52.2666666666667,-3.5));
#5342=CARTESIAN_POINT('',(65.2,65.3294019423981,-3.5));
#5343=CARTESIAN_POINT('Origin',(74.84,71.6,-3.5));
#5344=CARTESIAN_POINT('',(61.7894105303436,61.9333333333333,-3.5));
#5345=CARTESIAN_POINT('Origin',(55.56,71.6,-3.5));
#5346=CARTESIAN_POINT('Origin',(55.56,52.2666666666667,-3.5));
#5347=CARTESIAN_POINT('',(94.62,1.6,-3.5));
#5348=CARTESIAN_POINT('',(94.62,2.11087470692394,-3.5));
#5349=CARTESIAN_POINT('',(94.62,71.6,-3.5));
#5350=CARTESIAN_POINT('',(112.9,1.6,-3.5));
#5351=CARTESIAN_POINT('',(-1.77635683940025E-14,1.6,-3.5));
#5352=CARTESIAN_POINT('',(112.9,2.11087470692394,-3.5));
#5353=CARTESIAN_POINT('',(112.9,-1.81313239567923,-3.5));
#5354=CARTESIAN_POINT('',(103.76,7.32940194239816,-3.5));
#5355=CARTESIAN_POINT('Origin',(113.4,13.6,-3.5));
#5356=CARTESIAN_POINT('Origin',(94.12,13.6,-3.5));
#5357=CARTESIAN_POINT('',(75.34,2.11087470692394,-3.5));
#5358=CARTESIAN_POINT('',(84.48,7.32940194239816,-3.5));
#5359=CARTESIAN_POINT('Origin',(74.84,13.6,-3.5));
#5360=CARTESIAN_POINT('',(75.34,1.6,-3.5));
#5361=CARTESIAN_POINT('',(75.34,71.6,-3.5));
#5362=CARTESIAN_POINT('',(93.62,1.6,-3.5));
#5363=CARTESIAN_POINT('',(-1.77635683940025E-14,1.6,-3.5));
#5364=CARTESIAN_POINT('',(93.62,2.11087470692394,-3.5));
#5365=CARTESIAN_POINT('',(93.62,-1.81313239567923,-3.5));
#5366=CARTESIAN_POINT('Origin',(94.12,13.6,-3.5));
#5367=CARTESIAN_POINT('',(84.48,26.6627352757315,-3.5));
#5368=CARTESIAN_POINT('',(87.8905894696564,23.2666666666667,-3.5));
#5369=CARTESIAN_POINT('Origin',(94.12,32.9333333333333,-3.5));
#5370=CARTESIAN_POINT('',(81.0694105303436,23.2666666666667,-3.5));
#5371=CARTESIAN_POINT('Origin',(74.84,32.9333333333333,-3.5));
#5372=CARTESIAN_POINT('',(84.48,19.8705980576018,-3.5));
#5373=CARTESIAN_POINT('Origin',(74.84,13.6,-3.5));
#5374=CARTESIAN_POINT('Origin',(94.12,13.6,-3.5));
#5375=CARTESIAN_POINT('',(84.48,45.9960686090648,-3.5));
#5376=CARTESIAN_POINT('',(87.8905894696564,42.6,-3.5));
#5377=CARTESIAN_POINT('Origin',(94.12,52.2666666666667,-3.5));
#5378=CARTESIAN_POINT('',(81.0694105303436,42.6,-3.5));
#5379=CARTESIAN_POINT('Origin',(74.84,52.2666666666667,-3.5));
#5380=CARTESIAN_POINT('',(84.48,39.2039313909352,-3.5));
#5381=CARTESIAN_POINT('Origin',(74.84,32.9333333333333,-3.5));
#5382=CARTESIAN_POINT('Origin',(94.12,32.9333333333333,-3.5));
#5383=CARTESIAN_POINT('',(61.7894105303436,23.2666666666667,-3.5));
#5384=CARTESIAN_POINT('',(65.2,26.6627352757315,-3.5));
#5385=CARTESIAN_POINT('Origin',(55.56,32.9333333333333,-3.5));
#5386=CARTESIAN_POINT('',(65.2,19.8705980576018,-3.5));
#5387=CARTESIAN_POINT('Origin',(55.56,13.6,-3.5));
#5388=CARTESIAN_POINT('',(68.6105894696564,23.2666666666667,-3.5));
#5389=CARTESIAN_POINT('Origin',(74.84,13.6,-3.5));
#5390=CARTESIAN_POINT('Origin',(74.84,32.9333333333333,-3.5));
#5391=CARTESIAN_POINT('',(65.2,39.2039313909352,-3.5));
#5392=CARTESIAN_POINT('',(61.7894105303436,42.6,-3.5));
#5393=CARTESIAN_POINT('Origin',(55.56,32.9333333333333,-3.5));
#5394=CARTESIAN_POINT('',(68.6105894696564,42.6,-3.5));
#5395=CARTESIAN_POINT('Origin',(74.84,32.9333333333333,-3.5));
#5396=CARTESIAN_POINT('',(65.2,45.9960686090648,-3.5));
#5397=CARTESIAN_POINT('Origin',(74.84,52.2666666666667,-3.5));
#5398=CARTESIAN_POINT('Origin',(55.56,52.2666666666667,-3.5));
#5399=CARTESIAN_POINT('',(100.349410530344,61.9333333333333,-3.5));
#5400=CARTESIAN_POINT('',(103.76,65.3294019423982,-3.5));
#5401=CARTESIAN_POINT('Origin',(94.12,71.6,-3.5));
#5402=CARTESIAN_POINT('',(103.76,58.5372647242685,-3.5));
#5403=CARTESIAN_POINT('Origin',(94.12,52.2666666666667,-3.5));
#5404=CARTESIAN_POINT('',(107.170589469656,61.9333333333333,-3.5));
#5405=CARTESIAN_POINT('Origin',(113.4,52.2666666666667,-3.5));
#5406=CARTESIAN_POINT('Origin',(113.4,71.6,-3.5));
#5407=CARTESIAN_POINT('',(124.889125293076,33.4333333333333,-3.5));
#5408=CARTESIAN_POINT('',(126.,33.4333333333333,-3.5));
#5409=CARTESIAN_POINT('',(-2.5000000372529,33.4333333333333,-3.5));
#5410=CARTESIAN_POINT('',(126.,51.7666666666667,-3.5));
#5411=CARTESIAN_POINT('',(126.,-1.77635683940025E-14,-3.5));
#5412=CARTESIAN_POINT('',(124.889125293076,51.7666666666667,-3.5));
#5413=CARTESIAN_POINT('',(113.4,51.7666666666667,-3.5));
#5414=CARTESIAN_POINT('',(119.629410530344,42.6,-3.5));
#5415=CARTESIAN_POINT('Origin',(113.4,52.2666666666667,-3.5));
#5416=CARTESIAN_POINT('Origin',(113.4,32.9333333333333,-3.5));
#5417=CARTESIAN_POINT('',(103.76,26.6627352757315,-3.5));
#5418=CARTESIAN_POINT('',(107.170589469656,23.2666666666667,-3.5));
#5419=CARTESIAN_POINT('Origin',(113.4,32.9333333333333,-3.5));
#5420=CARTESIAN_POINT('',(100.349410530344,23.2666666666667,-3.5));
#5421=CARTESIAN_POINT('Origin',(94.12,32.9333333333333,-3.5));
#5422=CARTESIAN_POINT('',(103.76,19.8705980576018,-3.5));
#5423=CARTESIAN_POINT('Origin',(94.12,13.6,-3.5));
#5424=CARTESIAN_POINT('Origin',(113.4,13.6,-3.5));
#5425=CARTESIAN_POINT('',(124.889125293076,14.1,-3.5));
#5426=CARTESIAN_POINT('',(119.629410530344,23.2666666666667,-3.5));
#5427=CARTESIAN_POINT('Origin',(113.4,13.6,-3.5));
#5428=CARTESIAN_POINT('',(126.,14.1,-3.5));
#5429=CARTESIAN_POINT('',(-2.5000000372529,14.1,-3.5));
#5430=CARTESIAN_POINT('',(126.,32.4333333333333,-3.5));
#5431=CARTESIAN_POINT('',(126.,-1.77635683940025E-14,-3.5));
#5432=CARTESIAN_POINT('',(124.889125293076,32.4333333333333,-3.5));
#5433=CARTESIAN_POINT('',(113.4,32.4333333333333,-3.5));
#5434=CARTESIAN_POINT('Origin',(113.4,32.9333333333333,-3.5));
#5435=CARTESIAN_POINT('',(16.5,1.6,-3.5));
#5436=CARTESIAN_POINT('',(16.5,2.11087470692394,-3.5));
#5437=CARTESIAN_POINT('',(16.5,-1.81313239567923,-3.5));
#5438=CARTESIAN_POINT('',(5.51087470692394,13.1,-3.5));
#5439=CARTESIAN_POINT('Origin',(17.,13.6,-3.5));
#5440=CARTESIAN_POINT('',(1.6,13.1,-3.5));
#5441=CARTESIAN_POINT('',(113.4,13.1,-3.5));
#5442=CARTESIAN_POINT('',(1.6,1.6,-3.5));
#5443=CARTESIAN_POINT('',(1.6,85.5,-3.5));
#5444=CARTESIAN_POINT('',(-1.77635683940025E-14,1.6,-3.5));
#5445=CARTESIAN_POINT('',(16.5,83.9,-3.5));
#5446=CARTESIAN_POINT('',(1.6,83.9,-3.5));
#5447=CARTESIAN_POINT('',(127.6,83.9,-3.5));
#5448=CARTESIAN_POINT('',(1.6,72.1,-3.5));
#5449=CARTESIAN_POINT('',(1.6,85.5,-3.5));
#5450=CARTESIAN_POINT('',(5.51087470692395,72.1,-3.5));
#5451=CARTESIAN_POINT('',(-2.5000000372529,72.1,-3.5));
#5452=CARTESIAN_POINT('',(16.5,83.0891252930761,-3.5));
#5453=CARTESIAN_POINT('Origin',(17.,71.6,-3.5));
#5454=CARTESIAN_POINT('',(16.5,-1.81313239567923,-3.5));
#5455=CARTESIAN_POINT('',(26.64,26.6627352757315,-3.5));
#5456=CARTESIAN_POINT('',(30.0505894696564,23.2666666666667,-3.5));
#5457=CARTESIAN_POINT('Origin',(36.28,32.9333333333333,-3.5));
#5458=CARTESIAN_POINT('',(23.2294105303436,23.2666666666667,-3.5));
#5459=CARTESIAN_POINT('Origin',(17.,32.9333333333333,-3.5));
#5460=CARTESIAN_POINT('',(26.64,19.8705980576018,-3.5));
#5461=CARTESIAN_POINT('Origin',(17.,13.6,-3.5));
#5462=CARTESIAN_POINT('Origin',(36.28,13.6,-3.5));
#5463=CARTESIAN_POINT('Origin',(0.0999999999999979,85.4,3.));
#5464=CARTESIAN_POINT('',(-3.9,85.4,3.));
#5465=CARTESIAN_POINT('Origin',(-3.9,85.5,3.));
#5466=CARTESIAN_POINT('',(-3.9,0.0999999999999979,3.));
#5467=CARTESIAN_POINT('Origin',(0.1,0.0999999999999979,3.));
#5468=CARTESIAN_POINT('',(0.1,-3.9,3.));
#5469=CARTESIAN_POINT('Origin',(-1.77635683940025E-14,-3.9,3.));
#5470=CARTESIAN_POINT('Origin',(35.78,87.000001296401,-3.5));
#5471=CARTESIAN_POINT('',(35.78,83.9,-2.5));
#5472=CARTESIAN_POINT('',(35.78,83.9,-3.5));
#5473=CARTESIAN_POINT('',(35.78,83.0891252930761,-2.5));
#5474=CARTESIAN_POINT('',(35.78,83.0891252930761,-3.5));
#5475=CARTESIAN_POINT('',(35.78,-1.81313239567923,-2.5));
#5476=CARTESIAN_POINT('Origin',(36.78,-1.81313239567923,-3.5));
#5477=CARTESIAN_POINT('',(36.78,83.9,-2.5));
#5478=CARTESIAN_POINT('',(36.78,83.9,-3.49999999999999));
#5479=CARTESIAN_POINT('',(36.78,83.0891252930761,-2.5));
#5480=CARTESIAN_POINT('',(36.78,71.6,-2.5));
#5481=CARTESIAN_POINT('',(36.78,83.0891252930761,-3.5));
#5482=CARTESIAN_POINT('Origin',(36.78,-1.81313239567923,-3.5));
#5483=CARTESIAN_POINT('',(36.78,1.6,-2.5));
#5484=CARTESIAN_POINT('',(36.78,1.6,-3.5));
#5485=CARTESIAN_POINT('',(36.78,2.11087470692394,-2.5));
#5486=CARTESIAN_POINT('',(36.78,2.11087470692394,-3.5));
#5487=CARTESIAN_POINT('',(36.78,71.6,-2.5));
#5488=CARTESIAN_POINT('Origin',(35.78,87.000001296401,-3.5));
#5489=CARTESIAN_POINT('',(35.78,1.6,-2.5));
#5490=CARTESIAN_POINT('',(35.78,1.6,-3.49999999999999));
#5491=CARTESIAN_POINT('',(35.78,2.11087470692394,-2.5));
#5492=CARTESIAN_POINT('',(35.78,-1.81313239567923,-2.5));
#5493=CARTESIAN_POINT('',(35.78,2.11087470692394,-3.5));
#5494=CARTESIAN_POINT('Origin',(-1.77635683940025E-14,1.6,-3.5));
#5495=CARTESIAN_POINT('',(18.14,1.6,-2.5));
#5496=CARTESIAN_POINT('',(17.5,1.6,-2.5));
#5497=CARTESIAN_POINT('',(17.5,1.6,-3.5));
#5498=CARTESIAN_POINT('',(16.5,1.6,-2.5));
#5499=CARTESIAN_POINT('',(8.49999999999999,1.6,-2.5));
#5500=CARTESIAN_POINT('',(16.5,1.6,-3.49999999999999));
#5501=CARTESIAN_POINT('',(1.6,1.6,0.));
#5502=CARTESIAN_POINT('',(1.6,1.6,-3.49999999999999));
#5503=CARTESIAN_POINT('',(126.,1.6,0.));
#5504=CARTESIAN_POINT('',(-1.77635683940025E-14,1.6,0.));
#5505=CARTESIAN_POINT('',(126.,1.6,-3.49999999999998));
#5506=CARTESIAN_POINT('',(113.9,1.6,-2.5));
#5507=CARTESIAN_POINT('',(113.9,1.6,-3.5));
#5508=CARTESIAN_POINT('',(112.9,1.6,-2.5));
#5509=CARTESIAN_POINT('',(56.7,1.6,-2.5));
#5510=CARTESIAN_POINT('',(112.9,1.6,-3.49999999999999));
#5511=CARTESIAN_POINT('',(94.62,1.6,-2.5));
#5512=CARTESIAN_POINT('',(94.62,1.6,-3.5));
#5513=CARTESIAN_POINT('',(93.62,1.6,-2.5));
#5514=CARTESIAN_POINT('',(47.06,1.6,-2.5));
#5515=CARTESIAN_POINT('',(93.62,1.6,-3.49999999999999));
#5516=CARTESIAN_POINT('',(75.34,1.6,-2.5));
#5517=CARTESIAN_POINT('',(75.34,1.6,-3.5));
#5518=CARTESIAN_POINT('',(74.34,1.6,-2.5));
#5519=CARTESIAN_POINT('',(37.42,1.6,-2.5));
#5520=CARTESIAN_POINT('',(74.34,1.6,-3.49999999999999));
#5521=CARTESIAN_POINT('',(56.06,1.6,-2.5));
#5522=CARTESIAN_POINT('',(56.06,1.6,-3.5));
#5523=CARTESIAN_POINT('',(55.06,1.6,-2.5));
#5524=CARTESIAN_POINT('',(27.78,1.6,-2.5));
#5525=CARTESIAN_POINT('',(55.06,1.6,-3.49999999999999));
#5526=CARTESIAN_POINT('Origin',(36.28,13.6,-3.5));
#5527=CARTESIAN_POINT('',(45.92,7.32940194239816,-2.5));
#5528=CARTESIAN_POINT('',(45.92,7.32940194239816,-3.5));
#5529=CARTESIAN_POINT('Origin',(36.28,13.6,-2.5));
#5530=CARTESIAN_POINT('Origin',(36.28,13.6,-3.5));
#5531=CARTESIAN_POINT('',(26.64,7.32940194239816,-2.5));
#5532=CARTESIAN_POINT('Origin',(36.28,13.6,-2.5));
#5533=CARTESIAN_POINT('',(26.64,7.32940194239816,-3.5));
#5534=CARTESIAN_POINT('Origin',(36.28,71.6,-3.5));
#5535=CARTESIAN_POINT('',(45.92,77.8705980576018,-2.5));
#5536=CARTESIAN_POINT('Origin',(36.28,71.6,-2.5));
#5537=CARTESIAN_POINT('',(45.92,77.8705980576018,-3.5));
#5538=CARTESIAN_POINT('Origin',(36.28,32.9333333333333,-3.5));
#5539=CARTESIAN_POINT('',(26.64,39.2039313909352,-2.5));
#5540=CARTESIAN_POINT('',(26.64,39.2039313909352,-3.5));
#5541=CARTESIAN_POINT('',(30.0505894696564,42.6,-2.5));
#5542=CARTESIAN_POINT('Origin',(36.28,32.9333333333333,-2.5));
#5543=CARTESIAN_POINT('',(30.0505894696564,42.6,-3.5));
#5544=CARTESIAN_POINT('Origin',(36.28,32.9333333333333,-3.5));
#5545=CARTESIAN_POINT('',(45.92,39.2039313909352,-2.5));
#5546=CARTESIAN_POINT('',(45.92,39.2039313909352,-3.5));
#5547=CARTESIAN_POINT('',(42.5094105303436,42.6,-2.5));
#5548=CARTESIAN_POINT('',(42.5094105303436,42.6,-3.5));
#5549=CARTESIAN_POINT('Origin',(36.28,32.9333333333333,-2.5));
#5550=CARTESIAN_POINT('Origin',(36.28,32.9333333333333,-3.5));
#5551=CARTESIAN_POINT('',(42.5094105303436,23.2666666666667,-2.5));
#5552=CARTESIAN_POINT('',(42.5094105303436,23.2666666666667,-3.5));
#5553=CARTESIAN_POINT('',(45.92,26.6627352757315,-2.5));
#5554=CARTESIAN_POINT('',(45.92,26.6627352757315,-3.5));
#5555=CARTESIAN_POINT('Origin',(36.28,32.9333333333333,-2.5));
#5556=CARTESIAN_POINT('Origin',(36.28,32.9333333333333,-3.5));
#5557=CARTESIAN_POINT('',(30.0505894696564,23.2666666666667,-2.5));
#5558=CARTESIAN_POINT('',(30.0505894696564,23.2666666666667,-3.5));
#5559=CARTESIAN_POINT('',(26.64,26.6627352757315,-2.5));
#5560=CARTESIAN_POINT('Origin',(36.28,32.9333333333333,-2.5));
#5561=CARTESIAN_POINT('',(26.64,26.6627352757315,-3.5));
#5562=CARTESIAN_POINT('Origin',(36.28,13.6,-3.5));
#5563=CARTESIAN_POINT('',(45.92,19.8705980576018,-2.5));
#5564=CARTESIAN_POINT('Origin',(36.28,13.6,-2.5));
#5565=CARTESIAN_POINT('',(45.92,19.8705980576018,-3.5));
#5566=CARTESIAN_POINT('Origin',(55.56,32.9333333333333,-3.5));
#5567=CARTESIAN_POINT('',(49.3305894696564,42.6,-2.5));
#5568=CARTESIAN_POINT('Origin',(55.56,32.9333333333333,-2.5));
#5569=CARTESIAN_POINT('',(49.3305894696564,42.6,-3.5));
#5570=CARTESIAN_POINT('Origin',(17.,32.9333333333333,-3.5));
#5571=CARTESIAN_POINT('',(23.2294105303436,23.2666666666667,-2.5));
#5572=CARTESIAN_POINT('Origin',(17.,32.9333333333333,-2.5));
#5573=CARTESIAN_POINT('',(23.2294105303436,23.2666666666667,-3.5));
#5574=CARTESIAN_POINT('Origin',(36.28,52.2666666666667,-3.5));
#5575=CARTESIAN_POINT('',(26.64,45.9960686090648,-2.5));
#5576=CARTESIAN_POINT('Origin',(36.28,52.2666666666667,-2.5));
#5577=CARTESIAN_POINT('',(26.64,45.9960686090648,-3.5));
#5578=CARTESIAN_POINT('Origin',(16.5,87.000001296401,-3.5));
#5579=CARTESIAN_POINT('',(16.5,83.9,-2.5));
#5580=CARTESIAN_POINT('',(16.5,83.9,-3.5));
#5581=CARTESIAN_POINT('',(16.5,83.0891252930761,-2.5));
#5582=CARTESIAN_POINT('',(16.5,83.0891252930761,-3.5));
#5583=CARTESIAN_POINT('',(16.5,-1.81313239567923,-2.5));
#5584=CARTESIAN_POINT('Origin',(17.5,-1.81313239567923,-3.5));
#5585=CARTESIAN_POINT('',(17.5,83.9,-2.5));
#5586=CARTESIAN_POINT('',(17.5,83.9,-3.49999999999999));
#5587=CARTESIAN_POINT('',(17.5,83.0891252930761,-2.5));
#5588=CARTESIAN_POINT('',(17.5,71.6,-2.5));
#5589=CARTESIAN_POINT('',(17.5,83.0891252930761,-3.5));
#5590=CARTESIAN_POINT('Origin',(17.5,-1.81313239567923,-3.5));
#5591=CARTESIAN_POINT('',(17.5,2.11087470692394,-2.5));
#5592=CARTESIAN_POINT('',(17.5,2.11087470692394,-3.5));
#5593=CARTESIAN_POINT('',(17.5,71.6,-2.5));
#5594=CARTESIAN_POINT('Origin',(16.5,87.000001296401,-3.5));
#5595=CARTESIAN_POINT('',(16.5,2.11087470692394,-2.5));
#5596=CARTESIAN_POINT('',(16.5,-1.81313239567923,-2.5));
#5597=CARTESIAN_POINT('',(16.5,2.11087470692394,-3.5));
#5598=CARTESIAN_POINT('Origin',(17.,13.6,-3.5));
#5599=CARTESIAN_POINT('Origin',(17.,13.6,-2.5));
#5600=CARTESIAN_POINT('Origin',(17.,13.6,-3.5));
#5601=CARTESIAN_POINT('',(5.51087470692394,13.1,-2.5));
#5602=CARTESIAN_POINT('Origin',(17.,13.6,-2.5));
#5603=CARTESIAN_POINT('',(5.51087470692394,13.1,-3.5));
#5604=CARTESIAN_POINT('Origin',(17.,71.6,-3.5));
#5605=CARTESIAN_POINT('',(26.64,77.8705980576019,-2.5));
#5606=CARTESIAN_POINT('Origin',(17.,71.6,-2.5));
#5607=CARTESIAN_POINT('',(26.64,77.8705980576019,-3.5));
#5608=CARTESIAN_POINT('Origin',(113.4,32.9333333333333,-3.5));
#5609=CARTESIAN_POINT('',(103.76,39.2039313909352,-2.5));
#5610=CARTESIAN_POINT('',(103.76,39.2039313909352,-3.5));
#5611=CARTESIAN_POINT('',(107.170589469656,42.6,-2.5));
#5612=CARTESIAN_POINT('Origin',(113.4,32.9333333333333,-2.5));
#5613=CARTESIAN_POINT('',(107.170589469656,42.6,-3.5));
#5614=CARTESIAN_POINT('Origin',(113.4,32.9333333333333,-3.5));
#5615=CARTESIAN_POINT('',(124.889125293076,33.4333333333333,-2.5));
#5616=CARTESIAN_POINT('',(124.889125293076,33.4333333333333,-3.5));
#5617=CARTESIAN_POINT('',(119.629410530344,42.6,-2.5));
#5618=CARTESIAN_POINT('',(119.629410530344,42.6,-3.5));
#5619=CARTESIAN_POINT('Origin',(113.4,32.9333333333333,-2.5));
#5620=CARTESIAN_POINT('Origin',(113.4,32.9333333333333,-3.5));
#5621=CARTESIAN_POINT('',(119.629410530344,23.2666666666667,-2.5));
#5622=CARTESIAN_POINT('',(119.629410530344,23.2666666666667,-3.5));
#5623=CARTESIAN_POINT('',(124.889125293076,32.4333333333333,-2.5));
#5624=CARTESIAN_POINT('',(124.889125293076,32.4333333333333,-3.5));
#5625=CARTESIAN_POINT('Origin',(113.4,32.9333333333333,-2.5));
#5626=CARTESIAN_POINT('Origin',(113.4,32.9333333333333,-3.5));
#5627=CARTESIAN_POINT('',(107.170589469656,23.2666666666667,-2.5));
#5628=CARTESIAN_POINT('',(107.170589469656,23.2666666666667,-3.5));
#5629=CARTESIAN_POINT('',(103.76,26.6627352757315,-2.5));
#5630=CARTESIAN_POINT('Origin',(113.4,32.9333333333333,-2.5));
#5631=CARTESIAN_POINT('',(103.76,26.6627352757315,-3.5));
#5632=CARTESIAN_POINT('Origin',(113.4,13.6,-3.5));
#5633=CARTESIAN_POINT('',(124.889125293076,14.1,-2.5));
#5634=CARTESIAN_POINT('Origin',(113.4,13.6,-2.5));
#5635=CARTESIAN_POINT('',(124.889125293076,14.1,-3.5));
#5636=CARTESIAN_POINT('Origin',(94.12,32.9333333333333,-3.5));
#5637=CARTESIAN_POINT('',(100.349410530344,23.2666666666667,-2.5));
#5638=CARTESIAN_POINT('Origin',(94.12,32.9333333333333,-2.5));
#5639=CARTESIAN_POINT('',(100.349410530344,23.2666666666667,-3.5));
#5640=CARTESIAN_POINT('Origin',(129.022775342092,33.4333333333333,-3.5));
#5641=CARTESIAN_POINT('',(126.,33.4333333333333,-2.5));
#5642=CARTESIAN_POINT('',(-2.5000000372529,33.4333333333333,-2.5));
#5643=CARTESIAN_POINT('',(126.,33.4333333333333,-3.5));
#5644=CARTESIAN_POINT('Origin',(113.4,52.2666666666667,-3.5));
#5645=CARTESIAN_POINT('',(103.76,45.9960686090648,-2.5));
#5646=CARTESIAN_POINT('Origin',(113.4,52.2666666666667,-2.5));
#5647=CARTESIAN_POINT('',(103.76,45.9960686090648,-3.5));
#5648=CARTESIAN_POINT('Origin',(36.28,71.6,-2.5));
#5649=CARTESIAN_POINT('Origin',(36.28,71.6,-2.5));
#5650=CARTESIAN_POINT('',(72.3,83.9,-2.5));
#5651=CARTESIAN_POINT('',(5.51087470692395,72.1,-2.5));
#5652=CARTESIAN_POINT('Origin',(17.,71.6,-2.5));
#5653=CARTESIAN_POINT('',(1.6,72.1,-2.5));
#5654=CARTESIAN_POINT('',(-2.5000000372529,72.1,-2.5));
#5655=CARTESIAN_POINT('',(1.6,71.1,-2.5));
#5656=CARTESIAN_POINT('',(1.6,78.55,-2.5));
#5657=CARTESIAN_POINT('',(5.51087470692394,71.1,-2.5));
#5658=CARTESIAN_POINT('',(113.4,71.1,-2.5));
#5659=CARTESIAN_POINT('',(10.7705894696564,61.9333333333333,-2.5));
#5660=CARTESIAN_POINT('Origin',(17.,71.6,-2.5));
#5661=CARTESIAN_POINT('',(5.51087470692395,52.7666666666667,-2.5));
#5662=CARTESIAN_POINT('Origin',(17.,52.2666666666667,-2.5));
#5663=CARTESIAN_POINT('',(1.6,52.7666666666667,-2.5));
#5664=CARTESIAN_POINT('',(-2.5000000372529,52.7666666666667,-2.5));
#5665=CARTESIAN_POINT('',(1.6,51.7666666666667,-2.5));
#5666=CARTESIAN_POINT('',(1.6,68.8833333333334,-2.5));
#5667=CARTESIAN_POINT('',(5.51087470692394,51.7666666666667,-2.5));
#5668=CARTESIAN_POINT('',(113.4,51.7666666666667,-2.5));
#5669=CARTESIAN_POINT('',(10.7705894696564,42.6,-2.5));
#5670=CARTESIAN_POINT('Origin',(17.,52.2666666666667,-2.5));
#5671=CARTESIAN_POINT('',(5.51087470692394,33.4333333333333,-2.5));
#5672=CARTESIAN_POINT('Origin',(17.,32.9333333333333,-2.5));
#5673=CARTESIAN_POINT('',(1.6,33.4333333333333,-2.5));
#5674=CARTESIAN_POINT('',(-2.5000000372529,33.4333333333333,-2.5));
#5675=CARTESIAN_POINT('',(1.6,32.4333333333333,-2.5));
#5676=CARTESIAN_POINT('',(1.6,59.2166666666667,-2.5));
#5677=CARTESIAN_POINT('',(5.51087470692394,32.4333333333333,-2.5));
#5678=CARTESIAN_POINT('',(113.4,32.4333333333333,-2.5));
#5679=CARTESIAN_POINT('',(10.7705894696564,23.2666666666667,-2.5));
#5680=CARTESIAN_POINT('Origin',(17.,32.9333333333333,-2.5));
#5681=CARTESIAN_POINT('',(5.51087470692394,14.1,-2.5));
#5682=CARTESIAN_POINT('Origin',(17.,13.6,-2.5));
#5683=CARTESIAN_POINT('',(1.6,14.1,-2.5));
#5684=CARTESIAN_POINT('',(-2.5000000372529,14.1,-2.5));
#5685=CARTESIAN_POINT('',(1.6,13.1,-2.5));
#5686=CARTESIAN_POINT('',(1.6,49.55,-2.5));
#5687=CARTESIAN_POINT('',(113.4,13.1,-2.5));
#5688=CARTESIAN_POINT('',(55.06,2.11087470692394,-2.5));
#5689=CARTESIAN_POINT('Origin',(55.56,13.6,-2.5));
#5690=CARTESIAN_POINT('',(55.06,-1.81313239567923,-2.5));
#5691=CARTESIAN_POINT('',(56.06,2.11087470692394,-2.5));
#5692=CARTESIAN_POINT('',(56.06,71.6,-2.5));
#5693=CARTESIAN_POINT('',(65.2,7.32940194239816,-2.5));
#5694=CARTESIAN_POINT('Origin',(55.56,13.6,-2.5));
#5695=CARTESIAN_POINT('',(74.34,2.11087470692394,-2.5));
#5696=CARTESIAN_POINT('Origin',(74.84,13.6,-2.5));
#5697=CARTESIAN_POINT('',(74.34,-1.81313239567923,-2.5));
#5698=CARTESIAN_POINT('',(75.34,2.11087470692394,-2.5));
#5699=CARTESIAN_POINT('',(75.34,71.6,-2.5));
#5700=CARTESIAN_POINT('',(84.48,7.32940194239816,-2.5));
#5701=CARTESIAN_POINT('Origin',(74.84,13.6,-2.5));
#5702=CARTESIAN_POINT('',(93.62,2.11087470692394,-2.5));
#5703=CARTESIAN_POINT('Origin',(94.12,13.6,-2.5));
#5704=CARTESIAN_POINT('',(93.62,-1.81313239567923,-2.5));
#5705=CARTESIAN_POINT('',(94.62,2.11087470692394,-2.5));
#5706=CARTESIAN_POINT('',(94.62,71.6,-2.5));
#5707=CARTESIAN_POINT('',(103.76,7.32940194239816,-2.5));
#5708=CARTESIAN_POINT('Origin',(94.12,13.6,-2.5));
#5709=CARTESIAN_POINT('',(112.9,2.11087470692394,-2.5));
#5710=CARTESIAN_POINT('Origin',(113.4,13.6,-2.5));
#5711=CARTESIAN_POINT('',(112.9,-1.81313239567923,-2.5));
#5712=CARTESIAN_POINT('',(113.9,2.11087470692394,-2.5));
#5713=CARTESIAN_POINT('',(113.9,71.6,-2.5));
#5714=CARTESIAN_POINT('',(124.889125293076,13.1,-2.5));
#5715=CARTESIAN_POINT('Origin',(113.4,13.6,-2.5));
#5716=CARTESIAN_POINT('',(126.,13.1,-2.5));
#5717=CARTESIAN_POINT('',(113.4,13.1,-2.5));
#5718=CARTESIAN_POINT('',(126.,14.1,-2.5));
#5719=CARTESIAN_POINT('',(126.,6.79999999999999,-2.5));
#5720=CARTESIAN_POINT('',(-2.5000000372529,14.1,-2.5));
#5721=CARTESIAN_POINT('',(126.,32.4333333333333,-2.5));
#5722=CARTESIAN_POINT('',(113.4,32.4333333333333,-2.5));
#5723=CARTESIAN_POINT('',(126.,16.4666666666667,-2.5));
#5724=CARTESIAN_POINT('',(124.889125293076,51.7666666666667,-2.5));
#5725=CARTESIAN_POINT('Origin',(113.4,52.2666666666667,-2.5));
#5726=CARTESIAN_POINT('',(126.,51.7666666666667,-2.5));
#5727=CARTESIAN_POINT('',(113.4,51.7666666666667,-2.5));
#5728=CARTESIAN_POINT('',(126.,52.7666666666667,-2.5));
#5729=CARTESIAN_POINT('',(126.,26.1333333333333,-2.5));
#5730=CARTESIAN_POINT('',(124.889125293076,52.7666666666667,-2.5));
#5731=CARTESIAN_POINT('',(-2.5000000372529,52.7666666666667,-2.5));
#5732=CARTESIAN_POINT('',(119.629410530344,61.9333333333333,-2.5));
#5733=CARTESIAN_POINT('Origin',(113.4,52.2666666666667,-2.5));
#5734=CARTESIAN_POINT('',(124.889125293076,71.1,-2.5));
#5735=CARTESIAN_POINT('Origin',(113.4,71.6,-2.5));
#5736=CARTESIAN_POINT('',(126.,71.1,-2.5));
#5737=CARTESIAN_POINT('',(113.4,71.1,-2.5));
#5738=CARTESIAN_POINT('',(126.,72.1,-2.5));
#5739=CARTESIAN_POINT('',(126.,35.8,-2.5));
#5740=CARTESIAN_POINT('',(124.889125293076,72.1,-2.5));
#5741=CARTESIAN_POINT('',(-2.5000000372529,72.1,-2.5));
#5742=CARTESIAN_POINT('',(113.9,83.0891252930761,-2.5));
#5743=CARTESIAN_POINT('Origin',(113.4,71.6,-2.5));
#5744=CARTESIAN_POINT('',(113.9,83.9,-2.5));
#5745=CARTESIAN_POINT('',(113.9,71.6,-2.5));
#5746=CARTESIAN_POINT('',(112.9,83.9,-2.5));
#5747=CARTESIAN_POINT('',(120.5,83.9,-2.5));
#5748=CARTESIAN_POINT('',(112.9,83.0891252930761,-2.5));
#5749=CARTESIAN_POINT('',(112.9,-1.81313239567923,-2.5));
#5750=CARTESIAN_POINT('',(103.76,77.8705980576018,-2.5));
#5751=CARTESIAN_POINT('Origin',(113.4,71.6,-2.5));
#5752=CARTESIAN_POINT('',(94.62,83.0891252930761,-2.5));
#5753=CARTESIAN_POINT('Origin',(94.12,71.6,-2.5));
#5754=CARTESIAN_POINT('',(94.62,83.9,-2.5));
#5755=CARTESIAN_POINT('',(94.62,71.6,-2.5));
#5756=CARTESIAN_POINT('',(93.62,83.9,-2.5));
#5757=CARTESIAN_POINT('',(110.86,83.9,-2.5));
#5758=CARTESIAN_POINT('',(93.62,83.0891252930761,-2.5));
#5759=CARTESIAN_POINT('',(93.62,-1.81313239567923,-2.5));
#5760=CARTESIAN_POINT('',(84.48,77.8705980576019,-2.5));
#5761=CARTESIAN_POINT('Origin',(94.12,71.6,-2.5));
#5762=CARTESIAN_POINT('',(75.34,83.0891252930761,-2.5));
#5763=CARTESIAN_POINT('Origin',(74.84,71.6,-2.5));
#5764=CARTESIAN_POINT('',(75.34,83.9,-2.5));
#5765=CARTESIAN_POINT('',(75.34,71.6,-2.5));
#5766=CARTESIAN_POINT('',(74.34,83.9,-2.5));
#5767=CARTESIAN_POINT('',(101.22,83.9,-2.5));
#5768=CARTESIAN_POINT('',(74.34,83.0891252930761,-2.5));
#5769=CARTESIAN_POINT('',(74.34,-1.81313239567923,-2.5));
#5770=CARTESIAN_POINT('',(65.2,77.8705980576019,-2.5));
#5771=CARTESIAN_POINT('Origin',(74.84,71.6,-2.5));
#5772=CARTESIAN_POINT('',(56.06,83.0891252930761,-2.5));
#5773=CARTESIAN_POINT('Origin',(55.56,71.6,-2.5));
#5774=CARTESIAN_POINT('',(56.06,83.9,-2.5));
#5775=CARTESIAN_POINT('',(56.06,71.6,-2.5));
#5776=CARTESIAN_POINT('',(55.06,83.9,-2.5));
#5777=CARTESIAN_POINT('',(91.58,83.9,-2.5));
#5778=CARTESIAN_POINT('',(55.06,83.0891252930761,-2.5));
#5779=CARTESIAN_POINT('',(55.06,-1.81313239567923,-2.5));
#5780=CARTESIAN_POINT('Origin',(55.56,71.6,-2.5));
#5781=CARTESIAN_POINT('',(81.94,83.9,-2.5));
#5782=CARTESIAN_POINT('',(103.76,19.8705980576018,-2.5));
#5783=CARTESIAN_POINT('Origin',(113.4,13.6,-2.5));
#5784=CARTESIAN_POINT('Origin',(94.12,13.6,-2.5));
#5785=CARTESIAN_POINT('',(100.349410530344,42.6,-2.5));
#5786=CARTESIAN_POINT('Origin',(94.12,32.9333333333333,-2.5));
#5787=CARTESIAN_POINT('Origin',(94.12,52.2666666666667,-2.5));
#5788=CARTESIAN_POINT('',(103.76,65.3294019423982,-2.5));
#5789=CARTESIAN_POINT('',(107.170589469656,61.9333333333333,-2.5));
#5790=CARTESIAN_POINT('Origin',(113.4,71.6,-2.5));
#5791=CARTESIAN_POINT('',(103.76,58.5372647242685,-2.5));
#5792=CARTESIAN_POINT('Origin',(113.4,52.2666666666667,-2.5));
#5793=CARTESIAN_POINT('',(100.349410530344,61.9333333333333,-2.5));
#5794=CARTESIAN_POINT('Origin',(94.12,52.2666666666667,-2.5));
#5795=CARTESIAN_POINT('Origin',(94.12,71.6,-2.5));
#5796=CARTESIAN_POINT('',(65.2,26.6627352757315,-2.5));
#5797=CARTESIAN_POINT('',(68.6105894696564,23.2666666666667,-2.5));
#5798=CARTESIAN_POINT('Origin',(74.84,32.9333333333333,-2.5));
#5799=CARTESIAN_POINT('',(65.2,19.8705980576018,-2.5));
#5800=CARTESIAN_POINT('Origin',(74.84,13.6,-2.5));
#5801=CARTESIAN_POINT('',(61.7894105303436,23.2666666666667,-2.5));
#5802=CARTESIAN_POINT('Origin',(55.56,13.6,-2.5));
#5803=CARTESIAN_POINT('Origin',(55.56,32.9333333333333,-2.5));
#5804=CARTESIAN_POINT('',(61.7894105303436,42.6,-2.5));
#5805=CARTESIAN_POINT('',(65.2,45.9960686090648,-2.5));
#5806=CARTESIAN_POINT('Origin',(55.56,52.2666666666667,-2.5));
#5807=CARTESIAN_POINT('',(68.6105894696564,42.6,-2.5));
#5808=CARTESIAN_POINT('Origin',(74.84,52.2666666666667,-2.5));
#5809=CARTESIAN_POINT('',(65.2,39.2039313909352,-2.5));
#5810=CARTESIAN_POINT('Origin',(74.84,32.9333333333333,-2.5));
#5811=CARTESIAN_POINT('Origin',(55.56,32.9333333333333,-2.5));
#5812=CARTESIAN_POINT('',(87.8905894696564,42.6,-2.5));
#5813=CARTESIAN_POINT('',(84.48,39.2039313909352,-2.5));
#5814=CARTESIAN_POINT('Origin',(94.12,32.9333333333333,-2.5));
#5815=CARTESIAN_POINT('',(81.0694105303436,42.6,-2.5));
#5816=CARTESIAN_POINT('Origin',(74.84,32.9333333333333,-2.5));
#5817=CARTESIAN_POINT('',(84.48,45.9960686090648,-2.5));
#5818=CARTESIAN_POINT('Origin',(74.84,52.2666666666667,-2.5));
#5819=CARTESIAN_POINT('Origin',(94.12,52.2666666666667,-2.5));
#5820=CARTESIAN_POINT('',(45.92,58.5372647242685,-2.5));
#5821=CARTESIAN_POINT('',(42.5094105303436,61.9333333333333,-2.5));
#5822=CARTESIAN_POINT('Origin',(36.28,52.2666666666667,-2.5));
#5823=CARTESIAN_POINT('',(45.92,65.3294019423982,-2.5));
#5824=CARTESIAN_POINT('Origin',(36.28,71.6,-2.5));
#5825=CARTESIAN_POINT('',(49.3305894696564,61.9333333333333,-2.5));
#5826=CARTESIAN_POINT('Origin',(55.56,71.6,-2.5));
#5827=CARTESIAN_POINT('Origin',(55.56,52.2666666666667,-2.5));
#5828=CARTESIAN_POINT('',(65.2,58.5372647242685,-2.5));
#5829=CARTESIAN_POINT('',(61.7894105303436,61.9333333333333,-2.5));
#5830=CARTESIAN_POINT('Origin',(55.56,52.2666666666667,-2.5));
#5831=CARTESIAN_POINT('',(65.2,65.3294019423981,-2.5));
#5832=CARTESIAN_POINT('Origin',(55.56,71.6,-2.5));
#5833=CARTESIAN_POINT('',(68.6105894696564,61.9333333333333,-2.5));
#5834=CARTESIAN_POINT('Origin',(74.84,71.6,-2.5));
#5835=CARTESIAN_POINT('Origin',(74.84,52.2666666666667,-2.5));
#5836=CARTESIAN_POINT('',(84.48,65.3294019423981,-2.5));
#5837=CARTESIAN_POINT('',(87.8905894696564,61.9333333333333,-2.5));
#5838=CARTESIAN_POINT('Origin',(94.12,71.6,-2.5));
#5839=CARTESIAN_POINT('',(84.48,58.5372647242685,-2.5));
#5840=CARTESIAN_POINT('Origin',(94.12,52.2666666666667,-2.5));
#5841=CARTESIAN_POINT('',(81.0694105303436,61.9333333333333,-2.5));
#5842=CARTESIAN_POINT('Origin',(74.84,52.2666666666667,-2.5));
#5843=CARTESIAN_POINT('Origin',(74.84,71.6,-2.5));
#5844=CARTESIAN_POINT('',(87.8905894696564,23.2666666666667,-2.5));
#5845=CARTESIAN_POINT('',(84.48,19.8705980576018,-2.5));
#5846=CARTESIAN_POINT('Origin',(94.12,13.6,-2.5));
#5847=CARTESIAN_POINT('',(81.0694105303436,23.2666666666667,-2.5));
#5848=CARTESIAN_POINT('Origin',(74.84,13.6,-2.5));
#5849=CARTESIAN_POINT('',(84.48,26.6627352757315,-2.5));
#5850=CARTESIAN_POINT('Origin',(74.84,32.9333333333333,-2.5));
#5851=CARTESIAN_POINT('Origin',(94.12,32.9333333333333,-2.5));
#5852=CARTESIAN_POINT('',(45.92,45.9960686090648,-2.5));
#5853=CARTESIAN_POINT('Origin',(36.28,52.2666666666667,-2.5));
#5854=CARTESIAN_POINT('Origin',(55.56,52.2666666666667,-2.5));
#5855=CARTESIAN_POINT('',(49.3305894696564,23.2666666666667,-2.5));
#5856=CARTESIAN_POINT('Origin',(55.56,32.9333333333333,-2.5));
#5857=CARTESIAN_POINT('Origin',(55.56,13.6,-2.5));
#5858=CARTESIAN_POINT('',(26.64,19.8705980576018,-2.5));
#5859=CARTESIAN_POINT('Origin',(36.28,13.6,-2.5));
#5860=CARTESIAN_POINT('Origin',(17.,13.6,-2.5));
#5861=CARTESIAN_POINT('',(23.2294105303436,42.6,-2.5));
#5862=CARTESIAN_POINT('Origin',(17.,32.9333333333333,-2.5));
#5863=CARTESIAN_POINT('Origin',(17.,52.2666666666667,-2.5));
#5864=CARTESIAN_POINT('',(26.64,65.3294019423981,-2.5));
#5865=CARTESIAN_POINT('',(30.0505894696564,61.9333333333333,-2.5));
#5866=CARTESIAN_POINT('Origin',(36.28,71.6,-2.5));
#5867=CARTESIAN_POINT('',(26.64,58.5372647242685,-2.5));
#5868=CARTESIAN_POINT('Origin',(36.28,52.2666666666667,-2.5));
#5869=CARTESIAN_POINT('',(23.2294105303436,61.9333333333333,-2.5));
#5870=CARTESIAN_POINT('Origin',(17.,52.2666666666667,-2.5));
#5871=CARTESIAN_POINT('Origin',(17.,71.6,-2.5));
#5872=CARTESIAN_POINT('Origin',(94.12,71.6,-3.5));
#5873=CARTESIAN_POINT('',(84.48,65.3294019423981,-3.5));
#5874=CARTESIAN_POINT('',(87.8905894696564,61.9333333333333,-3.5));
#5875=CARTESIAN_POINT('Origin',(94.12,71.6,-3.5));
#5876=CARTESIAN_POINT('',(103.76,65.3294019423982,-3.5));
#5877=CARTESIAN_POINT('',(100.349410530344,61.9333333333333,-3.5));
#5878=CARTESIAN_POINT('Origin',(94.12,71.6,-3.5));
#5879=CARTESIAN_POINT('',(93.62,83.0891252930761,-3.5));
#5880=CARTESIAN_POINT('',(84.48,77.8705980576019,-3.5));
#5881=CARTESIAN_POINT('Origin',(94.12,71.6,-3.5));
#5882=CARTESIAN_POINT('',(94.62,83.0891252930761,-3.5));
#5883=CARTESIAN_POINT('',(103.76,77.8705980576018,-3.5));
#5884=CARTESIAN_POINT('Origin',(94.62,-1.81313239567923,-3.5));
#5885=CARTESIAN_POINT('',(94.62,83.9,-3.49999999999999));
#5886=CARTESIAN_POINT('Origin',(74.84,71.6,-3.5));
#5887=CARTESIAN_POINT('',(75.34,83.0891252930761,-3.5));
#5888=CARTESIAN_POINT('Origin',(113.4,71.6,-3.5));
#5889=CARTESIAN_POINT('',(107.170589469656,61.9333333333333,-3.5));
#5890=CARTESIAN_POINT('Origin',(94.12,52.2666666666667,-3.5));
#5891=CARTESIAN_POINT('',(84.48,58.5372647242685,-3.5));
#5892=CARTESIAN_POINT('Origin',(55.56,32.9333333333333,-3.5));
#5893=CARTESIAN_POINT('',(65.2,26.6627352757315,-3.5));
#5894=CARTESIAN_POINT('',(61.7894105303436,23.2666666666667,-3.5));
#5895=CARTESIAN_POINT('Origin',(55.56,32.9333333333333,-3.5));
#5896=CARTESIAN_POINT('',(49.3305894696564,23.2666666666667,-3.5));
#5897=CARTESIAN_POINT('Origin',(55.56,32.9333333333333,-3.5));
#5898=CARTESIAN_POINT('',(61.7894105303436,42.6,-3.5));
#5899=CARTESIAN_POINT('',(65.2,39.2039313909352,-3.5));
#5900=CARTESIAN_POINT('Origin',(55.56,52.2666666666667,-3.5));
#5901=CARTESIAN_POINT('',(65.2,45.9960686090648,-3.5));
#5902=CARTESIAN_POINT('Origin',(55.56,13.6,-3.5));
#5903=CARTESIAN_POINT('Origin',(74.84,32.9333333333333,-3.5));
#5904=CARTESIAN_POINT('',(68.6105894696564,23.2666666666667,-3.5));
#5905=CARTESIAN_POINT('Origin',(94.12,32.9333333333333,-3.5));
#5906=CARTESIAN_POINT('',(87.8905894696564,23.2666666666667,-3.5));
#5907=CARTESIAN_POINT('',(84.48,26.6627352757315,-3.5));
#5908=CARTESIAN_POINT('Origin',(94.12,32.9333333333333,-3.5));
#5909=CARTESIAN_POINT('',(87.8905894696564,42.6,-3.5));
#5910=CARTESIAN_POINT('',(84.48,39.2039313909352,-3.5));
#5911=CARTESIAN_POINT('Origin',(94.12,32.9333333333333,-3.5));
#5912=CARTESIAN_POINT('',(100.349410530344,42.6,-3.5));
#5913=CARTESIAN_POINT('Origin',(94.12,52.2666666666667,-3.5));
#5914=CARTESIAN_POINT('Origin',(74.84,32.9333333333333,-3.5));
#5915=CARTESIAN_POINT('',(81.0694105303436,42.6,-3.5));
#5916=CARTESIAN_POINT('Origin',(94.12,13.6,-3.5));
#5917=CARTESIAN_POINT('',(84.48,19.8705980576018,-3.5));
#5918=CARTESIAN_POINT('Origin',(94.12,13.6,-3.5));
#5919=CARTESIAN_POINT('',(94.62,2.11087470692394,-3.5));
#5920=CARTESIAN_POINT('',(103.76,7.32940194239816,-3.5));
#5921=CARTESIAN_POINT('Origin',(94.12,13.6,-3.5));
#5922=CARTESIAN_POINT('',(84.48,7.32940194239816,-3.5));
#5923=CARTESIAN_POINT('',(93.62,2.11087470692394,-3.5));
#5924=CARTESIAN_POINT('Origin',(94.12,13.6,-3.5));
#5925=CARTESIAN_POINT('',(103.76,19.8705980576018,-3.5));
#5926=CARTESIAN_POINT('Origin',(74.84,13.6,-3.5));
#5927=CARTESIAN_POINT('',(81.0694105303436,23.2666666666667,-3.5));
#5928=CARTESIAN_POINT('Origin',(93.62,87.000001296401,-3.5));
#5929=CARTESIAN_POINT('Origin',(113.4,13.6,-3.5));
#5930=CARTESIAN_POINT('',(112.9,2.11087470692394,-3.5));
#5931=CARTESIAN_POINT('Origin',(55.56,52.2666666666667,-3.5));
#5932=CARTESIAN_POINT('',(65.2,58.5372647242685,-3.5));
#5933=CARTESIAN_POINT('',(61.7894105303436,61.9333333333333,-3.5));
#5934=CARTESIAN_POINT('Origin',(55.56,52.2666666666667,-3.5));
#5935=CARTESIAN_POINT('',(45.92,58.5372647242685,-3.5));
#5936=CARTESIAN_POINT('',(49.3305894696564,61.9333333333333,-3.5));
#5937=CARTESIAN_POINT('Origin',(55.56,52.2666666666667,-3.5));
#5938=CARTESIAN_POINT('',(45.92,45.9960686090648,-3.5));
#5939=CARTESIAN_POINT('Origin',(36.28,52.2666666666667,-3.5));
#5940=CARTESIAN_POINT('',(42.5094105303436,61.9333333333333,-3.5));
#5941=CARTESIAN_POINT('Origin',(74.84,52.2666666666667,-3.5));
#5942=CARTESIAN_POINT('',(68.6105894696564,42.6,-3.5));
#5943=CARTESIAN_POINT('Origin',(55.56,71.6,-3.5));
#5944=CARTESIAN_POINT('',(65.2,65.3294019423981,-3.5));
#5945=CARTESIAN_POINT('Origin',(55.06,87.000001296401,-3.5));
#5946=CARTESIAN_POINT('',(55.06,2.11087470692394,-3.5));
#5947=CARTESIAN_POINT('Origin',(55.06,87.000001296401,-3.5));
#5948=CARTESIAN_POINT('',(55.06,83.9,-3.5));
#5949=CARTESIAN_POINT('',(55.06,83.0891252930761,-3.5));
#5950=CARTESIAN_POINT('Origin',(56.06,-1.81313239567923,-3.5));
#5951=CARTESIAN_POINT('',(56.06,2.11087470692394,-3.5));
#5952=CARTESIAN_POINT('Origin',(56.06,-1.81313239567923,-3.5));
#5953=CARTESIAN_POINT('',(56.06,83.9,-3.49999999999999));
#5954=CARTESIAN_POINT('',(56.06,83.0891252930761,-3.5));
#5955=CARTESIAN_POINT('Origin',(55.56,71.6,-3.5));
#5956=CARTESIAN_POINT('',(45.92,65.3294019423982,-3.5));
#5957=CARTESIAN_POINT('Origin',(55.56,71.6,-3.5));
#5958=CARTESIAN_POINT('',(65.2,77.8705980576019,-3.5));
#5959=CARTESIAN_POINT('Origin',(55.56,13.6,-3.5));
#5960=CARTESIAN_POINT('',(65.2,19.8705980576018,-3.5));
#5961=CARTESIAN_POINT('Origin',(55.56,13.6,-3.5));
#5962=CARTESIAN_POINT('',(65.2,7.32940194239816,-3.5));
#5963=CARTESIAN_POINT('Origin',(74.84,52.2666666666667,-3.5));
#5964=CARTESIAN_POINT('',(84.48,45.9960686090648,-3.5));
#5965=CARTESIAN_POINT('Origin',(74.84,52.2666666666667,-3.5));
#5966=CARTESIAN_POINT('',(81.0694105303436,61.9333333333333,-3.5));
#5967=CARTESIAN_POINT('Origin',(74.84,52.2666666666667,-3.5));
#5968=CARTESIAN_POINT('',(68.6105894696564,61.9333333333333,-3.5));
#5969=CARTESIAN_POINT('Origin',(74.84,71.6,-3.5));
#5970=CARTESIAN_POINT('Origin',(74.84,32.9333333333333,-3.5));
#5971=CARTESIAN_POINT('Origin',(94.12,52.2666666666667,-3.5));
#5972=CARTESIAN_POINT('Origin',(74.84,71.6,-3.5));
#5973=CARTESIAN_POINT('',(74.34,83.0891252930761,-3.5));
#5974=CARTESIAN_POINT('Origin',(74.84,71.6,-3.5));
#5975=CARTESIAN_POINT('Origin',(75.34,-1.81313239567923,-3.5));
#5976=CARTESIAN_POINT('',(75.34,83.9,-3.49999999999999));
#5977=CARTESIAN_POINT('Origin',(55.56,71.6,-3.5));
#5978=CARTESIAN_POINT('Origin',(74.34,87.000001296401,-3.5));
#5979=CARTESIAN_POINT('',(74.34,83.9,-3.5));
#5980=CARTESIAN_POINT('Origin',(75.34,-1.81313239567923,-3.5));
#5981=CARTESIAN_POINT('',(75.34,2.11087470692394,-3.5));
#5982=CARTESIAN_POINT('Origin',(74.34,87.000001296401,-3.5));
#5983=CARTESIAN_POINT('',(74.34,2.11087470692394,-3.5));
#5984=CARTESIAN_POINT('Origin',(74.84,13.6,-3.5));
#5985=CARTESIAN_POINT('Origin',(113.4,71.6,-3.5));
#5986=CARTESIAN_POINT('',(112.9,83.0891252930761,-3.5));
#5987=CARTESIAN_POINT('Origin',(113.4,71.6,-3.5));
#5988=CARTESIAN_POINT('',(124.889125293076,72.1,-3.5));
#5989=CARTESIAN_POINT('',(113.9,83.0891252930761,-3.5));
#5990=CARTESIAN_POINT('Origin',(113.4,71.6,-3.5));
#5991=CARTESIAN_POINT('',(119.629410530344,61.9333333333333,-3.5));
#5992=CARTESIAN_POINT('',(124.889125293076,71.1,-3.5));
#5993=CARTESIAN_POINT('Origin',(113.4,52.2666666666667,-3.5));
#5994=CARTESIAN_POINT('',(124.889125293076,52.7666666666667,-3.5));
#5995=CARTESIAN_POINT('Origin',(129.022775342092,72.1,-3.5));
#5996=CARTESIAN_POINT('',(126.,72.1,-3.5));
#5997=CARTESIAN_POINT('Origin',(112.9,87.000001296401,-3.5));
#5998=CARTESIAN_POINT('',(112.9,83.9,-3.5));
#5999=CARTESIAN_POINT('Origin',(94.12,52.2666666666667,-3.5));
#6000=CARTESIAN_POINT('',(103.76,58.5372647242685,-3.5));
#6001=CARTESIAN_POINT('Origin',(113.4,52.2666666666667,-3.5));
#6002=CARTESIAN_POINT('',(124.889125293076,51.7666666666667,-3.5));
#6003=CARTESIAN_POINT('Origin',(113.4,52.2666666666667,-3.5));
#6004=CARTESIAN_POINT('Origin',(-2.5000000372529,51.7666666666667,-3.5));
#6005=CARTESIAN_POINT('',(126.,51.7666666666667,-3.49999999999998));
#6006=CARTESIAN_POINT('Origin',(55.56,13.6,-3.5));
#6007=CARTESIAN_POINT('Origin',(36.28,13.6,-3.5));
#6008=CARTESIAN_POINT('',(26.64,19.8705980576018,-3.5));
#6009=CARTESIAN_POINT('Origin',(74.84,13.6,-3.5));
#6010=CARTESIAN_POINT('Origin',(17.,71.6,-3.5));
#6011=CARTESIAN_POINT('',(5.51087470692394,71.1,-3.5));
#6012=CARTESIAN_POINT('',(10.7705894696564,61.9333333333333,-3.5));
#6013=CARTESIAN_POINT('Origin',(17.,71.6,-3.5));
#6014=CARTESIAN_POINT('',(5.51087470692395,72.1,-3.5));
#6015=CARTESIAN_POINT('Origin',(17.,71.6,-3.5));
#6016=CARTESIAN_POINT('',(26.64,65.3294019423981,-3.5));
#6017=CARTESIAN_POINT('',(23.2294105303436,61.9333333333333,-3.5));
#6018=CARTESIAN_POINT('Origin',(36.28,71.6,-3.5));
#6019=CARTESIAN_POINT('',(30.0505894696564,61.9333333333333,-3.5));
#6020=CARTESIAN_POINT('Origin',(129.022775342092,72.1,-3.5));
#6021=CARTESIAN_POINT('',(1.6,72.1,-3.49999999999998));
#6022=CARTESIAN_POINT('Origin',(17.,52.2666666666667,-3.5));
#6023=CARTESIAN_POINT('',(5.51087470692395,52.7666666666667,-3.5));
#6024=CARTESIAN_POINT('Origin',(129.022775342092,14.1,-3.5));
#6025=CARTESIAN_POINT('',(5.51087470692394,14.1,-3.5));
#6026=CARTESIAN_POINT('',(1.6,14.1,-3.49999999999998));
#6027=CARTESIAN_POINT('Origin',(129.022775342092,14.1,-3.5));
#6028=CARTESIAN_POINT('',(126.,14.1,-3.5));
#6029=CARTESIAN_POINT('Origin',(-2.5000000372529,13.1,-3.5));
#6030=CARTESIAN_POINT('',(1.6,13.1,-3.5));
#6031=CARTESIAN_POINT('Origin',(-2.5000000372529,13.1,-3.5));
#6032=CARTESIAN_POINT('',(126.,13.1,-3.49999999999998));
#6033=CARTESIAN_POINT('',(124.889125293076,13.1,-3.5));
#6034=CARTESIAN_POINT('Origin',(74.84,13.6,-3.5));
#6035=CARTESIAN_POINT('Origin',(94.62,-1.81313239567923,-3.5));
#6036=CARTESIAN_POINT('Origin',(113.4,13.6,-3.5));
#6037=CARTESIAN_POINT('',(113.9,2.11087470692394,-3.5));
#6038=CARTESIAN_POINT('Origin',(17.,13.6,-3.5));
#6039=CARTESIAN_POINT('Origin',(-2.5000000372529,71.1,-3.5));
#6040=CARTESIAN_POINT('',(126.,71.1,-3.49999999999998));
#6041=CARTESIAN_POINT('Origin',(-2.5000000372529,71.1,-3.5));
#6042=CARTESIAN_POINT('',(1.6,71.1,-3.5));
#6043=CARTESIAN_POINT('Origin',(1.6,85.5,-3.5));
#6044=CARTESIAN_POINT('',(1.6,32.4333333333333,-3.5));
#6045=CARTESIAN_POINT('',(1.6,33.4333333333333,-3.49999999999998));
#6046=CARTESIAN_POINT('',(1.6,51.7666666666667,-3.5));
#6047=CARTESIAN_POINT('',(1.6,52.7666666666667,-3.49999999999998));
#6048=CARTESIAN_POINT('',(1.6,83.9,0.));
#6049=CARTESIAN_POINT('',(1.6,83.9,-3.49999999999998));
#6050=CARTESIAN_POINT('',(1.6,85.5,0.));
#6051=CARTESIAN_POINT('Origin',(113.9,-1.81313239567923,-3.5));
#6052=CARTESIAN_POINT('',(113.9,83.9,-3.49999999999999));
#6053=CARTESIAN_POINT('Origin',(17.,13.6,-3.5));
#6054=CARTESIAN_POINT('',(10.7705894696564,23.2666666666667,-3.5));
#6055=CARTESIAN_POINT('Origin',(129.022775342092,52.7666666666667,-3.5));
#6056=CARTESIAN_POINT('',(126.,52.7666666666667,-3.5));
#6057=CARTESIAN_POINT('Origin',(129.022775342092,52.7666666666667,-3.5));
#6058=CARTESIAN_POINT('Origin',(-2.5000000372529,51.7666666666667,-3.5));
#6059=CARTESIAN_POINT('',(5.51087470692394,51.7666666666667,-3.5));
#6060=CARTESIAN_POINT('Origin',(36.28,52.2666666666667,-3.5));
#6061=CARTESIAN_POINT('Origin',(17.,52.2666666666667,-3.5));
#6062=CARTESIAN_POINT('',(10.7705894696564,42.6,-3.5));
#6063=CARTESIAN_POINT('Origin',(126.,-1.77635683940025E-14,-3.5));
#6064=CARTESIAN_POINT('',(126.,83.9,0.));
#6065=CARTESIAN_POINT('',(126.,-1.77635683940025E-14,0.));
#6066=CARTESIAN_POINT('',(126.,83.9,-3.49999999999999));
#6067=CARTESIAN_POINT('',(126.,32.4333333333333,-3.49999999999998));
#6068=CARTESIAN_POINT('Origin',(17.,52.2666666666667,-3.5));
#6069=CARTESIAN_POINT('',(26.64,58.5372647242685,-3.5));
#6070=CARTESIAN_POINT('Origin',(17.,52.2666666666667,-3.5));
#6071=CARTESIAN_POINT('',(23.2294105303436,42.6,-3.5));
#6072=CARTESIAN_POINT('Origin',(17.,32.9333333333333,-3.5));
#6073=CARTESIAN_POINT('',(5.51087470692394,33.4333333333333,-3.5));
#6074=CARTESIAN_POINT('Origin',(17.,32.9333333333333,-3.5));
#6075=CARTESIAN_POINT('Origin',(129.022775342092,33.4333333333333,-3.5));
#6076=CARTESIAN_POINT('Origin',(-2.5000000372529,32.4333333333333,-3.5));
#6077=CARTESIAN_POINT('Origin',(-2.5000000372529,32.4333333333333,-3.5));
#6078=CARTESIAN_POINT('',(5.51087470692394,32.4333333333333,-3.5));
#6079=CARTESIAN_POINT('Origin',(17.,32.9333333333333,-3.5));
#6080=CARTESIAN_POINT('Origin',(93.62,87.000001296401,-3.5));
#6081=CARTESIAN_POINT('',(93.62,83.9,-3.5));
#6082=CARTESIAN_POINT('Origin',(112.9,87.000001296401,-3.5));
#6083=CARTESIAN_POINT('Origin',(113.9,-1.81313239567923,-3.5));
#6084=CARTESIAN_POINT('Origin',(113.4,13.6,-3.5));
#6085=CARTESIAN_POINT('Origin',(127.6,83.9,-3.5));
#6086=CARTESIAN_POINT('',(127.6,83.9,0.));
#6087=CARTESIAN_POINT('Origin',(0.,85.5,0.));
#6088=CARTESIAN_POINT('',(1.77635683940025E-14,85.5,0.));
#6089=CARTESIAN_POINT('',(1.77635683940025E-14,85.5,0.));
#6090=CARTESIAN_POINT('',(0.,1.80000000327141E-5,0.));
#6091=CARTESIAN_POINT('',(0.,1.77635683940025E-14,0.));
#6092=CARTESIAN_POINT('',(-1.77635683940025E-14,0.,0.));
#6093=CARTESIAN_POINT('Origin',(127.6,85.5,0.));
#6094=CARTESIAN_POINT('',(127.6,85.5,0.));
#6095=CARTESIAN_POINT('',(127.6,85.5,0.));
#6096=CARTESIAN_POINT('',(127.6,85.5,0.));
#6097=CARTESIAN_POINT('Origin',(127.6,-1.77635683940025E-14,0.));
#6098=CARTESIAN_POINT('',(127.6,0.,0.));
#6099=CARTESIAN_POINT('',(127.6,0.,0.));
#6100=CARTESIAN_POINT('',(127.6,-1.77635683940025E-14,0.));
#6101=CARTESIAN_POINT('Origin',(-1.77635683940025E-14,0.,0.));
#6102=CARTESIAN_POINT('',(-1.77635683940025E-14,0.,0.));
#6103=CARTESIAN_POINT('Origin',(-1.77635683940025E-14,1.6,0.));
#6104=CARTESIAN_POINT('Origin',(74.84,32.9333333333333,-3.5));
#6105=CARTESIAN_POINT('Origin',(36.28,52.2666666666667,-3.5));
#6106=CARTESIAN_POINT('Origin',(36.28,71.6,-3.5));
#6107=CARTESIAN_POINT('Origin',(36.28,71.6,-3.5));
#6108=UNCERTAINTY_MEASURE_WITH_UNIT(LENGTH_MEASURE(0.01),#6112,
'DISTANCE_ACCURACY_VALUE',
'Maximum model space distance between geometric entities at asserted c
onnectivities');
#6109=UNCERTAINTY_MEASURE_WITH_UNIT(LENGTH_MEASURE(0.01),#6112,
'DISTANCE_ACCURACY_VALUE',
'Maximum model space distance between geometric entities at asserted c
onnectivities');
#6110=(
GEOMETRIC_REPRESENTATION_CONTEXT(3)
GLOBAL_UNCERTAINTY_ASSIGNED_CONTEXT((#6108))
GLOBAL_UNIT_ASSIGNED_CONTEXT((#6112,#6114,#6115))
REPRESENTATION_CONTEXT('','3D')
);
#6111=(
GEOMETRIC_REPRESENTATION_CONTEXT(3)
GLOBAL_UNCERTAINTY_ASSIGNED_CONTEXT((#6109))
GLOBAL_UNIT_ASSIGNED_CONTEXT((#6112,#6114,#6115))
REPRESENTATION_CONTEXT('','3D')
);
#6112=(
LENGTH_UNIT()
NAMED_UNIT(*)
SI_UNIT(.MILLI.,.METRE.)
);
#6113=(
LENGTH_UNIT()
NAMED_UNIT(*)
SI_UNIT($,.METRE.)
);
#6114=(
NAMED_UNIT(*)
PLANE_ANGLE_UNIT()
SI_UNIT($,.RADIAN.)
);
#6115=(
NAMED_UNIT(*)
SI_UNIT($,.STERADIAN.)
SOLID_ANGLE_UNIT()
);
#6116=SHAPE_DEFINITION_REPRESENTATION(#6117,#6118);
#6117=PRODUCT_DEFINITION_SHAPE('',$,#6120);
#6118=SHAPE_REPRESENTATION('',(#3588),#6110);
#6119=PRODUCT_DEFINITION_CONTEXT('part definition',#6124,'design');
#6120=PRODUCT_DEFINITION('Darkfield 24 3.0','Darkfield 24 3.0 v6',#6121,
#6119);
#6121=PRODUCT_DEFINITION_FORMATION('',$,#6126);
#6122=PRODUCT_RELATED_PRODUCT_CATEGORY('Darkfield 24 3.0 v6',
'Darkfield 24 3.0 v6',(#6126));
#6123=APPLICATION_PROTOCOL_DEFINITION('international standard',
'automotive_design',2009,#6124);
#6124=APPLICATION_CONTEXT(
'Core Data for Automotive Mechanical Design Process');
#6125=PRODUCT_CONTEXT('part definition',#6124,'mechanical');
#6126=PRODUCT('Darkfield 24 3.0','Darkfield 24 3.0 v6',$,(#6125));
#6127=PRESENTATION_STYLE_ASSIGNMENT((#6128));
#6128=SURFACE_STYLE_USAGE(.BOTH.,#6129);
#6129=SURFACE_SIDE_STYLE('',(#6130));
#6130=SURFACE_STYLE_FILL_AREA(#6131);
#6131=FILL_AREA_STYLE('Steel - Satin',(#6132));
#6132=FILL_AREA_STYLE_COLOUR('Steel - Satin',#6133);
#6133=COLOUR_RGB('Steel - Satin',0.627450980392157,0.627450980392157,0.627450980392157);
ENDSEC;
END-ISO-10303-21;
