ISO-10303-21;
HEADER;
/* Generated by software containing ST-Developer
 * from STEP Tools, Inc. (www.steptools.com) 
 */

FILE_DESCRIPTION(
/* description */ (''),
/* implementation_level */ '2;1');

FILE_NAME(
/* name */ 'StentorCam PlayerOne_v3.step',
/* time_stamp */ '2026-10-04T11:14:49-07:00',
/* author */ (''),
/* organization */ (''),
/* preprocessor_version */ 'ST-DEVELOPER v20.1',
/* originating_system */ 'Autodesk Translation Framework v15.8.0.0',
/* authorisation */ '');

FILE_SCHEMA (('AUTOMOTIVE_DESIGN { 1 0 10303 214 3 1 1 }'));
ENDSEC;

DATA;
#10=MECHANICAL_DESIGN_GEOMETRIC_PRESENTATION_REPRESENTATION('',(#13),#12177);
#11=SHAPE_REPRESENTATION_RELATIONSHIP('SRR','None',#12184,#12);
#12=ADVANCED_BREP_SHAPE_REPRESENTATION('',(#14),#12176);
#13=STYLED_ITEM('',(#12193),#14);
#14=MANIFOLD_SOLID_BREP('Body1',#3203);
#15=B_SPLINE_SURFACE_WITH_KNOTS('',3,3,((#8213,#8214,#8215,#8216,#8217,
#8218),(#8219,#8220,#8221,#8222,#8223,#8224),(#8225,#8226,#8227,#8228,#8229,
#8230),(#8231,#8232,#8233,#8234,#8235,#8236)),.UNSPECIFIED.,.F.,.F.,.F.,
(4,4),(4,1,1,4),(0.,0.0321584099938621),(193.623193174024,194.307890242366,
194.992587310708,195.67728437905),.UNSPECIFIED.);
#16=B_SPLINE_SURFACE_WITH_KNOTS('',3,3,((#8288,#8289,#8290,#8291,#8292,
#8293),(#8294,#8295,#8296,#8297,#8298,#8299),(#8300,#8301,#8302,#8303,#8304,
#8305),(#8306,#8307,#8308,#8309,#8310,#8311)),.UNSPECIFIED.,.F.,.F.,.F.,
(4,4),(4,1,1,4),(0.,0.0321584099938621),(193.331107781495,194.179925583841,
195.028743386187,195.877561188533),.UNSPECIFIED.);
#17=B_SPLINE_SURFACE_WITH_KNOTS('',3,3,((#8355,#8356,#8357,#8358,#8359,
#8360,#8361),(#8362,#8363,#8364,#8365,#8366,#8367,#8368),(#8369,#8370,#8371,
#8372,#8373,#8374,#8375),(#8376,#8377,#8378,#8379,#8380,#8381,#8382)),
 .UNSPECIFIED.,.F.,.F.,.F.,(4,4),(4,1,1,1,4),(0.,0.0321584099938621),(186.567147898586,
187.436616506379,188.306085114172,189.175553721964,190.045022329757),
 .UNSPECIFIED.);
#18=B_SPLINE_SURFACE_WITH_KNOTS('',3,3,((#8418,#8419,#8420,#8421,#8422,
#8423,#8424,#8425),(#8426,#8427,#8428,#8429,#8430,#8431,#8432,#8433),(#8434,
#8435,#8436,#8437,#8438,#8439,#8440,#8441),(#8442,#8443,#8444,#8445,#8446,
#8447,#8448,#8449)),.UNSPECIFIED.,.F.,.F.,.F.,(4,4),(4,1,1,1,1,4),(0.,0.0321584099938621),
(185.922992537896,186.805781263231,187.688569988566,188.571358713901,189.454147439236,
190.336936164572),.UNSPECIFIED.);
#19=B_SPLINE_SURFACE_WITH_KNOTS('',3,3,((#8506,#8507,#8508,#8509,#8510,
#8511,#8512,#8513,#8514,#8515,#8516,#8517,#8518,#8519,#8520,#8521,#8522,
#8523,#8524,#8525,#8526,#8527,#8528,#8529,#8530,#8531,#8532,#8533,#8534,
#8535,#8536,#8537,#8538,#8539,#8540,#8541,#8542,#8543,#8544,#8545,#8546,
#8547,#8548,#8549,#8550,#8551,#8552,#8553,#8554,#8555,#8556,#8557,#8558,
#8559,#8560,#8561,#8562,#8563,#8564,#8565,#8566,#8567,#8568,#8569,#8570,
#8571,#8572,#8573,#8574,#8575,#8576,#8577,#8578,#8579,#8580,#8581,#8582,
#8583,#8584,#8585,#8586,#8587,#8588,#8589,#8590,#8591,#8592,#8593,#8594,
#8595,#8596,#8597,#8598,#8599,#8600,#8601,#8602,#8603,#8604,#8605,#8606,
#8607,#8608,#8609,#8610,#8611,#8612,#8613,#8614,#8615,#8616,#8617,#8618,
#8619,#8620,#8621,#8622,#8623,#8624,#8625,#8626,#8627,#8628,#8629,#8630,
#8631,#8632,#8633,#8634,#8635,#8636,#8637,#8638,#8639,#8640,#8641,#8642,
#8643,#8644,#8645,#8646,#8647,#8648,#8649,#8650,#8651,#8652,#8653,#8654,
#8655,#8656,#8657,#8658,#8659,#8660,#8661,#8662,#8663,#8664,#8665,#8666,
#8667,#8668,#8669,#8670,#8671,#8672,#8673,#8674,#8675,#8676,#8677,#8678,
#8679,#8680,#8681),(#8682,#8683,#8684,#8685,#8686,#8687,#8688,#8689,#8690,
#8691,#8692,#8693,#8694,#8695,#8696,#8697,#8698,#8699,#8700,#8701,#8702,
#8703,#8704,#8705,#8706,#8707,#8708,#8709,#8710,#8711,#8712,#8713,#8714,
#8715,#8716,#8717,#8718,#8719,#8720,#8721,#8722,#8723,#8724,#8725,#8726,
#8727,#8728,#8729,#8730,#8731,#8732,#8733,#8734,#8735,#8736,#8737,#8738,
#8739,#8740,#8741,#8742,#8743,#8744,#8745,#8746,#8747,#8748,#8749,#8750,
#8751,#8752,#8753,#8754,#8755,#8756,#8757,#8758,#8759,#8760,#8761,#8762,
#8763,#8764,#8765,#8766,#8767,#8768,#8769,#8770,#8771,#8772,#8773,#8774,
#8775,#8776,#8777,#8778,#8779,#8780,#8781,#8782,#8783,#8784,#8785,#8786,
#8787,#8788,#8789,#8790,#8791,#8792,#8793,#8794,#8795,#8796,#8797,#8798,
#8799,#8800,#8801,#8802,#8803,#8804,#8805,#8806,#8807,#8808,#8809,#8810,
#8811,#8812,#8813,#8814,#8815,#8816,#8817,#8818,#8819,#8820,#8821,#8822,
#8823,#8824,#8825,#8826,#8827,#8828,#8829,#8830,#8831,#8832,#8833,#8834,
#8835,#8836,#8837,#8838,#8839,#8840,#8841,#8842,#8843,#8844,#8845,#8846,
#8847,#8848,#8849,#8850,#8851,#8852,#8853,#8854,#8855,#8856,#8857),(#8858,
#8859,#8860,#8861,#8862,#8863,#8864,#8865,#8866,#8867,#8868,#8869,#8870,
#8871,#8872,#8873,#8874,#8875,#8876,#8877,#8878,#8879,#8880,#8881,#8882,
#8883,#8884,#8885,#8886,#8887,#8888,#8889,#8890,#8891,#8892,#8893,#8894,
#8895,#8896,#8897,#8898,#8899,#8900,#8901,#8902,#8903,#8904,#8905,#8906,
#8907,#8908,#8909,#8910,#8911,#8912,#8913,#8914,#8915,#8916,#8917,#8918,
#8919,#8920,#8921,#8922,#8923,#8924,#8925,#8926,#8927,#8928,#8929,#8930,
#8931,#8932,#8933,#8934,#8935,#8936,#8937,#8938,#8939,#8940,#8941,#8942,
#8943,#8944,#8945,#8946,#8947,#8948,#8949,#8950,#8951,#8952,#8953,#8954,
#8955,#8956,#8957,#8958,#8959,#8960,#8961,#8962,#8963,#8964,#8965,#8966,
#8967,#8968,#8969,#8970,#8971,#8972,#8973,#8974,#8975,#8976,#8977,#8978,
#8979,#8980,#8981,#8982,#8983,#8984,#8985,#8986,#8987,#8988,#8989,#8990,
#8991,#8992,#8993,#8994,#8995,#8996,#8997,#8998,#8999,#9000,#9001,#9002,
#9003,#9004,#9005,#9006,#9007,#9008,#9009,#9010,#9011,#9012,#9013,#9014,
#9015,#9016,#9017,#9018,#9019,#9020,#9021,#9022,#9023,#9024,#9025,#9026,
#9027,#9028,#9029,#9030,#9031,#9032,#9033),(#9034,#9035,#9036,#9037,#9038,
#9039,#9040,#9041,#9042,#9043,#9044,#9045,#9046,#9047,#9048,#9049,#9050,
#9051,#9052,#9053,#9054,#9055,#9056,#9057,#9058,#9059,#9060,#9061,#9062,
#9063,#9064,#9065,#9066,#9067,#9068,#9069,#9070,#9071,#9072,#9073,#9074,
#9075,#9076,#9077,#9078,#9079,#9080,#9081,#9082,#9083,#9084,#9085,#9086,
#9087,#9088,#9089,#9090,#9091,#9092,#9093,#9094,#9095,#9096,#9097,#9098,
#9099,#9100,#9101,#9102,#9103,#9104,#9105,#9106,#9107,#9108,#9109,#9110,
#9111,#9112,#9113,#9114,#9115,#9116,#9117,#9118,#9119,#9120,#9121,#9122,
#9123,#9124,#9125,#9126,#9127,#9128,#9129,#9130,#9131,#9132,#9133,#9134,
#9135,#9136,#9137,#9138,#9139,#9140,#9141,#9142,#9143,#9144,#9145,#9146,
#9147,#9148,#9149,#9150,#9151,#9152,#9153,#9154,#9155,#9156,#9157,#9158,
#9159,#9160,#9161,#9162,#9163,#9164,#9165,#9166,#9167,#9168,#9169,#9170,
#9171,#9172,#9173,#9174,#9175,#9176,#9177,#9178,#9179,#9180,#9181,#9182,
#9183,#9184,#9185,#9186,#9187,#9188,#9189,#9190,#9191,#9192,#9193,#9194,
#9195,#9196,#9197,#9198,#9199,#9200,#9201,#9202,#9203,#9204,#9205,#9206,
#9207,#9208,#9209)),.UNSPECIFIED.,.F.,.F.,.F.,(4,4),(4,1,1,1,1,1,1,1,1,
1,1,1,1,1,1,1,1,1,1,1,1,1,1,1,1,1,1,1,1,1,1,1,1,1,1,1,1,1,1,1,1,1,1,1,1,
1,1,1,1,1,1,1,1,1,1,1,1,1,1,1,1,1,1,1,1,1,1,1,1,1,1,1,1,1,1,1,1,1,1,1,1,
1,1,1,1,1,1,1,1,1,1,1,1,1,1,1,1,1,1,1,1,1,1,1,1,1,1,1,1,1,1,1,1,1,1,1,1,
1,1,1,1,1,1,1,1,1,1,1,1,1,1,1,1,1,1,1,1,1,1,1,1,1,1,1,1,1,1,1,1,1,1,1,1,
1,1,1,1,1,1,1,1,1,1,1,1,1,1,1,1,1,1,1,1,4),(0.,0.0321584099938621),(11.8553612635795,
12.8527479371452,13.850134610711,14.8475212842767,15.8449079578425,16.8422946314083,
17.839681304974,18.8370679785398,19.8344546521055,20.8318413256713,21.8292279992371,
22.8266146728028,23.8240013463686,24.8213880199343,25.8187746935001,26.8161613670659,
27.8135480406316,28.8109347141974,29.8083213877631,30.8057080613289,31.8030947348947,
32.8004814084604,33.7978680820262,34.7952547555919,35.7926414291577,36.7900281027234,
37.7874147762892,38.784801449855,39.7821881234207,40.7795747969865,41.7769614705522,
42.774348144118,43.7717348176838,44.7691214912495,45.7665081648153,46.763894838381,
47.7612815119468,48.7586681855126,49.7560548590783,50.7534415326441,51.7508282062098,
52.7482148797756,53.7456015533413,54.7429882269071,55.7403749004729,56.7377615740386,
57.7351482476044,58.7325349211701,59.7299215947359,60.7273082683017,61.7246949418674,
62.7220816154332,63.7194682889989,64.7168549625647,65.7142416361305,66.7116283096962,
67.709014983262,68.7064016568277,69.7037883303935,70.7011750039592,71.698561677525,
72.6959483510908,73.6933350246565,74.6907216982223,75.688108371788,76.6854950453538,
77.6828817189196,78.6802683924853,79.6776550660511,80.6750417396168,81.6724284131826,
82.6698150867484,83.6672017603141,84.6645884338799,85.6619751074456,86.6593617810114,
87.6567484545772,88.6541351281429,89.6515218017087,90.6489084752744,91.6462951488402,
92.643681822406,93.6410684959717,94.6384551695375,95.6358418431032,96.633228516669,
97.6306151902347,98.6280018638005,99.6253885373663,100.622775210932,101.620161884498,
102.617548558064,103.614935231629,104.612321905195,105.609708578761,106.607095252327,
107.604481925892,108.601868599458,109.599255273024,110.59664194659,111.594028620155,
112.591415293721,113.588801967287,114.586188640853,115.583575314418,116.580961987984,
117.57834866155,118.575735335116,119.573122008681,120.570508682247,121.567895355813,
122.565282029379,123.562668702944,124.56005537651,125.557442050076,126.554828723642,
127.552215397208,128.549602070773,129.546988744339,130.544375417905,131.541762091471,
132.539148765036,133.536535438602,134.533922112168,135.531308785734,136.528695459299,
137.526082132865,138.523468806431,139.520855479997,140.518242153562,141.515628827128,
142.513015500694,143.51040217426,144.507788847825,145.505175521391,146.502562194957,
147.499948868523,148.497335542088,149.494722215654,150.49210888922,151.489495562786,
152.486882236352,153.484268909917,154.481655583483,155.479042257049,156.476428930615,
157.47381560418,158.471202277746,159.468588951312,160.465975624878,161.463362298443,
162.460748972009,163.458135645575,164.455522319141,165.452908992706,166.450295666272,
167.447682339838,168.445069013404,169.442455686969,170.439842360535,171.437229034101,
172.434615707667,173.432002381232,174.429389054798,175.426775728364,176.42416240193,
177.421549075495,178.418935749061,179.416322422627,180.413709096193,181.411095769759,
182.408482443324,183.40586911689,184.403255790456),.UNSPECIFIED.);
#20=B_SPLINE_SURFACE_WITH_KNOTS('',3,3,((#9311,#9312,#9313,#9314,#9315,
#9316,#9317,#9318,#9319,#9320,#9321,#9322,#9323,#9324,#9325,#9326,#9327,
#9328,#9329,#9330,#9331,#9332,#9333,#9334,#9335,#9336,#9337,#9338,#9339,
#9340,#9341,#9342,#9343,#9344,#9345,#9346,#9347,#9348,#9349,#9350,#9351,
#9352,#9353,#9354,#9355,#9356,#9357,#9358,#9359,#9360,#9361,#9362,#9363,
#9364,#9365,#9366,#9367,#9368,#9369,#9370,#9371,#9372,#9373,#9374,#9375,
#9376,#9377,#9378,#9379,#9380,#9381,#9382,#9383,#9384,#9385,#9386,#9387,
#9388,#9389,#9390,#9391,#9392,#9393,#9394,#9395,#9396,#9397,#9398,#9399,
#9400,#9401,#9402,#9403,#9404,#9405,#9406,#9407,#9408,#9409,#9410,#9411,
#9412,#9413,#9414,#9415,#9416,#9417,#9418,#9419,#9420,#9421,#9422,#9423,
#9424,#9425,#9426,#9427,#9428,#9429,#9430,#9431,#9432,#9433,#9434,#9435,
#9436,#9437,#9438,#9439,#9440,#9441,#9442,#9443,#9444,#9445,#9446,#9447,
#9448,#9449,#9450,#9451,#9452,#9453,#9454,#9455,#9456,#9457,#9458,#9459,
#9460,#9461,#9462,#9463,#9464,#9465,#9466,#9467,#9468,#9469,#9470,#9471,
#9472,#9473,#9474,#9475,#9476,#9477,#9478,#9479,#9480,#9481,#9482,#9483,
#9484),(#9485,#9486,#9487,#9488,#9489,#9490,#9491,#9492,#9493,#9494,#9495,
#9496,#9497,#9498,#9499,#9500,#9501,#9502,#9503,#9504,#9505,#9506,#9507,
#9508,#9509,#9510,#9511,#9512,#9513,#9514,#9515,#9516,#9517,#9518,#9519,
#9520,#9521,#9522,#9523,#9524,#9525,#9526,#9527,#9528,#9529,#9530,#9531,
#9532,#9533,#9534,#9535,#9536,#9537,#9538,#9539,#9540,#9541,#9542,#9543,
#9544,#9545,#9546,#9547,#9548,#9549,#9550,#9551,#9552,#9553,#9554,#9555,
#9556,#9557,#9558,#9559,#9560,#9561,#9562,#9563,#9564,#9565,#9566,#9567,
#9568,#9569,#9570,#9571,#9572,#9573,#9574,#9575,#9576,#9577,#9578,#9579,
#9580,#9581,#9582,#9583,#9584,#9585,#9586,#9587,#9588,#9589,#9590,#9591,
#9592,#9593,#9594,#9595,#9596,#9597,#9598,#9599,#9600,#9601,#9602,#9603,
#9604,#9605,#9606,#9607,#9608,#9609,#9610,#9611,#9612,#9613,#9614,#9615,
#9616,#9617,#9618,#9619,#9620,#9621,#9622,#9623,#9624,#9625,#9626,#9627,
#9628,#9629,#9630,#9631,#9632,#9633,#9634,#9635,#9636,#9637,#9638,#9639,
#9640,#9641,#9642,#9643,#9644,#9645,#9646,#9647,#9648,#9649,#9650,#9651,
#9652,#9653,#9654,#9655,#9656,#9657,#9658),(#9659,#9660,#9661,#9662,#9663,
#9664,#9665,#9666,#9667,#9668,#9669,#9670,#9671,#9672,#9673,#9674,#9675,
#9676,#9677,#9678,#9679,#9680,#9681,#9682,#9683,#9684,#9685,#9686,#9687,
#9688,#9689,#9690,#9691,#9692,#9693,#9694,#9695,#9696,#9697,#9698,#9699,
#9700,#9701,#9702,#9703,#9704,#9705,#9706,#9707,#9708,#9709,#9710,#9711,
#9712,#9713,#9714,#9715,#9716,#9717,#9718,#9719,#9720,#9721,#9722,#9723,
#9724,#9725,#9726,#9727,#9728,#9729,#9730,#9731,#9732,#9733,#9734,#9735,
#9736,#9737,#9738,#9739,#9740,#9741,#9742,#9743,#9744,#9745,#9746,#9747,
#9748,#9749,#9750,#9751,#9752,#9753,#9754,#9755,#9756,#9757,#9758,#9759,
#9760,#9761,#9762,#9763,#9764,#9765,#9766,#9767,#9768,#9769,#9770,#9771,
#9772,#9773,#9774,#9775,#9776,#9777,#9778,#9779,#9780,#9781,#9782,#9783,
#9784,#9785,#9786,#9787,#9788,#9789,#9790,#9791,#9792,#9793,#9794,#9795,
#9796,#9797,#9798,#9799,#9800,#9801,#9802,#9803,#9804,#9805,#9806,#9807,
#9808,#9809,#9810,#9811,#9812,#9813,#9814,#9815,#9816,#9817,#9818,#9819,
#9820,#9821,#9822,#9823,#9824,#9825,#9826,#9827,#9828,#9829,#9830,#9831,
#9832),(#9833,#9834,#9835,#9836,#9837,#9838,#9839,#9840,#9841,#9842,#9843,
#9844,#9845,#9846,#9847,#9848,#9849,#9850,#9851,#9852,#9853,#9854,#9855,
#9856,#9857,#9858,#9859,#9860,#9861,#9862,#9863,#9864,#9865,#9866,#9867,
#9868,#9869,#9870,#9871,#9872,#9873,#9874,#9875,#9876,#9877,#9878,#9879,
#9880,#9881,#9882,#9883,#9884,#9885,#9886,#9887,#9888,#9889,#9890,#9891,
#9892,#9893,#9894,#9895,#9896,#9897,#9898,#9899,#9900,#9901,#9902,#9903,
#9904,#9905,#9906,#9907,#9908,#9909,#9910,#9911,#9912,#9913,#9914,#9915,
#9916,#9917,#9918,#9919,#9920,#9921,#9922,#9923,#9924,#9925,#9926,#9927,
#9928,#9929,#9930,#9931,#9932,#9933,#9934,#9935,#9936,#9937,#9938,#9939,
#9940,#9941,#9942,#9943,#9944,#9945,#9946,#9947,#9948,#9949,#9950,#9951,
#9952,#9953,#9954,#9955,#9956,#9957,#9958,#9959,#9960,#9961,#9962,#9963,
#9964,#9965,#9966,#9967,#9968,#9969,#9970,#9971,#9972,#9973,#9974,#9975,
#9976,#9977,#9978,#9979,#9980,#9981,#9982,#9983,#9984,#9985,#9986,#9987,
#9988,#9989,#9990,#9991,#9992,#9993,#9994,#9995,#9996,#9997,#9998,#9999,
#10000,#10001,#10002,#10003,#10004,#10005,#10006)),.UNSPECIFIED.,.F.,.F.,
 .F.,(4,4),(4,1,1,1,1,1,1,1,1,1,1,1,1,1,1,1,1,1,1,1,1,1,1,1,1,1,1,1,1,1,
1,1,1,1,1,1,1,1,1,1,1,1,1,1,1,1,1,1,1,1,1,1,1,1,1,1,1,1,1,1,1,1,1,1,1,1,
1,1,1,1,1,1,1,1,1,1,1,1,1,1,1,1,1,1,1,1,1,1,1,1,1,1,1,1,1,1,1,1,1,1,1,1,
1,1,1,1,1,1,1,1,1,1,1,1,1,1,1,1,1,1,1,1,1,1,1,1,1,1,1,1,1,1,1,1,1,1,1,1,
1,1,1,1,1,1,1,1,1,1,1,1,1,1,1,1,1,1,1,1,1,1,1,1,1,1,1,1,1,1,1,1,1,4),(0.,
0.0321584099938621),(14.398400126972,15.3963903416254,16.3943805562789,
17.3923707709323,18.3903609855857,19.3883512002391,20.3863414148926,21.384331629546,
22.3823218441994,23.3803120588529,24.3783022735063,25.3762924881597,26.3742827028131,
27.3722729174666,28.37026313212,29.3682533467734,30.3662435614268,31.3642337760803,
32.3622239907337,33.3602142053871,34.3582044200406,35.356194634694,36.3541848493474,
37.3521750640008,38.3501652786543,39.3481554933077,40.3461457079611,41.3441359226145,
42.342126137268,43.3401163519214,44.3381065665748,45.3360967812283,46.3340869958817,
47.3320772105351,48.3300674251885,49.328057639842,50.3260478544954,51.3240380691488,
52.3220282838023,53.3200184984557,54.3180087131091,55.3159989277625,56.313989142416,
57.3119793570694,58.3099695717228,59.3079597863763,60.3059500010297,61.3039402156831,
62.3019304303365,63.29992064499,64.2979108596434,65.2959010742968,66.2938912889502,
67.2918815036037,68.2898717182571,69.2878619329105,70.285852147564,71.2838423622174,
72.2818325768708,73.2798227915242,74.2778130061777,75.2758032208311,76.2737934354845,
77.2717836501379,78.2697738647914,79.2677640794448,80.2657542940982,81.2637445087517,
82.2617347234051,83.2597249380585,84.2577151527119,85.2557053673654,86.2536955820188,
87.2516857966722,88.2496760113256,89.2476662259791,90.2456564406325,91.2436466552859,
92.2416368699394,93.2396270845928,94.2376172992462,95.2356075138997,96.2335977285531,
97.2315879432065,98.2295781578599,99.2275683725134,100.225558587167,101.22354880182,
102.221539016474,103.219529231127,104.217519445781,105.215509660434,106.213499875087,
107.211490089741,108.209480304394,109.207470519048,110.205460733701,111.203450948354,
112.201441163008,113.199431377661,114.197421592315,115.195411806968,116.193402021622,
117.191392236275,118.189382450928,119.187372665582,120.185362880235,121.183353094889,
122.181343309542,123.179333524196,124.177323738849,125.175313953502,126.173304168156,
127.171294382809,128.169284597463,129.167274812116,130.16526502677,131.163255241423,
132.161245456076,133.15923567073,134.157225885383,135.155216100037,136.15320631469,
137.151196529344,138.149186743997,139.14717695865,140.145167173304,141.143157387957,
142.141147602611,143.139137817264,144.137128031918,145.135118246571,146.133108461224,
147.131098675878,148.129088890531,149.127079105185,150.125069319838,151.123059534492,
152.121049749145,153.119039963798,154.117030178452,155.115020393105,156.113010607759,
157.111000822412,158.108991037066,159.106981251719,160.104971466372,161.102961681026,
162.100951895679,163.098942110333,164.096932324986,165.09492253964,166.092912754293,
167.090902968946,168.0888931836,169.086883398253,170.084873612907,171.08286382756,
172.080854042214,173.078844256867,174.07683447152,175.074824686174,176.072814900827,
177.070805115481,178.068795330134,179.066785544788,180.064775759441,181.062765974094,
182.060756188748,183.058746403401,184.056736618055,185.054726832708),
 .UNSPECIFIED.);
#21=B_SPLINE_SURFACE_WITH_KNOTS('',3,3,((#10336,#10337,#10338,#10339,#10340,
#10341,#10342,#10343,#10344,#10345,#10346,#10347,#10348,#10349,#10350,#10351,
#10352,#10353,#10354,#10355,#10356,#10357,#10358,#10359,#10360,#10361,#10362,
#10363,#10364,#10365,#10366,#10367,#10368,#10369,#10370,#10371,#10372,#10373,
#10374,#10375,#10376,#10377,#10378,#10379,#10380,#10381,#10382,#10383,#10384,
#10385,#10386,#10387,#10388,#10389,#10390,#10391,#10392,#10393,#10394,#10395,
#10396,#10397,#10398,#10399,#10400,#10401,#10402,#10403,#10404,#10405,#10406,
#10407,#10408,#10409,#10410,#10411,#10412,#10413,#10414,#10415,#10416,#10417,
#10418,#10419,#10420,#10421,#10422,#10423,#10424,#10425,#10426,#10427,#10428,
#10429,#10430,#10431,#10432,#10433,#10434,#10435,#10436,#10437,#10438,#10439,
#10440,#10441,#10442,#10443,#10444,#10445,#10446,#10447,#10448,#10449,#10450,
#10451,#10452,#10453,#10454,#10455,#10456,#10457,#10458,#10459,#10460,#10461,
#10462,#10463,#10464,#10465,#10466,#10467,#10468,#10469,#10470,#10471,#10472,
#10473,#10474,#10475,#10476,#10477,#10478,#10479,#10480,#10481,#10482,#10483,
#10484,#10485,#10486,#10487,#10488,#10489,#10490,#10491,#10492,#10493,#10494,
#10495,#10496,#10497,#10498,#10499,#10500,#10501,#10502,#10503,#10504,#10505,
#10506,#10507,#10508,#10509),(#10510,#10511,#10512,#10513,#10514,#10515,
#10516,#10517,#10518,#10519,#10520,#10521,#10522,#10523,#10524,#10525,#10526,
#10527,#10528,#10529,#10530,#10531,#10532,#10533,#10534,#10535,#10536,#10537,
#10538,#10539,#10540,#10541,#10542,#10543,#10544,#10545,#10546,#10547,#10548,
#10549,#10550,#10551,#10552,#10553,#10554,#10555,#10556,#10557,#10558,#10559,
#10560,#10561,#10562,#10563,#10564,#10565,#10566,#10567,#10568,#10569,#10570,
#10571,#10572,#10573,#10574,#10575,#10576,#10577,#10578,#10579,#10580,#10581,
#10582,#10583,#10584,#10585,#10586,#10587,#10588,#10589,#10590,#10591,#10592,
#10593,#10594,#10595,#10596,#10597,#10598,#10599,#10600,#10601,#10602,#10603,
#10604,#10605,#10606,#10607,#10608,#10609,#10610,#10611,#10612,#10613,#10614,
#10615,#10616,#10617,#10618,#10619,#10620,#10621,#10622,#10623,#10624,#10625,
#10626,#10627,#10628,#10629,#10630,#10631,#10632,#10633,#10634,#10635,#10636,
#10637,#10638,#10639,#10640,#10641,#10642,#10643,#10644,#10645,#10646,#10647,
#10648,#10649,#10650,#10651,#10652,#10653,#10654,#10655,#10656,#10657,#10658,
#10659,#10660,#10661,#10662,#10663,#10664,#10665,#10666,#10667,#10668,#10669,
#10670,#10671,#10672,#10673,#10674,#10675,#10676,#10677,#10678,#10679,#10680,
#10681,#10682,#10683),(#10684,#10685,#10686,#10687,#10688,#10689,#10690,
#10691,#10692,#10693,#10694,#10695,#10696,#10697,#10698,#10699,#10700,#10701,
#10702,#10703,#10704,#10705,#10706,#10707,#10708,#10709,#10710,#10711,#10712,
#10713,#10714,#10715,#10716,#10717,#10718,#10719,#10720,#10721,#10722,#10723,
#10724,#10725,#10726,#10727,#10728,#10729,#10730,#10731,#10732,#10733,#10734,
#10735,#10736,#10737,#10738,#10739,#10740,#10741,#10742,#10743,#10744,#10745,
#10746,#10747,#10748,#10749,#10750,#10751,#10752,#10753,#10754,#10755,#10756,
#10757,#10758,#10759,#10760,#10761,#10762,#10763,#10764,#10765,#10766,#10767,
#10768,#10769,#10770,#10771,#10772,#10773,#10774,#10775,#10776,#10777,#10778,
#10779,#10780,#10781,#10782,#10783,#10784,#10785,#10786,#10787,#10788,#10789,
#10790,#10791,#10792,#10793,#10794,#10795,#10796,#10797,#10798,#10799,#10800,
#10801,#10802,#10803,#10804,#10805,#10806,#10807,#10808,#10809,#10810,#10811,
#10812,#10813,#10814,#10815,#10816,#10817,#10818,#10819,#10820,#10821,#10822,
#10823,#10824,#10825,#10826,#10827,#10828,#10829,#10830,#10831,#10832,#10833,
#10834,#10835,#10836,#10837,#10838,#10839,#10840,#10841,#10842,#10843,#10844,
#10845,#10846,#10847,#10848,#10849,#10850,#10851,#10852,#10853,#10854,#10855,
#10856,#10857),(#10858,#10859,#10860,#10861,#10862,#10863,#10864,#10865,
#10866,#10867,#10868,#10869,#10870,#10871,#10872,#10873,#10874,#10875,#10876,
#10877,#10878,#10879,#10880,#10881,#10882,#10883,#10884,#10885,#10886,#10887,
#10888,#10889,#10890,#10891,#10892,#10893,#10894,#10895,#10896,#10897,#10898,
#10899,#10900,#10901,#10902,#10903,#10904,#10905,#10906,#10907,#10908,#10909,
#10910,#10911,#10912,#10913,#10914,#10915,#10916,#10917,#10918,#10919,#10920,
#10921,#10922,#10923,#10924,#10925,#10926,#10927,#10928,#10929,#10930,#10931,
#10932,#10933,#10934,#10935,#10936,#10937,#10938,#10939,#10940,#10941,#10942,
#10943,#10944,#10945,#10946,#10947,#10948,#10949,#10950,#10951,#10952,#10953,
#10954,#10955,#10956,#10957,#10958,#10959,#10960,#10961,#10962,#10963,#10964,
#10965,#10966,#10967,#10968,#10969,#10970,#10971,#10972,#10973,#10974,#10975,
#10976,#10977,#10978,#10979,#10980,#10981,#10982,#10983,#10984,#10985,#10986,
#10987,#10988,#10989,#10990,#10991,#10992,#10993,#10994,#10995,#10996,#10997,
#10998,#10999,#11000,#11001,#11002,#11003,#11004,#11005,#11006,#11007,#11008,
#11009,#11010,#11011,#11012,#11013,#11014,#11015,#11016,#11017,#11018,#11019,
#11020,#11021,#11022,#11023,#11024,#11025,#11026,#11027,#11028,#11029,#11030,
#11031)),.UNSPECIFIED.,.F.,.F.,.F.,(4,4),(4,1,1,1,1,1,1,1,1,1,1,1,1,1,1,
1,1,1,1,1,1,1,1,1,1,1,1,1,1,1,1,1,1,1,1,1,1,1,1,1,1,1,1,1,1,1,1,1,1,1,1,
1,1,1,1,1,1,1,1,1,1,1,1,1,1,1,1,1,1,1,1,1,1,1,1,1,1,1,1,1,1,1,1,1,1,1,1,
1,1,1,1,1,1,1,1,1,1,1,1,1,1,1,1,1,1,1,1,1,1,1,1,1,1,1,1,1,1,1,1,1,1,1,1,
1,1,1,1,1,1,1,1,1,1,1,1,1,1,1,1,1,1,1,1,1,1,1,1,1,1,1,1,1,1,1,1,1,1,1,1,
1,1,1,1,1,1,1,1,1,1,1,1,4),(0.,0.0321584099938621),(14.398400126972,15.3963903416254,
16.3943805562789,17.3923707709323,18.3903609855857,19.3883512002391,20.3863414148926,
21.384331629546,22.3823218441994,23.3803120588528,24.3783022735063,25.3762924881597,
26.3742827028131,27.3722729174666,28.37026313212,29.3682533467734,30.3662435614268,
31.3642337760803,32.3622239907337,33.3602142053871,34.3582044200406,35.356194634694,
36.3541848493474,37.3521750640008,38.3501652786543,39.3481554933077,40.3461457079611,
41.3441359226145,42.342126137268,43.3401163519214,44.3381065665748,45.3360967812282,
46.3340869958817,47.3320772105351,48.3300674251885,49.328057639842,50.3260478544954,
51.3240380691488,52.3220282838022,53.3200184984557,54.3180087131091,55.3159989277625,
56.313989142416,57.3119793570694,58.3099695717228,59.3079597863762,60.3059500010297,
61.3039402156831,62.3019304303365,63.29992064499,64.2979108596434,65.2959010742968,
66.2938912889502,67.2918815036037,68.2898717182571,69.2878619329105,70.2858521475639,
71.2838423622174,72.2818325768708,73.2798227915242,74.2778130061777,75.2758032208311,
76.2737934354845,77.2717836501379,78.2697738647914,79.2677640794448,80.2657542940982,
81.2637445087516,82.2617347234051,83.2597249380585,84.2577151527119,85.2557053673654,
86.2536955820188,87.2516857966722,88.2496760113256,89.2476662259791,90.2456564406325,
91.2436466552859,92.2416368699393,93.2396270845928,94.2376172992462,95.2356075138996,
96.2335977285531,97.2315879432065,98.2295781578599,99.2275683725133,100.225558587167,
101.22354880182,102.221539016474,103.219529231127,104.21751944578,105.215509660434,
106.213499875087,107.211490089741,108.209480304394,109.207470519048,110.205460733701,
111.203450948354,112.201441163008,113.199431377661,114.197421592315,115.195411806968,
116.193402021622,117.191392236275,118.189382450928,119.187372665582,120.185362880235,
121.183353094889,122.181343309542,123.179333524196,124.177323738849,125.175313953502,
126.173304168156,127.171294382809,128.169284597463,129.167274812116,130.16526502677,
131.163255241423,132.161245456076,133.15923567073,134.157225885383,135.155216100037,
136.15320631469,137.151196529344,138.149186743997,139.14717695865,140.145167173304,
141.143157387957,142.141147602611,143.139137817264,144.137128031918,145.135118246571,
146.133108461224,147.131098675878,148.129088890531,149.127079105185,150.125069319838,
151.123059534492,152.121049749145,153.119039963798,154.117030178452,155.115020393105,
156.113010607759,157.111000822412,158.108991037066,159.106981251719,160.104971466372,
161.102961681026,162.100951895679,163.098942110333,164.096932324986,165.09492253964,
166.092912754293,167.090902968946,168.0888931836,169.086883398253,170.084873612907,
171.08286382756,172.080854042214,173.078844256867,174.07683447152,175.074824686174,
176.072814900827,177.070805115481,178.068795330134,179.066785544788,180.064775759441,
181.062765974094,182.060756188748,183.058746403401,184.056736618055,185.054726832708),
 .UNSPECIFIED.);
#22=B_SPLINE_SURFACE_WITH_KNOTS('',3,3,((#11143,#11144,#11145,#11146,#11147,
#11148,#11149,#11150),(#11151,#11152,#11153,#11154,#11155,#11156,#11157,
#11158),(#11159,#11160,#11161,#11162,#11163,#11164,#11165,#11166),(#11167,
#11168,#11169,#11170,#11171,#11172,#11173,#11174)),.UNSPECIFIED.,.F.,.F.,
 .F.,(4,4),(4,1,1,1,1,4),(0.,0.0321584099938621),(185.922992537896,186.805781263231,
187.688569988566,188.571358713901,189.454147439236,190.336936164572),
 .UNSPECIFIED.);
#23=B_SPLINE_SURFACE_WITH_KNOTS('',3,3,((#11183,#11184,#11185,#11186,#11187,
#11188),(#11189,#11190,#11191,#11192,#11193,#11194),(#11195,#11196,#11197,
#11198,#11199,#11200),(#11201,#11202,#11203,#11204,#11205,#11206)),
 .UNSPECIFIED.,.F.,.F.,.F.,(4,4),(4,1,1,4),(0.,0.0321584099938621),(193.331107781495,
194.179925583841,195.028743386187,195.877561188533),.UNSPECIFIED.);
#24=B_SPLINE_SURFACE_WITH_KNOTS('',3,3,((#11243,#11244,#11245,#11246,#11247,
#11248,#11249,#11250,#11251,#11252,#11253,#11254,#11255,#11256,#11257,#11258,
#11259,#11260,#11261,#11262,#11263,#11264,#11265,#11266,#11267,#11268,#11269,
#11270,#11271,#11272,#11273,#11274,#11275,#11276,#11277,#11278,#11279,#11280,
#11281,#11282,#11283,#11284,#11285,#11286,#11287,#11288,#11289,#11290,#11291,
#11292,#11293,#11294,#11295,#11296,#11297,#11298,#11299,#11300,#11301,#11302,
#11303,#11304,#11305,#11306,#11307,#11308,#11309,#11310,#11311,#11312,#11313,
#11314,#11315,#11316,#11317,#11318,#11319,#11320,#11321,#11322,#11323,#11324,
#11325,#11326,#11327,#11328,#11329,#11330,#11331,#11332,#11333,#11334,#11335,
#11336,#11337,#11338,#11339,#11340,#11341,#11342,#11343,#11344,#11345,#11346,
#11347,#11348,#11349,#11350,#11351,#11352,#11353,#11354,#11355,#11356,#11357,
#11358,#11359,#11360,#11361,#11362,#11363,#11364,#11365,#11366,#11367,#11368,
#11369,#11370,#11371,#11372,#11373,#11374,#11375,#11376,#11377,#11378,#11379,
#11380,#11381,#11382,#11383,#11384,#11385,#11386,#11387,#11388,#11389,#11390,
#11391,#11392,#11393,#11394,#11395,#11396,#11397,#11398,#11399,#11400,#11401,
#11402,#11403,#11404,#11405,#11406,#11407,#11408,#11409,#11410,#11411,#11412,
#11413,#11414,#11415,#11416,#11417,#11418),(#11419,#11420,#11421,#11422,
#11423,#11424,#11425,#11426,#11427,#11428,#11429,#11430,#11431,#11432,#11433,
#11434,#11435,#11436,#11437,#11438,#11439,#11440,#11441,#11442,#11443,#11444,
#11445,#11446,#11447,#11448,#11449,#11450,#11451,#11452,#11453,#11454,#11455,
#11456,#11457,#11458,#11459,#11460,#11461,#11462,#11463,#11464,#11465,#11466,
#11467,#11468,#11469,#11470,#11471,#11472,#11473,#11474,#11475,#11476,#11477,
#11478,#11479,#11480,#11481,#11482,#11483,#11484,#11485,#11486,#11487,#11488,
#11489,#11490,#11491,#11492,#11493,#11494,#11495,#11496,#11497,#11498,#11499,
#11500,#11501,#11502,#11503,#11504,#11505,#11506,#11507,#11508,#11509,#11510,
#11511,#11512,#11513,#11514,#11515,#11516,#11517,#11518,#11519,#11520,#11521,
#11522,#11523,#11524,#11525,#11526,#11527,#11528,#11529,#11530,#11531,#11532,
#11533,#11534,#11535,#11536,#11537,#11538,#11539,#11540,#11541,#11542,#11543,
#11544,#11545,#11546,#11547,#11548,#11549,#11550,#11551,#11552,#11553,#11554,
#11555,#11556,#11557,#11558,#11559,#11560,#11561,#11562,#11563,#11564,#11565,
#11566,#11567,#11568,#11569,#11570,#11571,#11572,#11573,#11574,#11575,#11576,
#11577,#11578,#11579,#11580,#11581,#11582,#11583,#11584,#11585,#11586,#11587,
#11588,#11589,#11590,#11591,#11592,#11593,#11594),(#11595,#11596,#11597,
#11598,#11599,#11600,#11601,#11602,#11603,#11604,#11605,#11606,#11607,#11608,
#11609,#11610,#11611,#11612,#11613,#11614,#11615,#11616,#11617,#11618,#11619,
#11620,#11621,#11622,#11623,#11624,#11625,#11626,#11627,#11628,#11629,#11630,
#11631,#11632,#11633,#11634,#11635,#11636,#11637,#11638,#11639,#11640,#11641,
#11642,#11643,#11644,#11645,#11646,#11647,#11648,#11649,#11650,#11651,#11652,
#11653,#11654,#11655,#11656,#11657,#11658,#11659,#11660,#11661,#11662,#11663,
#11664,#11665,#11666,#11667,#11668,#11669,#11670,#11671,#11672,#11673,#11674,
#11675,#11676,#11677,#11678,#11679,#11680,#11681,#11682,#11683,#11684,#11685,
#11686,#11687,#11688,#11689,#11690,#11691,#11692,#11693,#11694,#11695,#11696,
#11697,#11698,#11699,#11700,#11701,#11702,#11703,#11704,#11705,#11706,#11707,
#11708,#11709,#11710,#11711,#11712,#11713,#11714,#11715,#11716,#11717,#11718,
#11719,#11720,#11721,#11722,#11723,#11724,#11725,#11726,#11727,#11728,#11729,
#11730,#11731,#11732,#11733,#11734,#11735,#11736,#11737,#11738,#11739,#11740,
#11741,#11742,#11743,#11744,#11745,#11746,#11747,#11748,#11749,#11750,#11751,
#11752,#11753,#11754,#11755,#11756,#11757,#11758,#11759,#11760,#11761,#11762,
#11763,#11764,#11765,#11766,#11767,#11768,#11769,#11770),(#11771,#11772,
#11773,#11774,#11775,#11776,#11777,#11778,#11779,#11780,#11781,#11782,#11783,
#11784,#11785,#11786,#11787,#11788,#11789,#11790,#11791,#11792,#11793,#11794,
#11795,#11796,#11797,#11798,#11799,#11800,#11801,#11802,#11803,#11804,#11805,
#11806,#11807,#11808,#11809,#11810,#11811,#11812,#11813,#11814,#11815,#11816,
#11817,#11818,#11819,#11820,#11821,#11822,#11823,#11824,#11825,#11826,#11827,
#11828,#11829,#11830,#11831,#11832,#11833,#11834,#11835,#11836,#11837,#11838,
#11839,#11840,#11841,#11842,#11843,#11844,#11845,#11846,#11847,#11848,#11849,
#11850,#11851,#11852,#11853,#11854,#11855,#11856,#11857,#11858,#11859,#11860,
#11861,#11862,#11863,#11864,#11865,#11866,#11867,#11868,#11869,#11870,#11871,
#11872,#11873,#11874,#11875,#11876,#11877,#11878,#11879,#11880,#11881,#11882,
#11883,#11884,#11885,#11886,#11887,#11888,#11889,#11890,#11891,#11892,#11893,
#11894,#11895,#11896,#11897,#11898,#11899,#11900,#11901,#11902,#11903,#11904,
#11905,#11906,#11907,#11908,#11909,#11910,#11911,#11912,#11913,#11914,#11915,
#11916,#11917,#11918,#11919,#11920,#11921,#11922,#11923,#11924,#11925,#11926,
#11927,#11928,#11929,#11930,#11931,#11932,#11933,#11934,#11935,#11936,#11937,
#11938,#11939,#11940,#11941,#11942,#11943,#11944,#11945,#11946)),
 .UNSPECIFIED.,.F.,.F.,.F.,(4,4),(4,1,1,1,1,1,1,1,1,1,1,1,1,1,1,1,1,1,1,
1,1,1,1,1,1,1,1,1,1,1,1,1,1,1,1,1,1,1,1,1,1,1,1,1,1,1,1,1,1,1,1,1,1,1,1,
1,1,1,1,1,1,1,1,1,1,1,1,1,1,1,1,1,1,1,1,1,1,1,1,1,1,1,1,1,1,1,1,1,1,1,1,
1,1,1,1,1,1,1,1,1,1,1,1,1,1,1,1,1,1,1,1,1,1,1,1,1,1,1,1,1,1,1,1,1,1,1,1,
1,1,1,1,1,1,1,1,1,1,1,1,1,1,1,1,1,1,1,1,1,1,1,1,1,1,1,1,1,1,1,1,1,1,1,1,
1,1,1,1,1,1,1,1,1,1,4),(0.,0.0321584099938621),(11.8553612635795,12.8527479371452,
13.850134610711,14.8475212842767,15.8449079578425,16.8422946314083,17.839681304974,
18.8370679785398,19.8344546521055,20.8318413256713,21.8292279992371,22.8266146728028,
23.8240013463686,24.8213880199343,25.8187746935001,26.8161613670659,27.8135480406316,
28.8109347141974,29.8083213877631,30.8057080613289,31.8030947348946,32.8004814084604,
33.7978680820262,34.7952547555919,35.7926414291577,36.7900281027234,37.7874147762892,
38.784801449855,39.7821881234207,40.7795747969865,41.7769614705522,42.774348144118,
43.7717348176838,44.7691214912495,45.7665081648153,46.763894838381,47.7612815119468,
48.7586681855126,49.7560548590783,50.7534415326441,51.7508282062098,52.7482148797756,
53.7456015533413,54.7429882269071,55.7403749004729,56.7377615740386,57.7351482476044,
58.7325349211701,59.7299215947359,60.7273082683017,61.7246949418674,62.7220816154332,
63.7194682889989,64.7168549625647,65.7142416361305,66.7116283096962,67.709014983262,
68.7064016568277,69.7037883303935,70.7011750039592,71.698561677525,72.6959483510908,
73.6933350246565,74.6907216982223,75.688108371788,76.6854950453538,77.6828817189196,
78.6802683924853,79.6776550660511,80.6750417396168,81.6724284131826,82.6698150867484,
83.6672017603141,84.6645884338799,85.6619751074456,86.6593617810114,87.6567484545772,
88.6541351281429,89.6515218017087,90.6489084752744,91.6462951488402,92.643681822406,
93.6410684959717,94.6384551695375,95.6358418431032,96.633228516669,97.6306151902347,
98.6280018638005,99.6253885373663,100.622775210932,101.620161884498,102.617548558064,
103.614935231629,104.612321905195,105.609708578761,106.607095252327,107.604481925892,
108.601868599458,109.599255273024,110.59664194659,111.594028620155,112.591415293721,
113.588801967287,114.586188640853,115.583575314418,116.580961987984,117.57834866155,
118.575735335116,119.573122008681,120.570508682247,121.567895355813,122.565282029379,
123.562668702944,124.56005537651,125.557442050076,126.554828723642,127.552215397208,
128.549602070773,129.546988744339,130.544375417905,131.541762091471,132.539148765036,
133.536535438602,134.533922112168,135.531308785734,136.528695459299,137.526082132865,
138.523468806431,139.520855479997,140.518242153562,141.515628827128,142.513015500694,
143.51040217426,144.507788847825,145.505175521391,146.502562194957,147.499948868523,
148.497335542088,149.494722215654,150.49210888922,151.489495562786,152.486882236352,
153.484268909917,154.481655583483,155.479042257049,156.476428930615,157.47381560418,
158.471202277746,159.468588951312,160.465975624878,161.463362298443,162.460748972009,
163.458135645575,164.455522319141,165.452908992706,166.450295666272,167.447682339838,
168.445069013404,169.442455686969,170.439842360535,171.437229034101,172.434615707667,
173.432002381232,174.429389054798,175.426775728364,176.42416240193,177.421549075495,
178.418935749061,179.416322422627,180.413709096193,181.411095769759,182.408482443324,
183.40586911689,184.403255790456),.UNSPECIFIED.);
#25=B_SPLINE_SURFACE_WITH_KNOTS('',3,3,((#12051,#12052,#12053,#12054,#12055,
#12056,#12057),(#12058,#12059,#12060,#12061,#12062,#12063,#12064),(#12065,
#12066,#12067,#12068,#12069,#12070,#12071),(#12072,#12073,#12074,#12075,
#12076,#12077,#12078)),.UNSPECIFIED.,.F.,.F.,.F.,(4,4),(4,1,1,1,4),(0.,
0.0321584099938621),(186.567147898586,187.436616506379,188.306085114172,
189.175553721964,190.045022329757),.UNSPECIFIED.);
#26=B_SPLINE_SURFACE_WITH_KNOTS('',3,3,((#12099,#12100,#12101,#12102,#12103,
#12104),(#12105,#12106,#12107,#12108,#12109,#12110),(#12111,#12112,#12113,
#12114,#12115,#12116),(#12117,#12118,#12119,#12120,#12121,#12122)),
 .UNSPECIFIED.,.F.,.F.,.F.,(4,4),(4,1,1,4),(0.,0.0321584099938621),(193.623193174024,
194.307890242366,194.992587310708,195.67728437905),.UNSPECIFIED.);
#27=FACE_BOUND('',#390,.T.);
#28=FACE_BOUND('',#414,.T.);
#29=FACE_BOUND('',#431,.T.);
#30=FACE_BOUND('',#439,.T.);
#31=FACE_BOUND('',#440,.T.);
#32=PLANE('',#3376);
#33=PLANE('',#3389);
#34=PLANE('',#3390);
#35=PLANE('',#3394);
#36=PLANE('',#3398);
#37=PLANE('',#3400);
#38=PLANE('',#3401);
#39=PLANE('',#3403);
#40=PLANE('',#3419);
#41=PLANE('',#3420);
#42=PLANE('',#3421);
#43=PLANE('',#3425);
#44=PLANE('',#3428);
#45=PLANE('',#3430);
#46=PLANE('',#3431);
#47=PLANE('',#3432);
#48=PLANE('',#3433);
#49=PLANE('',#3434);
#50=SPHERICAL_SURFACE('',#3368,5.);
#51=SPHERICAL_SURFACE('',#3370,5.);
#52=SPHERICAL_SURFACE('',#3372,5.);
#53=SPHERICAL_SURFACE('',#3374,5.);
#54=TOROIDAL_SURFACE('',#3341,55.,5.);
#55=TOROIDAL_SURFACE('',#3350,13.8636027232617,5.);
#56=TOROIDAL_SURFACE('',#3359,55.,5.);
#57=CIRCLE('',#3247,1.2645);
#58=CIRCLE('',#3276,1.543);
#59=CIRCLE('',#3304,1.543);
#60=CIRCLE('',#3334,1.2645);
#61=CIRCLE('',#3336,5.);
#62=CIRCLE('',#3337,5.);
#63=CIRCLE('',#3339,5.);
#64=CIRCLE('',#3340,5.);
#65=CIRCLE('',#3342,5.00000000000002);
#66=CIRCLE('',#3343,55.);
#67=CIRCLE('',#3344,60.);
#68=CIRCLE('',#3346,5.);
#69=CIRCLE('',#3348,5.);
#70=CIRCLE('',#3349,5.);
#71=CIRCLE('',#3351,5.00000000000001);
#72=CIRCLE('',#3352,18.8636027232617);
#73=CIRCLE('',#3353,13.8636027232617);
#74=CIRCLE('',#3355,5.);
#75=CIRCLE('',#3357,5.00000000000001);
#76=CIRCLE('',#3358,5.);
#77=CIRCLE('',#3360,5.00000000000001);
#78=CIRCLE('',#3361,55.);
#79=CIRCLE('',#3362,60.);
#80=CIRCLE('',#3364,5.);
#81=CIRCLE('',#3366,5.);
#82=CIRCLE('',#3367,5.);
#83=CIRCLE('',#3369,5.);
#84=CIRCLE('',#3371,5.);
#85=CIRCLE('',#3373,5.);
#86=CIRCLE('',#3375,5.);
#87=CIRCLE('',#3377,3.275);
#88=CIRCLE('',#3387,5.);
#89=CIRCLE('',#3388,5.);
#90=CIRCLE('',#3422,18.8636027232617);
#91=CIRCLE('',#3423,3.275);
#92=FACE_OUTER_BOUND('',#266,.T.);
#93=FACE_OUTER_BOUND('',#267,.T.);
#94=FACE_OUTER_BOUND('',#268,.T.);
#95=FACE_OUTER_BOUND('',#269,.T.);
#96=FACE_OUTER_BOUND('',#270,.T.);
#97=FACE_OUTER_BOUND('',#271,.T.);
#98=FACE_OUTER_BOUND('',#272,.T.);
#99=FACE_OUTER_BOUND('',#273,.T.);
#100=FACE_OUTER_BOUND('',#274,.T.);
#101=FACE_OUTER_BOUND('',#275,.T.);
#102=FACE_OUTER_BOUND('',#276,.T.);
#103=FACE_OUTER_BOUND('',#277,.T.);
#104=FACE_OUTER_BOUND('',#278,.T.);
#105=FACE_OUTER_BOUND('',#279,.T.);
#106=FACE_OUTER_BOUND('',#280,.T.);
#107=FACE_OUTER_BOUND('',#281,.T.);
#108=FACE_OUTER_BOUND('',#282,.T.);
#109=FACE_OUTER_BOUND('',#283,.T.);
#110=FACE_OUTER_BOUND('',#284,.T.);
#111=FACE_OUTER_BOUND('',#285,.T.);
#112=FACE_OUTER_BOUND('',#286,.T.);
#113=FACE_OUTER_BOUND('',#287,.T.);
#114=FACE_OUTER_BOUND('',#288,.T.);
#115=FACE_OUTER_BOUND('',#289,.T.);
#116=FACE_OUTER_BOUND('',#290,.T.);
#117=FACE_OUTER_BOUND('',#291,.T.);
#118=FACE_OUTER_BOUND('',#292,.T.);
#119=FACE_OUTER_BOUND('',#293,.T.);
#120=FACE_OUTER_BOUND('',#294,.T.);
#121=FACE_OUTER_BOUND('',#295,.T.);
#122=FACE_OUTER_BOUND('',#296,.T.);
#123=FACE_OUTER_BOUND('',#297,.T.);
#124=FACE_OUTER_BOUND('',#298,.T.);
#125=FACE_OUTER_BOUND('',#299,.T.);
#126=FACE_OUTER_BOUND('',#300,.T.);
#127=FACE_OUTER_BOUND('',#301,.T.);
#128=FACE_OUTER_BOUND('',#302,.T.);
#129=FACE_OUTER_BOUND('',#303,.T.);
#130=FACE_OUTER_BOUND('',#304,.T.);
#131=FACE_OUTER_BOUND('',#305,.T.);
#132=FACE_OUTER_BOUND('',#306,.T.);
#133=FACE_OUTER_BOUND('',#307,.T.);
#134=FACE_OUTER_BOUND('',#308,.T.);
#135=FACE_OUTER_BOUND('',#309,.T.);
#136=FACE_OUTER_BOUND('',#310,.T.);
#137=FACE_OUTER_BOUND('',#311,.T.);
#138=FACE_OUTER_BOUND('',#312,.T.);
#139=FACE_OUTER_BOUND('',#313,.T.);
#140=FACE_OUTER_BOUND('',#314,.T.);
#141=FACE_OUTER_BOUND('',#315,.T.);
#142=FACE_OUTER_BOUND('',#316,.T.);
#143=FACE_OUTER_BOUND('',#317,.T.);
#144=FACE_OUTER_BOUND('',#318,.T.);
#145=FACE_OUTER_BOUND('',#319,.T.);
#146=FACE_OUTER_BOUND('',#320,.T.);
#147=FACE_OUTER_BOUND('',#321,.T.);
#148=FACE_OUTER_BOUND('',#322,.T.);
#149=FACE_OUTER_BOUND('',#323,.T.);
#150=FACE_OUTER_BOUND('',#324,.T.);
#151=FACE_OUTER_BOUND('',#325,.T.);
#152=FACE_OUTER_BOUND('',#326,.T.);
#153=FACE_OUTER_BOUND('',#327,.T.);
#154=FACE_OUTER_BOUND('',#328,.T.);
#155=FACE_OUTER_BOUND('',#329,.T.);
#156=FACE_OUTER_BOUND('',#330,.T.);
#157=FACE_OUTER_BOUND('',#331,.T.);
#158=FACE_OUTER_BOUND('',#332,.T.);
#159=FACE_OUTER_BOUND('',#333,.T.);
#160=FACE_OUTER_BOUND('',#334,.T.);
#161=FACE_OUTER_BOUND('',#335,.T.);
#162=FACE_OUTER_BOUND('',#336,.T.);
#163=FACE_OUTER_BOUND('',#337,.T.);
#164=FACE_OUTER_BOUND('',#338,.T.);
#165=FACE_OUTER_BOUND('',#339,.T.);
#166=FACE_OUTER_BOUND('',#340,.T.);
#167=FACE_OUTER_BOUND('',#341,.T.);
#168=FACE_OUTER_BOUND('',#342,.T.);
#169=FACE_OUTER_BOUND('',#343,.T.);
#170=FACE_OUTER_BOUND('',#344,.T.);
#171=FACE_OUTER_BOUND('',#345,.T.);
#172=FACE_OUTER_BOUND('',#346,.T.);
#173=FACE_OUTER_BOUND('',#347,.T.);
#174=FACE_OUTER_BOUND('',#348,.T.);
#175=FACE_OUTER_BOUND('',#349,.T.);
#176=FACE_OUTER_BOUND('',#350,.T.);
#177=FACE_OUTER_BOUND('',#351,.T.);
#178=FACE_OUTER_BOUND('',#352,.T.);
#179=FACE_OUTER_BOUND('',#353,.T.);
#180=FACE_OUTER_BOUND('',#354,.T.);
#181=FACE_OUTER_BOUND('',#355,.T.);
#182=FACE_OUTER_BOUND('',#356,.T.);
#183=FACE_OUTER_BOUND('',#357,.T.);
#184=FACE_OUTER_BOUND('',#358,.T.);
#185=FACE_OUTER_BOUND('',#359,.T.);
#186=FACE_OUTER_BOUND('',#360,.T.);
#187=FACE_OUTER_BOUND('',#361,.T.);
#188=FACE_OUTER_BOUND('',#362,.T.);
#189=FACE_OUTER_BOUND('',#363,.T.);
#190=FACE_OUTER_BOUND('',#364,.T.);
#191=FACE_OUTER_BOUND('',#365,.T.);
#192=FACE_OUTER_BOUND('',#366,.T.);
#193=FACE_OUTER_BOUND('',#367,.T.);
#194=FACE_OUTER_BOUND('',#368,.T.);
#195=FACE_OUTER_BOUND('',#369,.T.);
#196=FACE_OUTER_BOUND('',#370,.T.);
#197=FACE_OUTER_BOUND('',#371,.T.);
#198=FACE_OUTER_BOUND('',#372,.T.);
#199=FACE_OUTER_BOUND('',#373,.T.);
#200=FACE_OUTER_BOUND('',#374,.T.);
#201=FACE_OUTER_BOUND('',#375,.T.);
#202=FACE_OUTER_BOUND('',#376,.T.);
#203=FACE_OUTER_BOUND('',#377,.T.);
#204=FACE_OUTER_BOUND('',#378,.T.);
#205=FACE_OUTER_BOUND('',#379,.T.);
#206=FACE_OUTER_BOUND('',#380,.T.);
#207=FACE_OUTER_BOUND('',#381,.T.);
#208=FACE_OUTER_BOUND('',#382,.T.);
#209=FACE_OUTER_BOUND('',#383,.T.);
#210=FACE_OUTER_BOUND('',#384,.T.);
#211=FACE_OUTER_BOUND('',#385,.T.);
#212=FACE_OUTER_BOUND('',#386,.T.);
#213=FACE_OUTER_BOUND('',#387,.T.);
#214=FACE_OUTER_BOUND('',#388,.T.);
#215=FACE_OUTER_BOUND('',#389,.T.);
#216=FACE_OUTER_BOUND('',#391,.T.);
#217=FACE_OUTER_BOUND('',#392,.T.);
#218=FACE_OUTER_BOUND('',#393,.T.);
#219=FACE_OUTER_BOUND('',#394,.T.);
#220=FACE_OUTER_BOUND('',#395,.T.);
#221=FACE_OUTER_BOUND('',#396,.T.);
#222=FACE_OUTER_BOUND('',#397,.T.);
#223=FACE_OUTER_BOUND('',#398,.T.);
#224=FACE_OUTER_BOUND('',#399,.T.);
#225=FACE_OUTER_BOUND('',#400,.T.);
#226=FACE_OUTER_BOUND('',#401,.T.);
#227=FACE_OUTER_BOUND('',#402,.T.);
#228=FACE_OUTER_BOUND('',#403,.T.);
#229=FACE_OUTER_BOUND('',#404,.T.);
#230=FACE_OUTER_BOUND('',#405,.T.);
#231=FACE_OUTER_BOUND('',#406,.T.);
#232=FACE_OUTER_BOUND('',#407,.T.);
#233=FACE_OUTER_BOUND('',#408,.T.);
#234=FACE_OUTER_BOUND('',#409,.T.);
#235=FACE_OUTER_BOUND('',#410,.T.);
#236=FACE_OUTER_BOUND('',#411,.T.);
#237=FACE_OUTER_BOUND('',#412,.T.);
#238=FACE_OUTER_BOUND('',#413,.T.);
#239=FACE_OUTER_BOUND('',#415,.T.);
#240=FACE_OUTER_BOUND('',#416,.T.);
#241=FACE_OUTER_BOUND('',#417,.T.);
#242=FACE_OUTER_BOUND('',#418,.T.);
#243=FACE_OUTER_BOUND('',#419,.T.);
#244=FACE_OUTER_BOUND('',#420,.T.);
#245=FACE_OUTER_BOUND('',#421,.T.);
#246=FACE_OUTER_BOUND('',#422,.T.);
#247=FACE_OUTER_BOUND('',#423,.T.);
#248=FACE_OUTER_BOUND('',#424,.T.);
#249=FACE_OUTER_BOUND('',#425,.T.);
#250=FACE_OUTER_BOUND('',#426,.T.);
#251=FACE_OUTER_BOUND('',#427,.T.);
#252=FACE_OUTER_BOUND('',#428,.T.);
#253=FACE_OUTER_BOUND('',#429,.T.);
#254=FACE_OUTER_BOUND('',#430,.T.);
#255=FACE_OUTER_BOUND('',#432,.T.);
#256=FACE_OUTER_BOUND('',#433,.T.);
#257=FACE_OUTER_BOUND('',#434,.T.);
#258=FACE_OUTER_BOUND('',#435,.T.);
#259=FACE_OUTER_BOUND('',#436,.T.);
#260=FACE_OUTER_BOUND('',#437,.T.);
#261=FACE_OUTER_BOUND('',#438,.T.);
#262=FACE_OUTER_BOUND('',#441,.T.);
#263=FACE_OUTER_BOUND('',#442,.T.);
#264=FACE_OUTER_BOUND('',#443,.T.);
#265=FACE_OUTER_BOUND('',#444,.T.);
#266=EDGE_LOOP('',(#1898,#1899,#1900,#1901,#1902));
#267=EDGE_LOOP('',(#1903,#1904,#1905,#1906,#1907));
#268=EDGE_LOOP('',(#1908,#1909,#1910,#1911));
#269=EDGE_LOOP('',(#1912,#1913,#1914,#1915));
#270=EDGE_LOOP('',(#1916,#1917,#1918,#1919));
#271=EDGE_LOOP('',(#1920,#1921,#1922,#1923));
#272=EDGE_LOOP('',(#1924,#1925,#1926,#1927));
#273=EDGE_LOOP('',(#1928,#1929,#1930,#1931));
#274=EDGE_LOOP('',(#1932,#1933,#1934,#1935));
#275=EDGE_LOOP('',(#1936,#1937,#1938,#1939));
#276=EDGE_LOOP('',(#1940,#1941,#1942,#1943));
#277=EDGE_LOOP('',(#1944,#1945,#1946,#1947));
#278=EDGE_LOOP('',(#1948,#1949,#1950,#1951));
#279=EDGE_LOOP('',(#1952,#1953,#1954,#1955));
#280=EDGE_LOOP('',(#1956,#1957,#1958,#1959));
#281=EDGE_LOOP('',(#1960,#1961,#1962,#1963));
#282=EDGE_LOOP('',(#1964,#1965,#1966,#1967));
#283=EDGE_LOOP('',(#1968,#1969,#1970,#1971));
#284=EDGE_LOOP('',(#1972,#1973,#1974,#1975));
#285=EDGE_LOOP('',(#1976,#1977,#1978,#1979));
#286=EDGE_LOOP('',(#1980,#1981,#1982,#1983));
#287=EDGE_LOOP('',(#1984,#1985,#1986,#1987));
#288=EDGE_LOOP('',(#1988,#1989,#1990,#1991));
#289=EDGE_LOOP('',(#1992,#1993,#1994,#1995));
#290=EDGE_LOOP('',(#1996,#1997,#1998,#1999));
#291=EDGE_LOOP('',(#2000,#2001,#2002,#2003));
#292=EDGE_LOOP('',(#2004,#2005,#2006,#2007));
#293=EDGE_LOOP('',(#2008,#2009,#2010,#2011));
#294=EDGE_LOOP('',(#2012,#2013,#2014,#2015));
#295=EDGE_LOOP('',(#2016,#2017,#2018,#2019));
#296=EDGE_LOOP('',(#2020,#2021,#2022,#2023));
#297=EDGE_LOOP('',(#2024,#2025,#2026,#2027));
#298=EDGE_LOOP('',(#2028,#2029,#2030,#2031));
#299=EDGE_LOOP('',(#2032,#2033,#2034,#2035));
#300=EDGE_LOOP('',(#2036,#2037,#2038,#2039));
#301=EDGE_LOOP('',(#2040,#2041,#2042,#2043));
#302=EDGE_LOOP('',(#2044,#2045,#2046,#2047));
#303=EDGE_LOOP('',(#2048,#2049,#2050,#2051));
#304=EDGE_LOOP('',(#2052,#2053,#2054,#2055));
#305=EDGE_LOOP('',(#2056,#2057,#2058,#2059));
#306=EDGE_LOOP('',(#2060,#2061,#2062,#2063));
#307=EDGE_LOOP('',(#2064,#2065,#2066,#2067));
#308=EDGE_LOOP('',(#2068,#2069,#2070,#2071));
#309=EDGE_LOOP('',(#2072,#2073,#2074,#2075));
#310=EDGE_LOOP('',(#2076,#2077,#2078,#2079));
#311=EDGE_LOOP('',(#2080,#2081,#2082,#2083));
#312=EDGE_LOOP('',(#2084,#2085,#2086,#2087));
#313=EDGE_LOOP('',(#2088,#2089,#2090,#2091));
#314=EDGE_LOOP('',(#2092,#2093,#2094,#2095));
#315=EDGE_LOOP('',(#2096,#2097,#2098,#2099));
#316=EDGE_LOOP('',(#2100,#2101,#2102,#2103));
#317=EDGE_LOOP('',(#2104,#2105,#2106,#2107));
#318=EDGE_LOOP('',(#2108,#2109,#2110,#2111));
#319=EDGE_LOOP('',(#2112,#2113,#2114,#2115));
#320=EDGE_LOOP('',(#2116,#2117,#2118,#2119));
#321=EDGE_LOOP('',(#2120,#2121,#2122,#2123));
#322=EDGE_LOOP('',(#2124,#2125,#2126,#2127));
#323=EDGE_LOOP('',(#2128,#2129,#2130,#2131));
#324=EDGE_LOOP('',(#2132,#2133,#2134,#2135));
#325=EDGE_LOOP('',(#2136,#2137,#2138,#2139));
#326=EDGE_LOOP('',(#2140,#2141,#2142,#2143));
#327=EDGE_LOOP('',(#2144,#2145,#2146,#2147));
#328=EDGE_LOOP('',(#2148,#2149,#2150,#2151));
#329=EDGE_LOOP('',(#2152,#2153,#2154,#2155));
#330=EDGE_LOOP('',(#2156,#2157,#2158,#2159));
#331=EDGE_LOOP('',(#2160,#2161,#2162,#2163));
#332=EDGE_LOOP('',(#2164,#2165,#2166,#2167));
#333=EDGE_LOOP('',(#2168,#2169,#2170,#2171));
#334=EDGE_LOOP('',(#2172,#2173,#2174,#2175));
#335=EDGE_LOOP('',(#2176,#2177,#2178,#2179));
#336=EDGE_LOOP('',(#2180,#2181,#2182,#2183));
#337=EDGE_LOOP('',(#2184,#2185,#2186,#2187));
#338=EDGE_LOOP('',(#2188,#2189,#2190,#2191));
#339=EDGE_LOOP('',(#2192,#2193,#2194,#2195));
#340=EDGE_LOOP('',(#2196,#2197,#2198,#2199));
#341=EDGE_LOOP('',(#2200,#2201,#2202,#2203));
#342=EDGE_LOOP('',(#2204,#2205,#2206,#2207));
#343=EDGE_LOOP('',(#2208,#2209,#2210,#2211));
#344=EDGE_LOOP('',(#2212,#2213,#2214,#2215));
#345=EDGE_LOOP('',(#2216,#2217,#2218,#2219));
#346=EDGE_LOOP('',(#2220,#2221,#2222,#2223));
#347=EDGE_LOOP('',(#2224,#2225,#2226,#2227,#2228));
#348=EDGE_LOOP('',(#2229,#2230,#2231,#2232,#2233));
#349=EDGE_LOOP('',(#2234,#2235,#2236,#2237));
#350=EDGE_LOOP('',(#2238,#2239,#2240,#2241));
#351=EDGE_LOOP('',(#2242,#2243,#2244,#2245));
#352=EDGE_LOOP('',(#2246,#2247,#2248,#2249));
#353=EDGE_LOOP('',(#2250,#2251,#2252,#2253));
#354=EDGE_LOOP('',(#2254,#2255,#2256,#2257));
#355=EDGE_LOOP('',(#2258,#2259,#2260,#2261));
#356=EDGE_LOOP('',(#2262,#2263,#2264,#2265));
#357=EDGE_LOOP('',(#2266,#2267,#2268,#2269));
#358=EDGE_LOOP('',(#2270,#2271,#2272,#2273));
#359=EDGE_LOOP('',(#2274,#2275,#2276,#2277));
#360=EDGE_LOOP('',(#2278,#2279,#2280,#2281));
#361=EDGE_LOOP('',(#2282,#2283,#2284,#2285));
#362=EDGE_LOOP('',(#2286,#2287,#2288,#2289));
#363=EDGE_LOOP('',(#2290,#2291,#2292,#2293));
#364=EDGE_LOOP('',(#2294,#2295,#2296,#2297));
#365=EDGE_LOOP('',(#2298,#2299,#2300,#2301));
#366=EDGE_LOOP('',(#2302,#2303,#2304,#2305));
#367=EDGE_LOOP('',(#2306,#2307,#2308,#2309));
#368=EDGE_LOOP('',(#2310,#2311,#2312,#2313));
#369=EDGE_LOOP('',(#2314,#2315,#2316,#2317));
#370=EDGE_LOOP('',(#2318,#2319,#2320,#2321));
#371=EDGE_LOOP('',(#2322,#2323,#2324,#2325));
#372=EDGE_LOOP('',(#2326,#2327,#2328,#2329));
#373=EDGE_LOOP('',(#2330,#2331,#2332,#2333));
#374=EDGE_LOOP('',(#2334,#2335,#2336,#2337));
#375=EDGE_LOOP('',(#2338,#2339,#2340,#2341));
#376=EDGE_LOOP('',(#2342,#2343,#2344,#2345));
#377=EDGE_LOOP('',(#2346,#2347,#2348,#2349));
#378=EDGE_LOOP('',(#2350,#2351,#2352,#2353));
#379=EDGE_LOOP('',(#2354,#2355,#2356,#2357));
#380=EDGE_LOOP('',(#2358,#2359,#2360,#2361));
#381=EDGE_LOOP('',(#2362,#2363,#2364,#2365,#2366,#2367,#2368,#2369,#2370,
#2371,#2372,#2373,#2374,#2375,#2376,#2377));
#382=EDGE_LOOP('',(#2378,#2379,#2380,#2381));
#383=EDGE_LOOP('',(#2382,#2383,#2384,#2385));
#384=EDGE_LOOP('',(#2386,#2387,#2388,#2389));
#385=EDGE_LOOP('',(#2390,#2391,#2392));
#386=EDGE_LOOP('',(#2393,#2394,#2395));
#387=EDGE_LOOP('',(#2396,#2397,#2398));
#388=EDGE_LOOP('',(#2399,#2400,#2401));
#389=EDGE_LOOP('',(#2402,#2403,#2404,#2405,#2406,#2407));
#390=EDGE_LOOP('',(#2408));
#391=EDGE_LOOP('',(#2409,#2410,#2411,#2412,#2413));
#392=EDGE_LOOP('',(#2414,#2415,#2416,#2417));
#393=EDGE_LOOP('',(#2418,#2419,#2420,#2421));
#394=EDGE_LOOP('',(#2422,#2423,#2424,#2425));
#395=EDGE_LOOP('',(#2426,#2427,#2428,#2429));
#396=EDGE_LOOP('',(#2430,#2431,#2432,#2433));
#397=EDGE_LOOP('',(#2434,#2435,#2436,#2437));
#398=EDGE_LOOP('',(#2438,#2439,#2440,#2441));
#399=EDGE_LOOP('',(#2442,#2443,#2444,#2445,#2446,#2447,#2448,#2449,#2450,
#2451,#2452,#2453,#2454,#2455,#2456,#2457,#2458,#2459,#2460,#2461,#2462,
#2463,#2464,#2465,#2466,#2467,#2468,#2469,#2470,#2471,#2472,#2473,#2474,
#2475,#2476,#2477,#2478,#2479,#2480,#2481,#2482,#2483,#2484,#2485,#2486,
#2487,#2488,#2489,#2490,#2491,#2492,#2493,#2494,#2495,#2496,#2497,#2498,
#2499));
#400=EDGE_LOOP('',(#2500,#2501,#2502,#2503));
#401=EDGE_LOOP('',(#2504,#2505,#2506,#2507,#2508,#2509,#2510,#2511,#2512,
#2513,#2514,#2515,#2516,#2517,#2518,#2519,#2520,#2521,#2522,#2523,#2524,
#2525,#2526,#2527,#2528,#2529,#2530,#2531,#2532,#2533,#2534,#2535,#2536,
#2537,#2538,#2539,#2540,#2541,#2542,#2543,#2544,#2545,#2546,#2547,#2548,
#2549,#2550,#2551,#2552,#2553,#2554,#2555,#2556,#2557,#2558,#2559,#2560,
#2561));
#402=EDGE_LOOP('',(#2562,#2563,#2564,#2565));
#403=EDGE_LOOP('',(#2566,#2567,#2568,#2569,#2570,#2571,#2572,#2573,#2574,
#2575,#2576,#2577));
#404=EDGE_LOOP('',(#2578,#2579,#2580,#2581,#2582));
#405=EDGE_LOOP('',(#2583,#2584,#2585,#2586,#2587));
#406=EDGE_LOOP('',(#2588,#2589,#2590));
#407=EDGE_LOOP('',(#2591,#2592,#2593,#2594,#2595));
#408=EDGE_LOOP('',(#2596,#2597,#2598));
#409=EDGE_LOOP('',(#2599,#2600,#2601,#2602));
#410=EDGE_LOOP('',(#2603,#2604,#2605,#2606));
#411=EDGE_LOOP('',(#2607,#2608,#2609,#2610,#2611,#2612,#2613,#2614,#2615,
#2616,#2617,#2618));
#412=EDGE_LOOP('',(#2619,#2620,#2621,#2622));
#413=EDGE_LOOP('',(#2623,#2624,#2625,#2626,#2627,#2628,#2629,#2630,#2631,
#2632,#2633,#2634,#2635,#2636,#2637,#2638,#2639));
#414=EDGE_LOOP('',(#2640,#2641,#2642,#2643,#2644,#2645,#2646,#2647,#2648,
#2649,#2650,#2651,#2652,#2653,#2654,#2655,#2656,#2657,#2658,#2659,#2660));
#415=EDGE_LOOP('',(#2661,#2662));
#416=EDGE_LOOP('',(#2663,#2664,#2665,#2666,#2667,#2668,#2669,#2670,#2671,
#2672,#2673,#2674,#2675,#2676,#2677,#2678,#2679,#2680,#2681,#2682,#2683,
#2684,#2685,#2686,#2687,#2688,#2689,#2690,#2691,#2692,#2693,#2694,#2695,
#2696,#2697,#2698,#2699,#2700,#2701,#2702,#2703,#2704,#2705,#2706,#2707,
#2708,#2709,#2710,#2711,#2712,#2713,#2714,#2715,#2716,#2717,#2718,#2719));
#417=EDGE_LOOP('',(#2720,#2721,#2722,#2723));
#418=EDGE_LOOP('',(#2724,#2725,#2726,#2727));
#419=EDGE_LOOP('',(#2728,#2729,#2730,#2731));
#420=EDGE_LOOP('',(#2732,#2733,#2734,#2735));
#421=EDGE_LOOP('',(#2736,#2737,#2738,#2739,#2740,#2741,#2742,#2743,#2744,
#2745,#2746,#2747,#2748,#2749,#2750,#2751,#2752,#2753,#2754,#2755,#2756,
#2757,#2758,#2759,#2760,#2761,#2762,#2763,#2764,#2765,#2766,#2767,#2768,
#2769,#2770,#2771,#2772,#2773,#2774,#2775,#2776,#2777,#2778,#2779,#2780,
#2781,#2782,#2783,#2784,#2785,#2786,#2787,#2788,#2789,#2790,#2791,#2792,
#2793));
#422=EDGE_LOOP('',(#2794,#2795,#2796,#2797));
#423=EDGE_LOOP('',(#2798,#2799,#2800,#2801));
#424=EDGE_LOOP('',(#2802,#2803,#2804,#2805));
#425=EDGE_LOOP('',(#2806,#2807,#2808,#2809));
#426=EDGE_LOOP('',(#2810,#2811));
#427=EDGE_LOOP('',(#2812,#2813,#2814,#2815));
#428=EDGE_LOOP('',(#2816,#2817,#2818,#2819,#2820));
#429=EDGE_LOOP('',(#2821,#2822,#2823,#2824,#2825));
#430=EDGE_LOOP('',(#2826,#2827,#2828,#2829,#2830));
#431=EDGE_LOOP('',(#2831));
#432=EDGE_LOOP('',(#2832,#2833,#2834,#2835));
#433=EDGE_LOOP('',(#2836,#2837,#2838,#2839,#2840,#2841,#2842));
#434=EDGE_LOOP('',(#2843,#2844,#2845,#2846));
#435=EDGE_LOOP('',(#2847,#2848,#2849,#2850));
#436=EDGE_LOOP('',(#2851,#2852,#2853,#2854,#2855,#2856,#2857));
#437=EDGE_LOOP('',(#2858,#2859,#2860,#2861));
#438=EDGE_LOOP('',(#2862,#2863,#2864,#2865,#2866,#2867));
#439=EDGE_LOOP('',(#2868,#2869,#2870,#2871));
#440=EDGE_LOOP('',(#2872,#2873,#2874,#2875));
#441=EDGE_LOOP('',(#2876,#2877,#2878,#2879));
#442=EDGE_LOOP('',(#2880,#2881,#2882,#2883));
#443=EDGE_LOOP('',(#2884,#2885,#2886,#2887));
#444=EDGE_LOOP('',(#2888,#2889,#2890,#2891));
#445=B_SPLINE_CURVE_WITH_KNOTS('',3,(#4051,#4052,#4053,#4054,#4055,#4056,
#4057,#4058,#4059,#4060,#4061,#4062,#4063,#4064,#4065,#4066),
 .UNSPECIFIED.,.F.,.F.,(4,3,3,3,3,4),(171.524592410924,172.407381136259,
173.290169861594,174.172958586929,175.055747312264,175.9385360376),
 .UNSPECIFIED.);
#446=B_SPLINE_CURVE_WITH_KNOTS('',3,(#4069,#4070,#4071,#4072,#4073,#4074,
#4075,#4076,#4077,#4078,#4079,#4080,#4081,#4082,#4083,#4084,#4085,#4086,
#4087),.UNSPECIFIED.,.F.,.F.,(4,3,3,3,3,3,4),(-172.410055665033,-171.550507853311,
-170.553121179745,-169.555734506179,-168.558347832613,-167.560961159048,
-167.215419991039),.UNSPECIFIED.);
#447=B_SPLINE_CURVE_WITH_KNOTS('',3,(#4093,#4094,#4095,#4096,#4097,#4098,
#4099,#4100,#4101,#4102,#4103,#4104,#4105,#4106,#4107,#4108,#4109,#4110,
#4111),.UNSPECIFIED.,.F.,.F.,(4,3,3,3,3,3,4),(164.672381127646,165.666375632469,
166.664365847122,167.662356061776,168.660346276429,169.658336491083,170.656326705736),
 .UNSPECIFIED.);
#448=B_SPLINE_CURVE_WITH_KNOTS('',3,(#4113,#4114,#4115,#4116,#4117,#4118,
#4119,#4120,#4121,#4122,#4123,#4124,#4125,#4126,#4127,#4128,#4129,#4130,
#4131,#4132,#4133,#4134),.UNSPECIFIED.,.F.,.F.,(4,3,3,3,3,3,3,4),(-167.215419991039,
-166.563574485482,-165.566187811916,-164.56880113835,-163.571414464785,
-162.574027791219,-161.576641117653,-160.932234683859),.UNSPECIFIED.);
#449=B_SPLINE_CURVE_WITH_KNOTS('',3,(#4139,#4140,#4141,#4142,#4143,#4144,
#4145,#4146,#4147,#4148,#4149,#4150,#4151,#4152,#4153,#4154,#4155,#4156,
#4157,#4158,#4159,#4160,#4161,#4162,#4163),.UNSPECIFIED.,.F.,.F.,(4,3,3,
3,3,3,3,3,4),(158.389195820467,158.680444129895,159.678434344548,160.676424559202,
161.674414773855,162.672404988509,163.670395203162,164.668385417816,164.672381127646),
 .UNSPECIFIED.);
#450=B_SPLINE_CURVE_WITH_KNOTS('',3,(#4164,#4165,#4166,#4167,#4168,#4169,
#4170,#4171,#4172,#4173,#4174,#4175,#4176,#4177,#4178,#4179,#4180,#4181,
#4182,#4183,#4184,#4185),.UNSPECIFIED.,.F.,.F.,(4,3,3,3,3,3,3,4),(-160.932234683859,
-160.579254444087,-159.581867770521,-158.584481096956,-157.58709442339,
-156.589707749824,-155.592321076258,-154.64904937668),.UNSPECIFIED.);
#451=B_SPLINE_CURVE_WITH_KNOTS('',3,(#4190,#4191,#4192,#4193,#4194,#4195,
#4196,#4197,#4198,#4199,#4200,#4201,#4202,#4203,#4204,#4205,#4206,#4207,
#4208,#4209,#4210,#4211),.UNSPECIFIED.,.F.,.F.,(4,3,3,3,3,3,3,4),(152.106010513287,
152.692502841974,153.690493056628,154.688483271281,155.686473485935,156.684463700588,
157.682453915242,158.389195820467),.UNSPECIFIED.);
#452=B_SPLINE_CURVE_WITH_KNOTS('',3,(#4212,#4213,#4214,#4215,#4216,#4217,
#4218,#4219,#4220,#4221,#4222,#4223,#4224,#4225,#4226,#4227,#4228,#4229,
#4230,#4231,#4232,#4233,#4234,#4235,#4236),.UNSPECIFIED.,.F.,.F.,(4,3,3,
3,3,3,3,3,4),(-154.64904937668,-154.594934402693,-153.597547729127,-152.600161055561,
-151.602774381995,-150.60538770843,-149.608001034864,-148.610614361298,
-148.3658640695),.UNSPECIFIED.);
#453=B_SPLINE_CURVE_WITH_KNOTS('',3,(#4241,#4242,#4243,#4244,#4245,#4246,
#4247,#4248,#4249,#4250,#4251,#4252,#4253,#4254,#4255,#4256,#4257,#4258,
#4259,#4260,#4261,#4262),.UNSPECIFIED.,.F.,.F.,(4,3,3,3,3,3,3,4),(145.822825206108,
146.704561554054,147.702551768707,148.700541983361,149.698532198014,150.696522412668,
151.694512627321,152.106010513287),.UNSPECIFIED.);
#454=B_SPLINE_CURVE_WITH_KNOTS('',3,(#4263,#4264,#4265,#4266,#4267,#4268,
#4269,#4270,#4271,#4272,#4273,#4274,#4275,#4276,#4277,#4278,#4279,#4280,
#4281,#4282,#4283,#4284),.UNSPECIFIED.,.F.,.F.,(4,3,3,3,3,3,3,4),(-148.3658640695,
-147.613227687732,-146.615841014167,-145.618454340601,-144.621067667035,
-143.623680993469,-142.626294319904,-142.082678762321),.UNSPECIFIED.);
#455=B_SPLINE_CURVE_WITH_KNOTS('',3,(#4289,#4290,#4291,#4292,#4293,#4294,
#4295,#4296,#4297,#4298,#4299,#4300,#4301,#4302,#4303,#4304,#4305,#4306,
#4307,#4308,#4309,#4310,#4311,#4312,#4313),.UNSPECIFIED.,.F.,.F.,(4,3,3,
3,3,3,3,3,4),(139.539639898928,139.71863005148,140.716620266133,141.714610480787,
142.71260069544,143.710590910094,144.708581124747,145.7065713394,145.822825206108),
 .UNSPECIFIED.);
#456=B_SPLINE_CURVE_WITH_KNOTS('',3,(#4314,#4315,#4316,#4317,#4318,#4319,
#4320,#4321,#4322,#4323,#4324,#4325,#4326,#4327,#4328,#4329,#4330,#4331,
#4332,#4333,#4334,#4335),.UNSPECIFIED.,.F.,.F.,(4,3,3,3,3,3,3,4),(-142.082678762321,
-141.628907646338,-140.631520972772,-139.634134299206,-138.636747625641,
-137.639360952075,-136.641974278509,-135.799493455141),.UNSPECIFIED.);
#457=B_SPLINE_CURVE_WITH_KNOTS('',3,(#4340,#4341,#4342,#4343,#4344,#4345,
#4346,#4347,#4348,#4349,#4350,#4351,#4352,#4353,#4354,#4355,#4356,#4357,
#4358,#4359,#4360,#4361),.UNSPECIFIED.,.F.,.F.,(4,3,3,3,3,3,3,4),(133.256454591749,
133.730688763559,134.728678978213,135.726669192866,136.72465940752,137.722649622173,
138.720639836826,139.539639898928),.UNSPECIFIED.);
#458=B_SPLINE_CURVE_WITH_KNOTS('',3,(#4362,#4363,#4364,#4365,#4366,#4367,
#4368,#4369,#4370,#4371,#4372,#4373,#4374,#4375,#4376,#4377,#4378,#4379,
#4380,#4381,#4382,#4383,#4384,#4385,#4386),.UNSPECIFIED.,.F.,.F.,(4,3,3,
3,3,3,3,3,4),(-135.799493455141,-135.644587604943,-134.647200931377,-133.649814257812,
-132.652427584246,-131.65504091068,-130.657654237114,-129.660267563549,
-129.516308147961),.UNSPECIFIED.);
#459=B_SPLINE_CURVE_WITH_KNOTS('',3,(#4391,#4392,#4393,#4394,#4395,#4396,
#4397,#4398,#4399,#4400,#4401,#4402,#4403,#4404,#4405,#4406,#4407,#4408,
#4409,#4410,#4411,#4412),.UNSPECIFIED.,.F.,.F.,(4,3,3,3,3,3,3,4),(126.973269284569,
127.742747475639,128.740737690292,129.738727904946,130.736718119599,131.734708334252,
132.732698548906,133.256454591749),.UNSPECIFIED.);
#460=B_SPLINE_CURVE_WITH_KNOTS('',3,(#4413,#4414,#4415,#4416,#4417,#4418,
#4419,#4420,#4421,#4422,#4423,#4424,#4425,#4426,#4427,#4428,#4429,#4430,
#4431,#4432,#4433,#4434),.UNSPECIFIED.,.F.,.F.,(4,3,3,3,3,3,3,4),(-129.516308147961,
-128.662880889983,-127.665494216417,-126.668107542851,-125.670720869286,
-124.67333419572,-123.675947522154,-123.233122840782),.UNSPECIFIED.);
#461=B_SPLINE_CURVE_WITH_KNOTS('',3,(#4439,#4440,#4441,#4442,#4443,#4444,
#4445,#4446,#4447,#4448,#4449,#4450,#4451,#4452,#4453,#4454,#4455,#4456,
#4457,#4458,#4459,#4460,#4461,#4462,#4463),.UNSPECIFIED.,.F.,.F.,(4,3,3,
3,3,3,3,3,4),(120.690083977389,120.756815973065,121.754806187718,122.752796402372,
123.750786617025,124.748776831678,125.746767046332,126.744757260985,126.973269284569),
 .UNSPECIFIED.);
#462=B_SPLINE_CURVE_WITH_KNOTS('',3,(#4464,#4465,#4466,#4467,#4468,#4469,
#4470,#4471,#4472,#4473,#4474,#4475,#4476,#4477,#4478,#4479,#4480,#4481,
#4482,#4483,#4484,#4485),.UNSPECIFIED.,.F.,.F.,(4,3,3,3,3,3,3,4),(-123.233122840782,
-122.678560848588,-121.681174175023,-120.683787501457,-119.686400827891,
-118.689014154325,-117.69162748076,-116.949937533602),.UNSPECIFIED.);
#463=B_SPLINE_CURVE_WITH_KNOTS('',3,(#4490,#4491,#4492,#4493,#4494,#4495,
#4496,#4497,#4498,#4499,#4500,#4501,#4502,#4503,#4504,#4505,#4506,#4507,
#4508,#4509,#4510,#4511),.UNSPECIFIED.,.F.,.F.,(4,3,3,3,3,3,3,4),(114.40689867021,
114.768874685144,115.766864899798,116.764855114451,117.762845329104,118.760835543758,
119.758825758411,120.690083977389),.UNSPECIFIED.);
#464=B_SPLINE_CURVE_WITH_KNOTS('',3,(#4512,#4513,#4514,#4515,#4516,#4517,
#4518,#4519,#4520,#4521,#4522,#4523,#4524,#4525,#4526,#4527,#4528,#4529,
#4530,#4531,#4532,#4533,#4534,#4535,#4536),.UNSPECIFIED.,.F.,.F.,(4,3,3,
3,3,3,3,3,4),(-116.949937533602,-116.694240807194,-115.696854133628,-114.699467460062,
-113.702080786497,-112.704694112931,-111.707307439365,-110.709920765799,
-110.666752226423),.UNSPECIFIED.);
#465=B_SPLINE_CURVE_WITH_KNOTS('',3,(#4541,#4542,#4543,#4544,#4545,#4546,
#4547,#4548,#4549,#4550,#4551,#4552,#4553,#4554,#4555,#4556,#4557,#4558,
#4559,#4560,#4561,#4562),.UNSPECIFIED.,.F.,.F.,(4,3,3,3,3,3,3,4),(108.12371336303,
108.780933397224,109.778923611877,110.77691382653,111.774904041184,112.772894255837,
113.770884470491,114.40689867021),.UNSPECIFIED.);
#466=B_SPLINE_CURVE_WITH_KNOTS('',3,(#4563,#4564,#4565,#4566,#4567,#4568,
#4569,#4570,#4571,#4572,#4573,#4574,#4575,#4576,#4577,#4578,#4579,#4580,
#4581,#4582,#4583,#4584),.UNSPECIFIED.,.F.,.F.,(4,3,3,3,3,3,3,4),(-110.666752226423,
-109.712534092233,-108.715147418668,-107.717760745102,-106.720374071536,
-105.72298739797,-104.725600724405,-104.383566919243),.UNSPECIFIED.);
#467=B_SPLINE_CURVE_WITH_KNOTS('',3,(#4589,#4590,#4591,#4592,#4593,#4594,
#4595,#4596,#4597,#4598,#4599,#4600,#4601,#4602,#4603,#4604,#4605,#4606,
#4607,#4608,#4609,#4610),.UNSPECIFIED.,.F.,.F.,(4,3,3,3,3,3,3,4),(101.840528055851,
102.792992109303,103.790982323956,104.78897253861,105.786962753263,106.784952967917,
107.78294318257,108.12371336303),.UNSPECIFIED.);
#468=B_SPLINE_CURVE_WITH_KNOTS('',3,(#4611,#4612,#4613,#4614,#4615,#4616,
#4617,#4618,#4619,#4620,#4621,#4622,#4623,#4624,#4625,#4626,#4627,#4628,
#4629,#4630,#4631,#4632),.UNSPECIFIED.,.F.,.F.,(4,3,3,3,3,3,3,4),(-104.383566919243,
-103.728214050839,-102.730827377273,-101.733440703707,-100.736054030142,
-99.7386673565759,-98.7412806830101,-98.1003816120635),.UNSPECIFIED.);
#469=B_SPLINE_CURVE_WITH_KNOTS('',3,(#4637,#4638,#4639,#4640,#4641,#4642,
#4643,#4644,#4645,#4646,#4647,#4648,#4649,#4650,#4651,#4652,#4653,#4654,
#4655,#4656,#4657,#4658,#4659,#4660,#4661),.UNSPECIFIED.,.F.,.F.,(4,3,3,
3,3,3,3,3,4),(95.557342748671,95.8070606067291,96.8050508213825,97.8030410360359,
98.8010312506893,99.7990214653428,100.797011679996,101.79500189465,101.840528055851),
 .UNSPECIFIED.);
#470=B_SPLINE_CURVE_WITH_KNOTS('',3,(#4662,#4663,#4664,#4665,#4666,#4667,
#4668,#4669,#4670,#4671,#4672,#4673,#4674,#4675,#4676,#4677,#4678,#4679,
#4680,#4681,#4682,#4683),.UNSPECIFIED.,.F.,.F.,(4,3,3,3,3,3,3,4),(-98.1003816120635,
-97.7438940094444,-96.7465073358786,-95.7491206623128,-94.7517339887471,
-93.7543473151813,-92.7569606416156,-91.8171963048839),.UNSPECIFIED.);
#471=B_SPLINE_CURVE_WITH_KNOTS('',3,(#4688,#4689,#4690,#4691,#4692,#4693,
#4694,#4695,#4696,#4697,#4698,#4699,#4700,#4701,#4702,#4703,#4704,#4705,
#4706,#4707,#4708,#4709),.UNSPECIFIED.,.F.,.F.,(4,3,3,3,3,3,3,4),(89.2741574414914,
89.8191193188085,90.8171095334619,91.8150997481153,92.8130899627688,93.8110801774222,
94.8090703920756,95.557342748671),.UNSPECIFIED.);
#472=B_SPLINE_CURVE_WITH_KNOTS('',3,(#4710,#4711,#4712,#4713,#4714,#4715,
#4716,#4717,#4718,#4719,#4720,#4721,#4722,#4723,#4724,#4725,#4726,#4727,
#4728,#4729,#4730,#4731,#4732,#4733,#4734),.UNSPECIFIED.,.F.,.F.,(4,3,3,
3,3,3,3,3,4),(-91.8171963048839,-91.7595739680498,-90.7621872944841,-89.7648006209183,
-88.7674139473525,-87.7700272737868,-86.772640600221,-85.7752539266553,
-85.5340109977043),.UNSPECIFIED.);
#473=B_SPLINE_CURVE_WITH_KNOTS('',3,(#4739,#4740,#4741,#4742,#4743,#4744,
#4745,#4746,#4747,#4748,#4749,#4750,#4751,#4752,#4753,#4754,#4755,#4756,
#4757,#4758,#4759,#4760),.UNSPECIFIED.,.F.,.F.,(4,3,3,3,3,3,3,4),(82.9909721343118,
83.8311780308879,84.8291682455414,85.8271584601948,86.8251486748482,87.8231388895016,
88.8211291041551,89.2741574414914),.UNSPECIFIED.);
#474=B_SPLINE_CURVE_WITH_KNOTS('',3,(#4761,#4762,#4763,#4764,#4765,#4766,
#4767,#4768,#4769,#4770,#4771,#4772,#4773,#4774,#4775,#4776,#4777,#4778,
#4779,#4780,#4781,#4782),.UNSPECIFIED.,.F.,.F.,(4,3,3,3,3,3,3,4),(-85.5340109977043,
-84.7778672530895,-83.7804805795238,-82.783093905958,-81.7857072323922,
-80.7883205588265,-79.7909338852607,-79.2508256905247),.UNSPECIFIED.);
#475=B_SPLINE_CURVE_WITH_KNOTS('',3,(#4787,#4788,#4789,#4790,#4791,#4792,
#4793,#4794,#4795,#4796,#4797,#4798,#4799,#4800,#4801,#4802,#4803,#4804,
#4805,#4806,#4807,#4808,#4809,#4810,#4811),.UNSPECIFIED.,.F.,.F.,(4,3,3,
3,3,3,3,3,4),(76.7077868271322,76.8452465283139,77.8432367429674,78.8412269576208,
79.8392171722742,80.8372073869277,81.8351976015811,82.8331878162345,82.9909721343118),
 .UNSPECIFIED.);
#476=B_SPLINE_CURVE_WITH_KNOTS('',3,(#4812,#4813,#4814,#4815,#4816,#4817,
#4818,#4819,#4820,#4821,#4822,#4823,#4824,#4825,#4826,#4827,#4828,#4829,
#4830,#4831,#4832,#4833),.UNSPECIFIED.,.F.,.F.,(4,3,3,3,3,3,3,4),(-79.2508256905247,
-78.793547211695,-77.7961605381292,-76.7987738645634,-75.8013871909977,
-74.8040005174319,-73.8066138438662,-72.9676403833451),.UNSPECIFIED.);
#477=B_SPLINE_CURVE_WITH_KNOTS('',3,(#4838,#4839,#4840,#4841,#4842,#4843,
#4844,#4845,#4846,#4847,#4848,#4849,#4850,#4851,#4852,#4853,#4854,#4855,
#4856,#4857,#4858,#4859),.UNSPECIFIED.,.F.,.F.,(4,3,3,3,3,3,3,4),(70.4246015199526,
70.8573052403934,71.8552954550468,72.8532856697002,73.8512758843536,74.8492660990071,
75.8472563136605,76.7077868271322),.UNSPECIFIED.);
#478=B_SPLINE_CURVE_WITH_KNOTS('',3,(#4860,#4861,#4862,#4863,#4864,#4865,
#4866,#4867,#4868,#4869,#4870,#4871,#4872,#4873,#4874,#4875,#4876,#4877,
#4878,#4879,#4880,#4881,#4882,#4883,#4884),.UNSPECIFIED.,.F.,.F.,(4,3,3,
3,3,3,3,3,4),(-72.9676403833451,-72.8092271703004,-71.8118404967346,-70.8144538231689,
-69.8170671496031,-68.8196804760374,-67.8222938024716,-66.8249071289058,
-66.6844550761656),.UNSPECIFIED.);
#479=B_SPLINE_CURVE_WITH_KNOTS('',3,(#4889,#4890,#4891,#4892,#4893,#4894,
#4895,#4896,#4897,#4898,#4899,#4900,#4901,#4902,#4903,#4904,#4905,#4906,
#4907,#4908,#4909,#4910),.UNSPECIFIED.,.F.,.F.,(4,3,3,3,3,3,3,4),(64.141416212773,
64.8693639524728,65.8673541671262,66.8653443817797,67.8633345964331,68.8613248110865,
69.8593150257399,70.4246015199526),.UNSPECIFIED.);
#480=B_SPLINE_CURVE_WITH_KNOTS('',3,(#4911,#4912,#4913,#4914,#4915,#4916,
#4917,#4918,#4919,#4920,#4921,#4922,#4923,#4924,#4925,#4926,#4927,#4928,
#4929,#4930,#4931,#4932),.UNSPECIFIED.,.F.,.F.,(4,3,3,3,3,3,3,4),(-66.6844550761656,
-65.8275204553401,-64.8301337817743,-63.8327471082086,-62.8353604346428,
-61.8379737610771,-60.8405870875113,-60.401269768986),.UNSPECIFIED.);
#481=B_SPLINE_CURVE_WITH_KNOTS('',3,(#4937,#4938,#4939,#4940,#4941,#4942,
#4943,#4944,#4945,#4946,#4947,#4948,#4949,#4950,#4951,#4952,#4953,#4954,
#4955,#4956,#4957,#4958,#4959,#4960,#4961),.UNSPECIFIED.,.F.,.F.,(4,3,3,
3,3,3,3,3,4),(57.8582309055934,57.8834324498988,58.8814226645522,59.8794128792057,
60.8774030938591,61.8753933085125,62.8733835231659,63.8713737378194,64.141416212773),
 .UNSPECIFIED.);
#482=B_SPLINE_CURVE_WITH_KNOTS('',3,(#4962,#4963,#4964,#4965,#4966,#4967,
#4968,#4969,#4970,#4971,#4972,#4973,#4974,#4975,#4976,#4977,#4978,#4979,
#4980,#4981,#4982,#4983),.UNSPECIFIED.,.F.,.F.,(4,3,3,3,3,3,3,4),(-60.401269768986,
-59.8432004139456,-58.8458137403798,-57.848427066814,-56.8510403932483,
-55.8536537196825,-54.8562670461168,-54.1180844618064),.UNSPECIFIED.);
#483=B_SPLINE_CURVE_WITH_KNOTS('',3,(#4988,#4989,#4990,#4991,#4992,#4993,
#4994,#4995,#4996,#4997,#4998,#4999,#5000,#5001,#5002,#5003,#5004,#5005,
#5006,#5007,#5008,#5009),.UNSPECIFIED.,.F.,.F.,(4,3,3,3,3,3,3,4),(51.5750455984138,
51.8954911619782,52.8934813766317,53.8914715912851,54.8894618059385,55.887452020592,
56.8854422352454,57.8582309055934),.UNSPECIFIED.);
#484=B_SPLINE_CURVE_WITH_KNOTS('',3,(#5010,#5011,#5012,#5013,#5014,#5015,
#5016,#5017,#5018,#5019,#5020,#5021,#5022,#5023,#5024,#5025,#5026,#5027,
#5028,#5029,#5030,#5031,#5032,#5033,#5034),.UNSPECIFIED.,.F.,.F.,(4,3,3,
3,3,3,3,3,4),(-54.1180844618064,-53.858880372551,-52.8614936989852,-51.8641070254195,
-50.8667203518537,-49.869333678288,-48.8719470047222,-47.8745603311564,
-47.8348991546268),.UNSPECIFIED.);
#485=B_SPLINE_CURVE_WITH_KNOTS('',3,(#5039,#5040,#5041,#5042,#5043,#5044,
#5045,#5046,#5047,#5048,#5049,#5050,#5051,#5052,#5053,#5054,#5055,#5056,
#5057,#5058,#5059,#5060),.UNSPECIFIED.,.F.,.F.,(4,3,3,3,3,3,3,4),(45.2918602912342,
45.9075498740577,46.9055400887111,47.9035303033645,48.901520518018,49.8995107326714,
50.8975009473248,51.5750455984138),.UNSPECIFIED.);
#486=B_SPLINE_CURVE_WITH_KNOTS('',3,(#5061,#5062,#5063,#5064,#5065,#5066,
#5067,#5068,#5069,#5070,#5071,#5072,#5073,#5074,#5075,#5076,#5077,#5078,
#5079,#5080,#5081,#5082),.UNSPECIFIED.,.F.,.F.,(4,3,3,3,3,3,3,4),(-47.8348991546268,
-46.8771736575907,-45.8797869840249,-44.8824003104591,-43.8850136368934,
-42.8876269633276,-41.8902402897619,-41.5517138474472),.UNSPECIFIED.);
#487=B_SPLINE_CURVE_WITH_KNOTS('',3,(#5087,#5088,#5089,#5090,#5091,#5092,
#5093,#5094,#5095,#5096,#5097,#5098,#5099,#5100,#5101,#5102,#5103,#5104,
#5105,#5106,#5107,#5108),.UNSPECIFIED.,.F.,.F.,(4,3,3,3,3,3,3,4),(39.0086749840546,
39.9196085861371,40.9175988007905,41.915589015444,42.9135792300974,43.9115694447508,
44.9095596594043,45.2918602912342),.UNSPECIFIED.);
#488=B_SPLINE_CURVE_WITH_KNOTS('',3,(#5109,#5110,#5111,#5112,#5113,#5114,
#5115,#5116,#5117,#5118,#5119,#5120,#5121,#5122,#5123,#5124,#5125,#5126,
#5127,#5128,#5129,#5130),.UNSPECIFIED.,.F.,.F.,(4,3,3,3,3,3,3,4),(-41.5517138474472,
-40.8928536161961,-39.8954669426304,-38.8980802690646,-37.9006935954988,
-36.9033069219331,-35.9059202483673,-35.2685285402676),.UNSPECIFIED.);
#489=B_SPLINE_CURVE_WITH_KNOTS('',3,(#5135,#5136,#5137,#5138,#5139,#5140,
#5141,#5142,#5143,#5144,#5145,#5146,#5147,#5148,#5149,#5150,#5151,#5152,
#5153,#5154,#5155,#5156,#5157,#5158,#5159),.UNSPECIFIED.,.F.,.F.,(4,3,3,
3,3,3,3,3,4),(32.7254896768751,32.9336770835631,33.9316672982165,34.92965751287,
35.9276477275234,36.9256379421768,37.9236281568302,38.9216183714837,39.0086749840546),
 .UNSPECIFIED.);
#490=B_SPLINE_CURVE_WITH_KNOTS('',3,(#5160,#5161,#5162,#5163,#5164,#5165,
#5166,#5167,#5168,#5169,#5170,#5171,#5172,#5173,#5174,#5175,#5176,#5177,
#5178,#5179,#5180,#5181),.UNSPECIFIED.,.F.,.F.,(4,3,3,3,3,3,3,4),(-35.2685285402676,
-34.9085335748016,-33.9111469012358,-32.91376022767,-31.9163735541043,-30.9189868805385,
-29.9216002069728,-28.985343233088),.UNSPECIFIED.);
#491=B_SPLINE_CURVE_WITH_KNOTS('',3,(#5186,#5187,#5188,#5189,#5190,#5191,
#5192,#5193,#5194,#5195,#5196,#5197,#5198,#5199,#5200,#5201,#5202,#5203,
#5204,#5205,#5206,#5207),.UNSPECIFIED.,.F.,.F.,(4,3,3,3,3,3,3,4),(26.4423043696955,
26.9457357956425,27.943726010296,28.9417162249494,29.9397064396028,30.9376966542563,
31.9356868689097,32.7254896768751),.UNSPECIFIED.);
#492=B_SPLINE_CURVE_WITH_KNOTS('',3,(#5208,#5209,#5210,#5211,#5212,#5213,
#5214,#5215,#5216,#5217,#5218,#5219,#5220,#5221,#5222,#5223,#5224,#5225,
#5226,#5227,#5228,#5229,#5230,#5231,#5232),.UNSPECIFIED.,.F.,.F.,(4,3,3,
3,3,3,3,3,4),(-28.985343233088,-28.924213533407,-27.9268268598413,-26.9294401862755,
-25.9320535127097,-24.934666839144,-23.9372801655782,-22.9398934920125,
-22.7021579259084),.UNSPECIFIED.);
#493=B_SPLINE_CURVE_WITH_KNOTS('',3,(#5237,#5238,#5239,#5240,#5241,#5242,
#5243,#5244,#5245,#5246,#5247,#5248,#5249,#5250,#5251,#5252,#5253,#5254,
#5255,#5256,#5257,#5258),.UNSPECIFIED.,.F.,.F.,(4,3,3,3,3,3,3,4),(20.1591190625159,
20.957794507722,21.9557847223754,22.9537749370288,23.9517651516823,24.9497553663357,
25.9477455809891,26.4423043696955),.UNSPECIFIED.);
#494=B_SPLINE_CURVE_WITH_KNOTS('',3,(#5259,#5260,#5261,#5262,#5263,#5264,
#5265,#5266,#5267,#5268,#5269,#5270,#5271,#5272,#5273,#5274,#5275,#5276,
#5277,#5278,#5279,#5280),.UNSPECIFIED.,.F.,.F.,(4,3,3,3,3,3,3,4),(-22.7021579259084,
-21.9425068184467,-20.9451201448809,-19.9477334713152,-18.9503467977494,
-17.9529601241837,-16.9555734506179,-16.4189726187288),.UNSPECIFIED.);
#495=B_SPLINE_CURVE_WITH_KNOTS('',3,(#5285,#5286,#5287,#5288,#5289,#5290,
#5291,#5292,#5293,#5294,#5295,#5296,#5297,#5298,#5299,#5300,#5301,#5302,
#5303,#5304,#5305,#5306,#5307,#5308,#5309),.UNSPECIFIED.,.F.,.F.,(4,3,3,
3,3,3,3,3,4),(13.8759337553363,13.971863005148,14.9698532198014,15.9678434344548,
16.9658336491083,17.9638238637617,18.9618140784151,19.9598042930686,20.1591190625159),
 .UNSPECIFIED.);
#496=B_SPLINE_CURVE_WITH_KNOTS('',3,(#5310,#5311,#5312,#5313,#5314,#5315,
#5316,#5317,#5318,#5319,#5320,#5321,#5322,#5323,#5324,#5325,#5326,#5327,
#5328,#5329,#5330,#5331),.UNSPECIFIED.,.F.,.F.,(4,3,3,3,3,3,3,4),(-16.4189726187288,
-15.9581867770521,-14.9608001034864,-13.9634134299206,-12.9660267563549,
-11.9686400827891,-10.9712534092233,-10.1357873115492),.UNSPECIFIED.);
#497=B_SPLINE_CURVE_WITH_KNOTS('',3,(#5337,#5338,#5339,#5340,#5341,#5342,
#5343,#5344,#5345,#5346,#5347,#5348,#5349),.UNSPECIFIED.,.F.,.F.,(4,3,3,
3,4),(-3.85260200436964,-2.99216002069728,-1.99477334713152,-0.997386673565757,
0.),.UNSPECIFIED.);
#498=B_SPLINE_CURVE_WITH_KNOTS('',3,(#5352,#5353,#5354,#5355,#5356,#5357,
#5358,#5359,#5360,#5361,#5362,#5363,#5364,#5365,#5366,#5367,#5368,#5369,
#5370),.UNSPECIFIED.,.F.,.F.,(4,3,3,3,3,3,4),(2.02057249175696,2.99397064396028,
3.99196085861371,4.98995107326714,5.98794128792057,6.985931502574,7.59274844815671),
 .UNSPECIFIED.);
#499=B_SPLINE_CURVE_WITH_KNOTS('',3,(#5376,#5377,#5378,#5379,#5380,#5381,
#5382,#5383,#5384),.UNSPECIFIED.,.F.,.F.,(4,1,1,1,1,1,4),(179.070781254618,
179.416322422627,180.413709096193,181.411095769759,182.408482443324,183.40586911689,
184.403255790456),.UNSPECIFIED.);
#500=B_SPLINE_CURVE_WITH_KNOTS('',3,(#5387,#5388,#5389,#5390,#5391,#5392,
#5393,#5394,#5395),.UNSPECIFIED.,.F.,.F.,(4,1,1,1,1,1,4),(179.070781254618,
180.064775759441,181.062765974094,182.060756188748,183.058746403401,184.056736618055,
184.465098118157),.UNSPECIFIED.);
#501=B_SPLINE_CURVE_WITH_KNOTS('',3,(#5400,#5401,#5402,#5403,#5404,#5405,
#5406,#5407,#5408,#5409),.UNSPECIFIED.,.F.,.F.,(4,1,1,1,1,1,1,4),(172.787595947439,
173.432002381232,174.429389054798,175.426775728364,176.42416240193,177.421549075495,
178.418935749061,179.070781254618),.UNSPECIFIED.);
#502=B_SPLINE_CURVE_WITH_KNOTS('',3,(#5410,#5411,#5412,#5413,#5414,#5415,
#5416,#5417,#5418,#5419,#5420),.UNSPECIFIED.,.F.,.F.,(4,1,1,1,1,1,1,1,4),
(172.787595947439,173.078844256867,174.07683447152,175.074824686174,176.072814900827,
177.070805115481,178.068795330134,179.066785544788,179.070781254618),
 .UNSPECIFIED.);
#503=B_SPLINE_CURVE_WITH_KNOTS('',3,(#5425,#5426,#5427,#5428,#5429,#5430,
#5431,#5432,#5433,#5434),.UNSPECIFIED.,.F.,.F.,(4,1,1,1,1,1,1,4),(166.504410640259,
167.447682339838,168.445069013404,169.442455686969,170.439842360535,171.437229034101,
172.434615707667,172.787595947439),.UNSPECIFIED.);
#504=B_SPLINE_CURVE_WITH_KNOTS('',3,(#5435,#5436,#5437,#5438,#5439,#5440,
#5441,#5442,#5443,#5444),.UNSPECIFIED.,.F.,.F.,(4,1,1,1,1,1,1,4),(166.504410640259,
167.090902968946,168.0888931836,169.086883398253,170.084873612907,171.08286382756,
172.080854042214,172.787595947439),.UNSPECIFIED.);
#505=B_SPLINE_CURVE_WITH_KNOTS('',3,(#5449,#5450,#5451,#5452,#5453,#5454,
#5455,#5456,#5457,#5458,#5459),.UNSPECIFIED.,.F.,.F.,(4,1,1,1,1,1,1,1,4),
(160.22122533308,160.465975624878,161.463362298443,162.460748972009,163.458135645575,
164.455522319141,165.452908992706,166.450295666272,166.504410640259),
 .UNSPECIFIED.);
#506=B_SPLINE_CURVE_WITH_KNOTS('',3,(#5460,#5461,#5462,#5463,#5464,#5465,
#5466,#5467,#5468,#5469),.UNSPECIFIED.,.F.,.F.,(4,1,1,1,1,1,1,4),(160.22122533308,
161.102961681026,162.100951895679,163.098942110333,164.096932324986,165.09492253964,
166.092912754293,166.504410640259),.UNSPECIFIED.);
#507=B_SPLINE_CURVE_WITH_KNOTS('',3,(#5474,#5475,#5476,#5477,#5478,#5479,
#5480,#5481,#5482,#5483),.UNSPECIFIED.,.F.,.F.,(4,1,1,1,1,1,1,4),(153.9380400259,
154.481655583483,155.479042257049,156.476428930615,157.47381560418,158.471202277746,
159.468588951312,160.22122533308),.UNSPECIFIED.);
#508=B_SPLINE_CURVE_WITH_KNOTS('',3,(#5484,#5485,#5486,#5487,#5488,#5489,
#5490,#5491,#5492,#5493,#5494),.UNSPECIFIED.,.F.,.F.,(4,1,1,1,1,1,1,1,4),
(153.9380400259,154.117030178452,155.115020393105,156.113010607759,157.111000822412,
158.108991037066,159.106981251719,160.104971466372,160.22122533308),
 .UNSPECIFIED.);
#509=B_SPLINE_CURVE_WITH_KNOTS('',3,(#5499,#5500,#5501,#5502,#5503,#5504,
#5505,#5506,#5507,#5508),.UNSPECIFIED.,.F.,.F.,(4,1,1,1,1,1,1,4),(147.65485471872,
148.497335542088,149.494722215654,150.49210888922,151.489495562786,152.486882236352,
153.484268909917,153.9380400259),.UNSPECIFIED.);
#510=B_SPLINE_CURVE_WITH_KNOTS('',3,(#5509,#5510,#5511,#5512,#5513,#5514,
#5515,#5516,#5517,#5518),.UNSPECIFIED.,.F.,.F.,(4,1,1,1,1,1,1,4),(147.65485471872,
148.129088890531,149.127079105185,150.125069319838,151.123059534492,152.121049749145,
153.119039963798,153.9380400259),.UNSPECIFIED.);
#511=B_SPLINE_CURVE_WITH_KNOTS('',3,(#5523,#5524,#5525,#5526,#5527,#5528,
#5529,#5530,#5531,#5532,#5533),.UNSPECIFIED.,.F.,.F.,(4,1,1,1,1,1,1,1,4),
(141.371669411541,141.515628827128,142.513015500694,143.51040217426,144.507788847825,
145.505175521391,146.502562194957,147.499948868523,147.65485471872),
 .UNSPECIFIED.);
#512=B_SPLINE_CURVE_WITH_KNOTS('',3,(#5534,#5535,#5536,#5537,#5538,#5539,
#5540,#5541,#5542,#5543),.UNSPECIFIED.,.F.,.F.,(4,1,1,1,1,1,1,4),(141.371669411541,
142.141147602611,143.139137817264,144.137128031918,145.135118246571,146.133108461224,
147.131098675878,147.65485471872),.UNSPECIFIED.);
#513=B_SPLINE_CURVE_WITH_KNOTS('',3,(#5548,#5549,#5550,#5551,#5552,#5553,
#5554,#5555,#5556,#5557),.UNSPECIFIED.,.F.,.F.,(4,1,1,1,1,1,1,4),(135.088484104361,
135.531308785734,136.528695459299,137.526082132865,138.523468806431,139.520855479997,
140.518242153562,141.371669411541),.UNSPECIFIED.);
#514=B_SPLINE_CURVE_WITH_KNOTS('',3,(#5558,#5559,#5560,#5561,#5562,#5563,
#5564,#5565,#5566,#5567,#5568),.UNSPECIFIED.,.F.,.F.,(4,1,1,1,1,1,1,1,4),
(135.088484104361,135.155216100037,136.15320631469,137.151196529344,138.149186743997,
139.14717695865,140.145167173304,141.143157387957,141.371669411541),
 .UNSPECIFIED.);
#515=B_SPLINE_CURVE_WITH_KNOTS('',3,(#5573,#5574,#5575,#5576,#5577,#5578,
#5579,#5580,#5581,#5582),.UNSPECIFIED.,.F.,.F.,(4,1,1,1,1,1,1,4),(128.805298797182,
129.546988744339,130.544375417905,131.541762091471,132.539148765036,133.536535438602,
134.533922112168,135.088484104361),.UNSPECIFIED.);
#516=B_SPLINE_CURVE_WITH_KNOTS('',3,(#5583,#5584,#5585,#5586,#5587,#5588,
#5589,#5590,#5591,#5592),.UNSPECIFIED.,.F.,.F.,(4,1,1,1,1,1,1,4),(128.805298797182,
129.167274812116,130.16526502677,131.163255241423,132.161245456076,133.15923567073,
134.157225885383,135.088484104361),.UNSPECIFIED.);
#517=B_SPLINE_CURVE_WITH_KNOTS('',3,(#5597,#5598,#5599,#5600,#5601,#5602,
#5603,#5604,#5605,#5606,#5607),.UNSPECIFIED.,.F.,.F.,(4,1,1,1,1,1,1,1,4),
(122.522113490002,122.565282029379,123.562668702944,124.56005537651,125.557442050076,
126.554828723642,127.552215397208,128.549602070773,128.805298797182),
 .UNSPECIFIED.);
#518=B_SPLINE_CURVE_WITH_KNOTS('',3,(#5608,#5609,#5610,#5611,#5612,#5613,
#5614,#5615,#5616,#5617),.UNSPECIFIED.,.F.,.F.,(4,1,1,1,1,1,1,4),(122.522113490002,
123.179333524196,124.177323738849,125.175313953502,126.173304168156,127.171294382809,
128.169284597463,128.805298797182),.UNSPECIFIED.);
#519=B_SPLINE_CURVE_WITH_KNOTS('',3,(#5622,#5623,#5624,#5625,#5626,#5627,
#5628,#5629,#5630,#5631),.UNSPECIFIED.,.F.,.F.,(4,1,1,1,1,1,1,4),(116.238928182823,
116.580961987984,117.57834866155,118.575735335116,119.573122008681,120.570508682247,
121.567895355813,122.522113490002),.UNSPECIFIED.);
#520=B_SPLINE_CURVE_WITH_KNOTS('',3,(#5632,#5633,#5634,#5635,#5636,#5637,
#5638,#5639,#5640,#5641),.UNSPECIFIED.,.F.,.F.,(4,1,1,1,1,1,1,4),(116.238928182823,
117.191392236275,118.189382450928,119.187372665582,120.185362880235,121.183353094889,
122.181343309542,122.522113490002),.UNSPECIFIED.);
#521=B_SPLINE_CURVE_WITH_KNOTS('',3,(#5646,#5647,#5648,#5649,#5650,#5651,
#5652,#5653,#5654,#5655),.UNSPECIFIED.,.F.,.F.,(4,1,1,1,1,1,1,4),(109.955742875643,
110.59664194659,111.594028620155,112.591415293721,113.588801967287,114.586188640853,
115.583575314418,116.238928182823),.UNSPECIFIED.);
#522=B_SPLINE_CURVE_WITH_KNOTS('',3,(#5656,#5657,#5658,#5659,#5660,#5661,
#5662,#5663,#5664,#5665,#5666),.UNSPECIFIED.,.F.,.F.,(4,1,1,1,1,1,1,1,4),
(109.955742875643,110.205460733701,111.203450948354,112.201441163008,113.199431377661,
114.197421592315,115.195411806968,116.193402021622,116.238928182823),
 .UNSPECIFIED.);
#523=B_SPLINE_CURVE_WITH_KNOTS('',3,(#5671,#5672,#5673,#5674,#5675,#5676,
#5677,#5678,#5679,#5680),.UNSPECIFIED.,.F.,.F.,(4,1,1,1,1,1,1,4),(103.672557568463,
104.612321905195,105.609708578761,106.607095252327,107.604481925892,108.601868599458,
109.599255273024,109.955742875643),.UNSPECIFIED.);
#524=B_SPLINE_CURVE_WITH_KNOTS('',3,(#5681,#5682,#5683,#5684,#5685,#5686,
#5687,#5688,#5689,#5690),.UNSPECIFIED.,.F.,.F.,(4,1,1,1,1,1,1,4),(103.672557568463,
104.21751944578,105.215509660434,106.213499875087,107.211490089741,108.209480304394,
109.207470519048,109.955742875643),.UNSPECIFIED.);
#525=B_SPLINE_CURVE_WITH_KNOTS('',3,(#5695,#5696,#5697,#5698,#5699,#5700,
#5701,#5702,#5703,#5704,#5705),.UNSPECIFIED.,.F.,.F.,(4,1,1,1,1,1,1,1,4),
(97.3893722612837,97.6306151902347,98.6280018638005,99.6253885373663,100.622775210932,
101.620161884498,102.617548558064,103.614935231629,103.672557568463),
 .UNSPECIFIED.);
#526=B_SPLINE_CURVE_WITH_KNOTS('',3,(#5706,#5707,#5708,#5709,#5710,#5711,
#5712,#5713,#5714,#5715),.UNSPECIFIED.,.F.,.F.,(4,1,1,1,1,1,1,4),(97.3893722612837,
98.2295781578599,99.2275683725133,100.225558587167,101.22354880182,102.221539016474,
103.219529231127,103.672557568463),.UNSPECIFIED.);
#527=B_SPLINE_CURVE_WITH_KNOTS('',3,(#5720,#5721,#5722,#5723,#5724,#5725,
#5726,#5727,#5728,#5729),.UNSPECIFIED.,.F.,.F.,(4,1,1,1,1,1,1,4),(91.1061869541041,
91.6462951488402,92.643681822406,93.6410684959717,94.6384551695375,95.6358418431032,
96.633228516669,97.3893722612837),.UNSPECIFIED.);
#528=B_SPLINE_CURVE_WITH_KNOTS('',3,(#5730,#5731,#5732,#5733,#5734,#5735,
#5736,#5737,#5738,#5739,#5740),.UNSPECIFIED.,.F.,.F.,(4,1,1,1,1,1,1,1,4),
(91.1061869541041,91.2436466552859,92.2416368699393,93.2396270845928,94.2376172992462,
95.2356075138996,96.2335977285531,97.2315879432065,97.3893722612837),
 .UNSPECIFIED.);
#529=B_SPLINE_CURVE_WITH_KNOTS('',3,(#5745,#5746,#5747,#5748,#5749,#5750,
#5751,#5752,#5753,#5754),.UNSPECIFIED.,.F.,.F.,(4,1,1,1,1,1,1,4),(84.8230016469245,
85.6619751074456,86.6593617810114,87.6567484545772,88.6541351281429,89.6515218017087,
90.6489084752744,91.1061869541041),.UNSPECIFIED.);
#530=B_SPLINE_CURVE_WITH_KNOTS('',3,(#5755,#5756,#5757,#5758,#5759,#5760,
#5761,#5762,#5763,#5764),.UNSPECIFIED.,.F.,.F.,(4,1,1,1,1,1,1,4),(84.8230016469245,
85.2557053673654,86.2536955820188,87.2516857966722,88.2496760113256,89.2476662259791,
90.2456564406325,91.1061869541041),.UNSPECIFIED.);
#531=B_SPLINE_CURVE_WITH_KNOTS('',3,(#5769,#5770,#5771,#5772,#5773,#5774,
#5775,#5776,#5777,#5778,#5779),.UNSPECIFIED.,.F.,.F.,(4,1,1,1,1,1,1,1,4),
(78.539816339745,78.6802683924853,79.6776550660511,80.6750417396168,81.6724284131826,
82.6698150867484,83.6672017603141,84.6645884338799,84.8230016469245),
 .UNSPECIFIED.);
#532=B_SPLINE_CURVE_WITH_KNOTS('',3,(#5780,#5781,#5782,#5783,#5784,#5785,
#5786,#5787,#5788,#5789),.UNSPECIFIED.,.F.,.F.,(4,1,1,1,1,1,1,4),(78.539816339745,
79.2677640794448,80.2657542940982,81.2637445087516,82.2617347234051,83.2597249380585,
84.2577151527119,84.8230016469245),.UNSPECIFIED.);
#533=B_SPLINE_CURVE_WITH_KNOTS('',3,(#5794,#5795,#5796,#5797,#5798,#5799,
#5800,#5801,#5802,#5803),.UNSPECIFIED.,.F.,.F.,(4,1,1,1,1,1,1,4),(72.2566310325654,
72.6959483510908,73.6933350246565,74.6907216982223,75.688108371788,76.6854950453538,
77.6828817189196,78.539816339745),.UNSPECIFIED.);
#534=B_SPLINE_CURVE_WITH_KNOTS('',3,(#5804,#5805,#5806,#5807,#5808,#5809,
#5810,#5811,#5812,#5813,#5814),.UNSPECIFIED.,.F.,.F.,(4,1,1,1,1,1,1,1,4),
(72.2566310325654,72.2818325768708,73.2798227915242,74.2778130061777,75.2758032208311,
76.2737934354845,77.2717836501379,78.2697738647914,78.539816339745),
 .UNSPECIFIED.);
#535=B_SPLINE_CURVE_WITH_KNOTS('',3,(#5819,#5820,#5821,#5822,#5823,#5824,
#5825,#5826,#5827,#5828),.UNSPECIFIED.,.F.,.F.,(4,1,1,1,1,1,1,4),(65.9734457253858,
66.7116283096962,67.709014983262,68.7064016568277,69.7037883303935,70.7011750039592,
71.698561677525,72.2566310325654),.UNSPECIFIED.);
#536=B_SPLINE_CURVE_WITH_KNOTS('',3,(#5829,#5830,#5831,#5832,#5833,#5834,
#5835,#5836,#5837,#5838),.UNSPECIFIED.,.F.,.F.,(4,1,1,1,1,1,1,4),(65.9734457253858,
66.2938912889502,67.2918815036037,68.2898717182571,69.2878619329105,70.2858521475639,
71.2838423622174,72.2566310325654),.UNSPECIFIED.);
#537=B_SPLINE_CURVE_WITH_KNOTS('',3,(#5843,#5844,#5845,#5846,#5847,#5848,
#5849,#5850,#5851,#5852,#5853),.UNSPECIFIED.,.F.,.F.,(4,1,1,1,1,1,1,1,4),
(59.6902604182062,59.7299215947359,60.7273082683017,61.7246949418674,62.7220816154332,
63.7194682889989,64.7168549625647,65.7142416361305,65.9734457253858),
 .UNSPECIFIED.);
#538=B_SPLINE_CURVE_WITH_KNOTS('',3,(#5854,#5855,#5856,#5857,#5858,#5859,
#5860,#5861,#5862,#5863),.UNSPECIFIED.,.F.,.F.,(4,1,1,1,1,1,1,4),(59.6902604182062,
60.3059500010297,61.3039402156831,62.3019304303365,63.29992064499,64.2979108596434,
65.2959010742968,65.9734457253858),.UNSPECIFIED.);
#539=B_SPLINE_CURVE_WITH_KNOTS('',3,(#5868,#5869,#5870,#5871,#5872,#5873,
#5874,#5875,#5876,#5877),.UNSPECIFIED.,.F.,.F.,(4,1,1,1,1,1,1,4),(53.4070751110266,
53.7456015533413,54.7429882269071,55.7403749004729,56.7377615740386,57.7351482476044,
58.7325349211701,59.6902604182062),.UNSPECIFIED.);
#540=B_SPLINE_CURVE_WITH_KNOTS('',3,(#5878,#5879,#5880,#5881,#5882,#5883,
#5884,#5885,#5886,#5887),.UNSPECIFIED.,.F.,.F.,(4,1,1,1,1,1,1,4),(53.4070751110266,
54.3180087131091,55.3159989277625,56.313989142416,57.3119793570694,58.3099695717228,
59.3079597863762,59.6902604182062),.UNSPECIFIED.);
#541=B_SPLINE_CURVE_WITH_KNOTS('',3,(#5892,#5893,#5894,#5895,#5896,#5897,
#5898,#5899,#5900,#5901),.UNSPECIFIED.,.F.,.F.,(4,1,1,1,1,1,1,4),(47.123889803847,
47.7612815119468,48.7586681855126,49.7560548590783,50.7534415326441,51.7508282062098,
52.7482148797756,53.4070751110266),.UNSPECIFIED.);
#542=B_SPLINE_CURVE_WITH_KNOTS('',3,(#5902,#5903,#5904,#5905,#5906,#5907,
#5908,#5909,#5910,#5911,#5912),.UNSPECIFIED.,.F.,.F.,(4,1,1,1,1,1,1,1,4),
(47.123889803847,47.3320772105351,48.3300674251885,49.328057639842,50.3260478544954,
51.3240380691488,52.3220282838022,53.3200184984557,53.4070751110266),
 .UNSPECIFIED.);
#543=B_SPLINE_CURVE_WITH_KNOTS('',3,(#5917,#5918,#5919,#5920,#5921,#5922,
#5923,#5924,#5925,#5926),.UNSPECIFIED.,.F.,.F.,(4,1,1,1,1,1,1,4),(40.8407044966674,
41.7769614705522,42.774348144118,43.7717348176838,44.7691214912495,45.7665081648153,
46.763894838381,47.123889803847),.UNSPECIFIED.);
#544=B_SPLINE_CURVE_WITH_KNOTS('',3,(#5927,#5928,#5929,#5930,#5931,#5932,
#5933,#5934,#5935,#5936),.UNSPECIFIED.,.F.,.F.,(4,1,1,1,1,1,1,4),(40.8407044966674,
41.3441359226145,42.342126137268,43.3401163519214,44.3381065665748,45.3360967812282,
46.3340869958817,47.123889803847),.UNSPECIFIED.);
#545=B_SPLINE_CURVE_WITH_KNOTS('',3,(#5941,#5942,#5943,#5944,#5945,#5946,
#5947,#5948,#5949,#5950,#5951),.UNSPECIFIED.,.F.,.F.,(4,1,1,1,1,1,1,1,4),
(34.5575191894878,34.7952547555919,35.7926414291577,36.7900281027234,37.7874147762892,
38.784801449855,39.7821881234207,40.7795747969865,40.8407044966674),
 .UNSPECIFIED.);
#546=B_SPLINE_CURVE_WITH_KNOTS('',3,(#5952,#5953,#5954,#5955,#5956,#5957,
#5958,#5959,#5960,#5961),.UNSPECIFIED.,.F.,.F.,(4,1,1,1,1,1,1,4),(34.5575191894878,
35.356194634694,36.3541848493474,37.3521750640008,38.3501652786543,39.3481554933077,
40.3461457079611,40.8407044966674),.UNSPECIFIED.);
#547=B_SPLINE_CURVE_WITH_KNOTS('',3,(#5966,#5967,#5968,#5969,#5970,#5971,
#5972,#5973,#5974,#5975),.UNSPECIFIED.,.F.,.F.,(4,1,1,1,1,1,1,4),(28.2743338823082,
28.8109347141974,29.8083213877631,30.8057080613289,31.8030947348946,32.8004814084604,
33.7978680820262,34.5575191894878),.UNSPECIFIED.);
#548=B_SPLINE_CURVE_WITH_KNOTS('',3,(#5976,#5977,#5978,#5979,#5980,#5981,
#5982,#5983,#5984,#5985,#5986),.UNSPECIFIED.,.F.,.F.,(4,1,1,1,1,1,1,1,4),
(28.2743338823082,28.37026313212,29.3682533467734,30.3662435614268,31.3642337760803,
32.3622239907337,33.3602142053871,34.3582044200406,34.5575191894878),
 .UNSPECIFIED.);
#549=B_SPLINE_CURVE_WITH_KNOTS('',3,(#5991,#5992,#5993,#5994,#5995,#5996,
#5997,#5998,#5999,#6000),.UNSPECIFIED.,.F.,.F.,(4,1,1,1,1,1,1,4),(21.9911485751286,
22.8266146728028,23.8240013463686,24.8213880199343,25.8187746935001,26.8161613670659,
27.8135480406316,28.2743338823082),.UNSPECIFIED.);
#550=B_SPLINE_CURVE_WITH_KNOTS('',3,(#6001,#6002,#6003,#6004,#6005,#6006,
#6007,#6008,#6009,#6010),.UNSPECIFIED.,.F.,.F.,(4,1,1,1,1,1,1,4),(21.9911485751286,
22.3823218441994,23.3803120588528,24.3783022735063,25.3762924881597,26.3742827028131,
27.3722729174666,28.2743338823082),.UNSPECIFIED.);
#551=B_SPLINE_CURVE_WITH_KNOTS('',3,(#6016,#6017,#6018,#6019,#6020),
 .UNSPECIFIED.,.F.,.F.,(4,1,4),(14.398400126972,15.3963903416254,15.707963267949),
 .UNSPECIFIED.);
#552=B_SPLINE_CURVE_WITH_KNOTS('',3,(#6023,#6024,#6025,#6026,#6027),
 .UNSPECIFIED.,.F.,.F.,(4,1,4),(13.8759337553364,14.8475212842767,15.707963267949),
 .UNSPECIFIED.);
#553=B_SPLINE_CURVE_WITH_KNOTS('',3,(#6033,#6034,#6035,#6036,#6037,#6038,
#6039,#6040,#6041),.UNSPECIFIED.,.F.,.F.,(4,1,1,1,1,1,4),(179.070781254618,
179.416322422627,180.413709096193,181.411095769759,182.408482443324,183.40586911689,
184.289476262112),.UNSPECIFIED.);
#554=B_SPLINE_CURVE_WITH_KNOTS('',3,(#6043,#6044,#6045,#6046),
 .UNSPECIFIED.,.F.,.F.,(4,4),(0.900406699592171,0.911612267674782),
 .UNSPECIFIED.);
#555=B_SPLINE_CURVE_WITH_KNOTS('',3,(#6047,#6048,#6049,#6050,#6051,#6052,
#6053,#6054,#6055),.UNSPECIFIED.,.F.,.F.,(4,1,1,1,1,1,4),(179.070781254618,
180.064775759441,181.062765974094,182.060756188748,183.058746403401,184.056736618055,
184.362366739114),.UNSPECIFIED.);
#556=B_SPLINE_CURVE_WITH_KNOTS('',3,(#6060,#6061,#6062,#6063,#6064,#6065,
#6066,#6067,#6068,#6069),.UNSPECIFIED.,.F.,.F.,(4,1,1,1,1,1,1,4),(172.787595947439,
173.432002381232,174.429389054798,175.426775728364,176.42416240193,177.421549075495,
178.418935749061,179.070781254618),.UNSPECIFIED.);
#557=B_SPLINE_CURVE_WITH_KNOTS('',3,(#6070,#6071,#6072,#6073,#6074,#6075,
#6076,#6077,#6078,#6079,#6080),.UNSPECIFIED.,.F.,.F.,(4,1,1,1,1,1,1,1,4),
(172.787595947439,173.078844256867,174.07683447152,175.074824686174,176.072814900827,
177.070805115481,178.068795330134,179.066785544788,179.070781254618),
 .UNSPECIFIED.);
#558=B_SPLINE_CURVE_WITH_KNOTS('',3,(#6085,#6086,#6087,#6088,#6089,#6090,
#6091,#6092,#6093,#6094),.UNSPECIFIED.,.F.,.F.,(4,1,1,1,1,1,1,4),(166.504410640259,
167.447682339838,168.445069013404,169.442455686969,170.439842360535,171.437229034101,
172.434615707667,172.787595947439),.UNSPECIFIED.);
#559=B_SPLINE_CURVE_WITH_KNOTS('',3,(#6095,#6096,#6097,#6098,#6099,#6100,
#6101,#6102,#6103,#6104),.UNSPECIFIED.,.F.,.F.,(4,1,1,1,1,1,1,4),(166.504410640259,
167.090902968946,168.0888931836,169.086883398253,170.084873612907,171.08286382756,
172.080854042214,172.787595947439),.UNSPECIFIED.);
#560=B_SPLINE_CURVE_WITH_KNOTS('',3,(#6109,#6110,#6111,#6112,#6113,#6114,
#6115,#6116,#6117,#6118,#6119),.UNSPECIFIED.,.F.,.F.,(4,1,1,1,1,1,1,1,4),
(160.22122533308,160.465975624878,161.463362298443,162.460748972009,163.458135645575,
164.455522319141,165.452908992706,166.450295666272,166.504410640259),
 .UNSPECIFIED.);
#561=B_SPLINE_CURVE_WITH_KNOTS('',3,(#6120,#6121,#6122,#6123,#6124,#6125,
#6126,#6127,#6128,#6129),.UNSPECIFIED.,.F.,.F.,(4,1,1,1,1,1,1,4),(160.22122533308,
161.102961681026,162.100951895679,163.098942110333,164.096932324986,165.09492253964,
166.092912754293,166.504410640259),.UNSPECIFIED.);
#562=B_SPLINE_CURVE_WITH_KNOTS('',3,(#6134,#6135,#6136,#6137,#6138,#6139,
#6140,#6141,#6142,#6143),.UNSPECIFIED.,.F.,.F.,(4,1,1,1,1,1,1,4),(153.9380400259,
154.481655583483,155.479042257049,156.476428930615,157.47381560418,158.471202277746,
159.468588951312,160.22122533308),.UNSPECIFIED.);
#563=B_SPLINE_CURVE_WITH_KNOTS('',3,(#6144,#6145,#6146,#6147,#6148,#6149,
#6150,#6151,#6152,#6153,#6154),.UNSPECIFIED.,.F.,.F.,(4,1,1,1,1,1,1,1,4),
(153.9380400259,154.117030178452,155.115020393105,156.113010607759,157.111000822412,
158.108991037066,159.106981251719,160.104971466372,160.22122533308),
 .UNSPECIFIED.);
#564=B_SPLINE_CURVE_WITH_KNOTS('',3,(#6159,#6160,#6161,#6162,#6163,#6164,
#6165,#6166,#6167,#6168),.UNSPECIFIED.,.F.,.F.,(4,1,1,1,1,1,1,4),(147.65485471872,
148.497335542088,149.494722215654,150.49210888922,151.489495562786,152.486882236352,
153.484268909917,153.9380400259),.UNSPECIFIED.);
#565=B_SPLINE_CURVE_WITH_KNOTS('',3,(#6169,#6170,#6171,#6172,#6173,#6174,
#6175,#6176,#6177,#6178),.UNSPECIFIED.,.F.,.F.,(4,1,1,1,1,1,1,4),(147.65485471872,
148.129088890531,149.127079105185,150.125069319838,151.123059534492,152.121049749145,
153.119039963798,153.9380400259),.UNSPECIFIED.);
#566=B_SPLINE_CURVE_WITH_KNOTS('',3,(#6183,#6184,#6185,#6186,#6187,#6188,
#6189,#6190,#6191,#6192,#6193),.UNSPECIFIED.,.F.,.F.,(4,1,1,1,1,1,1,1,4),
(141.371669411541,141.515628827128,142.513015500694,143.51040217426,144.507788847825,
145.505175521391,146.502562194957,147.499948868523,147.65485471872),
 .UNSPECIFIED.);
#567=B_SPLINE_CURVE_WITH_KNOTS('',3,(#6194,#6195,#6196,#6197,#6198,#6199,
#6200,#6201,#6202,#6203),.UNSPECIFIED.,.F.,.F.,(4,1,1,1,1,1,1,4),(141.371669411541,
142.141147602611,143.139137817264,144.137128031918,145.135118246571,146.133108461224,
147.131098675878,147.65485471872),.UNSPECIFIED.);
#568=B_SPLINE_CURVE_WITH_KNOTS('',3,(#6208,#6209,#6210,#6211,#6212,#6213,
#6214,#6215,#6216,#6217),.UNSPECIFIED.,.F.,.F.,(4,1,1,1,1,1,1,4),(135.088484104361,
135.531308785734,136.528695459299,137.526082132865,138.523468806431,139.520855479997,
140.518242153562,141.371669411541),.UNSPECIFIED.);
#569=B_SPLINE_CURVE_WITH_KNOTS('',3,(#6218,#6219,#6220,#6221,#6222,#6223,
#6224,#6225,#6226,#6227,#6228),.UNSPECIFIED.,.F.,.F.,(4,1,1,1,1,1,1,1,4),
(135.088484104361,135.155216100037,136.15320631469,137.151196529344,138.149186743997,
139.14717695865,140.145167173304,141.143157387957,141.371669411541),
 .UNSPECIFIED.);
#570=B_SPLINE_CURVE_WITH_KNOTS('',3,(#6233,#6234,#6235,#6236,#6237,#6238,
#6239,#6240,#6241,#6242),.UNSPECIFIED.,.F.,.F.,(4,1,1,1,1,1,1,4),(128.805298797182,
129.546988744339,130.544375417905,131.541762091471,132.539148765036,133.536535438602,
134.533922112168,135.088484104361),.UNSPECIFIED.);
#571=B_SPLINE_CURVE_WITH_KNOTS('',3,(#6243,#6244,#6245,#6246,#6247,#6248,
#6249,#6250,#6251,#6252),.UNSPECIFIED.,.F.,.F.,(4,1,1,1,1,1,1,4),(128.805298797182,
129.167274812116,130.16526502677,131.163255241423,132.161245456076,133.15923567073,
134.157225885383,135.088484104361),.UNSPECIFIED.);
#572=B_SPLINE_CURVE_WITH_KNOTS('',3,(#6257,#6258,#6259,#6260,#6261,#6262,
#6263,#6264,#6265,#6266,#6267),.UNSPECIFIED.,.F.,.F.,(4,1,1,1,1,1,1,1,4),
(122.522113490002,122.565282029379,123.562668702944,124.56005537651,125.557442050076,
126.554828723642,127.552215397208,128.549602070773,128.805298797182),
 .UNSPECIFIED.);
#573=B_SPLINE_CURVE_WITH_KNOTS('',3,(#6268,#6269,#6270,#6271,#6272,#6273,
#6274,#6275,#6276,#6277),.UNSPECIFIED.,.F.,.F.,(4,1,1,1,1,1,1,4),(122.522113490002,
123.179333524196,124.177323738849,125.175313953502,126.173304168156,127.171294382809,
128.169284597463,128.805298797182),.UNSPECIFIED.);
#574=B_SPLINE_CURVE_WITH_KNOTS('',3,(#6282,#6283,#6284,#6285,#6286,#6287,
#6288,#6289,#6290,#6291),.UNSPECIFIED.,.F.,.F.,(4,1,1,1,1,1,1,4),(116.238928182822,
116.580961987984,117.57834866155,118.575735335116,119.573122008681,120.570508682247,
121.567895355813,122.522113490002),.UNSPECIFIED.);
#575=B_SPLINE_CURVE_WITH_KNOTS('',3,(#6292,#6293,#6294,#6295,#6296,#6297,
#6298,#6299,#6300,#6301),.UNSPECIFIED.,.F.,.F.,(4,1,1,1,1,1,1,4),(116.238928182823,
117.191392236275,118.189382450928,119.187372665582,120.185362880235,121.183353094889,
122.181343309542,122.522113490002),.UNSPECIFIED.);
#576=B_SPLINE_CURVE_WITH_KNOTS('',3,(#6306,#6307,#6308,#6309,#6310,#6311,
#6312,#6313,#6314,#6315),.UNSPECIFIED.,.F.,.F.,(4,1,1,1,1,1,1,4),(109.955742875643,
110.59664194659,111.594028620155,112.591415293721,113.588801967287,114.586188640853,
115.583575314418,116.238928182822),.UNSPECIFIED.);
#577=B_SPLINE_CURVE_WITH_KNOTS('',3,(#6316,#6317,#6318,#6319,#6320,#6321,
#6322,#6323,#6324,#6325,#6326),.UNSPECIFIED.,.F.,.F.,(4,1,1,1,1,1,1,1,4),
(109.955742875643,110.205460733701,111.203450948354,112.201441163008,113.199431377661,
114.197421592315,115.195411806968,116.193402021622,116.238928182823),
 .UNSPECIFIED.);
#578=B_SPLINE_CURVE_WITH_KNOTS('',3,(#6331,#6332,#6333,#6334,#6335,#6336,
#6337,#6338,#6339,#6340),.UNSPECIFIED.,.F.,.F.,(4,1,1,1,1,1,1,4),(103.672557568463,
104.612321905195,105.609708578761,106.607095252327,107.604481925892,108.601868599458,
109.599255273024,109.955742875643),.UNSPECIFIED.);
#579=B_SPLINE_CURVE_WITH_KNOTS('',3,(#6341,#6342,#6343,#6344,#6345,#6346,
#6347,#6348,#6349,#6350),.UNSPECIFIED.,.F.,.F.,(4,1,1,1,1,1,1,4),(103.672557568463,
104.217519445781,105.215509660434,106.213499875087,107.211490089741,108.209480304394,
109.207470519048,109.955742875643),.UNSPECIFIED.);
#580=B_SPLINE_CURVE_WITH_KNOTS('',3,(#6355,#6356,#6357,#6358,#6359,#6360,
#6361,#6362,#6363,#6364,#6365),.UNSPECIFIED.,.F.,.F.,(4,1,1,1,1,1,1,1,4),
(97.3893722612837,97.6306151902347,98.6280018638005,99.6253885373663,100.622775210932,
101.620161884498,102.617548558064,103.614935231629,103.672557568463),
 .UNSPECIFIED.);
#581=B_SPLINE_CURVE_WITH_KNOTS('',3,(#6366,#6367,#6368,#6369,#6370,#6371,
#6372,#6373,#6374,#6375),.UNSPECIFIED.,.F.,.F.,(4,1,1,1,1,1,1,4),(97.3893722612837,
98.2295781578599,99.2275683725134,100.225558587167,101.22354880182,102.221539016474,
103.219529231127,103.672557568463),.UNSPECIFIED.);
#582=B_SPLINE_CURVE_WITH_KNOTS('',3,(#6380,#6381,#6382,#6383,#6384,#6385,
#6386,#6387,#6388,#6389),.UNSPECIFIED.,.F.,.F.,(4,1,1,1,1,1,1,4),(91.1061869541041,
91.6462951488402,92.643681822406,93.6410684959717,94.6384551695375,95.6358418431032,
96.633228516669,97.3893722612837),.UNSPECIFIED.);
#583=B_SPLINE_CURVE_WITH_KNOTS('',3,(#6390,#6391,#6392,#6393,#6394,#6395,
#6396,#6397,#6398,#6399,#6400),.UNSPECIFIED.,.F.,.F.,(4,1,1,1,1,1,1,1,4),
(91.1061869541041,91.2436466552859,92.2416368699394,93.2396270845928,94.2376172992462,
95.2356075138997,96.2335977285531,97.2315879432065,97.3893722612837),
 .UNSPECIFIED.);
#584=B_SPLINE_CURVE_WITH_KNOTS('',3,(#6405,#6406,#6407,#6408,#6409,#6410,
#6411,#6412,#6413,#6414),.UNSPECIFIED.,.F.,.F.,(4,1,1,1,1,1,1,4),(84.8230016469245,
85.6619751074456,86.6593617810114,87.6567484545772,88.6541351281429,89.6515218017087,
90.6489084752744,91.1061869541041),.UNSPECIFIED.);
#585=B_SPLINE_CURVE_WITH_KNOTS('',3,(#6415,#6416,#6417,#6418,#6419,#6420,
#6421,#6422,#6423,#6424),.UNSPECIFIED.,.F.,.F.,(4,1,1,1,1,1,1,4),(84.8230016469245,
85.2557053673654,86.2536955820188,87.2516857966722,88.2496760113256,89.2476662259791,
90.2456564406325,91.1061869541041),.UNSPECIFIED.);
#586=B_SPLINE_CURVE_WITH_KNOTS('',3,(#6429,#6430,#6431,#6432,#6433,#6434,
#6435,#6436,#6437,#6438,#6439),.UNSPECIFIED.,.F.,.F.,(4,1,1,1,1,1,1,1,4),
(78.5398163397449,78.6802683924853,79.6776550660511,80.6750417396168,81.6724284131826,
82.6698150867484,83.6672017603141,84.6645884338799,84.8230016469245),
 .UNSPECIFIED.);
#587=B_SPLINE_CURVE_WITH_KNOTS('',3,(#6440,#6441,#6442,#6443,#6444,#6445,
#6446,#6447,#6448,#6449),.UNSPECIFIED.,.F.,.F.,(4,1,1,1,1,1,1,4),(78.539816339745,
79.2677640794448,80.2657542940982,81.2637445087517,82.2617347234051,83.2597249380585,
84.2577151527119,84.8230016469245),.UNSPECIFIED.);
#588=B_SPLINE_CURVE_WITH_KNOTS('',3,(#6454,#6455,#6456,#6457,#6458,#6459,
#6460,#6461,#6462,#6463),.UNSPECIFIED.,.F.,.F.,(4,1,1,1,1,1,1,4),(72.2566310325653,
72.6959483510908,73.6933350246565,74.6907216982223,75.688108371788,76.6854950453538,
77.6828817189196,78.5398163397449),.UNSPECIFIED.);
#589=B_SPLINE_CURVE_WITH_KNOTS('',3,(#6464,#6465,#6466,#6467,#6468,#6469,
#6470,#6471,#6472,#6473,#6474),.UNSPECIFIED.,.F.,.F.,(4,1,1,1,1,1,1,1,4),
(72.2566310325654,72.2818325768708,73.2798227915242,74.2778130061777,75.2758032208311,
76.2737934354845,77.2717836501379,78.2697738647914,78.539816339745),
 .UNSPECIFIED.);
#590=B_SPLINE_CURVE_WITH_KNOTS('',3,(#6479,#6480,#6481,#6482,#6483,#6484,
#6485,#6486,#6487,#6488),.UNSPECIFIED.,.F.,.F.,(4,1,1,1,1,1,1,4),(65.9734457253857,
66.7116283096962,67.709014983262,68.7064016568277,69.7037883303935,70.7011750039592,
71.698561677525,72.2566310325653),.UNSPECIFIED.);
#591=B_SPLINE_CURVE_WITH_KNOTS('',3,(#6489,#6490,#6491,#6492,#6493,#6494,
#6495,#6496,#6497,#6498),.UNSPECIFIED.,.F.,.F.,(4,1,1,1,1,1,1,4),(65.9734457253858,
66.2938912889502,67.2918815036037,68.2898717182571,69.2878619329105,70.285852147564,
71.2838423622174,72.2566310325654),.UNSPECIFIED.);
#592=B_SPLINE_CURVE_WITH_KNOTS('',3,(#6503,#6504,#6505,#6506,#6507,#6508,
#6509,#6510,#6511,#6512,#6513),.UNSPECIFIED.,.F.,.F.,(4,1,1,1,1,1,1,1,4),
(59.6902604182062,59.7299215947359,60.7273082683017,61.7246949418674,62.7220816154332,
63.7194682889989,64.7168549625647,65.7142416361305,65.9734457253857),
 .UNSPECIFIED.);
#593=B_SPLINE_CURVE_WITH_KNOTS('',3,(#6514,#6515,#6516,#6517,#6518,#6519,
#6520,#6521,#6522,#6523),.UNSPECIFIED.,.F.,.F.,(4,1,1,1,1,1,1,4),(59.6902604182062,
60.3059500010297,61.3039402156831,62.3019304303365,63.29992064499,64.2979108596434,
65.2959010742968,65.9734457253858),.UNSPECIFIED.);
#594=B_SPLINE_CURVE_WITH_KNOTS('',3,(#6528,#6529,#6530,#6531,#6532,#6533,
#6534,#6535,#6536,#6537),.UNSPECIFIED.,.F.,.F.,(4,1,1,1,1,1,1,4),(53.4070751110266,
53.7456015533413,54.7429882269071,55.7403749004729,56.7377615740386,57.7351482476044,
58.7325349211701,59.6902604182062),.UNSPECIFIED.);
#595=B_SPLINE_CURVE_WITH_KNOTS('',3,(#6538,#6539,#6540,#6541,#6542,#6543,
#6544,#6545,#6546,#6547),.UNSPECIFIED.,.F.,.F.,(4,1,1,1,1,1,1,4),(53.4070751110266,
54.3180087131091,55.3159989277625,56.313989142416,57.3119793570694,58.3099695717228,
59.3079597863763,59.6902604182062),.UNSPECIFIED.);
#596=B_SPLINE_CURVE_WITH_KNOTS('',3,(#6552,#6553,#6554,#6555,#6556,#6557,
#6558,#6559,#6560,#6561),.UNSPECIFIED.,.F.,.F.,(4,1,1,1,1,1,1,4),(47.123889803847,
47.7612815119468,48.7586681855126,49.7560548590783,50.7534415326441,51.7508282062098,
52.7482148797756,53.4070751110266),.UNSPECIFIED.);
#597=B_SPLINE_CURVE_WITH_KNOTS('',3,(#6562,#6563,#6564,#6565,#6566,#6567,
#6568,#6569,#6570,#6571,#6572),.UNSPECIFIED.,.F.,.F.,(4,1,1,1,1,1,1,1,4),
(47.123889803847,47.3320772105351,48.3300674251885,49.328057639842,50.3260478544954,
51.3240380691488,52.3220282838023,53.3200184984557,53.4070751110266),
 .UNSPECIFIED.);
#598=B_SPLINE_CURVE_WITH_KNOTS('',3,(#6577,#6578,#6579,#6580,#6581,#6582,
#6583,#6584,#6585,#6586),.UNSPECIFIED.,.F.,.F.,(4,1,1,1,1,1,1,4),(40.8407044966674,
41.7769614705522,42.774348144118,43.7717348176838,44.7691214912495,45.7665081648153,
46.763894838381,47.123889803847),.UNSPECIFIED.);
#599=B_SPLINE_CURVE_WITH_KNOTS('',3,(#6587,#6588,#6589,#6590,#6591,#6592,
#6593,#6594,#6595,#6596),.UNSPECIFIED.,.F.,.F.,(4,1,1,1,1,1,1,4),(40.8407044966674,
41.3441359226145,42.342126137268,43.3401163519214,44.3381065665748,45.3360967812283,
46.3340869958817,47.123889803847),.UNSPECIFIED.);
#600=B_SPLINE_CURVE_WITH_KNOTS('',3,(#6601,#6602,#6603,#6604,#6605,#6606,
#6607,#6608,#6609,#6610,#6611),.UNSPECIFIED.,.F.,.F.,(4,1,1,1,1,1,1,1,4),
(34.5575191894878,34.7952547555919,35.7926414291577,36.7900281027234,37.7874147762892,
38.784801449855,39.7821881234207,40.7795747969865,40.8407044966674),
 .UNSPECIFIED.);
#601=B_SPLINE_CURVE_WITH_KNOTS('',3,(#6612,#6613,#6614,#6615,#6616,#6617,
#6618,#6619,#6620,#6621),.UNSPECIFIED.,.F.,.F.,(4,1,1,1,1,1,1,4),(34.5575191894878,
35.356194634694,36.3541848493474,37.3521750640008,38.3501652786543,39.3481554933077,
40.3461457079611,40.8407044966674),.UNSPECIFIED.);
#602=B_SPLINE_CURVE_WITH_KNOTS('',3,(#6626,#6627,#6628,#6629,#6630,#6631,
#6632,#6633,#6634,#6635),.UNSPECIFIED.,.F.,.F.,(4,1,1,1,1,1,1,4),(28.2743338823082,
28.8109347141974,29.8083213877631,30.8057080613289,31.8030947348947,32.8004814084604,
33.7978680820262,34.5575191894878),.UNSPECIFIED.);
#603=B_SPLINE_CURVE_WITH_KNOTS('',3,(#6636,#6637,#6638,#6639,#6640,#6641,
#6642,#6643,#6644,#6645,#6646),.UNSPECIFIED.,.F.,.F.,(4,1,1,1,1,1,1,1,4),
(28.2743338823082,28.37026313212,29.3682533467734,30.3662435614268,31.3642337760803,
32.3622239907337,33.3602142053871,34.3582044200406,34.5575191894878),
 .UNSPECIFIED.);
#604=B_SPLINE_CURVE_WITH_KNOTS('',3,(#6651,#6652,#6653,#6654,#6655,#6656,
#6657,#6658,#6659,#6660),.UNSPECIFIED.,.F.,.F.,(4,1,1,1,1,1,1,4),(21.9911485751286,
22.8266146728028,23.8240013463686,24.8213880199343,25.8187746935001,26.8161613670659,
27.8135480406316,28.2743338823082),.UNSPECIFIED.);
#605=B_SPLINE_CURVE_WITH_KNOTS('',3,(#6661,#6662,#6663,#6664,#6665,#6666,
#6667,#6668,#6669,#6670),.UNSPECIFIED.,.F.,.F.,(4,1,1,1,1,1,1,4),(21.9911485751286,
22.3823218441994,23.3803120588529,24.3783022735063,25.3762924881597,26.3742827028131,
27.3722729174666,28.2743338823082),.UNSPECIFIED.);
#606=B_SPLINE_CURVE_WITH_KNOTS('',3,(#6676,#6677,#6678,#6679,#6680),
 .UNSPECIFIED.,.F.,.F.,(4,1,4),(14.398400126972,15.3963903416254,15.707963267949),
 .UNSPECIFIED.);
#607=B_SPLINE_CURVE_WITH_KNOTS('',3,(#6683,#6684,#6685,#6686,#6687),
 .UNSPECIFIED.,.F.,.F.,(4,1,4),(13.8759337553364,14.8475212842767,15.707963267949),
 .UNSPECIFIED.);
#608=B_SPLINE_CURVE_WITH_KNOTS('',3,(#6695,#6696,#6697,#6698,#6699,#6700,
#6701,#6702,#6703,#6704,#6705,#6706,#6707,#6708,#6709,#6710),
 .UNSPECIFIED.,.F.,.F.,(4,3,3,3,3,4),(171.524592410924,172.407381136259,
173.290169861594,174.172958586929,175.055747312264,175.846841974152),
 .UNSPECIFIED.);
#609=B_SPLINE_CURVE_WITH_KNOTS('',3,(#6712,#6713,#6714,#6715,#6716,#6717),
 .UNSPECIFIED.,.F.,.F.,(4,2,4),(0.757604696513756,0.757970102907345,0.786837367097964),
 .UNSPECIFIED.);
#610=B_SPLINE_CURVE_WITH_KNOTS('',3,(#6718,#6719,#6720,#6721,#6722,#6723,
#6724,#6725,#6726,#6727,#6728,#6729,#6730,#6731,#6732,#6733,#6734,#6735,
#6736),.UNSPECIFIED.,.F.,.F.,(4,3,3,3,3,3,4),(-172.33251411226,-171.550507853311,
-170.553121179745,-169.555734506179,-168.558347832613,-167.560961159048,
-167.215419991039),.UNSPECIFIED.);
#611=B_SPLINE_CURVE_WITH_KNOTS('',3,(#6742,#6743,#6744,#6745,#6746,#6747,
#6748,#6749,#6750,#6751,#6752,#6753,#6754,#6755,#6756,#6757,#6758,#6759,
#6760),.UNSPECIFIED.,.F.,.F.,(4,3,3,3,3,3,4),(164.672381127646,165.666375632469,
166.664365847122,167.662356061776,168.660346276429,169.658336491083,170.656326705736),
 .UNSPECIFIED.);
#612=B_SPLINE_CURVE_WITH_KNOTS('',3,(#6762,#6763,#6764,#6765,#6766,#6767,
#6768,#6769,#6770,#6771,#6772,#6773,#6774,#6775,#6776,#6777,#6778,#6779,
#6780,#6781,#6782,#6783),.UNSPECIFIED.,.F.,.F.,(4,3,3,3,3,3,3,4),(-167.215419991039,
-166.563574485482,-165.566187811916,-164.56880113835,-163.571414464785,
-162.574027791219,-161.576641117653,-160.932234683859),.UNSPECIFIED.);
#613=B_SPLINE_CURVE_WITH_KNOTS('',3,(#6788,#6789,#6790,#6791,#6792,#6793,
#6794,#6795,#6796,#6797,#6798,#6799,#6800,#6801,#6802,#6803,#6804,#6805,
#6806,#6807,#6808,#6809,#6810,#6811,#6812),.UNSPECIFIED.,.F.,.F.,(4,3,3,
3,3,3,3,3,4),(158.389195820467,158.680444129895,159.678434344548,160.676424559202,
161.674414773855,162.672404988509,163.670395203162,164.668385417816,164.672381127646),
 .UNSPECIFIED.);
#614=B_SPLINE_CURVE_WITH_KNOTS('',3,(#6813,#6814,#6815,#6816,#6817,#6818,
#6819,#6820,#6821,#6822,#6823,#6824,#6825,#6826,#6827,#6828,#6829,#6830,
#6831,#6832,#6833,#6834),.UNSPECIFIED.,.F.,.F.,(4,3,3,3,3,3,3,4),(-160.932234683859,
-160.579254444087,-159.581867770521,-158.584481096956,-157.58709442339,
-156.589707749824,-155.592321076258,-154.64904937668),.UNSPECIFIED.);
#615=B_SPLINE_CURVE_WITH_KNOTS('',3,(#6839,#6840,#6841,#6842,#6843,#6844,
#6845,#6846,#6847,#6848,#6849,#6850,#6851,#6852,#6853,#6854,#6855,#6856,
#6857,#6858,#6859,#6860),.UNSPECIFIED.,.F.,.F.,(4,3,3,3,3,3,3,4),(152.106010513287,
152.692502841974,153.690493056628,154.688483271281,155.686473485935,156.684463700588,
157.682453915242,158.389195820467),.UNSPECIFIED.);
#616=B_SPLINE_CURVE_WITH_KNOTS('',3,(#6861,#6862,#6863,#6864,#6865,#6866,
#6867,#6868,#6869,#6870,#6871,#6872,#6873,#6874,#6875,#6876,#6877,#6878,
#6879,#6880,#6881,#6882,#6883,#6884,#6885),.UNSPECIFIED.,.F.,.F.,(4,3,3,
3,3,3,3,3,4),(-154.64904937668,-154.594934402693,-153.597547729127,-152.600161055561,
-151.602774381995,-150.60538770843,-149.608001034864,-148.610614361298,
-148.3658640695),.UNSPECIFIED.);
#617=B_SPLINE_CURVE_WITH_KNOTS('',3,(#6890,#6891,#6892,#6893,#6894,#6895,
#6896,#6897,#6898,#6899,#6900,#6901,#6902,#6903,#6904,#6905,#6906,#6907,
#6908,#6909,#6910,#6911),.UNSPECIFIED.,.F.,.F.,(4,3,3,3,3,3,3,4),(145.822825206108,
146.704561554054,147.702551768707,148.700541983361,149.698532198014,150.696522412668,
151.694512627321,152.106010513287),.UNSPECIFIED.);
#618=B_SPLINE_CURVE_WITH_KNOTS('',3,(#6912,#6913,#6914,#6915,#6916,#6917,
#6918,#6919,#6920,#6921,#6922,#6923,#6924,#6925,#6926,#6927,#6928,#6929,
#6930,#6931,#6932,#6933),.UNSPECIFIED.,.F.,.F.,(4,3,3,3,3,3,3,4),(-148.3658640695,
-147.613227687732,-146.615841014167,-145.618454340601,-144.621067667035,
-143.623680993469,-142.626294319904,-142.082678762321),.UNSPECIFIED.);
#619=B_SPLINE_CURVE_WITH_KNOTS('',3,(#6938,#6939,#6940,#6941,#6942,#6943,
#6944,#6945,#6946,#6947,#6948,#6949,#6950,#6951,#6952,#6953,#6954,#6955,
#6956,#6957,#6958,#6959,#6960,#6961,#6962),.UNSPECIFIED.,.F.,.F.,(4,3,3,
3,3,3,3,3,4),(139.539639898928,139.71863005148,140.716620266133,141.714610480787,
142.71260069544,143.710590910094,144.708581124747,145.7065713394,145.822825206108),
 .UNSPECIFIED.);
#620=B_SPLINE_CURVE_WITH_KNOTS('',3,(#6963,#6964,#6965,#6966,#6967,#6968,
#6969,#6970,#6971,#6972,#6973,#6974,#6975,#6976,#6977,#6978,#6979,#6980,
#6981,#6982,#6983,#6984),.UNSPECIFIED.,.F.,.F.,(4,3,3,3,3,3,3,4),(-142.082678762321,
-141.628907646338,-140.631520972772,-139.634134299206,-138.636747625641,
-137.639360952075,-136.641974278509,-135.799493455141),.UNSPECIFIED.);
#621=B_SPLINE_CURVE_WITH_KNOTS('',3,(#6989,#6990,#6991,#6992,#6993,#6994,
#6995,#6996,#6997,#6998,#6999,#7000,#7001,#7002,#7003,#7004,#7005,#7006,
#7007,#7008,#7009,#7010),.UNSPECIFIED.,.F.,.F.,(4,3,3,3,3,3,3,4),(133.256454591749,
133.730688763559,134.728678978213,135.726669192866,136.72465940752,137.722649622173,
138.720639836826,139.539639898928),.UNSPECIFIED.);
#622=B_SPLINE_CURVE_WITH_KNOTS('',3,(#7011,#7012,#7013,#7014,#7015,#7016,
#7017,#7018,#7019,#7020,#7021,#7022,#7023,#7024,#7025,#7026,#7027,#7028,
#7029,#7030,#7031,#7032,#7033,#7034,#7035),.UNSPECIFIED.,.F.,.F.,(4,3,3,
3,3,3,3,3,4),(-135.799493455141,-135.644587604943,-134.647200931378,-133.649814257812,
-132.652427584246,-131.65504091068,-130.657654237114,-129.660267563549,
-129.516308147961),.UNSPECIFIED.);
#623=B_SPLINE_CURVE_WITH_KNOTS('',3,(#7040,#7041,#7042,#7043,#7044,#7045,
#7046,#7047,#7048,#7049,#7050,#7051,#7052,#7053,#7054,#7055,#7056,#7057,
#7058,#7059,#7060,#7061),.UNSPECIFIED.,.F.,.F.,(4,3,3,3,3,3,3,4),(126.973269284569,
127.742747475639,128.740737690292,129.738727904946,130.736718119599,131.734708334252,
132.732698548906,133.256454591749),.UNSPECIFIED.);
#624=B_SPLINE_CURVE_WITH_KNOTS('',3,(#7062,#7063,#7064,#7065,#7066,#7067,
#7068,#7069,#7070,#7071,#7072,#7073,#7074,#7075,#7076,#7077,#7078,#7079,
#7080,#7081,#7082,#7083),.UNSPECIFIED.,.F.,.F.,(4,3,3,3,3,3,3,4),(-129.516308147961,
-128.662880889983,-127.665494216417,-126.668107542851,-125.670720869286,
-124.67333419572,-123.675947522154,-123.233122840782),.UNSPECIFIED.);
#625=B_SPLINE_CURVE_WITH_KNOTS('',3,(#7088,#7089,#7090,#7091,#7092,#7093,
#7094,#7095,#7096,#7097,#7098,#7099,#7100,#7101,#7102,#7103,#7104,#7105,
#7106,#7107,#7108,#7109,#7110,#7111,#7112),.UNSPECIFIED.,.F.,.F.,(4,3,3,
3,3,3,3,3,4),(120.690083977389,120.756815973065,121.754806187718,122.752796402372,
123.750786617025,124.748776831678,125.746767046332,126.744757260985,126.973269284569),
 .UNSPECIFIED.);
#626=B_SPLINE_CURVE_WITH_KNOTS('',3,(#7113,#7114,#7115,#7116,#7117,#7118,
#7119,#7120,#7121,#7122,#7123,#7124,#7125,#7126,#7127,#7128,#7129,#7130,
#7131,#7132,#7133,#7134),.UNSPECIFIED.,.F.,.F.,(4,3,3,3,3,3,3,4),(-123.233122840782,
-122.678560848588,-121.681174175023,-120.683787501457,-119.686400827891,
-118.689014154325,-117.69162748076,-116.949937533602),.UNSPECIFIED.);
#627=B_SPLINE_CURVE_WITH_KNOTS('',3,(#7139,#7140,#7141,#7142,#7143,#7144,
#7145,#7146,#7147,#7148,#7149,#7150,#7151,#7152,#7153,#7154,#7155,#7156,
#7157,#7158,#7159,#7160),.UNSPECIFIED.,.F.,.F.,(4,3,3,3,3,3,3,4),(114.40689867021,
114.768874685144,115.766864899798,116.764855114451,117.762845329104,118.760835543758,
119.758825758411,120.690083977389),.UNSPECIFIED.);
#628=B_SPLINE_CURVE_WITH_KNOTS('',3,(#7161,#7162,#7163,#7164,#7165,#7166,
#7167,#7168,#7169,#7170,#7171,#7172,#7173,#7174,#7175,#7176,#7177,#7178,
#7179,#7180,#7181,#7182,#7183,#7184,#7185),.UNSPECIFIED.,.F.,.F.,(4,3,3,
3,3,3,3,3,4),(-116.949937533602,-116.694240807194,-115.696854133628,-114.699467460062,
-113.702080786497,-112.704694112931,-111.707307439365,-110.709920765799,
-110.666752226423),.UNSPECIFIED.);
#629=B_SPLINE_CURVE_WITH_KNOTS('',3,(#7190,#7191,#7192,#7193,#7194,#7195,
#7196,#7197,#7198,#7199,#7200,#7201,#7202,#7203,#7204,#7205,#7206,#7207,
#7208,#7209,#7210,#7211),.UNSPECIFIED.,.F.,.F.,(4,3,3,3,3,3,3,4),(108.12371336303,
108.780933397224,109.778923611877,110.77691382653,111.774904041184,112.772894255837,
113.770884470491,114.40689867021),.UNSPECIFIED.);
#630=B_SPLINE_CURVE_WITH_KNOTS('',3,(#7212,#7213,#7214,#7215,#7216,#7217,
#7218,#7219,#7220,#7221,#7222,#7223,#7224,#7225,#7226,#7227,#7228,#7229,
#7230,#7231,#7232,#7233),.UNSPECIFIED.,.F.,.F.,(4,3,3,3,3,3,3,4),(-110.666752226423,
-109.712534092233,-108.715147418668,-107.717760745102,-106.720374071536,
-105.72298739797,-104.725600724405,-104.383566919243),.UNSPECIFIED.);
#631=B_SPLINE_CURVE_WITH_KNOTS('',3,(#7238,#7239,#7240,#7241,#7242,#7243,
#7244,#7245,#7246,#7247,#7248,#7249,#7250,#7251,#7252,#7253,#7254,#7255,
#7256,#7257,#7258,#7259),.UNSPECIFIED.,.F.,.F.,(4,3,3,3,3,3,3,4),(101.840528055851,
102.792992109303,103.790982323956,104.78897253861,105.786962753263,106.784952967917,
107.78294318257,108.12371336303),.UNSPECIFIED.);
#632=B_SPLINE_CURVE_WITH_KNOTS('',3,(#7260,#7261,#7262,#7263,#7264,#7265,
#7266,#7267,#7268,#7269,#7270,#7271,#7272,#7273,#7274,#7275,#7276,#7277,
#7278,#7279,#7280,#7281),.UNSPECIFIED.,.F.,.F.,(4,3,3,3,3,3,3,4),(-104.383566919243,
-103.728214050839,-102.730827377273,-101.733440703707,-100.736054030142,
-99.7386673565759,-98.7412806830101,-98.1003816120635),.UNSPECIFIED.);
#633=B_SPLINE_CURVE_WITH_KNOTS('',3,(#7286,#7287,#7288,#7289,#7290,#7291,
#7292,#7293,#7294,#7295,#7296,#7297,#7298,#7299,#7300,#7301,#7302,#7303,
#7304,#7305,#7306,#7307,#7308,#7309,#7310),.UNSPECIFIED.,.F.,.F.,(4,3,3,
3,3,3,3,3,4),(95.557342748671,95.8070606067291,96.8050508213825,97.8030410360359,
98.8010312506893,99.7990214653428,100.797011679996,101.79500189465,101.840528055851),
 .UNSPECIFIED.);
#634=B_SPLINE_CURVE_WITH_KNOTS('',3,(#7311,#7312,#7313,#7314,#7315,#7316,
#7317,#7318,#7319,#7320,#7321,#7322,#7323,#7324,#7325,#7326,#7327,#7328,
#7329,#7330,#7331,#7332),.UNSPECIFIED.,.F.,.F.,(4,3,3,3,3,3,3,4),(-98.1003816120635,
-97.7438940094444,-96.7465073358786,-95.7491206623128,-94.7517339887471,
-93.7543473151813,-92.7569606416156,-91.8171963048839),.UNSPECIFIED.);
#635=B_SPLINE_CURVE_WITH_KNOTS('',3,(#7337,#7338,#7339,#7340,#7341,#7342,
#7343,#7344,#7345,#7346,#7347,#7348,#7349,#7350,#7351,#7352,#7353,#7354,
#7355,#7356,#7357,#7358),.UNSPECIFIED.,.F.,.F.,(4,3,3,3,3,3,3,4),(89.2741574414914,
89.8191193188085,90.8171095334619,91.8150997481154,92.8130899627688,93.8110801774222,
94.8090703920756,95.557342748671),.UNSPECIFIED.);
#636=B_SPLINE_CURVE_WITH_KNOTS('',3,(#7359,#7360,#7361,#7362,#7363,#7364,
#7365,#7366,#7367,#7368,#7369,#7370,#7371,#7372,#7373,#7374,#7375,#7376,
#7377,#7378,#7379,#7380,#7381,#7382,#7383),.UNSPECIFIED.,.F.,.F.,(4,3,3,
3,3,3,3,3,4),(-91.8171963048839,-91.7595739680498,-90.7621872944841,-89.7648006209183,
-88.7674139473525,-87.7700272737868,-86.772640600221,-85.7752539266553,
-85.5340109977043),.UNSPECIFIED.);
#637=B_SPLINE_CURVE_WITH_KNOTS('',3,(#7388,#7389,#7390,#7391,#7392,#7393,
#7394,#7395,#7396,#7397,#7398,#7399,#7400,#7401,#7402,#7403,#7404,#7405,
#7406,#7407,#7408,#7409),.UNSPECIFIED.,.F.,.F.,(4,3,3,3,3,3,3,4),(82.9909721343118,
83.8311780308879,84.8291682455414,85.8271584601948,86.8251486748482,87.8231388895016,
88.8211291041551,89.2741574414914),.UNSPECIFIED.);
#638=B_SPLINE_CURVE_WITH_KNOTS('',3,(#7410,#7411,#7412,#7413,#7414,#7415,
#7416,#7417,#7418,#7419,#7420,#7421,#7422,#7423,#7424,#7425,#7426,#7427,
#7428,#7429,#7430,#7431),.UNSPECIFIED.,.F.,.F.,(4,3,3,3,3,3,3,4),(-85.5340109977043,
-84.7778672530895,-83.7804805795238,-82.783093905958,-81.7857072323922,
-80.7883205588265,-79.7909338852607,-79.2508256905247),.UNSPECIFIED.);
#639=B_SPLINE_CURVE_WITH_KNOTS('',3,(#7436,#7437,#7438,#7439,#7440,#7441,
#7442,#7443,#7444,#7445,#7446,#7447,#7448,#7449,#7450,#7451,#7452,#7453,
#7454,#7455,#7456,#7457,#7458,#7459,#7460),.UNSPECIFIED.,.F.,.F.,(4,3,3,
3,3,3,3,3,4),(76.7077868271322,76.8452465283139,77.8432367429674,78.8412269576208,
79.8392171722742,80.8372073869277,81.8351976015811,82.8331878162345,82.9909721343118),
 .UNSPECIFIED.);
#640=B_SPLINE_CURVE_WITH_KNOTS('',3,(#7461,#7462,#7463,#7464,#7465,#7466,
#7467,#7468,#7469,#7470,#7471,#7472,#7473,#7474,#7475,#7476,#7477,#7478,
#7479,#7480,#7481,#7482),.UNSPECIFIED.,.F.,.F.,(4,3,3,3,3,3,3,4),(-79.2508256905247,
-78.793547211695,-77.7961605381292,-76.7987738645634,-75.8013871909977,
-74.8040005174319,-73.8066138438662,-72.9676403833451),.UNSPECIFIED.);
#641=B_SPLINE_CURVE_WITH_KNOTS('',3,(#7487,#7488,#7489,#7490,#7491,#7492,
#7493,#7494,#7495,#7496,#7497,#7498,#7499,#7500,#7501,#7502,#7503,#7504,
#7505,#7506,#7507,#7508),.UNSPECIFIED.,.F.,.F.,(4,3,3,3,3,3,3,4),(70.4246015199526,
70.8573052403934,71.8552954550468,72.8532856697002,73.8512758843537,74.8492660990071,
75.8472563136605,76.7077868271322),.UNSPECIFIED.);
#642=B_SPLINE_CURVE_WITH_KNOTS('',3,(#7509,#7510,#7511,#7512,#7513,#7514,
#7515,#7516,#7517,#7518,#7519,#7520,#7521,#7522,#7523,#7524,#7525,#7526,
#7527,#7528,#7529,#7530,#7531,#7532,#7533),.UNSPECIFIED.,.F.,.F.,(4,3,3,
3,3,3,3,3,4),(-72.9676403833451,-72.8092271703004,-71.8118404967346,-70.8144538231689,
-69.8170671496031,-68.8196804760374,-67.8222938024716,-66.8249071289058,
-66.6844550761655),.UNSPECIFIED.);
#643=B_SPLINE_CURVE_WITH_KNOTS('',3,(#7538,#7539,#7540,#7541,#7542,#7543,
#7544,#7545,#7546,#7547,#7548,#7549,#7550,#7551,#7552,#7553,#7554,#7555,
#7556,#7557,#7558,#7559),.UNSPECIFIED.,.F.,.F.,(4,3,3,3,3,3,3,4),(64.141416212773,
64.8693639524728,65.8673541671262,66.8653443817797,67.8633345964331,68.8613248110865,
69.8593150257399,70.4246015199526),.UNSPECIFIED.);
#644=B_SPLINE_CURVE_WITH_KNOTS('',3,(#7560,#7561,#7562,#7563,#7564,#7565,
#7566,#7567,#7568,#7569,#7570,#7571,#7572,#7573,#7574,#7575,#7576,#7577,
#7578,#7579,#7580,#7581),.UNSPECIFIED.,.F.,.F.,(4,3,3,3,3,3,3,4),(-66.6844550761655,
-65.8275204553401,-64.8301337817743,-63.8327471082086,-62.8353604346428,
-61.8379737610771,-60.8405870875113,-60.4012697689859),.UNSPECIFIED.);
#645=B_SPLINE_CURVE_WITH_KNOTS('',3,(#7586,#7587,#7588,#7589,#7590,#7591,
#7592,#7593,#7594,#7595,#7596,#7597,#7598,#7599,#7600,#7601,#7602,#7603,
#7604,#7605,#7606,#7607,#7608,#7609,#7610),.UNSPECIFIED.,.F.,.F.,(4,3,3,
3,3,3,3,3,4),(57.8582309055934,57.8834324498988,58.8814226645522,59.8794128792057,
60.8774030938591,61.8753933085125,62.8733835231659,63.8713737378194,64.141416212773),
 .UNSPECIFIED.);
#646=B_SPLINE_CURVE_WITH_KNOTS('',3,(#7611,#7612,#7613,#7614,#7615,#7616,
#7617,#7618,#7619,#7620,#7621,#7622,#7623,#7624,#7625,#7626,#7627,#7628,
#7629,#7630,#7631,#7632),.UNSPECIFIED.,.F.,.F.,(4,3,3,3,3,3,3,4),(-60.4012697689859,
-59.8432004139456,-58.8458137403798,-57.848427066814,-56.8510403932483,
-55.8536537196825,-54.8562670461167,-54.1180844618063),.UNSPECIFIED.);
#647=B_SPLINE_CURVE_WITH_KNOTS('',3,(#7637,#7638,#7639,#7640,#7641,#7642,
#7643,#7644,#7645,#7646,#7647,#7648,#7649,#7650,#7651,#7652,#7653,#7654,
#7655,#7656,#7657,#7658),.UNSPECIFIED.,.F.,.F.,(4,3,3,3,3,3,3,4),(51.5750455984138,
51.8954911619783,52.8934813766317,53.8914715912851,54.8894618059385,55.887452020592,
56.8854422352454,57.8582309055934),.UNSPECIFIED.);
#648=B_SPLINE_CURVE_WITH_KNOTS('',3,(#7659,#7660,#7661,#7662,#7663,#7664,
#7665,#7666,#7667,#7668,#7669,#7670,#7671,#7672,#7673,#7674,#7675,#7676,
#7677,#7678,#7679,#7680,#7681,#7682,#7683),.UNSPECIFIED.,.F.,.F.,(4,3,3,
3,3,3,3,3,4),(-54.1180844618063,-53.858880372551,-52.8614936989852,-51.8641070254195,
-50.8667203518537,-49.869333678288,-48.8719470047222,-47.8745603311564,
-47.8348991546268),.UNSPECIFIED.);
#649=B_SPLINE_CURVE_WITH_KNOTS('',3,(#7688,#7689,#7690,#7691,#7692,#7693,
#7694,#7695,#7696,#7697,#7698,#7699,#7700,#7701,#7702,#7703,#7704,#7705,
#7706,#7707,#7708,#7709),.UNSPECIFIED.,.F.,.F.,(4,3,3,3,3,3,3,4),(45.2918602912342,
45.9075498740577,46.9055400887111,47.9035303033645,48.901520518018,49.8995107326714,
50.8975009473248,51.5750455984138),.UNSPECIFIED.);
#650=B_SPLINE_CURVE_WITH_KNOTS('',3,(#7710,#7711,#7712,#7713,#7714,#7715,
#7716,#7717,#7718,#7719,#7720,#7721,#7722,#7723,#7724,#7725,#7726,#7727,
#7728,#7729,#7730,#7731),.UNSPECIFIED.,.F.,.F.,(4,3,3,3,3,3,3,4),(-47.8348991546268,
-46.8771736575907,-45.8797869840249,-44.8824003104592,-43.8850136368934,
-42.8876269633276,-41.8902402897619,-41.5517138474472),.UNSPECIFIED.);
#651=B_SPLINE_CURVE_WITH_KNOTS('',3,(#7736,#7737,#7738,#7739,#7740,#7741,
#7742,#7743,#7744,#7745,#7746,#7747,#7748,#7749,#7750,#7751,#7752,#7753,
#7754,#7755,#7756,#7757),.UNSPECIFIED.,.F.,.F.,(4,3,3,3,3,3,3,4),(39.0086749840546,
39.9196085861371,40.9175988007905,41.915589015444,42.9135792300974,43.9115694447508,
44.9095596594043,45.2918602912342),.UNSPECIFIED.);
#652=B_SPLINE_CURVE_WITH_KNOTS('',3,(#7758,#7759,#7760,#7761,#7762,#7763,
#7764,#7765,#7766,#7767,#7768,#7769,#7770,#7771,#7772,#7773,#7774,#7775,
#7776,#7777,#7778,#7779),.UNSPECIFIED.,.F.,.F.,(4,3,3,3,3,3,3,4),(-41.5517138474472,
-40.8928536161961,-39.8954669426304,-38.8980802690646,-37.9006935954989,
-36.9033069219331,-35.9059202483673,-35.2685285402676),.UNSPECIFIED.);
#653=B_SPLINE_CURVE_WITH_KNOTS('',3,(#7784,#7785,#7786,#7787,#7788,#7789,
#7790,#7791,#7792,#7793,#7794,#7795,#7796,#7797,#7798,#7799,#7800,#7801,
#7802,#7803,#7804,#7805,#7806,#7807,#7808),.UNSPECIFIED.,.F.,.F.,(4,3,3,
3,3,3,3,3,4),(32.7254896768751,32.9336770835631,33.9316672982165,34.92965751287,
35.9276477275234,36.9256379421768,37.9236281568303,38.9216183714837,39.0086749840546),
 .UNSPECIFIED.);
#654=B_SPLINE_CURVE_WITH_KNOTS('',3,(#7809,#7810,#7811,#7812,#7813,#7814,
#7815,#7816,#7817,#7818,#7819,#7820,#7821,#7822,#7823,#7824,#7825,#7826,
#7827,#7828,#7829,#7830),.UNSPECIFIED.,.F.,.F.,(4,3,3,3,3,3,3,4),(-35.2685285402676,
-34.9085335748016,-33.9111469012358,-32.9137602276701,-31.9163735541043,
-30.9189868805385,-29.9216002069728,-28.985343233088),.UNSPECIFIED.);
#655=B_SPLINE_CURVE_WITH_KNOTS('',3,(#7835,#7836,#7837,#7838,#7839,#7840,
#7841,#7842,#7843,#7844,#7845,#7846,#7847,#7848,#7849,#7850,#7851,#7852,
#7853,#7854,#7855,#7856),.UNSPECIFIED.,.F.,.F.,(4,3,3,3,3,3,3,4),(26.4423043696955,
26.9457357956425,27.943726010296,28.9417162249494,29.9397064396028,30.9376966542563,
31.9356868689097,32.7254896768751),.UNSPECIFIED.);
#656=B_SPLINE_CURVE_WITH_KNOTS('',3,(#7857,#7858,#7859,#7860,#7861,#7862,
#7863,#7864,#7865,#7866,#7867,#7868,#7869,#7870,#7871,#7872,#7873,#7874,
#7875,#7876,#7877,#7878,#7879,#7880,#7881),.UNSPECIFIED.,.F.,.F.,(4,3,3,
3,3,3,3,3,4),(-28.985343233088,-28.924213533407,-27.9268268598412,-26.9294401862755,
-25.9320535127097,-24.934666839144,-23.9372801655782,-22.9398934920125,
-22.7021579259084),.UNSPECIFIED.);
#657=B_SPLINE_CURVE_WITH_KNOTS('',3,(#7886,#7887,#7888,#7889,#7890,#7891,
#7892,#7893,#7894,#7895,#7896,#7897,#7898,#7899,#7900,#7901,#7902,#7903,
#7904,#7905,#7906,#7907),.UNSPECIFIED.,.F.,.F.,(4,3,3,3,3,3,3,4),(20.1591190625159,
20.957794507722,21.9557847223754,22.9537749370288,23.9517651516823,24.9497553663357,
25.9477455809891,26.4423043696955),.UNSPECIFIED.);
#658=B_SPLINE_CURVE_WITH_KNOTS('',3,(#7908,#7909,#7910,#7911,#7912,#7913,
#7914,#7915,#7916,#7917,#7918,#7919,#7920,#7921,#7922,#7923,#7924,#7925,
#7926,#7927,#7928,#7929),.UNSPECIFIED.,.F.,.F.,(4,3,3,3,3,3,3,4),(-22.7021579259084,
-21.9425068184467,-20.9451201448809,-19.9477334713152,-18.9503467977494,
-17.9529601241837,-16.9555734506179,-16.4189726187288),.UNSPECIFIED.);
#659=B_SPLINE_CURVE_WITH_KNOTS('',3,(#7934,#7935,#7936,#7937,#7938,#7939,
#7940,#7941,#7942,#7943,#7944,#7945,#7946,#7947,#7948,#7949,#7950,#7951,
#7952,#7953,#7954,#7955,#7956,#7957,#7958),.UNSPECIFIED.,.F.,.F.,(4,3,3,
3,3,3,3,3,4),(13.8759337553363,13.971863005148,14.9698532198014,15.9678434344548,
16.9658336491083,17.9638238637617,18.9618140784151,19.9598042930686,20.1591190625159),
 .UNSPECIFIED.);
#660=B_SPLINE_CURVE_WITH_KNOTS('',3,(#7959,#7960,#7961,#7962,#7963,#7964,
#7965,#7966,#7967,#7968,#7969,#7970,#7971,#7972,#7973,#7974,#7975,#7976,
#7977,#7978,#7979,#7980),.UNSPECIFIED.,.F.,.F.,(4,3,3,3,3,3,3,4),(-16.4189726187288,
-15.9581867770521,-14.9608001034864,-13.9634134299206,-12.9660267563549,
-11.9686400827891,-10.9712534092233,-10.1357873115492),.UNSPECIFIED.);
#661=B_SPLINE_CURVE_WITH_KNOTS('',3,(#7986,#7987,#7988,#7989,#7990,#7991,
#7992,#7993,#7994,#7995,#7996,#7997,#7998),.UNSPECIFIED.,.F.,.F.,(4,3,3,
3,4),(-3.85260200436963,-2.99216002069728,-1.99477334713152,-0.997386673565757,
0.),.UNSPECIFIED.);
#662=B_SPLINE_CURVE_WITH_KNOTS('',3,(#8001,#8002,#8003,#8004,#8005,#8006,
#8007,#8008,#8009,#8010,#8011,#8012,#8013,#8014,#8015,#8016,#8017,#8018,
#8019),.UNSPECIFIED.,.F.,.F.,(4,3,3,3,3,3,4),(2.02057249175696,2.99397064396028,
3.99196085861371,4.98995107326714,5.98794128792057,6.98593150257399,7.59274844815671),
 .UNSPECIFIED.);
#663=B_SPLINE_CURVE_WITH_KNOTS('',3,(#8072,#8073,#8074,#8075,#8076,#8077,
#8078,#8079,#8080,#8081,#8082,#8083,#8084,#8085,#8086,#8087),
 .UNSPECIFIED.,.F.,.F.,(4,3,3,3,3,4),(-0.0770662310523934,-0.0624987541157364,
-0.0482967817681727,-0.0376971716697513,-0.0241095496134624,-0.0105219275571734),
 .UNSPECIFIED.);
#664=B_SPLINE_CURVE_WITH_KNOTS('',3,(#8098,#8099,#8100,#8101,#8102,#8103,
#8104,#8105,#8106,#8107,#8108,#8109,#8110,#8111,#8112,#8113,#8114,#8115,
#8116),.UNSPECIFIED.,.F.,.F.,(4,3,3,3,3,3,4),(-0.0881848351663417,-0.0737688107946647,
-0.0587614009106841,-0.0449947601746513,-0.0288153146559451,-0.0119729165199579,
0.),.UNSPECIFIED.);
#665=B_SPLINE_CURVE_WITH_KNOTS('',3,(#8117,#8118,#8119,#8120,#8121,#8122,
#8123,#8124,#8125,#8126,#8127,#8128,#8129),.UNSPECIFIED.,.F.,.F.,(4,3,3,
3,4),(-0.034762873664686,-0.018336928121276,-0.00216428286434707,-0.000852075732197277,
0.),.UNSPECIFIED.);
#666=B_SPLINE_CURVE_WITH_KNOTS('',3,(#8131,#8132,#8133,#8134,#8135,#8136,
#8137,#8138,#8139,#8140,#8141,#8142,#8143),.UNSPECIFIED.,.F.,.F.,(4,3,3,
3,4),(-0.0515768779072071,-0.0349703714794644,-0.0249630462065503,-0.00651699216730343,
0.),.UNSPECIFIED.);
#667=B_SPLINE_CURVE_WITH_KNOTS('',3,(#8145,#8146,#8147,#8148),
 .UNSPECIFIED.,.F.,.F.,(4,4),(0.0196690768680274,0.0276559025000129),
 .UNSPECIFIED.);
#668=B_SPLINE_CURVE_WITH_KNOTS('',3,(#8150,#8151,#8152,#8153,#8154,#8155,
#8156),.UNSPECIFIED.,.F.,.F.,(4,3,4),(-0.0400028636414521,-0.0204961810241477,
0.),.UNSPECIFIED.);
#669=B_SPLINE_CURVE_WITH_KNOTS('',3,(#8158,#8159,#8160,#8161,#8162,#8163),
 .UNSPECIFIED.,.F.,.F.,(4,2,4),(0.0463956757269427,0.0549407367574291,0.0720479047742588),
 .UNSPECIFIED.);
#670=B_SPLINE_CURVE_WITH_KNOTS('',3,(#8165,#8166,#8167,#8168,#8169,#8170,
#8171,#8172,#8173,#8174,#8175,#8176,#8177),.UNSPECIFIED.,.F.,.F.,(4,3,3,
3,4),(-0.0382644076907638,-0.0225177589532416,-0.0189562090607099,-0.00181964775912634,
0.),.UNSPECIFIED.);
#671=B_SPLINE_CURVE_WITH_KNOTS('',3,(#8178,#8179,#8180,#8181),
 .UNSPECIFIED.,.F.,.F.,(4,4),(0.113944077534592,0.12261633583377),
 .UNSPECIFIED.);
#672=B_SPLINE_CURVE_WITH_KNOTS('',3,(#8238,#8239,#8240,#8241,#8242,#8243),
 .UNSPECIFIED.,.F.,.F.,(4,1,1,4),(193.623193174024,194.307890242366,194.992587310708,
195.607226959816),.UNSPECIFIED.);
#673=B_SPLINE_CURVE_WITH_KNOTS('',3,(#8245,#8246,#8247,#8248,#8249,#8250,
#8251,#8252,#8253,#8254,#8255,#8256,#8257,#8258,#8259,#8260,#8261,#8262,
#8263),.UNSPECIFIED.,.F.,.F.,(4,3,3,3,3,3,4),(0.,0.00067016703985317,0.0156727497855276,
0.031834040829892,0.0501050474635516,0.0694650865650898,0.08519098267485),
 .UNSPECIFIED.);
#674=B_SPLINE_CURVE_WITH_KNOTS('',3,(#8265,#8266,#8267,#8268,#8269,#8270,
#8271,#8272,#8273,#8274),.UNSPECIFIED.,.F.,.F.,(4,3,3,4),(-183.246581582538,
-183.137226047128,-182.452528978786,-182.32939556893),.UNSPECIFIED.);
#675=B_SPLINE_CURVE_WITH_KNOTS('',3,(#8275,#8276,#8277,#8278),
 .UNSPECIFIED.,.F.,.F.,(4,4),(0.0754064540664044,0.0853797244420059),
 .UNSPECIFIED.);
#676=B_SPLINE_CURVE_WITH_KNOTS('',3,(#8281,#8282,#8283,#8284,#8285,#8286),
 .UNSPECIFIED.,.F.,.F.,(4,1,1,4),(193.555258787674,194.179925583841,195.028743386187,
195.659701578947),.UNSPECIFIED.);
#677=B_SPLINE_CURVE_WITH_KNOTS('',3,(#8313,#8314,#8315,#8316,#8317,#8318,
#8319,#8320,#8321,#8322),.UNSPECIFIED.,.F.,.F.,(4,3,3,4),(178.932707654523,
179.781525456869,180.630343259215,181.41645527799),.UNSPECIFIED.);
#678=B_SPLINE_CURVE_WITH_KNOTS('',3,(#8323,#8324,#8325,#8326,#8327,#8328,
#8329,#8330,#8331,#8332,#8333,#8334,#8335,#8336,#8337,#8338),
 .UNSPECIFIED.,.F.,.F.,(4,3,3,3,3,4),(0.,0.000512816997161819,0.0185657207590252,
0.0227418004232928,0.0400063917159485,0.0455107960742453),.UNSPECIFIED.);
#679=B_SPLINE_CURVE_WITH_KNOTS('',3,(#8341,#8342,#8343,#8344,#8345,#8346,
#8347,#8348,#8349,#8350,#8351,#8352,#8353),.UNSPECIFIED.,.F.,.F.,(4,3,3,
3,4),(-177.869447632335,-177.320192458385,-176.450723850592,-175.581255242799,
-174.9341004748),.UNSPECIFIED.);
#680=B_SPLINE_CURVE_WITH_KNOTS('',3,(#8384,#8385,#8386,#8387,#8388,#8389,
#8390),.UNSPECIFIED.,.F.,.F.,(4,1,1,1,4),(186.567147898586,187.436616506379,
188.306085114172,189.175553721964,189.902159403922),.UNSPECIFIED.);
#681=B_SPLINE_CURVE_WITH_KNOTS('',3,(#8391,#8392,#8393,#8394,#8395,#8396,
#8397,#8398,#8399,#8400,#8401,#8402,#8403,#8404,#8405,#8406),
 .UNSPECIFIED.,.F.,.F.,(4,3,3,3,3,4),(0.,0.00077583354820227,0.0201542897958764,
0.0239307450517093,0.042919551401031,0.0453262530673351),.UNSPECIFIED.);
#682=B_SPLINE_CURVE_WITH_KNOTS('',3,(#8409,#8410,#8411,#8412,#8413,#8414,
#8415,#8416),.UNSPECIFIED.,.F.,.F.,(4,1,1,1,1,4),(186.498885417962,186.805781263231,
187.688569988566,188.571358713901,189.454147439236,189.950074546983),
 .UNSPECIFIED.);
#683=B_SPLINE_CURVE_WITH_KNOTS('',3,(#8450,#8451,#8452,#8453,#8454,#8455,
#8456,#8457),.UNSPECIFIED.,.F.,.F.,(4,2,2,4),(0.,0.000714509212494338,0.0367742427065843,
0.0870353119304312),.UNSPECIFIED.);
#684=B_SPLINE_CURVE_WITH_KNOTS('',3,(#8459,#8460,#8461,#8462,#8463,#8464,
#8465,#8466,#8467,#8468,#8469,#8470,#8471,#8472,#8473,#8474,#8475,#8476,
#8477,#8478,#8479,#8480),.UNSPECIFIED.,.F.,.F.,(4,3,3,3,3,3,3,4),(7.59274844815671,
7.98392171722742,8.98191193188085,9.97990214653428,10.9778923611877,11.9758825758411,
12.9738727904946,13.8759337553363),.UNSPECIFIED.);
#685=B_SPLINE_CURVE_WITH_KNOTS('',3,(#8481,#8482,#8483,#8484,#8485,#8486,
#8487,#8488,#8489,#8490,#8491,#8492,#8493,#8494,#8495,#8496,#8497,#8498,
#8499,#8500,#8501,#8502,#8503,#8504,#8505),.UNSPECIFIED.,.F.,.F.,(4,3,3,
3,3,3,3,3,4),(-10.1357873115492,-9.97386673565759,-8.97648006209183,-7.97909338852607,
-6.98170671496031,-5.98432004139455,-4.98693336782879,-3.98954669426304,
-3.85260200436963),.UNSPECIFIED.);
#686=B_SPLINE_CURVE_WITH_KNOTS('',3,(#9210,#9211,#9212,#9213,#9214,#9215,
#9216,#9217,#9218,#9219,#9220),.UNSPECIFIED.,.F.,.F.,(4,1,1,1,1,1,1,1,4),
(15.707963267949,15.8449079578425,16.8422946314083,17.839681304974,18.8370679785398,
19.8344546521055,20.8318413256713,21.8292279992371,21.9911485751286),
 .UNSPECIFIED.);
#687=B_SPLINE_CURVE_WITH_KNOTS('',3,(#9221,#9222,#9223,#9224,#9225,#9226,
#9227,#9228,#9229,#9230,#9231,#9232,#9233,#9234,#9235,#9236,#9237,#9238,
#9239,#9240,#9241,#9242,#9243,#9244,#9245,#9246,#9247,#9248,#9249,#9250,
#9251,#9252,#9253,#9254,#9255,#9256,#9257,#9258,#9259,#9260,#9261,#9262,
#9263,#9264,#9265,#9266,#9267,#9268,#9269,#9270,#9271,#9272,#9273,#9274,
#9275,#9276,#9277,#9278,#9279,#9280,#9281,#9282,#9283,#9284,#9285,#9286,
#9287,#9288,#9289,#9290,#9291,#9292,#9293,#9294,#9295,#9296,#9297,#9298,
#9299),.UNSPECIFIED.,.F.,.F.,(4,3,3,3,3,3,3,3,3,3,3,3,3,3,3,3,3,3,3,3,3,
3,3,3,3,3,4),(0.,0.015137723223434,0.0309571318712936,0.0438329878183423,
0.0499306322149183,0.0529432230041869,0.0692701573751415,0.0860008044582464,
0.0979915982056055,0.102249159752585,0.105136493383996,0.12221348585463,
0.133963979447683,0.150609191211726,0.155361847142524,0.158490295998212,
0.175510376143579,0.192941360390083,0.203969189022059,0.212575769411945,
0.215905166471247,0.232219872214909,0.24454941045981,0.248833364815281,
0.267041466787763,0.281163989445894,0.285142803995145),.UNSPECIFIED.);
#688=B_SPLINE_CURVE_WITH_KNOTS('',3,(#9301,#9302,#9303,#9304,#9305,#9306,
#9307,#9308,#9309,#9310),.UNSPECIFIED.,.F.,.F.,(4,1,1,1,1,1,1,4),(15.707963267949,
16.3943805562789,17.3923707709323,18.3903609855857,19.3883512002391,20.3863414148926,
21.384331629546,21.9911485751286),.UNSPECIFIED.);
#689=B_SPLINE_CURVE_WITH_KNOTS('',3,(#10007,#10008,#10009,#10010),
 .UNSPECIFIED.,.F.,.F.,(4,4),(0.,0.012883686332886),.UNSPECIFIED.);
#690=B_SPLINE_CURVE_WITH_KNOTS('',3,(#10011,#10012,#10013,#10014,#10015,
#10016,#10017,#10018,#10019,#10020,#10021,#10022,#10023,#10024,#10025,#10026,
#10027,#10028,#10029,#10030,#10031,#10032,#10033,#10034,#10035,#10036,#10037,
#10038,#10039,#10040,#10041,#10042,#10043,#10044,#10045,#10046,#10047,#10048,
#10049,#10050,#10051,#10052,#10053,#10054,#10055,#10056,#10057,#10058,#10059,
#10060,#10061,#10062,#10063,#10064,#10065,#10066,#10067,#10068,#10069,#10070,
#10071,#10072,#10073,#10074,#10075,#10076,#10077,#10078,#10079,#10080,#10081,
#10082,#10083,#10084,#10085,#10086,#10087,#10088,#10089),.UNSPECIFIED.,
 .F.,.F.,(4,3,3,3,3,3,3,3,3,3,3,3,3,3,3,3,3,3,3,3,3,3,3,3,3,3,4),(0.,0.0185492970024834,
0.0367924075777789,0.05074265363304,0.0583206268851892,0.0610794183990111,
0.0788355483758181,0.0962271034815256,0.109268921616111,0.115901251462999,
0.118964527657821,0.135799481136733,0.148394376019868,0.165245424098072,
0.170042618437469,0.173055355273048,0.189824761992011,0.206586779332993,
0.216685953458585,0.221953369390741,0.226235058607849,0.24232948708055,
0.253635683961998,0.258184512023197,0.273637724209879,0.283202760645501,
0.286347380332227),.UNSPECIFIED.);
#691=B_SPLINE_CURVE_WITH_KNOTS('',3,(#10120,#10121,#10122,#10123,#10124,
#10125,#10126,#10127),.UNSPECIFIED.,.F.,.F.,(4,2,2,4),(3.18801410463529,
3.20063526834812,3.47995814230488,3.75928101626164),.UNSPECIFIED.);
#692=B_SPLINE_CURVE_WITH_KNOTS('',3,(#10141,#10142,#10143,#10144,#10145,
#10146,#10147,#10148),.UNSPECIFIED.,.F.,.F.,(4,2,2,4),(1.25309367208721,
1.53241654604397,1.81173942000073,1.82436058371357),.UNSPECIFIED.);
#693=B_SPLINE_CURVE_WITH_KNOTS('',3,(#10178,#10179,#10180,#10181,#10182,
#10183,#10184,#10185,#10186,#10187,#10188,#10189,#10190),.UNSPECIFIED.,
 .F.,.F.,(4,3,3,3,4),(0.,0.014820650985038,0.0186191866712693,0.0345223956875075,
0.0370752577184396),.UNSPECIFIED.);
#694=B_SPLINE_CURVE_WITH_KNOTS('',3,(#10194,#10195,#10196,#10197,#10198,
#10199,#10200,#10201,#10202,#10203,#10204,#10205,#10206,#10207,#10208,#10209,
#10210,#10211,#10212),.UNSPECIFIED.,.F.,.F.,(4,3,3,3,3,3,4),(0.,0.02004236437152,
0.0355711991733729,0.0527891044722865,0.0690844144570973,0.0833180355817761,
0.0853797244419081),.UNSPECIFIED.);
#695=B_SPLINE_CURVE_WITH_KNOTS('',3,(#10216,#10217,#10218,#10219,#10220,
#10221,#10222,#10223),.UNSPECIFIED.,.F.,.F.,(4,2,2,4),(0.,0.000670167040314196,
0.050105047564546,0.0851909828471307),.UNSPECIFIED.);
#696=B_SPLINE_CURVE_WITH_KNOTS('',3,(#10227,#10228,#10229,#10230,#10231,
#10232,#10233,#10234,#10235,#10236,#10237,#10238,#10239,#10240,#10241,#10242),
 .UNSPECIFIED.,.F.,.F.,(4,3,3,3,3,4),(0.,0.000512816999687229,0.0185634828621664,
0.0227418005902204,0.0400027666306289,0.0455107964096507),.UNSPECIFIED.);
#697=B_SPLINE_CURVE_WITH_KNOTS('',3,(#10246,#10247,#10248,#10249,#10250,
#10251,#10252,#10253,#10254,#10255,#10256,#10257,#10258,#10259,#10260,#10261),
 .UNSPECIFIED.,.F.,.F.,(4,3,3,3,3,4),(0.,0.000775833547203701,0.0201527794489745,
0.0239307449609979,0.0429186526273395,0.0453262528937412),.UNSPECIFIED.);
#698=B_SPLINE_CURVE_WITH_KNOTS('',3,(#10264,#10265,#10266,#10267,#10268,
#10269,#10270,#10271),.UNSPECIFIED.,.F.,.F.,(4,2,2,4),(0.,0.000714509212077923,
0.0367742426747013,0.0870353118546955),.UNSPECIFIED.);
#699=B_SPLINE_CURVE_WITH_KNOTS('',3,(#10272,#10273,#10274,#10275,#10276,
#10277,#10278,#10279,#10280,#10281,#10282,#10283,#10284,#10285,#10286,#10287,
#10288,#10289,#10290),.UNSPECIFIED.,.F.,.F.,(4,3,3,3,3,3,4),(0.,0.013820661772403,
0.0285631035396595,0.0450089217632357,0.0512153003782931,0.0684228893080577,
0.0871765025913151),.UNSPECIFIED.);
#700=B_SPLINE_CURVE_WITH_KNOTS('',3,(#10291,#10292,#10293,#10294,#10295,
#10296,#10297,#10298,#10299,#10300,#10301,#10302,#10303),.UNSPECIFIED.,
 .F.,.F.,(4,3,3,3,4),(0.,0.0159105961662574,0.0184265714970642,0.0332068259372195,
0.0370109725930196),.UNSPECIFIED.);
#701=B_SPLINE_CURVE_WITH_KNOTS('',3,(#10305,#10306,#10307,#10308,#10309,
#10310,#10311,#10312,#10313,#10314,#10315,#10316,#10317),.UNSPECIFIED.,
 .F.,.F.,(4,3,3,3,4),(0.,0.0166835812342292,0.023516979820075,0.0413301530973257,
0.0459321311025632),.UNSPECIFIED.);
#702=B_SPLINE_CURVE_WITH_KNOTS('',3,(#10321,#10322,#10323,#10324,#10325,
#10326,#10327,#10328,#10329,#10330,#10331,#10332,#10333),.UNSPECIFIED.,
 .F.,.F.,(4,3,3,3,4),(0.,0.0184127833104461,0.0223403909945854,0.0404304385147601,
0.0457580284230976),.UNSPECIFIED.);
#703=B_SPLINE_CURVE_WITH_KNOTS('',3,(#11032,#11033,#11034,#11035,#11036,
#11037,#11038,#11039,#11040,#11041,#11042,#11043,#11044,#11045,#11046,#11047,
#11048,#11049,#11050,#11051,#11052,#11053),.UNSPECIFIED.,.F.,.F.,(4,3,3,
3,3,3,3,4),(7.59274844815671,7.98392171722742,8.98191193188085,9.97990214653428,
10.9778923611877,11.9758825758411,12.9738727904946,13.8759337553363),
 .UNSPECIFIED.);
#704=B_SPLINE_CURVE_WITH_KNOTS('',3,(#11054,#11055,#11056,#11057,#11058,
#11059,#11060,#11061,#11062,#11063,#11064,#11065,#11066,#11067,#11068,#11069,
#11070,#11071,#11072,#11073,#11074,#11075,#11076,#11077,#11078,#11079,#11080,
#11081,#11082,#11083,#11084,#11085,#11086,#11087,#11088,#11089,#11090,#11091,
#11092,#11093,#11094,#11095,#11096,#11097,#11098,#11099,#11100,#11101,#11102,
#11103,#11104,#11105,#11106,#11107,#11108,#11109,#11110,#11111,#11112,#11113,
#11114,#11115,#11116,#11117,#11118,#11119,#11120,#11121,#11122,#11123,#11124,
#11125,#11126,#11127,#11128,#11129,#11130,#11131,#11132),.UNSPECIFIED.,
 .F.,.F.,(4,3,3,3,3,3,3,3,3,3,3,3,3,3,3,3,3,3,3,3,3,3,3,3,3,3,4),(0.,0.0185492970024827,
0.0367923776919164,0.0507426274829096,0.0583205154773303,0.061079258694069,
0.0788354027388916,0.0962272151526399,0.109269005369445,0.115901356777111,
0.118964509371356,0.135799700106652,0.148394376019862,0.165245424098073,
0.170042722824282,0.173055461876008,0.189824849822702,0.206586914051005,
0.216685643857058,0.22195339378593,0.226235140407505,0.24232984582376,0.253636348953744,
0.258184841880583,0.273638525402027,0.283202760645548,0.286347380332276),
 .UNSPECIFIED.);
#705=B_SPLINE_CURVE_WITH_KNOTS('',3,(#11133,#11134,#11135,#11136,#11137,
#11138,#11139,#11140,#11141,#11142),.UNSPECIFIED.,.F.,.F.,(4,1,1,1,1,1,
1,4),(15.707963267949,16.3943805562789,17.3923707709323,18.3903609855857,
19.3883512002391,20.3863414148926,21.384331629546,21.9911485751286),
 .UNSPECIFIED.);
#706=B_SPLINE_CURVE_WITH_KNOTS('',3,(#11175,#11176,#11177,#11178,#11179,
#11180,#11181,#11182),.UNSPECIFIED.,.F.,.F.,(4,1,1,1,1,4),(186.498885417962,
186.805781263231,187.688569988566,188.571358713901,189.454147439236,190.095434689014),
 .UNSPECIFIED.);
#707=B_SPLINE_CURVE_WITH_KNOTS('',3,(#11207,#11208,#11209,#11210,#11211,
#11212),.UNSPECIFIED.,.F.,.F.,(4,1,1,4),(193.555258787674,194.179925583841,
195.028743386187,195.738737886404),.UNSPECIFIED.);
#708=B_SPLINE_CURVE_WITH_KNOTS('',3,(#11213,#11214,#11215,#11216,#11217,
#11218,#11219,#11220,#11221,#11222),.UNSPECIFIED.,.F.,.F.,(4,3,3,4),(178.932707654523,
179.781525456869,180.630343259215,181.479161061561),.UNSPECIFIED.);
#709=B_SPLINE_CURVE_WITH_KNOTS('',3,(#11224,#11225,#11226,#11227,#11228,
#11229,#11230,#11231,#11232,#11233,#11234),.UNSPECIFIED.,.F.,.F.,(4,1,1,
1,1,1,1,1,4),(15.707963267949,15.8449079578425,16.8422946314083,17.839681304974,
18.8370679785398,19.8344546521055,20.8318413256713,21.8292279992371,21.9911485751286),
 .UNSPECIFIED.);
#710=B_SPLINE_CURVE_WITH_KNOTS('',3,(#11236,#11237,#11238,#11239,#11240,
#11241,#11242),.UNSPECIFIED.,.F.,.F.,(4,1,1,1,4),(186.567147898586,187.436616506379,
188.306085114172,189.175553721964,190.045022329757),.UNSPECIFIED.);
#711=B_SPLINE_CURVE_WITH_KNOTS('',3,(#11947,#11948,#11949,#11950,#11951,
#11952,#11953,#11954,#11955,#11956,#11957,#11958,#11959,#11960,#11961,#11962,
#11963,#11964,#11965,#11966,#11967,#11968,#11969,#11970,#11971,#11972,#11973,
#11974,#11975,#11976,#11977,#11978,#11979,#11980,#11981,#11982,#11983,#11984,
#11985,#11986,#11987,#11988,#11989,#11990,#11991,#11992,#11993,#11994,#11995,
#11996,#11997,#11998,#11999,#12000,#12001,#12002,#12003,#12004,#12005,#12006,
#12007,#12008,#12009,#12010,#12011,#12012,#12013,#12014,#12015,#12016,#12017,
#12018,#12019,#12020,#12021,#12022,#12023,#12024,#12025),.UNSPECIFIED.,
 .F.,.F.,(4,3,3,3,3,3,3,3,3,3,3,3,3,3,3,3,3,3,3,3,3,3,3,3,3,3,4),(0.,0.015136841311349,
0.0309556314518286,0.0438316749513107,0.0499251325514611,0.0529422127086024,
0.0692685454584134,0.0859983640573094,0.0979897679049034,0.102259388489185,
0.105138650171039,0.122215765617139,0.133963979447685,0.150609630829032,
0.155362629575951,0.158490600620999,0.17551119703978,0.192942419945387,
0.203970116132949,0.212575628330946,0.21590522528935,0.232219916328484,
0.244549551171245,0.248833388242964,0.267041489911725,0.281163989445886,
0.28514280399514),.UNSPECIFIED.);
#712=B_SPLINE_CURVE_WITH_KNOTS('',3,(#12026,#12027,#12028,#12029,#12030,
#12031,#12032,#12033,#12034,#12035,#12036,#12037,#12038,#12039,#12040,#12041,
#12042,#12043,#12044,#12045,#12046,#12047,#12048,#12049,#12050),
 .UNSPECIFIED.,.F.,.F.,(4,3,3,3,3,3,3,3,4),(-10.1357873115492,-9.97386673565759,
-8.97648006209183,-7.97909338852607,-6.98170671496031,-5.98432004139455,
-4.98693336782879,-3.98954669426304,-3.85260200436964),.UNSPECIFIED.);
#713=B_SPLINE_CURVE_WITH_KNOTS('',3,(#12079,#12080,#12081,#12082,#12083,
#12084,#12085,#12086,#12087,#12088,#12089,#12090,#12091),.UNSPECIFIED.,
 .F.,.F.,(4,3,3,3,4),(-177.949962984414,-177.320192458385,-176.450723850592,
-175.581255242799,-174.9341004748),.UNSPECIFIED.);
#714=B_SPLINE_CURVE_WITH_KNOTS('',3,(#12093,#12094,#12095,#12096,#12097,
#12098),.UNSPECIFIED.,.F.,.F.,(4,1,1,4),(193.623193174024,194.307890242366,
194.992587310708,195.67728437905),.UNSPECIFIED.);
#715=B_SPLINE_CURVE_WITH_KNOTS('',3,(#12123,#12124,#12125,#12126,#12127,
#12128,#12129,#12130,#12131,#12132),.UNSPECIFIED.,.F.,.F.,(4,3,3,4),(-183.246581582538,
-183.137226047128,-182.452528978786,-182.32939556893),.UNSPECIFIED.);
#716=ELLIPSE('',#3218,1.40426046179603,1.2645);
#717=ELLIPSE('',#3219,1.40426046179603,1.2645);
#718=ELLIPSE('',#3221,1.40426046179603,1.2645);
#719=ELLIPSE('',#3249,1.71354202653323,1.543);
#720=ELLIPSE('',#3306,1.40426046179603,1.2645);
#721=ELLIPSE('',#3308,1.40426046179603,1.2645);
#722=ELLIPSE('',#3379,1.71354202653323,1.543);
#723=ELLIPSE('',#3381,1.40426046179603,1.2645);
#724=ELLIPSE('',#3383,1.71354202653323,1.543);
#725=ELLIPSE('',#3392,20.,10.);
#726=ELLIPSE('',#3393,10.660283746194,10.);
#727=ELLIPSE('',#3396,19.9999999999999,10.);
#728=ELLIPSE('',#3397,10.660283746194,10.);
#729=ELLIPSE('',#3404,1.40426046179603,1.2645);
#730=ELLIPSE('',#3405,1.71354202653323,1.543);
#731=ELLIPSE('',#3406,1.40426046179603,1.2645);
#732=ELLIPSE('',#3407,1.71354202653323,1.543);
#733=ELLIPSE('',#3408,1.40426046179603,1.2645);
#734=ELLIPSE('',#3409,1.71354202653323,1.543);
#735=ELLIPSE('',#3410,1.71354202653323,1.543);
#736=ELLIPSE('',#3411,1.40426046179603,1.2645);
#737=LINE('',#4047,#907);
#738=LINE('',#4091,#908);
#739=LINE('',#4138,#909);
#740=LINE('',#4189,#910);
#741=LINE('',#4240,#911);
#742=LINE('',#4288,#912);
#743=LINE('',#4339,#913);
#744=LINE('',#4390,#914);
#745=LINE('',#4438,#915);
#746=LINE('',#4489,#916);
#747=LINE('',#4540,#917);
#748=LINE('',#4588,#918);
#749=LINE('',#4636,#919);
#750=LINE('',#4687,#920);
#751=LINE('',#4738,#921);
#752=LINE('',#4786,#922);
#753=LINE('',#4837,#923);
#754=LINE('',#4888,#924);
#755=LINE('',#4936,#925);
#756=LINE('',#4987,#926);
#757=LINE('',#5038,#927);
#758=LINE('',#5086,#928);
#759=LINE('',#5134,#929);
#760=LINE('',#5185,#930);
#761=LINE('',#5236,#931);
#762=LINE('',#5284,#932);
#763=LINE('',#5335,#933);
#764=LINE('',#5374,#934);
#765=LINE('',#5399,#935);
#766=LINE('',#5424,#936);
#767=LINE('',#5448,#937);
#768=LINE('',#5473,#938);
#769=LINE('',#5498,#939);
#770=LINE('',#5522,#940);
#771=LINE('',#5547,#941);
#772=LINE('',#5572,#942);
#773=LINE('',#5596,#943);
#774=LINE('',#5621,#944);
#775=LINE('',#5645,#945);
#776=LINE('',#5670,#946);
#777=LINE('',#5694,#947);
#778=LINE('',#5719,#948);
#779=LINE('',#5744,#949);
#780=LINE('',#5768,#950);
#781=LINE('',#5793,#951);
#782=LINE('',#5818,#952);
#783=LINE('',#5842,#953);
#784=LINE('',#5867,#954);
#785=LINE('',#5891,#955);
#786=LINE('',#5916,#956);
#787=LINE('',#5940,#957);
#788=LINE('',#5965,#958);
#789=LINE('',#5990,#959);
#790=LINE('',#6014,#960);
#791=LINE('',#6031,#961);
#792=LINE('',#6059,#962);
#793=LINE('',#6084,#963);
#794=LINE('',#6108,#964);
#795=LINE('',#6133,#965);
#796=LINE('',#6158,#966);
#797=LINE('',#6182,#967);
#798=LINE('',#6207,#968);
#799=LINE('',#6232,#969);
#800=LINE('',#6256,#970);
#801=LINE('',#6281,#971);
#802=LINE('',#6305,#972);
#803=LINE('',#6330,#973);
#804=LINE('',#6354,#974);
#805=LINE('',#6379,#975);
#806=LINE('',#6404,#976);
#807=LINE('',#6428,#977);
#808=LINE('',#6453,#978);
#809=LINE('',#6478,#979);
#810=LINE('',#6502,#980);
#811=LINE('',#6527,#981);
#812=LINE('',#6551,#982);
#813=LINE('',#6576,#983);
#814=LINE('',#6600,#984);
#815=LINE('',#6625,#985);
#816=LINE('',#6650,#986);
#817=LINE('',#6674,#987);
#818=LINE('',#6691,#988);
#819=LINE('',#6740,#989);
#820=LINE('',#6787,#990);
#821=LINE('',#6838,#991);
#822=LINE('',#6889,#992);
#823=LINE('',#6937,#993);
#824=LINE('',#6988,#994);
#825=LINE('',#7039,#995);
#826=LINE('',#7087,#996);
#827=LINE('',#7138,#997);
#828=LINE('',#7189,#998);
#829=LINE('',#7237,#999);
#830=LINE('',#7285,#1000);
#831=LINE('',#7336,#1001);
#832=LINE('',#7387,#1002);
#833=LINE('',#7435,#1003);
#834=LINE('',#7486,#1004);
#835=LINE('',#7537,#1005);
#836=LINE('',#7585,#1006);
#837=LINE('',#7636,#1007);
#838=LINE('',#7687,#1008);
#839=LINE('',#7735,#1009);
#840=LINE('',#7783,#1010);
#841=LINE('',#7834,#1011);
#842=LINE('',#7885,#1012);
#843=LINE('',#7933,#1013);
#844=LINE('',#7984,#1014);
#845=LINE('',#8025,#1015);
#846=LINE('',#8028,#1016);
#847=LINE('',#8034,#1017);
#848=LINE('',#8037,#1018);
#849=LINE('',#8047,#1019);
#850=LINE('',#8048,#1020);
#851=LINE('',#8054,#1021);
#852=LINE('',#8057,#1022);
#853=LINE('',#8067,#1023);
#854=LINE('',#8068,#1024);
#855=LINE('',#8089,#1025);
#856=LINE('',#8093,#1026);
#857=LINE('',#8097,#1027);
#858=LINE('',#8191,#1028);
#859=LINE('',#8192,#1029);
#860=LINE('',#8198,#1030);
#861=LINE('',#8200,#1031);
#862=LINE('',#8210,#1032);
#863=LINE('',#10095,#1033);
#864=LINE('',#10098,#1034);
#865=LINE('',#10101,#1035);
#866=LINE('',#10103,#1036);
#867=LINE('',#10105,#1037);
#868=LINE('',#10107,#1038);
#869=LINE('',#10108,#1039);
#870=LINE('',#10110,#1040);
#871=LINE('',#10111,#1041);
#872=LINE('',#10114,#1042);
#873=LINE('',#10116,#1043);
#874=LINE('',#10117,#1044);
#875=LINE('',#10131,#1045);
#876=LINE('',#10135,#1046);
#877=LINE('',#10136,#1047);
#878=LINE('',#10151,#1048);
#879=LINE('',#10154,#1049);
#880=LINE('',#10155,#1050);
#881=LINE('',#10157,#1051);
#882=LINE('',#10158,#1052);
#883=LINE('',#10160,#1053);
#884=LINE('',#10162,#1054);
#885=LINE('',#10164,#1055);
#886=LINE('',#10166,#1056);
#887=LINE('',#10168,#1057);
#888=LINE('',#10170,#1058);
#889=LINE('',#10171,#1059);
#890=LINE('',#10173,#1060);
#891=LINE('',#12139,#1061);
#892=LINE('',#12140,#1062);
#893=LINE('',#12141,#1063);
#894=LINE('',#12144,#1064);
#895=LINE('',#12145,#1065);
#896=LINE('',#12148,#1066);
#897=LINE('',#12151,#1067);
#898=LINE('',#12155,#1068);
#899=LINE('',#12157,#1069);
#900=LINE('',#12159,#1070);
#901=LINE('',#12161,#1071);
#902=LINE('',#12163,#1072);
#903=LINE('',#12166,#1073);
#904=LINE('',#12168,#1074);
#905=LINE('',#12170,#1075);
#906=LINE('',#12172,#1076);
#907=VECTOR('',#3439,1.2645);
#908=VECTOR('',#3446,1.2645);
#909=VECTOR('',#3451,1.2645);
#910=VECTOR('',#3454,1.2645);
#911=VECTOR('',#3457,1.2645);
#912=VECTOR('',#3460,1.2645);
#913=VECTOR('',#3463,1.2645);
#914=VECTOR('',#3466,1.2645);
#915=VECTOR('',#3469,1.2645);
#916=VECTOR('',#3472,1.2645);
#917=VECTOR('',#3475,1.2645);
#918=VECTOR('',#3478,1.2645);
#919=VECTOR('',#3481,1.2645);
#920=VECTOR('',#3484,1.2645);
#921=VECTOR('',#3487,1.2645);
#922=VECTOR('',#3490,1.2645);
#923=VECTOR('',#3493,1.2645);
#924=VECTOR('',#3496,1.2645);
#925=VECTOR('',#3499,1.2645);
#926=VECTOR('',#3502,1.2645);
#927=VECTOR('',#3505,1.2645);
#928=VECTOR('',#3508,1.2645);
#929=VECTOR('',#3511,1.2645);
#930=VECTOR('',#3514,1.2645);
#931=VECTOR('',#3517,1.2645);
#932=VECTOR('',#3520,1.2645);
#933=VECTOR('',#3523,1.2645);
#934=VECTOR('',#3528,1.543);
#935=VECTOR('',#3533,1.543);
#936=VECTOR('',#3536,1.543);
#937=VECTOR('',#3539,1.543);
#938=VECTOR('',#3542,1.543);
#939=VECTOR('',#3545,1.543);
#940=VECTOR('',#3548,1.543);
#941=VECTOR('',#3551,1.543);
#942=VECTOR('',#3554,1.543);
#943=VECTOR('',#3557,1.543);
#944=VECTOR('',#3560,1.543);
#945=VECTOR('',#3563,1.543);
#946=VECTOR('',#3566,1.543);
#947=VECTOR('',#3569,1.543);
#948=VECTOR('',#3572,1.543);
#949=VECTOR('',#3575,1.543);
#950=VECTOR('',#3578,1.543);
#951=VECTOR('',#3581,1.543);
#952=VECTOR('',#3584,1.543);
#953=VECTOR('',#3587,1.543);
#954=VECTOR('',#3590,1.543);
#955=VECTOR('',#3593,1.543);
#956=VECTOR('',#3596,1.543);
#957=VECTOR('',#3599,1.543);
#958=VECTOR('',#3602,1.543);
#959=VECTOR('',#3605,1.543);
#960=VECTOR('',#3608,1.543);
#961=VECTOR('',#3613,1.543);
#962=VECTOR('',#3616,1.543);
#963=VECTOR('',#3619,1.543);
#964=VECTOR('',#3622,1.543);
#965=VECTOR('',#3625,1.543);
#966=VECTOR('',#3628,1.543);
#967=VECTOR('',#3631,1.543);
#968=VECTOR('',#3634,1.543);
#969=VECTOR('',#3637,1.543);
#970=VECTOR('',#3640,1.543);
#971=VECTOR('',#3643,1.543);
#972=VECTOR('',#3646,1.543);
#973=VECTOR('',#3649,1.543);
#974=VECTOR('',#3652,1.543);
#975=VECTOR('',#3655,1.543);
#976=VECTOR('',#3658,1.543);
#977=VECTOR('',#3661,1.543);
#978=VECTOR('',#3664,1.543);
#979=VECTOR('',#3667,1.543);
#980=VECTOR('',#3670,1.543);
#981=VECTOR('',#3673,1.543);
#982=VECTOR('',#3676,1.543);
#983=VECTOR('',#3679,1.543);
#984=VECTOR('',#3682,1.543);
#985=VECTOR('',#3685,1.543);
#986=VECTOR('',#3688,1.543);
#987=VECTOR('',#3691,1.543);
#988=VECTOR('',#3696,1.2645);
#989=VECTOR('',#3701,1.2645);
#990=VECTOR('',#3706,1.2645);
#991=VECTOR('',#3709,1.2645);
#992=VECTOR('',#3712,1.2645);
#993=VECTOR('',#3715,1.2645);
#994=VECTOR('',#3718,1.2645);
#995=VECTOR('',#3721,1.2645);
#996=VECTOR('',#3724,1.2645);
#997=VECTOR('',#3727,1.2645);
#998=VECTOR('',#3730,1.2645);
#999=VECTOR('',#3733,1.2645);
#1000=VECTOR('',#3736,1.2645);
#1001=VECTOR('',#3739,1.2645);
#1002=VECTOR('',#3742,1.2645);
#1003=VECTOR('',#3745,1.2645);
#1004=VECTOR('',#3748,1.2645);
#1005=VECTOR('',#3751,1.2645);
#1006=VECTOR('',#3754,1.2645);
#1007=VECTOR('',#3757,1.2645);
#1008=VECTOR('',#3760,1.2645);
#1009=VECTOR('',#3763,1.2645);
#1010=VECTOR('',#3766,1.2645);
#1011=VECTOR('',#3769,1.2645);
#1012=VECTOR('',#3772,1.2645);
#1013=VECTOR('',#3775,1.2645);
#1014=VECTOR('',#3778,1.2645);
#1015=VECTOR('',#3785,10.);
#1016=VECTOR('',#3788,10.);
#1017=VECTOR('',#3793,10.);
#1018=VECTOR('',#3796,10.);
#1019=VECTOR('',#3809,10.);
#1020=VECTOR('',#3810,10.);
#1021=VECTOR('',#3815,10.);
#1022=VECTOR('',#3818,10.);
#1023=VECTOR('',#3831,10.);
#1024=VECTOR('',#3832,10.);
#1025=VECTOR('',#3835,10.);
#1026=VECTOR('',#3838,10.);
#1027=VECTOR('',#3841,10.);
#1028=VECTOR('',#3854,10.);
#1029=VECTOR('',#3855,10.);
#1030=VECTOR('',#3860,10.);
#1031=VECTOR('',#3863,10.);
#1032=VECTOR('',#3882,10.);
#1033=VECTOR('',#3905,10.);
#1034=VECTOR('',#3908,10.);
#1035=VECTOR('',#3911,10.);
#1036=VECTOR('',#3912,10.);
#1037=VECTOR('',#3913,10.);
#1038=VECTOR('',#3914,10.);
#1039=VECTOR('',#3915,10.);
#1040=VECTOR('',#3916,10.);
#1041=VECTOR('',#3917,10.);
#1042=VECTOR('',#3920,10.);
#1043=VECTOR('',#3921,10.);
#1044=VECTOR('',#3922,10.);
#1045=VECTOR('',#3927,10.);
#1046=VECTOR('',#3932,10.);
#1047=VECTOR('',#3933,10.);
#1048=VECTOR('',#3940,10.);
#1049=VECTOR('',#3943,10.);
#1050=VECTOR('',#3944,10.);
#1051=VECTOR('',#3947,10.);
#1052=VECTOR('',#3948,10.);
#1053=VECTOR('',#3951,10.);
#1054=VECTOR('',#3954,10.);
#1055=VECTOR('',#3955,10.);
#1056=VECTOR('',#3956,10.);
#1057=VECTOR('',#3957,10.);
#1058=VECTOR('',#3958,10.);
#1059=VECTOR('',#3959,10.);
#1060=VECTOR('',#3962,10.);
#1061=VECTOR('',#3997,10.);
#1062=VECTOR('',#3998,10.);
#1063=VECTOR('',#3999,10.);
#1064=VECTOR('',#4002,10.);
#1065=VECTOR('',#4003,10.);
#1066=VECTOR('',#4006,10.);
#1067=VECTOR('',#4009,10.);
#1068=VECTOR('',#4014,10.);
#1069=VECTOR('',#4017,10.);
#1070=VECTOR('',#4020,3.275);
#1071=VECTOR('',#4023,10.);
#1072=VECTOR('',#4026,10.);
#1073=VECTOR('',#4031,10.);
#1074=VECTOR('',#4034,10.);
#1075=VECTOR('',#4037,10.);
#1076=VECTOR('',#4040,10.);
#1077=VERTEX_POINT('',#4045);
#1078=VERTEX_POINT('',#4046);
#1079=VERTEX_POINT('',#4048);
#1080=VERTEX_POINT('',#4050);
#1081=VERTEX_POINT('',#4067);
#1082=VERTEX_POINT('',#4089);
#1083=VERTEX_POINT('',#4090);
#1084=VERTEX_POINT('',#4092);
#1085=VERTEX_POINT('',#4136);
#1086=VERTEX_POINT('',#4137);
#1087=VERTEX_POINT('',#4187);
#1088=VERTEX_POINT('',#4188);
#1089=VERTEX_POINT('',#4238);
#1090=VERTEX_POINT('',#4239);
#1091=VERTEX_POINT('',#4286);
#1092=VERTEX_POINT('',#4287);
#1093=VERTEX_POINT('',#4337);
#1094=VERTEX_POINT('',#4338);
#1095=VERTEX_POINT('',#4388);
#1096=VERTEX_POINT('',#4389);
#1097=VERTEX_POINT('',#4436);
#1098=VERTEX_POINT('',#4437);
#1099=VERTEX_POINT('',#4487);
#1100=VERTEX_POINT('',#4488);
#1101=VERTEX_POINT('',#4538);
#1102=VERTEX_POINT('',#4539);
#1103=VERTEX_POINT('',#4586);
#1104=VERTEX_POINT('',#4587);
#1105=VERTEX_POINT('',#4634);
#1106=VERTEX_POINT('',#4635);
#1107=VERTEX_POINT('',#4685);
#1108=VERTEX_POINT('',#4686);
#1109=VERTEX_POINT('',#4736);
#1110=VERTEX_POINT('',#4737);
#1111=VERTEX_POINT('',#4784);
#1112=VERTEX_POINT('',#4785);
#1113=VERTEX_POINT('',#4835);
#1114=VERTEX_POINT('',#4836);
#1115=VERTEX_POINT('',#4886);
#1116=VERTEX_POINT('',#4887);
#1117=VERTEX_POINT('',#4934);
#1118=VERTEX_POINT('',#4935);
#1119=VERTEX_POINT('',#4985);
#1120=VERTEX_POINT('',#4986);
#1121=VERTEX_POINT('',#5036);
#1122=VERTEX_POINT('',#5037);
#1123=VERTEX_POINT('',#5084);
#1124=VERTEX_POINT('',#5085);
#1125=VERTEX_POINT('',#5132);
#1126=VERTEX_POINT('',#5133);
#1127=VERTEX_POINT('',#5183);
#1128=VERTEX_POINT('',#5184);
#1129=VERTEX_POINT('',#5234);
#1130=VERTEX_POINT('',#5235);
#1131=VERTEX_POINT('',#5282);
#1132=VERTEX_POINT('',#5283);
#1133=VERTEX_POINT('',#5333);
#1134=VERTEX_POINT('',#5334);
#1135=VERTEX_POINT('',#5336);
#1136=VERTEX_POINT('',#5350);
#1137=VERTEX_POINT('',#5372);
#1138=VERTEX_POINT('',#5373);
#1139=VERTEX_POINT('',#5375);
#1140=VERTEX_POINT('',#5385);
#1141=VERTEX_POINT('',#5397);
#1142=VERTEX_POINT('',#5398);
#1143=VERTEX_POINT('',#5422);
#1144=VERTEX_POINT('',#5423);
#1145=VERTEX_POINT('',#5446);
#1146=VERTEX_POINT('',#5447);
#1147=VERTEX_POINT('',#5471);
#1148=VERTEX_POINT('',#5472);
#1149=VERTEX_POINT('',#5496);
#1150=VERTEX_POINT('',#5497);
#1151=VERTEX_POINT('',#5520);
#1152=VERTEX_POINT('',#5521);
#1153=VERTEX_POINT('',#5545);
#1154=VERTEX_POINT('',#5546);
#1155=VERTEX_POINT('',#5570);
#1156=VERTEX_POINT('',#5571);
#1157=VERTEX_POINT('',#5594);
#1158=VERTEX_POINT('',#5595);
#1159=VERTEX_POINT('',#5619);
#1160=VERTEX_POINT('',#5620);
#1161=VERTEX_POINT('',#5643);
#1162=VERTEX_POINT('',#5644);
#1163=VERTEX_POINT('',#5668);
#1164=VERTEX_POINT('',#5669);
#1165=VERTEX_POINT('',#5692);
#1166=VERTEX_POINT('',#5693);
#1167=VERTEX_POINT('',#5717);
#1168=VERTEX_POINT('',#5718);
#1169=VERTEX_POINT('',#5742);
#1170=VERTEX_POINT('',#5743);
#1171=VERTEX_POINT('',#5766);
#1172=VERTEX_POINT('',#5767);
#1173=VERTEX_POINT('',#5791);
#1174=VERTEX_POINT('',#5792);
#1175=VERTEX_POINT('',#5816);
#1176=VERTEX_POINT('',#5817);
#1177=VERTEX_POINT('',#5840);
#1178=VERTEX_POINT('',#5841);
#1179=VERTEX_POINT('',#5865);
#1180=VERTEX_POINT('',#5866);
#1181=VERTEX_POINT('',#5889);
#1182=VERTEX_POINT('',#5890);
#1183=VERTEX_POINT('',#5914);
#1184=VERTEX_POINT('',#5915);
#1185=VERTEX_POINT('',#5938);
#1186=VERTEX_POINT('',#5939);
#1187=VERTEX_POINT('',#5963);
#1188=VERTEX_POINT('',#5964);
#1189=VERTEX_POINT('',#5988);
#1190=VERTEX_POINT('',#5989);
#1191=VERTEX_POINT('',#6012);
#1192=VERTEX_POINT('',#6013);
#1193=VERTEX_POINT('',#6015);
#1194=VERTEX_POINT('',#6021);
#1195=VERTEX_POINT('',#6029);
#1196=VERTEX_POINT('',#6030);
#1197=VERTEX_POINT('',#6032);
#1198=VERTEX_POINT('',#6042);
#1199=VERTEX_POINT('',#6057);
#1200=VERTEX_POINT('',#6058);
#1201=VERTEX_POINT('',#6082);
#1202=VERTEX_POINT('',#6083);
#1203=VERTEX_POINT('',#6106);
#1204=VERTEX_POINT('',#6107);
#1205=VERTEX_POINT('',#6131);
#1206=VERTEX_POINT('',#6132);
#1207=VERTEX_POINT('',#6156);
#1208=VERTEX_POINT('',#6157);
#1209=VERTEX_POINT('',#6180);
#1210=VERTEX_POINT('',#6181);
#1211=VERTEX_POINT('',#6205);
#1212=VERTEX_POINT('',#6206);
#1213=VERTEX_POINT('',#6230);
#1214=VERTEX_POINT('',#6231);
#1215=VERTEX_POINT('',#6254);
#1216=VERTEX_POINT('',#6255);
#1217=VERTEX_POINT('',#6279);
#1218=VERTEX_POINT('',#6280);
#1219=VERTEX_POINT('',#6303);
#1220=VERTEX_POINT('',#6304);
#1221=VERTEX_POINT('',#6328);
#1222=VERTEX_POINT('',#6329);
#1223=VERTEX_POINT('',#6352);
#1224=VERTEX_POINT('',#6353);
#1225=VERTEX_POINT('',#6377);
#1226=VERTEX_POINT('',#6378);
#1227=VERTEX_POINT('',#6402);
#1228=VERTEX_POINT('',#6403);
#1229=VERTEX_POINT('',#6426);
#1230=VERTEX_POINT('',#6427);
#1231=VERTEX_POINT('',#6451);
#1232=VERTEX_POINT('',#6452);
#1233=VERTEX_POINT('',#6476);
#1234=VERTEX_POINT('',#6477);
#1235=VERTEX_POINT('',#6500);
#1236=VERTEX_POINT('',#6501);
#1237=VERTEX_POINT('',#6525);
#1238=VERTEX_POINT('',#6526);
#1239=VERTEX_POINT('',#6549);
#1240=VERTEX_POINT('',#6550);
#1241=VERTEX_POINT('',#6574);
#1242=VERTEX_POINT('',#6575);
#1243=VERTEX_POINT('',#6598);
#1244=VERTEX_POINT('',#6599);
#1245=VERTEX_POINT('',#6623);
#1246=VERTEX_POINT('',#6624);
#1247=VERTEX_POINT('',#6648);
#1248=VERTEX_POINT('',#6649);
#1249=VERTEX_POINT('',#6672);
#1250=VERTEX_POINT('',#6673);
#1251=VERTEX_POINT('',#6675);
#1252=VERTEX_POINT('',#6681);
#1253=VERTEX_POINT('',#6689);
#1254=VERTEX_POINT('',#6690);
#1255=VERTEX_POINT('',#6692);
#1256=VERTEX_POINT('',#6694);
#1257=VERTEX_POINT('',#6711);
#1258=VERTEX_POINT('',#6738);
#1259=VERTEX_POINT('',#6739);
#1260=VERTEX_POINT('',#6741);
#1261=VERTEX_POINT('',#6785);
#1262=VERTEX_POINT('',#6786);
#1263=VERTEX_POINT('',#6836);
#1264=VERTEX_POINT('',#6837);
#1265=VERTEX_POINT('',#6887);
#1266=VERTEX_POINT('',#6888);
#1267=VERTEX_POINT('',#6935);
#1268=VERTEX_POINT('',#6936);
#1269=VERTEX_POINT('',#6986);
#1270=VERTEX_POINT('',#6987);
#1271=VERTEX_POINT('',#7037);
#1272=VERTEX_POINT('',#7038);
#1273=VERTEX_POINT('',#7085);
#1274=VERTEX_POINT('',#7086);
#1275=VERTEX_POINT('',#7136);
#1276=VERTEX_POINT('',#7137);
#1277=VERTEX_POINT('',#7187);
#1278=VERTEX_POINT('',#7188);
#1279=VERTEX_POINT('',#7235);
#1280=VERTEX_POINT('',#7236);
#1281=VERTEX_POINT('',#7283);
#1282=VERTEX_POINT('',#7284);
#1283=VERTEX_POINT('',#7334);
#1284=VERTEX_POINT('',#7335);
#1285=VERTEX_POINT('',#7385);
#1286=VERTEX_POINT('',#7386);
#1287=VERTEX_POINT('',#7433);
#1288=VERTEX_POINT('',#7434);
#1289=VERTEX_POINT('',#7484);
#1290=VERTEX_POINT('',#7485);
#1291=VERTEX_POINT('',#7535);
#1292=VERTEX_POINT('',#7536);
#1293=VERTEX_POINT('',#7583);
#1294=VERTEX_POINT('',#7584);
#1295=VERTEX_POINT('',#7634);
#1296=VERTEX_POINT('',#7635);
#1297=VERTEX_POINT('',#7685);
#1298=VERTEX_POINT('',#7686);
#1299=VERTEX_POINT('',#7733);
#1300=VERTEX_POINT('',#7734);
#1301=VERTEX_POINT('',#7781);
#1302=VERTEX_POINT('',#7782);
#1303=VERTEX_POINT('',#7832);
#1304=VERTEX_POINT('',#7833);
#1305=VERTEX_POINT('',#7883);
#1306=VERTEX_POINT('',#7884);
#1307=VERTEX_POINT('',#7931);
#1308=VERTEX_POINT('',#7932);
#1309=VERTEX_POINT('',#7982);
#1310=VERTEX_POINT('',#7983);
#1311=VERTEX_POINT('',#7985);
#1312=VERTEX_POINT('',#7999);
#1313=VERTEX_POINT('',#8021);
#1314=VERTEX_POINT('',#8022);
#1315=VERTEX_POINT('',#8024);
#1316=VERTEX_POINT('',#8026);
#1317=VERTEX_POINT('',#8030);
#1318=VERTEX_POINT('',#8031);
#1319=VERTEX_POINT('',#8033);
#1320=VERTEX_POINT('',#8035);
#1321=VERTEX_POINT('',#8039);
#1322=VERTEX_POINT('',#8040);
#1323=VERTEX_POINT('',#8045);
#1324=VERTEX_POINT('',#8050);
#1325=VERTEX_POINT('',#8051);
#1326=VERTEX_POINT('',#8053);
#1327=VERTEX_POINT('',#8055);
#1328=VERTEX_POINT('',#8059);
#1329=VERTEX_POINT('',#8060);
#1330=VERTEX_POINT('',#8065);
#1331=VERTEX_POINT('',#8070);
#1332=VERTEX_POINT('',#8071);
#1333=VERTEX_POINT('',#8088);
#1334=VERTEX_POINT('',#8090);
#1335=VERTEX_POINT('',#8092);
#1336=VERTEX_POINT('',#8094);
#1337=VERTEX_POINT('',#8096);
#1338=VERTEX_POINT('',#8130);
#1339=VERTEX_POINT('',#8144);
#1340=VERTEX_POINT('',#8149);
#1341=VERTEX_POINT('',#8157);
#1342=VERTEX_POINT('',#8164);
#1343=VERTEX_POINT('',#8183);
#1344=VERTEX_POINT('',#8184);
#1345=VERTEX_POINT('',#8189);
#1346=VERTEX_POINT('',#8194);
#1347=VERTEX_POINT('',#8195);
#1348=VERTEX_POINT('',#8197);
#1349=VERTEX_POINT('',#8211);
#1350=VERTEX_POINT('',#8237);
#1351=VERTEX_POINT('',#8244);
#1352=VERTEX_POINT('',#8264);
#1353=VERTEX_POINT('',#8280);
#1354=VERTEX_POINT('',#8312);
#1355=VERTEX_POINT('',#8340);
#1356=VERTEX_POINT('',#8383);
#1357=VERTEX_POINT('',#8408);
#1358=VERTEX_POINT('',#10091);
#1359=VERTEX_POINT('',#10092);
#1360=VERTEX_POINT('',#10094);
#1361=VERTEX_POINT('',#10096);
#1362=VERTEX_POINT('',#10100);
#1363=VERTEX_POINT('',#10102);
#1364=VERTEX_POINT('',#10104);
#1365=VERTEX_POINT('',#10106);
#1366=VERTEX_POINT('',#10109);
#1367=VERTEX_POINT('',#10113);
#1368=VERTEX_POINT('',#10115);
#1369=VERTEX_POINT('',#10119);
#1370=VERTEX_POINT('',#10128);
#1371=VERTEX_POINT('',#10130);
#1372=VERTEX_POINT('',#10134);
#1373=VERTEX_POINT('',#10138);
#1374=VERTEX_POINT('',#10140);
#1375=VERTEX_POINT('',#10149);
#1376=VERTEX_POINT('',#10153);
#1377=VERTEX_POINT('',#10163);
#1378=VERTEX_POINT('',#10165);
#1379=VERTEX_POINT('',#10167);
#1380=VERTEX_POINT('',#10169);
#1381=VERTEX_POINT('',#10176);
#1382=VERTEX_POINT('',#10177);
#1383=VERTEX_POINT('',#10191);
#1384=VERTEX_POINT('',#10193);
#1385=VERTEX_POINT('',#10213);
#1386=VERTEX_POINT('',#10215);
#1387=VERTEX_POINT('',#10224);
#1388=VERTEX_POINT('',#10226);
#1389=VERTEX_POINT('',#10243);
#1390=VERTEX_POINT('',#10245);
#1391=VERTEX_POINT('',#10262);
#1392=VERTEX_POINT('',#10304);
#1393=VERTEX_POINT('',#10318);
#1394=VERTEX_POINT('',#10320);
#1395=VERTEX_POINT('',#12137);
#1396=VERTEX_POINT('',#12138);
#1397=VERTEX_POINT('',#12143);
#1398=VERTEX_POINT('',#12147);
#1399=VERTEX_POINT('',#12149);
#1400=VERTEX_POINT('',#12152);
#1401=EDGE_CURVE('',#1077,#1078,#737,.T.);
#1402=EDGE_CURVE('',#1079,#1078,#716,.T.);
#1403=EDGE_CURVE('',#1079,#1080,#445,.T.);
#1404=EDGE_CURVE('',#1081,#1080,#717,.T.);
#1405=EDGE_CURVE('',#1081,#1077,#446,.T.);
#1406=EDGE_CURVE('',#1082,#1083,#738,.T.);
#1407=EDGE_CURVE('',#1083,#1084,#447,.T.);
#1408=EDGE_CURVE('',#1078,#1084,#718,.T.);
#1409=EDGE_CURVE('',#1077,#1082,#448,.T.);
#1410=EDGE_CURVE('',#1085,#1086,#739,.T.);
#1411=EDGE_CURVE('',#1086,#1083,#449,.T.);
#1412=EDGE_CURVE('',#1082,#1085,#450,.T.);
#1413=EDGE_CURVE('',#1087,#1088,#740,.T.);
#1414=EDGE_CURVE('',#1088,#1086,#451,.T.);
#1415=EDGE_CURVE('',#1085,#1087,#452,.T.);
#1416=EDGE_CURVE('',#1089,#1090,#741,.T.);
#1417=EDGE_CURVE('',#1090,#1088,#453,.T.);
#1418=EDGE_CURVE('',#1087,#1089,#454,.T.);
#1419=EDGE_CURVE('',#1091,#1092,#742,.T.);
#1420=EDGE_CURVE('',#1092,#1090,#455,.T.);
#1421=EDGE_CURVE('',#1089,#1091,#456,.T.);
#1422=EDGE_CURVE('',#1093,#1094,#743,.T.);
#1423=EDGE_CURVE('',#1094,#1092,#457,.T.);
#1424=EDGE_CURVE('',#1091,#1093,#458,.T.);
#1425=EDGE_CURVE('',#1095,#1096,#744,.T.);
#1426=EDGE_CURVE('',#1096,#1094,#459,.T.);
#1427=EDGE_CURVE('',#1093,#1095,#460,.T.);
#1428=EDGE_CURVE('',#1097,#1098,#745,.T.);
#1429=EDGE_CURVE('',#1098,#1096,#461,.T.);
#1430=EDGE_CURVE('',#1095,#1097,#462,.T.);
#1431=EDGE_CURVE('',#1099,#1100,#746,.T.);
#1432=EDGE_CURVE('',#1100,#1098,#463,.T.);
#1433=EDGE_CURVE('',#1097,#1099,#464,.T.);
#1434=EDGE_CURVE('',#1101,#1102,#747,.T.);
#1435=EDGE_CURVE('',#1102,#1100,#465,.T.);
#1436=EDGE_CURVE('',#1099,#1101,#466,.T.);
#1437=EDGE_CURVE('',#1103,#1104,#748,.T.);
#1438=EDGE_CURVE('',#1104,#1102,#467,.T.);
#1439=EDGE_CURVE('',#1101,#1103,#468,.T.);
#1440=EDGE_CURVE('',#1105,#1106,#749,.T.);
#1441=EDGE_CURVE('',#1106,#1104,#469,.T.);
#1442=EDGE_CURVE('',#1103,#1105,#470,.T.);
#1443=EDGE_CURVE('',#1107,#1108,#750,.T.);
#1444=EDGE_CURVE('',#1108,#1106,#471,.T.);
#1445=EDGE_CURVE('',#1105,#1107,#472,.T.);
#1446=EDGE_CURVE('',#1109,#1110,#751,.T.);
#1447=EDGE_CURVE('',#1110,#1108,#473,.T.);
#1448=EDGE_CURVE('',#1107,#1109,#474,.T.);
#1449=EDGE_CURVE('',#1111,#1112,#752,.T.);
#1450=EDGE_CURVE('',#1112,#1110,#475,.T.);
#1451=EDGE_CURVE('',#1109,#1111,#476,.T.);
#1452=EDGE_CURVE('',#1113,#1114,#753,.T.);
#1453=EDGE_CURVE('',#1114,#1112,#477,.T.);
#1454=EDGE_CURVE('',#1111,#1113,#478,.T.);
#1455=EDGE_CURVE('',#1115,#1116,#754,.T.);
#1456=EDGE_CURVE('',#1116,#1114,#479,.T.);
#1457=EDGE_CURVE('',#1113,#1115,#480,.T.);
#1458=EDGE_CURVE('',#1117,#1118,#755,.T.);
#1459=EDGE_CURVE('',#1118,#1116,#481,.T.);
#1460=EDGE_CURVE('',#1115,#1117,#482,.T.);
#1461=EDGE_CURVE('',#1119,#1120,#756,.T.);
#1462=EDGE_CURVE('',#1120,#1118,#483,.T.);
#1463=EDGE_CURVE('',#1117,#1119,#484,.T.);
#1464=EDGE_CURVE('',#1121,#1122,#757,.T.);
#1465=EDGE_CURVE('',#1122,#1120,#485,.T.);
#1466=EDGE_CURVE('',#1119,#1121,#486,.T.);
#1467=EDGE_CURVE('',#1123,#1124,#758,.T.);
#1468=EDGE_CURVE('',#1124,#1122,#487,.T.);
#1469=EDGE_CURVE('',#1121,#1123,#488,.T.);
#1470=EDGE_CURVE('',#1125,#1126,#759,.T.);
#1471=EDGE_CURVE('',#1126,#1124,#489,.T.);
#1472=EDGE_CURVE('',#1123,#1125,#490,.T.);
#1473=EDGE_CURVE('',#1127,#1128,#760,.T.);
#1474=EDGE_CURVE('',#1128,#1126,#491,.T.);
#1475=EDGE_CURVE('',#1125,#1127,#492,.T.);
#1476=EDGE_CURVE('',#1129,#1130,#761,.T.);
#1477=EDGE_CURVE('',#1130,#1128,#493,.T.);
#1478=EDGE_CURVE('',#1127,#1129,#494,.T.);
#1479=EDGE_CURVE('',#1131,#1132,#762,.T.);
#1480=EDGE_CURVE('',#1132,#1130,#495,.T.);
#1481=EDGE_CURVE('',#1129,#1131,#496,.T.);
#1482=EDGE_CURVE('',#1133,#1134,#763,.T.);
#1483=EDGE_CURVE('',#1133,#1135,#497,.T.);
#1484=EDGE_CURVE('',#1136,#1135,#57,.T.);
#1485=EDGE_CURVE('',#1136,#1134,#498,.T.);
#1486=EDGE_CURVE('',#1137,#1138,#764,.T.);
#1487=EDGE_CURVE('',#1138,#1139,#499,.T.);
#1488=EDGE_CURVE('',#1140,#1139,#719,.T.);
#1489=EDGE_CURVE('',#1137,#1140,#500,.T.);
#1490=EDGE_CURVE('',#1141,#1142,#765,.T.);
#1491=EDGE_CURVE('',#1142,#1138,#501,.T.);
#1492=EDGE_CURVE('',#1141,#1137,#502,.T.);
#1493=EDGE_CURVE('',#1143,#1144,#766,.T.);
#1494=EDGE_CURVE('',#1144,#1142,#503,.T.);
#1495=EDGE_CURVE('',#1143,#1141,#504,.T.);
#1496=EDGE_CURVE('',#1145,#1146,#767,.T.);
#1497=EDGE_CURVE('',#1146,#1144,#505,.T.);
#1498=EDGE_CURVE('',#1145,#1143,#506,.T.);
#1499=EDGE_CURVE('',#1147,#1148,#768,.T.);
#1500=EDGE_CURVE('',#1148,#1146,#507,.T.);
#1501=EDGE_CURVE('',#1147,#1145,#508,.T.);
#1502=EDGE_CURVE('',#1149,#1150,#769,.T.);
#1503=EDGE_CURVE('',#1150,#1148,#509,.T.);
#1504=EDGE_CURVE('',#1149,#1147,#510,.T.);
#1505=EDGE_CURVE('',#1151,#1152,#770,.T.);
#1506=EDGE_CURVE('',#1152,#1150,#511,.T.);
#1507=EDGE_CURVE('',#1151,#1149,#512,.T.);
#1508=EDGE_CURVE('',#1153,#1154,#771,.T.);
#1509=EDGE_CURVE('',#1154,#1152,#513,.T.);
#1510=EDGE_CURVE('',#1153,#1151,#514,.T.);
#1511=EDGE_CURVE('',#1155,#1156,#772,.T.);
#1512=EDGE_CURVE('',#1156,#1154,#515,.T.);
#1513=EDGE_CURVE('',#1155,#1153,#516,.T.);
#1514=EDGE_CURVE('',#1157,#1158,#773,.T.);
#1515=EDGE_CURVE('',#1158,#1156,#517,.T.);
#1516=EDGE_CURVE('',#1157,#1155,#518,.T.);
#1517=EDGE_CURVE('',#1159,#1160,#774,.T.);
#1518=EDGE_CURVE('',#1160,#1158,#519,.T.);
#1519=EDGE_CURVE('',#1159,#1157,#520,.T.);
#1520=EDGE_CURVE('',#1161,#1162,#775,.T.);
#1521=EDGE_CURVE('',#1162,#1160,#521,.T.);
#1522=EDGE_CURVE('',#1161,#1159,#522,.T.);
#1523=EDGE_CURVE('',#1163,#1164,#776,.T.);
#1524=EDGE_CURVE('',#1164,#1162,#523,.T.);
#1525=EDGE_CURVE('',#1163,#1161,#524,.T.);
#1526=EDGE_CURVE('',#1165,#1166,#777,.T.);
#1527=EDGE_CURVE('',#1166,#1164,#525,.T.);
#1528=EDGE_CURVE('',#1165,#1163,#526,.T.);
#1529=EDGE_CURVE('',#1167,#1168,#778,.T.);
#1530=EDGE_CURVE('',#1168,#1166,#527,.T.);
#1531=EDGE_CURVE('',#1167,#1165,#528,.T.);
#1532=EDGE_CURVE('',#1169,#1170,#779,.T.);
#1533=EDGE_CURVE('',#1170,#1168,#529,.T.);
#1534=EDGE_CURVE('',#1169,#1167,#530,.T.);
#1535=EDGE_CURVE('',#1171,#1172,#780,.T.);
#1536=EDGE_CURVE('',#1172,#1170,#531,.T.);
#1537=EDGE_CURVE('',#1171,#1169,#532,.T.);
#1538=EDGE_CURVE('',#1173,#1174,#781,.T.);
#1539=EDGE_CURVE('',#1174,#1172,#533,.T.);
#1540=EDGE_CURVE('',#1173,#1171,#534,.T.);
#1541=EDGE_CURVE('',#1175,#1176,#782,.T.);
#1542=EDGE_CURVE('',#1176,#1174,#535,.T.);
#1543=EDGE_CURVE('',#1175,#1173,#536,.T.);
#1544=EDGE_CURVE('',#1177,#1178,#783,.T.);
#1545=EDGE_CURVE('',#1178,#1176,#537,.T.);
#1546=EDGE_CURVE('',#1177,#1175,#538,.T.);
#1547=EDGE_CURVE('',#1179,#1180,#784,.T.);
#1548=EDGE_CURVE('',#1180,#1178,#539,.T.);
#1549=EDGE_CURVE('',#1179,#1177,#540,.T.);
#1550=EDGE_CURVE('',#1181,#1182,#785,.T.);
#1551=EDGE_CURVE('',#1182,#1180,#541,.T.);
#1552=EDGE_CURVE('',#1181,#1179,#542,.T.);
#1553=EDGE_CURVE('',#1183,#1184,#786,.T.);
#1554=EDGE_CURVE('',#1184,#1182,#543,.T.);
#1555=EDGE_CURVE('',#1183,#1181,#544,.T.);
#1556=EDGE_CURVE('',#1185,#1186,#787,.T.);
#1557=EDGE_CURVE('',#1186,#1184,#545,.T.);
#1558=EDGE_CURVE('',#1185,#1183,#546,.T.);
#1559=EDGE_CURVE('',#1187,#1188,#788,.T.);
#1560=EDGE_CURVE('',#1188,#1186,#547,.T.);
#1561=EDGE_CURVE('',#1187,#1185,#548,.T.);
#1562=EDGE_CURVE('',#1189,#1190,#789,.T.);
#1563=EDGE_CURVE('',#1190,#1188,#549,.T.);
#1564=EDGE_CURVE('',#1189,#1187,#550,.T.);
#1565=EDGE_CURVE('',#1191,#1192,#790,.T.);
#1566=EDGE_CURVE('',#1193,#1191,#551,.T.);
#1567=EDGE_CURVE('',#1194,#1193,#58,.T.);
#1568=EDGE_CURVE('',#1194,#1192,#552,.T.);
#1569=EDGE_CURVE('',#1195,#1196,#791,.T.);
#1570=EDGE_CURVE('',#1196,#1197,#553,.T.);
#1571=EDGE_CURVE('',#1198,#1197,#554,.T.);
#1572=EDGE_CURVE('',#1195,#1198,#555,.T.);
#1573=EDGE_CURVE('',#1199,#1200,#792,.T.);
#1574=EDGE_CURVE('',#1200,#1196,#556,.T.);
#1575=EDGE_CURVE('',#1199,#1195,#557,.T.);
#1576=EDGE_CURVE('',#1201,#1202,#793,.T.);
#1577=EDGE_CURVE('',#1202,#1200,#558,.T.);
#1578=EDGE_CURVE('',#1201,#1199,#559,.T.);
#1579=EDGE_CURVE('',#1203,#1204,#794,.T.);
#1580=EDGE_CURVE('',#1204,#1202,#560,.T.);
#1581=EDGE_CURVE('',#1203,#1201,#561,.T.);
#1582=EDGE_CURVE('',#1205,#1206,#795,.T.);
#1583=EDGE_CURVE('',#1206,#1204,#562,.T.);
#1584=EDGE_CURVE('',#1205,#1203,#563,.T.);
#1585=EDGE_CURVE('',#1207,#1208,#796,.T.);
#1586=EDGE_CURVE('',#1208,#1206,#564,.T.);
#1587=EDGE_CURVE('',#1207,#1205,#565,.T.);
#1588=EDGE_CURVE('',#1209,#1210,#797,.T.);
#1589=EDGE_CURVE('',#1210,#1208,#566,.T.);
#1590=EDGE_CURVE('',#1209,#1207,#567,.T.);
#1591=EDGE_CURVE('',#1211,#1212,#798,.T.);
#1592=EDGE_CURVE('',#1212,#1210,#568,.T.);
#1593=EDGE_CURVE('',#1211,#1209,#569,.T.);
#1594=EDGE_CURVE('',#1213,#1214,#799,.T.);
#1595=EDGE_CURVE('',#1214,#1212,#570,.T.);
#1596=EDGE_CURVE('',#1213,#1211,#571,.T.);
#1597=EDGE_CURVE('',#1215,#1216,#800,.T.);
#1598=EDGE_CURVE('',#1216,#1214,#572,.T.);
#1599=EDGE_CURVE('',#1215,#1213,#573,.T.);
#1600=EDGE_CURVE('',#1217,#1218,#801,.T.);
#1601=EDGE_CURVE('',#1218,#1216,#574,.T.);
#1602=EDGE_CURVE('',#1217,#1215,#575,.T.);
#1603=EDGE_CURVE('',#1219,#1220,#802,.T.);
#1604=EDGE_CURVE('',#1220,#1218,#576,.T.);
#1605=EDGE_CURVE('',#1219,#1217,#577,.T.);
#1606=EDGE_CURVE('',#1221,#1222,#803,.T.);
#1607=EDGE_CURVE('',#1222,#1220,#578,.T.);
#1608=EDGE_CURVE('',#1221,#1219,#579,.T.);
#1609=EDGE_CURVE('',#1223,#1224,#804,.T.);
#1610=EDGE_CURVE('',#1224,#1222,#580,.T.);
#1611=EDGE_CURVE('',#1223,#1221,#581,.T.);
#1612=EDGE_CURVE('',#1225,#1226,#805,.T.);
#1613=EDGE_CURVE('',#1226,#1224,#582,.T.);
#1614=EDGE_CURVE('',#1225,#1223,#583,.T.);
#1615=EDGE_CURVE('',#1227,#1228,#806,.T.);
#1616=EDGE_CURVE('',#1228,#1226,#584,.T.);
#1617=EDGE_CURVE('',#1227,#1225,#585,.T.);
#1618=EDGE_CURVE('',#1229,#1230,#807,.T.);
#1619=EDGE_CURVE('',#1230,#1228,#586,.T.);
#1620=EDGE_CURVE('',#1229,#1227,#587,.T.);
#1621=EDGE_CURVE('',#1231,#1232,#808,.T.);
#1622=EDGE_CURVE('',#1232,#1230,#588,.T.);
#1623=EDGE_CURVE('',#1231,#1229,#589,.T.);
#1624=EDGE_CURVE('',#1233,#1234,#809,.T.);
#1625=EDGE_CURVE('',#1234,#1232,#590,.T.);
#1626=EDGE_CURVE('',#1233,#1231,#591,.T.);
#1627=EDGE_CURVE('',#1235,#1236,#810,.T.);
#1628=EDGE_CURVE('',#1236,#1234,#592,.T.);
#1629=EDGE_CURVE('',#1235,#1233,#593,.T.);
#1630=EDGE_CURVE('',#1237,#1238,#811,.T.);
#1631=EDGE_CURVE('',#1238,#1236,#594,.T.);
#1632=EDGE_CURVE('',#1237,#1235,#595,.T.);
#1633=EDGE_CURVE('',#1239,#1240,#812,.T.);
#1634=EDGE_CURVE('',#1240,#1238,#596,.T.);
#1635=EDGE_CURVE('',#1239,#1237,#597,.T.);
#1636=EDGE_CURVE('',#1241,#1242,#813,.T.);
#1637=EDGE_CURVE('',#1242,#1240,#598,.T.);
#1638=EDGE_CURVE('',#1241,#1239,#599,.T.);
#1639=EDGE_CURVE('',#1243,#1244,#814,.T.);
#1640=EDGE_CURVE('',#1244,#1242,#600,.T.);
#1641=EDGE_CURVE('',#1243,#1241,#601,.T.);
#1642=EDGE_CURVE('',#1245,#1246,#815,.T.);
#1643=EDGE_CURVE('',#1246,#1244,#602,.T.);
#1644=EDGE_CURVE('',#1245,#1243,#603,.T.);
#1645=EDGE_CURVE('',#1247,#1248,#816,.T.);
#1646=EDGE_CURVE('',#1248,#1246,#604,.T.);
#1647=EDGE_CURVE('',#1247,#1245,#605,.T.);
#1648=EDGE_CURVE('',#1249,#1250,#817,.T.);
#1649=EDGE_CURVE('',#1251,#1249,#606,.T.);
#1650=EDGE_CURVE('',#1252,#1251,#59,.T.);
#1651=EDGE_CURVE('',#1252,#1250,#607,.T.);
#1652=EDGE_CURVE('',#1253,#1254,#818,.T.);
#1653=EDGE_CURVE('',#1255,#1254,#720,.T.);
#1654=EDGE_CURVE('',#1255,#1256,#608,.T.);
#1655=EDGE_CURVE('',#1257,#1256,#609,.T.);
#1656=EDGE_CURVE('',#1257,#1253,#610,.T.);
#1657=EDGE_CURVE('',#1258,#1259,#819,.T.);
#1658=EDGE_CURVE('',#1259,#1260,#611,.T.);
#1659=EDGE_CURVE('',#1254,#1260,#721,.T.);
#1660=EDGE_CURVE('',#1253,#1258,#612,.T.);
#1661=EDGE_CURVE('',#1261,#1262,#820,.T.);
#1662=EDGE_CURVE('',#1262,#1259,#613,.T.);
#1663=EDGE_CURVE('',#1258,#1261,#614,.T.);
#1664=EDGE_CURVE('',#1263,#1264,#821,.T.);
#1665=EDGE_CURVE('',#1264,#1262,#615,.T.);
#1666=EDGE_CURVE('',#1261,#1263,#616,.T.);
#1667=EDGE_CURVE('',#1265,#1266,#822,.T.);
#1668=EDGE_CURVE('',#1266,#1264,#617,.T.);
#1669=EDGE_CURVE('',#1263,#1265,#618,.T.);
#1670=EDGE_CURVE('',#1267,#1268,#823,.T.);
#1671=EDGE_CURVE('',#1268,#1266,#619,.T.);
#1672=EDGE_CURVE('',#1265,#1267,#620,.T.);
#1673=EDGE_CURVE('',#1269,#1270,#824,.T.);
#1674=EDGE_CURVE('',#1270,#1268,#621,.T.);
#1675=EDGE_CURVE('',#1267,#1269,#622,.T.);
#1676=EDGE_CURVE('',#1271,#1272,#825,.T.);
#1677=EDGE_CURVE('',#1272,#1270,#623,.T.);
#1678=EDGE_CURVE('',#1269,#1271,#624,.T.);
#1679=EDGE_CURVE('',#1273,#1274,#826,.T.);
#1680=EDGE_CURVE('',#1274,#1272,#625,.T.);
#1681=EDGE_CURVE('',#1271,#1273,#626,.T.);
#1682=EDGE_CURVE('',#1275,#1276,#827,.T.);
#1683=EDGE_CURVE('',#1276,#1274,#627,.T.);
#1684=EDGE_CURVE('',#1273,#1275,#628,.T.);
#1685=EDGE_CURVE('',#1277,#1278,#828,.T.);
#1686=EDGE_CURVE('',#1278,#1276,#629,.T.);
#1687=EDGE_CURVE('',#1275,#1277,#630,.T.);
#1688=EDGE_CURVE('',#1279,#1280,#829,.T.);
#1689=EDGE_CURVE('',#1280,#1278,#631,.T.);
#1690=EDGE_CURVE('',#1277,#1279,#632,.T.);
#1691=EDGE_CURVE('',#1281,#1282,#830,.T.);
#1692=EDGE_CURVE('',#1282,#1280,#633,.T.);
#1693=EDGE_CURVE('',#1279,#1281,#634,.T.);
#1694=EDGE_CURVE('',#1283,#1284,#831,.T.);
#1695=EDGE_CURVE('',#1284,#1282,#635,.T.);
#1696=EDGE_CURVE('',#1281,#1283,#636,.T.);
#1697=EDGE_CURVE('',#1285,#1286,#832,.T.);
#1698=EDGE_CURVE('',#1286,#1284,#637,.T.);
#1699=EDGE_CURVE('',#1283,#1285,#638,.T.);
#1700=EDGE_CURVE('',#1287,#1288,#833,.T.);
#1701=EDGE_CURVE('',#1288,#1286,#639,.T.);
#1702=EDGE_CURVE('',#1285,#1287,#640,.T.);
#1703=EDGE_CURVE('',#1289,#1290,#834,.T.);
#1704=EDGE_CURVE('',#1290,#1288,#641,.T.);
#1705=EDGE_CURVE('',#1287,#1289,#642,.T.);
#1706=EDGE_CURVE('',#1291,#1292,#835,.T.);
#1707=EDGE_CURVE('',#1292,#1290,#643,.T.);
#1708=EDGE_CURVE('',#1289,#1291,#644,.T.);
#1709=EDGE_CURVE('',#1293,#1294,#836,.T.);
#1710=EDGE_CURVE('',#1294,#1292,#645,.T.);
#1711=EDGE_CURVE('',#1291,#1293,#646,.T.);
#1712=EDGE_CURVE('',#1295,#1296,#837,.T.);
#1713=EDGE_CURVE('',#1296,#1294,#647,.T.);
#1714=EDGE_CURVE('',#1293,#1295,#648,.T.);
#1715=EDGE_CURVE('',#1297,#1298,#838,.T.);
#1716=EDGE_CURVE('',#1298,#1296,#649,.T.);
#1717=EDGE_CURVE('',#1295,#1297,#650,.T.);
#1718=EDGE_CURVE('',#1299,#1300,#839,.T.);
#1719=EDGE_CURVE('',#1300,#1298,#651,.T.);
#1720=EDGE_CURVE('',#1297,#1299,#652,.T.);
#1721=EDGE_CURVE('',#1301,#1302,#840,.T.);
#1722=EDGE_CURVE('',#1302,#1300,#653,.T.);
#1723=EDGE_CURVE('',#1299,#1301,#654,.T.);
#1724=EDGE_CURVE('',#1303,#1304,#841,.T.);
#1725=EDGE_CURVE('',#1304,#1302,#655,.T.);
#1726=EDGE_CURVE('',#1301,#1303,#656,.T.);
#1727=EDGE_CURVE('',#1305,#1306,#842,.T.);
#1728=EDGE_CURVE('',#1306,#1304,#657,.T.);
#1729=EDGE_CURVE('',#1303,#1305,#658,.T.);
#1730=EDGE_CURVE('',#1307,#1308,#843,.T.);
#1731=EDGE_CURVE('',#1308,#1306,#659,.T.);
#1732=EDGE_CURVE('',#1305,#1307,#660,.T.);
#1733=EDGE_CURVE('',#1309,#1310,#844,.T.);
#1734=EDGE_CURVE('',#1309,#1311,#661,.T.);
#1735=EDGE_CURVE('',#1312,#1311,#60,.T.);
#1736=EDGE_CURVE('',#1312,#1310,#662,.T.);
#1737=EDGE_CURVE('',#1313,#1314,#61,.T.);
#1738=EDGE_CURVE('',#1314,#1315,#845,.T.);
#1739=EDGE_CURVE('',#1315,#1316,#62,.T.);
#1740=EDGE_CURVE('',#1316,#1313,#846,.T.);
#1741=EDGE_CURVE('',#1317,#1318,#63,.T.);
#1742=EDGE_CURVE('',#1318,#1319,#847,.T.);
#1743=EDGE_CURVE('',#1319,#1320,#64,.T.);
#1744=EDGE_CURVE('',#1320,#1317,#848,.T.);
#1745=EDGE_CURVE('',#1321,#1322,#65,.T.);
#1746=EDGE_CURVE('',#1322,#1320,#66,.T.);
#1747=EDGE_CURVE('',#1319,#1321,#67,.T.);
#1748=EDGE_CURVE('',#1323,#1315,#68,.T.);
#1749=EDGE_CURVE('',#1315,#1322,#849,.T.);
#1750=EDGE_CURVE('',#1321,#1323,#850,.T.);
#1751=EDGE_CURVE('',#1324,#1325,#69,.T.);
#1752=EDGE_CURVE('',#1325,#1326,#851,.T.);
#1753=EDGE_CURVE('',#1326,#1327,#70,.T.);
#1754=EDGE_CURVE('',#1327,#1324,#852,.T.);
#1755=EDGE_CURVE('',#1328,#1329,#71,.T.);
#1756=EDGE_CURVE('',#1329,#1327,#72,.T.);
#1757=EDGE_CURVE('',#1326,#1328,#73,.T.);
#1758=EDGE_CURVE('',#1318,#1330,#74,.T.);
#1759=EDGE_CURVE('',#1330,#1329,#853,.T.);
#1760=EDGE_CURVE('',#1328,#1318,#854,.T.);
#1761=EDGE_CURVE('',#1331,#1332,#663,.T.);
#1762=EDGE_CURVE('',#1332,#1333,#855,.T.);
#1763=EDGE_CURVE('',#1333,#1334,#75,.T.);
#1764=EDGE_CURVE('',#1334,#1335,#856,.T.);
#1765=EDGE_CURVE('',#1335,#1336,#76,.T.);
#1766=EDGE_CURVE('',#1336,#1337,#857,.T.);
#1767=EDGE_CURVE('',#1337,#1198,#664,.T.);
#1768=EDGE_CURVE('',#1197,#1257,#665,.T.);
#1769=EDGE_CURVE('',#1256,#1338,#666,.T.);
#1770=EDGE_CURVE('',#1338,#1339,#667,.T.);
#1771=EDGE_CURVE('',#1339,#1340,#668,.T.);
#1772=EDGE_CURVE('',#1340,#1341,#669,.T.);
#1773=EDGE_CURVE('',#1341,#1342,#670,.T.);
#1774=EDGE_CURVE('',#1342,#1331,#671,.T.);
#1775=EDGE_CURVE('',#1343,#1344,#77,.T.);
#1776=EDGE_CURVE('',#1344,#1334,#78,.T.);
#1777=EDGE_CURVE('',#1333,#1343,#79,.T.);
#1778=EDGE_CURVE('',#1325,#1345,#80,.T.);
#1779=EDGE_CURVE('',#1345,#1344,#858,.T.);
#1780=EDGE_CURVE('',#1343,#1325,#859,.T.);
#1781=EDGE_CURVE('',#1346,#1347,#81,.T.);
#1782=EDGE_CURVE('',#1347,#1348,#860,.T.);
#1783=EDGE_CURVE('',#1348,#1335,#82,.T.);
#1784=EDGE_CURVE('',#1335,#1346,#861,.T.);
#1785=EDGE_CURVE('',#1348,#1336,#83,.T.);
#1786=EDGE_CURVE('',#1324,#1345,#84,.T.);
#1787=EDGE_CURVE('',#1317,#1330,#85,.T.);
#1788=EDGE_CURVE('',#1323,#1316,#86,.T.);
#1789=EDGE_CURVE('',#1319,#1343,#862,.T.);
#1790=EDGE_CURVE('',#1349,#1349,#87,.T.);
#1791=EDGE_CURVE('',#1350,#1331,#672,.T.);
#1792=EDGE_CURVE('',#1351,#1350,#673,.T.);
#1793=EDGE_CURVE('',#1352,#1351,#674,.T.);
#1794=EDGE_CURVE('',#1332,#1352,#675,.T.);
#1795=EDGE_CURVE('',#1353,#1342,#676,.T.);
#1796=EDGE_CURVE('',#1350,#1353,#722,.T.);
#1797=EDGE_CURVE('',#1354,#1341,#677,.T.);
#1798=EDGE_CURVE('',#1353,#1354,#678,.T.);
#1799=EDGE_CURVE('',#1340,#1355,#679,.T.);
#1800=EDGE_CURVE('',#1354,#1355,#723,.T.);
#1801=EDGE_CURVE('',#1356,#1339,#680,.T.);
#1802=EDGE_CURVE('',#1355,#1356,#681,.T.);
#1803=EDGE_CURVE('',#1357,#1338,#682,.T.);
#1804=EDGE_CURVE('',#1356,#1357,#724,.T.);
#1805=EDGE_CURVE('',#1357,#1255,#683,.T.);
#1806=EDGE_CURVE('',#1310,#1308,#684,.T.);
#1807=EDGE_CURVE('',#1307,#1309,#685,.T.);
#1808=EDGE_CURVE('',#1250,#1248,#686,.T.);
#1809=EDGE_CURVE('',#1311,#1252,#687,.T.);
#1810=EDGE_CURVE('',#1249,#1247,#688,.T.);
#1811=EDGE_CURVE('',#1260,#1337,#689,.T.);
#1812=EDGE_CURVE('',#1251,#1312,#690,.T.);
#1813=EDGE_CURVE('',#1358,#1359,#88,.T.);
#1814=EDGE_CURVE('',#1359,#1360,#863,.T.);
#1815=EDGE_CURVE('',#1360,#1361,#89,.T.);
#1816=EDGE_CURVE('',#1361,#1358,#864,.T.);
#1817=EDGE_CURVE('',#1314,#1362,#865,.T.);
#1818=EDGE_CURVE('',#1362,#1363,#866,.T.);
#1819=EDGE_CURVE('',#1363,#1364,#867,.T.);
#1820=EDGE_CURVE('',#1364,#1365,#868,.T.);
#1821=EDGE_CURVE('',#1365,#1359,#869,.T.);
#1822=EDGE_CURVE('',#1358,#1366,#870,.T.);
#1823=EDGE_CURVE('',#1366,#1317,#871,.T.);
#1824=EDGE_CURVE('',#1361,#1367,#872,.T.);
#1825=EDGE_CURVE('',#1368,#1367,#873,.T.);
#1826=EDGE_CURVE('',#1366,#1368,#874,.T.);
#1827=EDGE_CURVE('',#1366,#1369,#691,.F.);
#1828=EDGE_CURVE('',#1368,#1370,#725,.T.);
#1829=EDGE_CURVE('',#1370,#1371,#875,.T.);
#1830=EDGE_CURVE('',#1371,#1369,#726,.T.);
#1831=EDGE_CURVE('',#1370,#1372,#876,.T.);
#1832=EDGE_CURVE('',#1372,#1371,#877,.T.);
#1833=EDGE_CURVE('',#1368,#1373,#727,.F.);
#1834=EDGE_CURVE('',#1367,#1374,#692,.T.);
#1835=EDGE_CURVE('',#1375,#1374,#728,.F.);
#1836=EDGE_CURVE('',#1375,#1373,#878,.T.);
#1837=EDGE_CURVE('',#1375,#1376,#879,.T.);
#1838=EDGE_CURVE('',#1376,#1373,#880,.T.);
#1839=EDGE_CURVE('',#1323,#1336,#881,.T.);
#1840=EDGE_CURVE('',#1348,#1316,#882,.T.);
#1841=EDGE_CURVE('',#1347,#1313,#883,.T.);
#1842=EDGE_CURVE('',#1367,#1345,#884,.T.);
#1843=EDGE_CURVE('',#1377,#1360,#885,.T.);
#1844=EDGE_CURVE('',#1378,#1377,#886,.T.);
#1845=EDGE_CURVE('',#1379,#1378,#887,.T.);
#1846=EDGE_CURVE('',#1380,#1379,#888,.T.);
#1847=EDGE_CURVE('',#1380,#1346,#889,.T.);
#1848=EDGE_CURVE('',#1333,#1321,#890,.T.);
#1849=EDGE_CURVE('',#1352,#1351,#729,.T.);
#1850=EDGE_CURVE('',#1381,#1382,#693,.T.);
#1851=EDGE_CURVE('',#1382,#1383,#730,.T.);
#1852=EDGE_CURVE('',#1383,#1384,#694,.T.);
#1853=EDGE_CURVE('',#1384,#1385,#731,.T.);
#1854=EDGE_CURVE('',#1385,#1386,#695,.T.);
#1855=EDGE_CURVE('',#1386,#1387,#732,.T.);
#1856=EDGE_CURVE('',#1387,#1388,#696,.T.);
#1857=EDGE_CURVE('',#1388,#1389,#733,.T.);
#1858=EDGE_CURVE('',#1389,#1390,#697,.T.);
#1859=EDGE_CURVE('',#1390,#1391,#734,.T.);
#1860=EDGE_CURVE('',#1391,#1079,#698,.T.);
#1861=EDGE_CURVE('',#1084,#1140,#699,.T.);
#1862=EDGE_CURVE('',#1139,#1081,#700,.T.);
#1863=EDGE_CURVE('',#1080,#1392,#701,.T.);
#1864=EDGE_CURVE('',#1392,#1393,#735,.T.);
#1865=EDGE_CURVE('',#1393,#1394,#702,.T.);
#1866=EDGE_CURVE('',#1394,#1381,#736,.T.);
#1867=EDGE_CURVE('',#1134,#1132,#703,.T.);
#1868=EDGE_CURVE('',#1193,#1136,#704,.T.);
#1869=EDGE_CURVE('',#1191,#1189,#705,.T.);
#1870=EDGE_CURVE('',#1391,#1392,#706,.T.);
#1871=EDGE_CURVE('',#1387,#1382,#707,.T.);
#1872=EDGE_CURVE('',#1388,#1381,#708,.T.);
#1873=EDGE_CURVE('',#1192,#1190,#709,.T.);
#1874=EDGE_CURVE('',#1390,#1393,#710,.T.);
#1875=EDGE_CURVE('',#1135,#1194,#711,.T.);
#1876=EDGE_CURVE('',#1131,#1133,#712,.T.);
#1877=EDGE_CURVE('',#1394,#1389,#713,.T.);
#1878=EDGE_CURVE('',#1386,#1383,#714,.T.);
#1879=EDGE_CURVE('',#1384,#1385,#715,.T.);
#1880=EDGE_CURVE('',#1395,#1396,#891,.T.);
#1881=EDGE_CURVE('',#1368,#1395,#892,.T.);
#1882=EDGE_CURVE('',#1396,#1376,#893,.T.);
#1883=EDGE_CURVE('',#1397,#1395,#894,.T.);
#1884=EDGE_CURVE('',#1397,#1372,#895,.T.);
#1885=EDGE_CURVE('',#1396,#1398,#896,.T.);
#1886=EDGE_CURVE('',#1398,#1399,#90,.T.);
#1887=EDGE_CURVE('',#1399,#1397,#897,.T.);
#1888=EDGE_CURVE('',#1400,#1400,#91,.T.);
#1889=EDGE_CURVE('',#1330,#1369,#898,.T.);
#1890=EDGE_CURVE('',#1329,#1399,#899,.T.);
#1891=EDGE_CURVE('',#1400,#1349,#900,.T.);
#1892=EDGE_CURVE('',#1327,#1398,#901,.T.);
#1893=EDGE_CURVE('',#1324,#1374,#902,.T.);
#1894=EDGE_CURVE('',#1380,#1362,#903,.T.);
#1895=EDGE_CURVE('',#1377,#1365,#904,.T.);
#1896=EDGE_CURVE('',#1378,#1364,#905,.T.);
#1897=EDGE_CURVE('',#1379,#1363,#906,.T.);
#1898=ORIENTED_EDGE('',*,*,#1401,.T.);
#1899=ORIENTED_EDGE('',*,*,#1402,.F.);
#1900=ORIENTED_EDGE('',*,*,#1403,.T.);
#1901=ORIENTED_EDGE('',*,*,#1404,.F.);
#1902=ORIENTED_EDGE('',*,*,#1405,.T.);
#1903=ORIENTED_EDGE('',*,*,#1406,.T.);
#1904=ORIENTED_EDGE('',*,*,#1407,.T.);
#1905=ORIENTED_EDGE('',*,*,#1408,.F.);
#1906=ORIENTED_EDGE('',*,*,#1401,.F.);
#1907=ORIENTED_EDGE('',*,*,#1409,.T.);
#1908=ORIENTED_EDGE('',*,*,#1410,.T.);
#1909=ORIENTED_EDGE('',*,*,#1411,.T.);
#1910=ORIENTED_EDGE('',*,*,#1406,.F.);
#1911=ORIENTED_EDGE('',*,*,#1412,.T.);
#1912=ORIENTED_EDGE('',*,*,#1413,.T.);
#1913=ORIENTED_EDGE('',*,*,#1414,.T.);
#1914=ORIENTED_EDGE('',*,*,#1410,.F.);
#1915=ORIENTED_EDGE('',*,*,#1415,.T.);
#1916=ORIENTED_EDGE('',*,*,#1416,.T.);
#1917=ORIENTED_EDGE('',*,*,#1417,.T.);
#1918=ORIENTED_EDGE('',*,*,#1413,.F.);
#1919=ORIENTED_EDGE('',*,*,#1418,.T.);
#1920=ORIENTED_EDGE('',*,*,#1419,.T.);
#1921=ORIENTED_EDGE('',*,*,#1420,.T.);
#1922=ORIENTED_EDGE('',*,*,#1416,.F.);
#1923=ORIENTED_EDGE('',*,*,#1421,.T.);
#1924=ORIENTED_EDGE('',*,*,#1422,.T.);
#1925=ORIENTED_EDGE('',*,*,#1423,.T.);
#1926=ORIENTED_EDGE('',*,*,#1419,.F.);
#1927=ORIENTED_EDGE('',*,*,#1424,.T.);
#1928=ORIENTED_EDGE('',*,*,#1425,.T.);
#1929=ORIENTED_EDGE('',*,*,#1426,.T.);
#1930=ORIENTED_EDGE('',*,*,#1422,.F.);
#1931=ORIENTED_EDGE('',*,*,#1427,.T.);
#1932=ORIENTED_EDGE('',*,*,#1428,.T.);
#1933=ORIENTED_EDGE('',*,*,#1429,.T.);
#1934=ORIENTED_EDGE('',*,*,#1425,.F.);
#1935=ORIENTED_EDGE('',*,*,#1430,.T.);
#1936=ORIENTED_EDGE('',*,*,#1431,.T.);
#1937=ORIENTED_EDGE('',*,*,#1432,.T.);
#1938=ORIENTED_EDGE('',*,*,#1428,.F.);
#1939=ORIENTED_EDGE('',*,*,#1433,.T.);
#1940=ORIENTED_EDGE('',*,*,#1434,.T.);
#1941=ORIENTED_EDGE('',*,*,#1435,.T.);
#1942=ORIENTED_EDGE('',*,*,#1431,.F.);
#1943=ORIENTED_EDGE('',*,*,#1436,.T.);
#1944=ORIENTED_EDGE('',*,*,#1437,.T.);
#1945=ORIENTED_EDGE('',*,*,#1438,.T.);
#1946=ORIENTED_EDGE('',*,*,#1434,.F.);
#1947=ORIENTED_EDGE('',*,*,#1439,.T.);
#1948=ORIENTED_EDGE('',*,*,#1440,.T.);
#1949=ORIENTED_EDGE('',*,*,#1441,.T.);
#1950=ORIENTED_EDGE('',*,*,#1437,.F.);
#1951=ORIENTED_EDGE('',*,*,#1442,.T.);
#1952=ORIENTED_EDGE('',*,*,#1443,.T.);
#1953=ORIENTED_EDGE('',*,*,#1444,.T.);
#1954=ORIENTED_EDGE('',*,*,#1440,.F.);
#1955=ORIENTED_EDGE('',*,*,#1445,.T.);
#1956=ORIENTED_EDGE('',*,*,#1446,.T.);
#1957=ORIENTED_EDGE('',*,*,#1447,.T.);
#1958=ORIENTED_EDGE('',*,*,#1443,.F.);
#1959=ORIENTED_EDGE('',*,*,#1448,.T.);
#1960=ORIENTED_EDGE('',*,*,#1449,.T.);
#1961=ORIENTED_EDGE('',*,*,#1450,.T.);
#1962=ORIENTED_EDGE('',*,*,#1446,.F.);
#1963=ORIENTED_EDGE('',*,*,#1451,.T.);
#1964=ORIENTED_EDGE('',*,*,#1452,.T.);
#1965=ORIENTED_EDGE('',*,*,#1453,.T.);
#1966=ORIENTED_EDGE('',*,*,#1449,.F.);
#1967=ORIENTED_EDGE('',*,*,#1454,.T.);
#1968=ORIENTED_EDGE('',*,*,#1455,.T.);
#1969=ORIENTED_EDGE('',*,*,#1456,.T.);
#1970=ORIENTED_EDGE('',*,*,#1452,.F.);
#1971=ORIENTED_EDGE('',*,*,#1457,.T.);
#1972=ORIENTED_EDGE('',*,*,#1458,.T.);
#1973=ORIENTED_EDGE('',*,*,#1459,.T.);
#1974=ORIENTED_EDGE('',*,*,#1455,.F.);
#1975=ORIENTED_EDGE('',*,*,#1460,.T.);
#1976=ORIENTED_EDGE('',*,*,#1461,.T.);
#1977=ORIENTED_EDGE('',*,*,#1462,.T.);
#1978=ORIENTED_EDGE('',*,*,#1458,.F.);
#1979=ORIENTED_EDGE('',*,*,#1463,.T.);
#1980=ORIENTED_EDGE('',*,*,#1464,.T.);
#1981=ORIENTED_EDGE('',*,*,#1465,.T.);
#1982=ORIENTED_EDGE('',*,*,#1461,.F.);
#1983=ORIENTED_EDGE('',*,*,#1466,.T.);
#1984=ORIENTED_EDGE('',*,*,#1467,.T.);
#1985=ORIENTED_EDGE('',*,*,#1468,.T.);
#1986=ORIENTED_EDGE('',*,*,#1464,.F.);
#1987=ORIENTED_EDGE('',*,*,#1469,.T.);
#1988=ORIENTED_EDGE('',*,*,#1470,.T.);
#1989=ORIENTED_EDGE('',*,*,#1471,.T.);
#1990=ORIENTED_EDGE('',*,*,#1467,.F.);
#1991=ORIENTED_EDGE('',*,*,#1472,.T.);
#1992=ORIENTED_EDGE('',*,*,#1473,.T.);
#1993=ORIENTED_EDGE('',*,*,#1474,.T.);
#1994=ORIENTED_EDGE('',*,*,#1470,.F.);
#1995=ORIENTED_EDGE('',*,*,#1475,.T.);
#1996=ORIENTED_EDGE('',*,*,#1476,.T.);
#1997=ORIENTED_EDGE('',*,*,#1477,.T.);
#1998=ORIENTED_EDGE('',*,*,#1473,.F.);
#1999=ORIENTED_EDGE('',*,*,#1478,.T.);
#2000=ORIENTED_EDGE('',*,*,#1479,.T.);
#2001=ORIENTED_EDGE('',*,*,#1480,.T.);
#2002=ORIENTED_EDGE('',*,*,#1476,.F.);
#2003=ORIENTED_EDGE('',*,*,#1481,.T.);
#2004=ORIENTED_EDGE('',*,*,#1482,.F.);
#2005=ORIENTED_EDGE('',*,*,#1483,.T.);
#2006=ORIENTED_EDGE('',*,*,#1484,.F.);
#2007=ORIENTED_EDGE('',*,*,#1485,.T.);
#2008=ORIENTED_EDGE('',*,*,#1486,.T.);
#2009=ORIENTED_EDGE('',*,*,#1487,.T.);
#2010=ORIENTED_EDGE('',*,*,#1488,.F.);
#2011=ORIENTED_EDGE('',*,*,#1489,.F.);
#2012=ORIENTED_EDGE('',*,*,#1490,.T.);
#2013=ORIENTED_EDGE('',*,*,#1491,.T.);
#2014=ORIENTED_EDGE('',*,*,#1486,.F.);
#2015=ORIENTED_EDGE('',*,*,#1492,.F.);
#2016=ORIENTED_EDGE('',*,*,#1493,.T.);
#2017=ORIENTED_EDGE('',*,*,#1494,.T.);
#2018=ORIENTED_EDGE('',*,*,#1490,.F.);
#2019=ORIENTED_EDGE('',*,*,#1495,.F.);
#2020=ORIENTED_EDGE('',*,*,#1496,.T.);
#2021=ORIENTED_EDGE('',*,*,#1497,.T.);
#2022=ORIENTED_EDGE('',*,*,#1493,.F.);
#2023=ORIENTED_EDGE('',*,*,#1498,.F.);
#2024=ORIENTED_EDGE('',*,*,#1499,.T.);
#2025=ORIENTED_EDGE('',*,*,#1500,.T.);
#2026=ORIENTED_EDGE('',*,*,#1496,.F.);
#2027=ORIENTED_EDGE('',*,*,#1501,.F.);
#2028=ORIENTED_EDGE('',*,*,#1502,.T.);
#2029=ORIENTED_EDGE('',*,*,#1503,.T.);
#2030=ORIENTED_EDGE('',*,*,#1499,.F.);
#2031=ORIENTED_EDGE('',*,*,#1504,.F.);
#2032=ORIENTED_EDGE('',*,*,#1505,.T.);
#2033=ORIENTED_EDGE('',*,*,#1506,.T.);
#2034=ORIENTED_EDGE('',*,*,#1502,.F.);
#2035=ORIENTED_EDGE('',*,*,#1507,.F.);
#2036=ORIENTED_EDGE('',*,*,#1508,.T.);
#2037=ORIENTED_EDGE('',*,*,#1509,.T.);
#2038=ORIENTED_EDGE('',*,*,#1505,.F.);
#2039=ORIENTED_EDGE('',*,*,#1510,.F.);
#2040=ORIENTED_EDGE('',*,*,#1511,.T.);
#2041=ORIENTED_EDGE('',*,*,#1512,.T.);
#2042=ORIENTED_EDGE('',*,*,#1508,.F.);
#2043=ORIENTED_EDGE('',*,*,#1513,.F.);
#2044=ORIENTED_EDGE('',*,*,#1514,.T.);
#2045=ORIENTED_EDGE('',*,*,#1515,.T.);
#2046=ORIENTED_EDGE('',*,*,#1511,.F.);
#2047=ORIENTED_EDGE('',*,*,#1516,.F.);
#2048=ORIENTED_EDGE('',*,*,#1517,.T.);
#2049=ORIENTED_EDGE('',*,*,#1518,.T.);
#2050=ORIENTED_EDGE('',*,*,#1514,.F.);
#2051=ORIENTED_EDGE('',*,*,#1519,.F.);
#2052=ORIENTED_EDGE('',*,*,#1520,.T.);
#2053=ORIENTED_EDGE('',*,*,#1521,.T.);
#2054=ORIENTED_EDGE('',*,*,#1517,.F.);
#2055=ORIENTED_EDGE('',*,*,#1522,.F.);
#2056=ORIENTED_EDGE('',*,*,#1523,.T.);
#2057=ORIENTED_EDGE('',*,*,#1524,.T.);
#2058=ORIENTED_EDGE('',*,*,#1520,.F.);
#2059=ORIENTED_EDGE('',*,*,#1525,.F.);
#2060=ORIENTED_EDGE('',*,*,#1526,.T.);
#2061=ORIENTED_EDGE('',*,*,#1527,.T.);
#2062=ORIENTED_EDGE('',*,*,#1523,.F.);
#2063=ORIENTED_EDGE('',*,*,#1528,.F.);
#2064=ORIENTED_EDGE('',*,*,#1529,.T.);
#2065=ORIENTED_EDGE('',*,*,#1530,.T.);
#2066=ORIENTED_EDGE('',*,*,#1526,.F.);
#2067=ORIENTED_EDGE('',*,*,#1531,.F.);
#2068=ORIENTED_EDGE('',*,*,#1532,.T.);
#2069=ORIENTED_EDGE('',*,*,#1533,.T.);
#2070=ORIENTED_EDGE('',*,*,#1529,.F.);
#2071=ORIENTED_EDGE('',*,*,#1534,.F.);
#2072=ORIENTED_EDGE('',*,*,#1535,.T.);
#2073=ORIENTED_EDGE('',*,*,#1536,.T.);
#2074=ORIENTED_EDGE('',*,*,#1532,.F.);
#2075=ORIENTED_EDGE('',*,*,#1537,.F.);
#2076=ORIENTED_EDGE('',*,*,#1538,.T.);
#2077=ORIENTED_EDGE('',*,*,#1539,.T.);
#2078=ORIENTED_EDGE('',*,*,#1535,.F.);
#2079=ORIENTED_EDGE('',*,*,#1540,.F.);
#2080=ORIENTED_EDGE('',*,*,#1541,.T.);
#2081=ORIENTED_EDGE('',*,*,#1542,.T.);
#2082=ORIENTED_EDGE('',*,*,#1538,.F.);
#2083=ORIENTED_EDGE('',*,*,#1543,.F.);
#2084=ORIENTED_EDGE('',*,*,#1544,.T.);
#2085=ORIENTED_EDGE('',*,*,#1545,.T.);
#2086=ORIENTED_EDGE('',*,*,#1541,.F.);
#2087=ORIENTED_EDGE('',*,*,#1546,.F.);
#2088=ORIENTED_EDGE('',*,*,#1547,.T.);
#2089=ORIENTED_EDGE('',*,*,#1548,.T.);
#2090=ORIENTED_EDGE('',*,*,#1544,.F.);
#2091=ORIENTED_EDGE('',*,*,#1549,.F.);
#2092=ORIENTED_EDGE('',*,*,#1550,.T.);
#2093=ORIENTED_EDGE('',*,*,#1551,.T.);
#2094=ORIENTED_EDGE('',*,*,#1547,.F.);
#2095=ORIENTED_EDGE('',*,*,#1552,.F.);
#2096=ORIENTED_EDGE('',*,*,#1553,.T.);
#2097=ORIENTED_EDGE('',*,*,#1554,.T.);
#2098=ORIENTED_EDGE('',*,*,#1550,.F.);
#2099=ORIENTED_EDGE('',*,*,#1555,.F.);
#2100=ORIENTED_EDGE('',*,*,#1556,.T.);
#2101=ORIENTED_EDGE('',*,*,#1557,.T.);
#2102=ORIENTED_EDGE('',*,*,#1553,.F.);
#2103=ORIENTED_EDGE('',*,*,#1558,.F.);
#2104=ORIENTED_EDGE('',*,*,#1559,.T.);
#2105=ORIENTED_EDGE('',*,*,#1560,.T.);
#2106=ORIENTED_EDGE('',*,*,#1556,.F.);
#2107=ORIENTED_EDGE('',*,*,#1561,.F.);
#2108=ORIENTED_EDGE('',*,*,#1562,.T.);
#2109=ORIENTED_EDGE('',*,*,#1563,.T.);
#2110=ORIENTED_EDGE('',*,*,#1559,.F.);
#2111=ORIENTED_EDGE('',*,*,#1564,.F.);
#2112=ORIENTED_EDGE('',*,*,#1565,.F.);
#2113=ORIENTED_EDGE('',*,*,#1566,.F.);
#2114=ORIENTED_EDGE('',*,*,#1567,.F.);
#2115=ORIENTED_EDGE('',*,*,#1568,.T.);
#2116=ORIENTED_EDGE('',*,*,#1569,.T.);
#2117=ORIENTED_EDGE('',*,*,#1570,.T.);
#2118=ORIENTED_EDGE('',*,*,#1571,.F.);
#2119=ORIENTED_EDGE('',*,*,#1572,.F.);
#2120=ORIENTED_EDGE('',*,*,#1573,.T.);
#2121=ORIENTED_EDGE('',*,*,#1574,.T.);
#2122=ORIENTED_EDGE('',*,*,#1569,.F.);
#2123=ORIENTED_EDGE('',*,*,#1575,.F.);
#2124=ORIENTED_EDGE('',*,*,#1576,.T.);
#2125=ORIENTED_EDGE('',*,*,#1577,.T.);
#2126=ORIENTED_EDGE('',*,*,#1573,.F.);
#2127=ORIENTED_EDGE('',*,*,#1578,.F.);
#2128=ORIENTED_EDGE('',*,*,#1579,.T.);
#2129=ORIENTED_EDGE('',*,*,#1580,.T.);
#2130=ORIENTED_EDGE('',*,*,#1576,.F.);
#2131=ORIENTED_EDGE('',*,*,#1581,.F.);
#2132=ORIENTED_EDGE('',*,*,#1582,.T.);
#2133=ORIENTED_EDGE('',*,*,#1583,.T.);
#2134=ORIENTED_EDGE('',*,*,#1579,.F.);
#2135=ORIENTED_EDGE('',*,*,#1584,.F.);
#2136=ORIENTED_EDGE('',*,*,#1585,.T.);
#2137=ORIENTED_EDGE('',*,*,#1586,.T.);
#2138=ORIENTED_EDGE('',*,*,#1582,.F.);
#2139=ORIENTED_EDGE('',*,*,#1587,.F.);
#2140=ORIENTED_EDGE('',*,*,#1588,.T.);
#2141=ORIENTED_EDGE('',*,*,#1589,.T.);
#2142=ORIENTED_EDGE('',*,*,#1585,.F.);
#2143=ORIENTED_EDGE('',*,*,#1590,.F.);
#2144=ORIENTED_EDGE('',*,*,#1591,.T.);
#2145=ORIENTED_EDGE('',*,*,#1592,.T.);
#2146=ORIENTED_EDGE('',*,*,#1588,.F.);
#2147=ORIENTED_EDGE('',*,*,#1593,.F.);
#2148=ORIENTED_EDGE('',*,*,#1594,.T.);
#2149=ORIENTED_EDGE('',*,*,#1595,.T.);
#2150=ORIENTED_EDGE('',*,*,#1591,.F.);
#2151=ORIENTED_EDGE('',*,*,#1596,.F.);
#2152=ORIENTED_EDGE('',*,*,#1597,.T.);
#2153=ORIENTED_EDGE('',*,*,#1598,.T.);
#2154=ORIENTED_EDGE('',*,*,#1594,.F.);
#2155=ORIENTED_EDGE('',*,*,#1599,.F.);
#2156=ORIENTED_EDGE('',*,*,#1600,.T.);
#2157=ORIENTED_EDGE('',*,*,#1601,.T.);
#2158=ORIENTED_EDGE('',*,*,#1597,.F.);
#2159=ORIENTED_EDGE('',*,*,#1602,.F.);
#2160=ORIENTED_EDGE('',*,*,#1603,.T.);
#2161=ORIENTED_EDGE('',*,*,#1604,.T.);
#2162=ORIENTED_EDGE('',*,*,#1600,.F.);
#2163=ORIENTED_EDGE('',*,*,#1605,.F.);
#2164=ORIENTED_EDGE('',*,*,#1606,.T.);
#2165=ORIENTED_EDGE('',*,*,#1607,.T.);
#2166=ORIENTED_EDGE('',*,*,#1603,.F.);
#2167=ORIENTED_EDGE('',*,*,#1608,.F.);
#2168=ORIENTED_EDGE('',*,*,#1609,.T.);
#2169=ORIENTED_EDGE('',*,*,#1610,.T.);
#2170=ORIENTED_EDGE('',*,*,#1606,.F.);
#2171=ORIENTED_EDGE('',*,*,#1611,.F.);
#2172=ORIENTED_EDGE('',*,*,#1612,.T.);
#2173=ORIENTED_EDGE('',*,*,#1613,.T.);
#2174=ORIENTED_EDGE('',*,*,#1609,.F.);
#2175=ORIENTED_EDGE('',*,*,#1614,.F.);
#2176=ORIENTED_EDGE('',*,*,#1615,.T.);
#2177=ORIENTED_EDGE('',*,*,#1616,.T.);
#2178=ORIENTED_EDGE('',*,*,#1612,.F.);
#2179=ORIENTED_EDGE('',*,*,#1617,.F.);
#2180=ORIENTED_EDGE('',*,*,#1618,.T.);
#2181=ORIENTED_EDGE('',*,*,#1619,.T.);
#2182=ORIENTED_EDGE('',*,*,#1615,.F.);
#2183=ORIENTED_EDGE('',*,*,#1620,.F.);
#2184=ORIENTED_EDGE('',*,*,#1621,.T.);
#2185=ORIENTED_EDGE('',*,*,#1622,.T.);
#2186=ORIENTED_EDGE('',*,*,#1618,.F.);
#2187=ORIENTED_EDGE('',*,*,#1623,.F.);
#2188=ORIENTED_EDGE('',*,*,#1624,.T.);
#2189=ORIENTED_EDGE('',*,*,#1625,.T.);
#2190=ORIENTED_EDGE('',*,*,#1621,.F.);
#2191=ORIENTED_EDGE('',*,*,#1626,.F.);
#2192=ORIENTED_EDGE('',*,*,#1627,.T.);
#2193=ORIENTED_EDGE('',*,*,#1628,.T.);
#2194=ORIENTED_EDGE('',*,*,#1624,.F.);
#2195=ORIENTED_EDGE('',*,*,#1629,.F.);
#2196=ORIENTED_EDGE('',*,*,#1630,.T.);
#2197=ORIENTED_EDGE('',*,*,#1631,.T.);
#2198=ORIENTED_EDGE('',*,*,#1627,.F.);
#2199=ORIENTED_EDGE('',*,*,#1632,.F.);
#2200=ORIENTED_EDGE('',*,*,#1633,.T.);
#2201=ORIENTED_EDGE('',*,*,#1634,.T.);
#2202=ORIENTED_EDGE('',*,*,#1630,.F.);
#2203=ORIENTED_EDGE('',*,*,#1635,.F.);
#2204=ORIENTED_EDGE('',*,*,#1636,.T.);
#2205=ORIENTED_EDGE('',*,*,#1637,.T.);
#2206=ORIENTED_EDGE('',*,*,#1633,.F.);
#2207=ORIENTED_EDGE('',*,*,#1638,.F.);
#2208=ORIENTED_EDGE('',*,*,#1639,.T.);
#2209=ORIENTED_EDGE('',*,*,#1640,.T.);
#2210=ORIENTED_EDGE('',*,*,#1636,.F.);
#2211=ORIENTED_EDGE('',*,*,#1641,.F.);
#2212=ORIENTED_EDGE('',*,*,#1642,.T.);
#2213=ORIENTED_EDGE('',*,*,#1643,.T.);
#2214=ORIENTED_EDGE('',*,*,#1639,.F.);
#2215=ORIENTED_EDGE('',*,*,#1644,.F.);
#2216=ORIENTED_EDGE('',*,*,#1645,.T.);
#2217=ORIENTED_EDGE('',*,*,#1646,.T.);
#2218=ORIENTED_EDGE('',*,*,#1642,.F.);
#2219=ORIENTED_EDGE('',*,*,#1647,.F.);
#2220=ORIENTED_EDGE('',*,*,#1648,.F.);
#2221=ORIENTED_EDGE('',*,*,#1649,.F.);
#2222=ORIENTED_EDGE('',*,*,#1650,.F.);
#2223=ORIENTED_EDGE('',*,*,#1651,.T.);
#2224=ORIENTED_EDGE('',*,*,#1652,.T.);
#2225=ORIENTED_EDGE('',*,*,#1653,.F.);
#2226=ORIENTED_EDGE('',*,*,#1654,.T.);
#2227=ORIENTED_EDGE('',*,*,#1655,.F.);
#2228=ORIENTED_EDGE('',*,*,#1656,.T.);
#2229=ORIENTED_EDGE('',*,*,#1657,.T.);
#2230=ORIENTED_EDGE('',*,*,#1658,.T.);
#2231=ORIENTED_EDGE('',*,*,#1659,.F.);
#2232=ORIENTED_EDGE('',*,*,#1652,.F.);
#2233=ORIENTED_EDGE('',*,*,#1660,.T.);
#2234=ORIENTED_EDGE('',*,*,#1661,.T.);
#2235=ORIENTED_EDGE('',*,*,#1662,.T.);
#2236=ORIENTED_EDGE('',*,*,#1657,.F.);
#2237=ORIENTED_EDGE('',*,*,#1663,.T.);
#2238=ORIENTED_EDGE('',*,*,#1664,.T.);
#2239=ORIENTED_EDGE('',*,*,#1665,.T.);
#2240=ORIENTED_EDGE('',*,*,#1661,.F.);
#2241=ORIENTED_EDGE('',*,*,#1666,.T.);
#2242=ORIENTED_EDGE('',*,*,#1667,.T.);
#2243=ORIENTED_EDGE('',*,*,#1668,.T.);
#2244=ORIENTED_EDGE('',*,*,#1664,.F.);
#2245=ORIENTED_EDGE('',*,*,#1669,.T.);
#2246=ORIENTED_EDGE('',*,*,#1670,.T.);
#2247=ORIENTED_EDGE('',*,*,#1671,.T.);
#2248=ORIENTED_EDGE('',*,*,#1667,.F.);
#2249=ORIENTED_EDGE('',*,*,#1672,.T.);
#2250=ORIENTED_EDGE('',*,*,#1673,.T.);
#2251=ORIENTED_EDGE('',*,*,#1674,.T.);
#2252=ORIENTED_EDGE('',*,*,#1670,.F.);
#2253=ORIENTED_EDGE('',*,*,#1675,.T.);
#2254=ORIENTED_EDGE('',*,*,#1676,.T.);
#2255=ORIENTED_EDGE('',*,*,#1677,.T.);
#2256=ORIENTED_EDGE('',*,*,#1673,.F.);
#2257=ORIENTED_EDGE('',*,*,#1678,.T.);
#2258=ORIENTED_EDGE('',*,*,#1679,.T.);
#2259=ORIENTED_EDGE('',*,*,#1680,.T.);
#2260=ORIENTED_EDGE('',*,*,#1676,.F.);
#2261=ORIENTED_EDGE('',*,*,#1681,.T.);
#2262=ORIENTED_EDGE('',*,*,#1682,.T.);
#2263=ORIENTED_EDGE('',*,*,#1683,.T.);
#2264=ORIENTED_EDGE('',*,*,#1679,.F.);
#2265=ORIENTED_EDGE('',*,*,#1684,.T.);
#2266=ORIENTED_EDGE('',*,*,#1685,.T.);
#2267=ORIENTED_EDGE('',*,*,#1686,.T.);
#2268=ORIENTED_EDGE('',*,*,#1682,.F.);
#2269=ORIENTED_EDGE('',*,*,#1687,.T.);
#2270=ORIENTED_EDGE('',*,*,#1688,.T.);
#2271=ORIENTED_EDGE('',*,*,#1689,.T.);
#2272=ORIENTED_EDGE('',*,*,#1685,.F.);
#2273=ORIENTED_EDGE('',*,*,#1690,.T.);
#2274=ORIENTED_EDGE('',*,*,#1691,.T.);
#2275=ORIENTED_EDGE('',*,*,#1692,.T.);
#2276=ORIENTED_EDGE('',*,*,#1688,.F.);
#2277=ORIENTED_EDGE('',*,*,#1693,.T.);
#2278=ORIENTED_EDGE('',*,*,#1694,.T.);
#2279=ORIENTED_EDGE('',*,*,#1695,.T.);
#2280=ORIENTED_EDGE('',*,*,#1691,.F.);
#2281=ORIENTED_EDGE('',*,*,#1696,.T.);
#2282=ORIENTED_EDGE('',*,*,#1697,.T.);
#2283=ORIENTED_EDGE('',*,*,#1698,.T.);
#2284=ORIENTED_EDGE('',*,*,#1694,.F.);
#2285=ORIENTED_EDGE('',*,*,#1699,.T.);
#2286=ORIENTED_EDGE('',*,*,#1700,.T.);
#2287=ORIENTED_EDGE('',*,*,#1701,.T.);
#2288=ORIENTED_EDGE('',*,*,#1697,.F.);
#2289=ORIENTED_EDGE('',*,*,#1702,.T.);
#2290=ORIENTED_EDGE('',*,*,#1703,.T.);
#2291=ORIENTED_EDGE('',*,*,#1704,.T.);
#2292=ORIENTED_EDGE('',*,*,#1700,.F.);
#2293=ORIENTED_EDGE('',*,*,#1705,.T.);
#2294=ORIENTED_EDGE('',*,*,#1706,.T.);
#2295=ORIENTED_EDGE('',*,*,#1707,.T.);
#2296=ORIENTED_EDGE('',*,*,#1703,.F.);
#2297=ORIENTED_EDGE('',*,*,#1708,.T.);
#2298=ORIENTED_EDGE('',*,*,#1709,.T.);
#2299=ORIENTED_EDGE('',*,*,#1710,.T.);
#2300=ORIENTED_EDGE('',*,*,#1706,.F.);
#2301=ORIENTED_EDGE('',*,*,#1711,.T.);
#2302=ORIENTED_EDGE('',*,*,#1712,.T.);
#2303=ORIENTED_EDGE('',*,*,#1713,.T.);
#2304=ORIENTED_EDGE('',*,*,#1709,.F.);
#2305=ORIENTED_EDGE('',*,*,#1714,.T.);
#2306=ORIENTED_EDGE('',*,*,#1715,.T.);
#2307=ORIENTED_EDGE('',*,*,#1716,.T.);
#2308=ORIENTED_EDGE('',*,*,#1712,.F.);
#2309=ORIENTED_EDGE('',*,*,#1717,.T.);
#2310=ORIENTED_EDGE('',*,*,#1718,.T.);
#2311=ORIENTED_EDGE('',*,*,#1719,.T.);
#2312=ORIENTED_EDGE('',*,*,#1715,.F.);
#2313=ORIENTED_EDGE('',*,*,#1720,.T.);
#2314=ORIENTED_EDGE('',*,*,#1721,.T.);
#2315=ORIENTED_EDGE('',*,*,#1722,.T.);
#2316=ORIENTED_EDGE('',*,*,#1718,.F.);
#2317=ORIENTED_EDGE('',*,*,#1723,.T.);
#2318=ORIENTED_EDGE('',*,*,#1724,.T.);
#2319=ORIENTED_EDGE('',*,*,#1725,.T.);
#2320=ORIENTED_EDGE('',*,*,#1721,.F.);
#2321=ORIENTED_EDGE('',*,*,#1726,.T.);
#2322=ORIENTED_EDGE('',*,*,#1727,.T.);
#2323=ORIENTED_EDGE('',*,*,#1728,.T.);
#2324=ORIENTED_EDGE('',*,*,#1724,.F.);
#2325=ORIENTED_EDGE('',*,*,#1729,.T.);
#2326=ORIENTED_EDGE('',*,*,#1730,.T.);
#2327=ORIENTED_EDGE('',*,*,#1731,.T.);
#2328=ORIENTED_EDGE('',*,*,#1727,.F.);
#2329=ORIENTED_EDGE('',*,*,#1732,.T.);
#2330=ORIENTED_EDGE('',*,*,#1733,.F.);
#2331=ORIENTED_EDGE('',*,*,#1734,.T.);
#2332=ORIENTED_EDGE('',*,*,#1735,.F.);
#2333=ORIENTED_EDGE('',*,*,#1736,.T.);
#2334=ORIENTED_EDGE('',*,*,#1737,.T.);
#2335=ORIENTED_EDGE('',*,*,#1738,.T.);
#2336=ORIENTED_EDGE('',*,*,#1739,.T.);
#2337=ORIENTED_EDGE('',*,*,#1740,.T.);
#2338=ORIENTED_EDGE('',*,*,#1741,.T.);
#2339=ORIENTED_EDGE('',*,*,#1742,.T.);
#2340=ORIENTED_EDGE('',*,*,#1743,.T.);
#2341=ORIENTED_EDGE('',*,*,#1744,.T.);
#2342=ORIENTED_EDGE('',*,*,#1745,.T.);
#2343=ORIENTED_EDGE('',*,*,#1746,.T.);
#2344=ORIENTED_EDGE('',*,*,#1743,.F.);
#2345=ORIENTED_EDGE('',*,*,#1747,.T.);
#2346=ORIENTED_EDGE('',*,*,#1748,.T.);
#2347=ORIENTED_EDGE('',*,*,#1749,.T.);
#2348=ORIENTED_EDGE('',*,*,#1745,.F.);
#2349=ORIENTED_EDGE('',*,*,#1750,.T.);
#2350=ORIENTED_EDGE('',*,*,#1751,.T.);
#2351=ORIENTED_EDGE('',*,*,#1752,.T.);
#2352=ORIENTED_EDGE('',*,*,#1753,.T.);
#2353=ORIENTED_EDGE('',*,*,#1754,.T.);
#2354=ORIENTED_EDGE('',*,*,#1755,.T.);
#2355=ORIENTED_EDGE('',*,*,#1756,.T.);
#2356=ORIENTED_EDGE('',*,*,#1753,.F.);
#2357=ORIENTED_EDGE('',*,*,#1757,.T.);
#2358=ORIENTED_EDGE('',*,*,#1758,.T.);
#2359=ORIENTED_EDGE('',*,*,#1759,.T.);
#2360=ORIENTED_EDGE('',*,*,#1755,.F.);
#2361=ORIENTED_EDGE('',*,*,#1760,.T.);
#2362=ORIENTED_EDGE('',*,*,#1761,.T.);
#2363=ORIENTED_EDGE('',*,*,#1762,.T.);
#2364=ORIENTED_EDGE('',*,*,#1763,.T.);
#2365=ORIENTED_EDGE('',*,*,#1764,.T.);
#2366=ORIENTED_EDGE('',*,*,#1765,.T.);
#2367=ORIENTED_EDGE('',*,*,#1766,.T.);
#2368=ORIENTED_EDGE('',*,*,#1767,.T.);
#2369=ORIENTED_EDGE('',*,*,#1571,.T.);
#2370=ORIENTED_EDGE('',*,*,#1768,.T.);
#2371=ORIENTED_EDGE('',*,*,#1655,.T.);
#2372=ORIENTED_EDGE('',*,*,#1769,.T.);
#2373=ORIENTED_EDGE('',*,*,#1770,.T.);
#2374=ORIENTED_EDGE('',*,*,#1771,.T.);
#2375=ORIENTED_EDGE('',*,*,#1772,.T.);
#2376=ORIENTED_EDGE('',*,*,#1773,.T.);
#2377=ORIENTED_EDGE('',*,*,#1774,.T.);
#2378=ORIENTED_EDGE('',*,*,#1775,.T.);
#2379=ORIENTED_EDGE('',*,*,#1776,.T.);
#2380=ORIENTED_EDGE('',*,*,#1763,.F.);
#2381=ORIENTED_EDGE('',*,*,#1777,.T.);
#2382=ORIENTED_EDGE('',*,*,#1778,.T.);
#2383=ORIENTED_EDGE('',*,*,#1779,.T.);
#2384=ORIENTED_EDGE('',*,*,#1775,.F.);
#2385=ORIENTED_EDGE('',*,*,#1780,.T.);
#2386=ORIENTED_EDGE('',*,*,#1781,.T.);
#2387=ORIENTED_EDGE('',*,*,#1782,.T.);
#2388=ORIENTED_EDGE('',*,*,#1783,.T.);
#2389=ORIENTED_EDGE('',*,*,#1784,.T.);
#2390=ORIENTED_EDGE('',*,*,#1783,.F.);
#2391=ORIENTED_EDGE('',*,*,#1785,.T.);
#2392=ORIENTED_EDGE('',*,*,#1765,.F.);
#2393=ORIENTED_EDGE('',*,*,#1778,.F.);
#2394=ORIENTED_EDGE('',*,*,#1751,.F.);
#2395=ORIENTED_EDGE('',*,*,#1786,.T.);
#2396=ORIENTED_EDGE('',*,*,#1758,.F.);
#2397=ORIENTED_EDGE('',*,*,#1741,.F.);
#2398=ORIENTED_EDGE('',*,*,#1787,.T.);
#2399=ORIENTED_EDGE('',*,*,#1748,.F.);
#2400=ORIENTED_EDGE('',*,*,#1788,.T.);
#2401=ORIENTED_EDGE('',*,*,#1739,.F.);
#2402=ORIENTED_EDGE('',*,*,#1742,.F.);
#2403=ORIENTED_EDGE('',*,*,#1760,.F.);
#2404=ORIENTED_EDGE('',*,*,#1757,.F.);
#2405=ORIENTED_EDGE('',*,*,#1752,.F.);
#2406=ORIENTED_EDGE('',*,*,#1780,.F.);
#2407=ORIENTED_EDGE('',*,*,#1789,.F.);
#2408=ORIENTED_EDGE('',*,*,#1790,.T.);
#2409=ORIENTED_EDGE('',*,*,#1761,.F.);
#2410=ORIENTED_EDGE('',*,*,#1791,.F.);
#2411=ORIENTED_EDGE('',*,*,#1792,.F.);
#2412=ORIENTED_EDGE('',*,*,#1793,.F.);
#2413=ORIENTED_EDGE('',*,*,#1794,.F.);
#2414=ORIENTED_EDGE('',*,*,#1774,.F.);
#2415=ORIENTED_EDGE('',*,*,#1795,.F.);
#2416=ORIENTED_EDGE('',*,*,#1796,.F.);
#2417=ORIENTED_EDGE('',*,*,#1791,.T.);
#2418=ORIENTED_EDGE('',*,*,#1773,.F.);
#2419=ORIENTED_EDGE('',*,*,#1797,.F.);
#2420=ORIENTED_EDGE('',*,*,#1798,.F.);
#2421=ORIENTED_EDGE('',*,*,#1795,.T.);
#2422=ORIENTED_EDGE('',*,*,#1772,.F.);
#2423=ORIENTED_EDGE('',*,*,#1799,.T.);
#2424=ORIENTED_EDGE('',*,*,#1800,.F.);
#2425=ORIENTED_EDGE('',*,*,#1797,.T.);
#2426=ORIENTED_EDGE('',*,*,#1771,.F.);
#2427=ORIENTED_EDGE('',*,*,#1801,.F.);
#2428=ORIENTED_EDGE('',*,*,#1802,.F.);
#2429=ORIENTED_EDGE('',*,*,#1799,.F.);
#2430=ORIENTED_EDGE('',*,*,#1770,.F.);
#2431=ORIENTED_EDGE('',*,*,#1803,.F.);
#2432=ORIENTED_EDGE('',*,*,#1804,.F.);
#2433=ORIENTED_EDGE('',*,*,#1801,.T.);
#2434=ORIENTED_EDGE('',*,*,#1769,.F.);
#2435=ORIENTED_EDGE('',*,*,#1654,.F.);
#2436=ORIENTED_EDGE('',*,*,#1805,.F.);
#2437=ORIENTED_EDGE('',*,*,#1803,.T.);
#2438=ORIENTED_EDGE('',*,*,#1733,.T.);
#2439=ORIENTED_EDGE('',*,*,#1806,.T.);
#2440=ORIENTED_EDGE('',*,*,#1730,.F.);
#2441=ORIENTED_EDGE('',*,*,#1807,.T.);
#2442=ORIENTED_EDGE('',*,*,#1768,.F.);
#2443=ORIENTED_EDGE('',*,*,#1570,.F.);
#2444=ORIENTED_EDGE('',*,*,#1574,.F.);
#2445=ORIENTED_EDGE('',*,*,#1577,.F.);
#2446=ORIENTED_EDGE('',*,*,#1580,.F.);
#2447=ORIENTED_EDGE('',*,*,#1583,.F.);
#2448=ORIENTED_EDGE('',*,*,#1586,.F.);
#2449=ORIENTED_EDGE('',*,*,#1589,.F.);
#2450=ORIENTED_EDGE('',*,*,#1592,.F.);
#2451=ORIENTED_EDGE('',*,*,#1595,.F.);
#2452=ORIENTED_EDGE('',*,*,#1598,.F.);
#2453=ORIENTED_EDGE('',*,*,#1601,.F.);
#2454=ORIENTED_EDGE('',*,*,#1604,.F.);
#2455=ORIENTED_EDGE('',*,*,#1607,.F.);
#2456=ORIENTED_EDGE('',*,*,#1610,.F.);
#2457=ORIENTED_EDGE('',*,*,#1613,.F.);
#2458=ORIENTED_EDGE('',*,*,#1616,.F.);
#2459=ORIENTED_EDGE('',*,*,#1619,.F.);
#2460=ORIENTED_EDGE('',*,*,#1622,.F.);
#2461=ORIENTED_EDGE('',*,*,#1625,.F.);
#2462=ORIENTED_EDGE('',*,*,#1628,.F.);
#2463=ORIENTED_EDGE('',*,*,#1631,.F.);
#2464=ORIENTED_EDGE('',*,*,#1634,.F.);
#2465=ORIENTED_EDGE('',*,*,#1637,.F.);
#2466=ORIENTED_EDGE('',*,*,#1640,.F.);
#2467=ORIENTED_EDGE('',*,*,#1643,.F.);
#2468=ORIENTED_EDGE('',*,*,#1646,.F.);
#2469=ORIENTED_EDGE('',*,*,#1808,.F.);
#2470=ORIENTED_EDGE('',*,*,#1651,.F.);
#2471=ORIENTED_EDGE('',*,*,#1809,.F.);
#2472=ORIENTED_EDGE('',*,*,#1734,.F.);
#2473=ORIENTED_EDGE('',*,*,#1807,.F.);
#2474=ORIENTED_EDGE('',*,*,#1732,.F.);
#2475=ORIENTED_EDGE('',*,*,#1729,.F.);
#2476=ORIENTED_EDGE('',*,*,#1726,.F.);
#2477=ORIENTED_EDGE('',*,*,#1723,.F.);
#2478=ORIENTED_EDGE('',*,*,#1720,.F.);
#2479=ORIENTED_EDGE('',*,*,#1717,.F.);
#2480=ORIENTED_EDGE('',*,*,#1714,.F.);
#2481=ORIENTED_EDGE('',*,*,#1711,.F.);
#2482=ORIENTED_EDGE('',*,*,#1708,.F.);
#2483=ORIENTED_EDGE('',*,*,#1705,.F.);
#2484=ORIENTED_EDGE('',*,*,#1702,.F.);
#2485=ORIENTED_EDGE('',*,*,#1699,.F.);
#2486=ORIENTED_EDGE('',*,*,#1696,.F.);
#2487=ORIENTED_EDGE('',*,*,#1693,.F.);
#2488=ORIENTED_EDGE('',*,*,#1690,.F.);
#2489=ORIENTED_EDGE('',*,*,#1687,.F.);
#2490=ORIENTED_EDGE('',*,*,#1684,.F.);
#2491=ORIENTED_EDGE('',*,*,#1681,.F.);
#2492=ORIENTED_EDGE('',*,*,#1678,.F.);
#2493=ORIENTED_EDGE('',*,*,#1675,.F.);
#2494=ORIENTED_EDGE('',*,*,#1672,.F.);
#2495=ORIENTED_EDGE('',*,*,#1669,.F.);
#2496=ORIENTED_EDGE('',*,*,#1666,.F.);
#2497=ORIENTED_EDGE('',*,*,#1663,.F.);
#2498=ORIENTED_EDGE('',*,*,#1660,.F.);
#2499=ORIENTED_EDGE('',*,*,#1656,.F.);
#2500=ORIENTED_EDGE('',*,*,#1648,.T.);
#2501=ORIENTED_EDGE('',*,*,#1808,.T.);
#2502=ORIENTED_EDGE('',*,*,#1645,.F.);
#2503=ORIENTED_EDGE('',*,*,#1810,.F.);
#2504=ORIENTED_EDGE('',*,*,#1767,.F.);
#2505=ORIENTED_EDGE('',*,*,#1811,.F.);
#2506=ORIENTED_EDGE('',*,*,#1658,.F.);
#2507=ORIENTED_EDGE('',*,*,#1662,.F.);
#2508=ORIENTED_EDGE('',*,*,#1665,.F.);
#2509=ORIENTED_EDGE('',*,*,#1668,.F.);
#2510=ORIENTED_EDGE('',*,*,#1671,.F.);
#2511=ORIENTED_EDGE('',*,*,#1674,.F.);
#2512=ORIENTED_EDGE('',*,*,#1677,.F.);
#2513=ORIENTED_EDGE('',*,*,#1680,.F.);
#2514=ORIENTED_EDGE('',*,*,#1683,.F.);
#2515=ORIENTED_EDGE('',*,*,#1686,.F.);
#2516=ORIENTED_EDGE('',*,*,#1689,.F.);
#2517=ORIENTED_EDGE('',*,*,#1692,.F.);
#2518=ORIENTED_EDGE('',*,*,#1695,.F.);
#2519=ORIENTED_EDGE('',*,*,#1698,.F.);
#2520=ORIENTED_EDGE('',*,*,#1701,.F.);
#2521=ORIENTED_EDGE('',*,*,#1704,.F.);
#2522=ORIENTED_EDGE('',*,*,#1707,.F.);
#2523=ORIENTED_EDGE('',*,*,#1710,.F.);
#2524=ORIENTED_EDGE('',*,*,#1713,.F.);
#2525=ORIENTED_EDGE('',*,*,#1716,.F.);
#2526=ORIENTED_EDGE('',*,*,#1719,.F.);
#2527=ORIENTED_EDGE('',*,*,#1722,.F.);
#2528=ORIENTED_EDGE('',*,*,#1725,.F.);
#2529=ORIENTED_EDGE('',*,*,#1728,.F.);
#2530=ORIENTED_EDGE('',*,*,#1731,.F.);
#2531=ORIENTED_EDGE('',*,*,#1806,.F.);
#2532=ORIENTED_EDGE('',*,*,#1736,.F.);
#2533=ORIENTED_EDGE('',*,*,#1812,.F.);
#2534=ORIENTED_EDGE('',*,*,#1649,.T.);
#2535=ORIENTED_EDGE('',*,*,#1810,.T.);
#2536=ORIENTED_EDGE('',*,*,#1647,.T.);
#2537=ORIENTED_EDGE('',*,*,#1644,.T.);
#2538=ORIENTED_EDGE('',*,*,#1641,.T.);
#2539=ORIENTED_EDGE('',*,*,#1638,.T.);
#2540=ORIENTED_EDGE('',*,*,#1635,.T.);
#2541=ORIENTED_EDGE('',*,*,#1632,.T.);
#2542=ORIENTED_EDGE('',*,*,#1629,.T.);
#2543=ORIENTED_EDGE('',*,*,#1626,.T.);
#2544=ORIENTED_EDGE('',*,*,#1623,.T.);
#2545=ORIENTED_EDGE('',*,*,#1620,.T.);
#2546=ORIENTED_EDGE('',*,*,#1617,.T.);
#2547=ORIENTED_EDGE('',*,*,#1614,.T.);
#2548=ORIENTED_EDGE('',*,*,#1611,.T.);
#2549=ORIENTED_EDGE('',*,*,#1608,.T.);
#2550=ORIENTED_EDGE('',*,*,#1605,.T.);
#2551=ORIENTED_EDGE('',*,*,#1602,.T.);
#2552=ORIENTED_EDGE('',*,*,#1599,.T.);
#2553=ORIENTED_EDGE('',*,*,#1596,.T.);
#2554=ORIENTED_EDGE('',*,*,#1593,.T.);
#2555=ORIENTED_EDGE('',*,*,#1590,.T.);
#2556=ORIENTED_EDGE('',*,*,#1587,.T.);
#2557=ORIENTED_EDGE('',*,*,#1584,.T.);
#2558=ORIENTED_EDGE('',*,*,#1581,.T.);
#2559=ORIENTED_EDGE('',*,*,#1578,.T.);
#2560=ORIENTED_EDGE('',*,*,#1575,.T.);
#2561=ORIENTED_EDGE('',*,*,#1572,.T.);
#2562=ORIENTED_EDGE('',*,*,#1813,.T.);
#2563=ORIENTED_EDGE('',*,*,#1814,.T.);
#2564=ORIENTED_EDGE('',*,*,#1815,.T.);
#2565=ORIENTED_EDGE('',*,*,#1816,.T.);
#2566=ORIENTED_EDGE('',*,*,#1738,.F.);
#2567=ORIENTED_EDGE('',*,*,#1817,.T.);
#2568=ORIENTED_EDGE('',*,*,#1818,.T.);
#2569=ORIENTED_EDGE('',*,*,#1819,.T.);
#2570=ORIENTED_EDGE('',*,*,#1820,.T.);
#2571=ORIENTED_EDGE('',*,*,#1821,.T.);
#2572=ORIENTED_EDGE('',*,*,#1813,.F.);
#2573=ORIENTED_EDGE('',*,*,#1822,.T.);
#2574=ORIENTED_EDGE('',*,*,#1823,.T.);
#2575=ORIENTED_EDGE('',*,*,#1744,.F.);
#2576=ORIENTED_EDGE('',*,*,#1746,.F.);
#2577=ORIENTED_EDGE('',*,*,#1749,.F.);
#2578=ORIENTED_EDGE('',*,*,#1816,.F.);
#2579=ORIENTED_EDGE('',*,*,#1824,.T.);
#2580=ORIENTED_EDGE('',*,*,#1825,.F.);
#2581=ORIENTED_EDGE('',*,*,#1826,.F.);
#2582=ORIENTED_EDGE('',*,*,#1822,.F.);
#2583=ORIENTED_EDGE('',*,*,#1827,.F.);
#2584=ORIENTED_EDGE('',*,*,#1826,.T.);
#2585=ORIENTED_EDGE('',*,*,#1828,.T.);
#2586=ORIENTED_EDGE('',*,*,#1829,.T.);
#2587=ORIENTED_EDGE('',*,*,#1830,.T.);
#2588=ORIENTED_EDGE('',*,*,#1829,.F.);
#2589=ORIENTED_EDGE('',*,*,#1831,.T.);
#2590=ORIENTED_EDGE('',*,*,#1832,.T.);
#2591=ORIENTED_EDGE('',*,*,#1833,.F.);
#2592=ORIENTED_EDGE('',*,*,#1825,.T.);
#2593=ORIENTED_EDGE('',*,*,#1834,.T.);
#2594=ORIENTED_EDGE('',*,*,#1835,.F.);
#2595=ORIENTED_EDGE('',*,*,#1836,.T.);
#2596=ORIENTED_EDGE('',*,*,#1836,.F.);
#2597=ORIENTED_EDGE('',*,*,#1837,.T.);
#2598=ORIENTED_EDGE('',*,*,#1838,.T.);
#2599=ORIENTED_EDGE('',*,*,#1788,.F.);
#2600=ORIENTED_EDGE('',*,*,#1839,.T.);
#2601=ORIENTED_EDGE('',*,*,#1785,.F.);
#2602=ORIENTED_EDGE('',*,*,#1840,.T.);
#2603=ORIENTED_EDGE('',*,*,#1740,.F.);
#2604=ORIENTED_EDGE('',*,*,#1840,.F.);
#2605=ORIENTED_EDGE('',*,*,#1782,.F.);
#2606=ORIENTED_EDGE('',*,*,#1841,.T.);
#2607=ORIENTED_EDGE('',*,*,#1779,.F.);
#2608=ORIENTED_EDGE('',*,*,#1842,.F.);
#2609=ORIENTED_EDGE('',*,*,#1824,.F.);
#2610=ORIENTED_EDGE('',*,*,#1815,.F.);
#2611=ORIENTED_EDGE('',*,*,#1843,.F.);
#2612=ORIENTED_EDGE('',*,*,#1844,.F.);
#2613=ORIENTED_EDGE('',*,*,#1845,.F.);
#2614=ORIENTED_EDGE('',*,*,#1846,.F.);
#2615=ORIENTED_EDGE('',*,*,#1847,.T.);
#2616=ORIENTED_EDGE('',*,*,#1784,.F.);
#2617=ORIENTED_EDGE('',*,*,#1764,.F.);
#2618=ORIENTED_EDGE('',*,*,#1776,.F.);
#2619=ORIENTED_EDGE('',*,*,#1747,.F.);
#2620=ORIENTED_EDGE('',*,*,#1789,.T.);
#2621=ORIENTED_EDGE('',*,*,#1777,.F.);
#2622=ORIENTED_EDGE('',*,*,#1848,.T.);
#2623=ORIENTED_EDGE('',*,*,#1750,.F.);
#2624=ORIENTED_EDGE('',*,*,#1848,.F.);
#2625=ORIENTED_EDGE('',*,*,#1762,.F.);
#2626=ORIENTED_EDGE('',*,*,#1794,.T.);
#2627=ORIENTED_EDGE('',*,*,#1849,.T.);
#2628=ORIENTED_EDGE('',*,*,#1792,.T.);
#2629=ORIENTED_EDGE('',*,*,#1796,.T.);
#2630=ORIENTED_EDGE('',*,*,#1798,.T.);
#2631=ORIENTED_EDGE('',*,*,#1800,.T.);
#2632=ORIENTED_EDGE('',*,*,#1802,.T.);
#2633=ORIENTED_EDGE('',*,*,#1804,.T.);
#2634=ORIENTED_EDGE('',*,*,#1805,.T.);
#2635=ORIENTED_EDGE('',*,*,#1653,.T.);
#2636=ORIENTED_EDGE('',*,*,#1659,.T.);
#2637=ORIENTED_EDGE('',*,*,#1811,.T.);
#2638=ORIENTED_EDGE('',*,*,#1766,.F.);
#2639=ORIENTED_EDGE('',*,*,#1839,.F.);
#2640=ORIENTED_EDGE('',*,*,#1850,.T.);
#2641=ORIENTED_EDGE('',*,*,#1851,.T.);
#2642=ORIENTED_EDGE('',*,*,#1852,.T.);
#2643=ORIENTED_EDGE('',*,*,#1853,.T.);
#2644=ORIENTED_EDGE('',*,*,#1854,.T.);
#2645=ORIENTED_EDGE('',*,*,#1855,.T.);
#2646=ORIENTED_EDGE('',*,*,#1856,.T.);
#2647=ORIENTED_EDGE('',*,*,#1857,.T.);
#2648=ORIENTED_EDGE('',*,*,#1858,.T.);
#2649=ORIENTED_EDGE('',*,*,#1859,.T.);
#2650=ORIENTED_EDGE('',*,*,#1860,.T.);
#2651=ORIENTED_EDGE('',*,*,#1402,.T.);
#2652=ORIENTED_EDGE('',*,*,#1408,.T.);
#2653=ORIENTED_EDGE('',*,*,#1861,.T.);
#2654=ORIENTED_EDGE('',*,*,#1488,.T.);
#2655=ORIENTED_EDGE('',*,*,#1862,.T.);
#2656=ORIENTED_EDGE('',*,*,#1404,.T.);
#2657=ORIENTED_EDGE('',*,*,#1863,.T.);
#2658=ORIENTED_EDGE('',*,*,#1864,.T.);
#2659=ORIENTED_EDGE('',*,*,#1865,.T.);
#2660=ORIENTED_EDGE('',*,*,#1866,.T.);
#2661=ORIENTED_EDGE('',*,*,#1793,.T.);
#2662=ORIENTED_EDGE('',*,*,#1849,.F.);
#2663=ORIENTED_EDGE('',*,*,#1861,.F.);
#2664=ORIENTED_EDGE('',*,*,#1407,.F.);
#2665=ORIENTED_EDGE('',*,*,#1411,.F.);
#2666=ORIENTED_EDGE('',*,*,#1414,.F.);
#2667=ORIENTED_EDGE('',*,*,#1417,.F.);
#2668=ORIENTED_EDGE('',*,*,#1420,.F.);
#2669=ORIENTED_EDGE('',*,*,#1423,.F.);
#2670=ORIENTED_EDGE('',*,*,#1426,.F.);
#2671=ORIENTED_EDGE('',*,*,#1429,.F.);
#2672=ORIENTED_EDGE('',*,*,#1432,.F.);
#2673=ORIENTED_EDGE('',*,*,#1435,.F.);
#2674=ORIENTED_EDGE('',*,*,#1438,.F.);
#2675=ORIENTED_EDGE('',*,*,#1441,.F.);
#2676=ORIENTED_EDGE('',*,*,#1444,.F.);
#2677=ORIENTED_EDGE('',*,*,#1447,.F.);
#2678=ORIENTED_EDGE('',*,*,#1450,.F.);
#2679=ORIENTED_EDGE('',*,*,#1453,.F.);
#2680=ORIENTED_EDGE('',*,*,#1456,.F.);
#2681=ORIENTED_EDGE('',*,*,#1459,.F.);
#2682=ORIENTED_EDGE('',*,*,#1462,.F.);
#2683=ORIENTED_EDGE('',*,*,#1465,.F.);
#2684=ORIENTED_EDGE('',*,*,#1468,.F.);
#2685=ORIENTED_EDGE('',*,*,#1471,.F.);
#2686=ORIENTED_EDGE('',*,*,#1474,.F.);
#2687=ORIENTED_EDGE('',*,*,#1477,.F.);
#2688=ORIENTED_EDGE('',*,*,#1480,.F.);
#2689=ORIENTED_EDGE('',*,*,#1867,.F.);
#2690=ORIENTED_EDGE('',*,*,#1485,.F.);
#2691=ORIENTED_EDGE('',*,*,#1868,.F.);
#2692=ORIENTED_EDGE('',*,*,#1566,.T.);
#2693=ORIENTED_EDGE('',*,*,#1869,.T.);
#2694=ORIENTED_EDGE('',*,*,#1564,.T.);
#2695=ORIENTED_EDGE('',*,*,#1561,.T.);
#2696=ORIENTED_EDGE('',*,*,#1558,.T.);
#2697=ORIENTED_EDGE('',*,*,#1555,.T.);
#2698=ORIENTED_EDGE('',*,*,#1552,.T.);
#2699=ORIENTED_EDGE('',*,*,#1549,.T.);
#2700=ORIENTED_EDGE('',*,*,#1546,.T.);
#2701=ORIENTED_EDGE('',*,*,#1543,.T.);
#2702=ORIENTED_EDGE('',*,*,#1540,.T.);
#2703=ORIENTED_EDGE('',*,*,#1537,.T.);
#2704=ORIENTED_EDGE('',*,*,#1534,.T.);
#2705=ORIENTED_EDGE('',*,*,#1531,.T.);
#2706=ORIENTED_EDGE('',*,*,#1528,.T.);
#2707=ORIENTED_EDGE('',*,*,#1525,.T.);
#2708=ORIENTED_EDGE('',*,*,#1522,.T.);
#2709=ORIENTED_EDGE('',*,*,#1519,.T.);
#2710=ORIENTED_EDGE('',*,*,#1516,.T.);
#2711=ORIENTED_EDGE('',*,*,#1513,.T.);
#2712=ORIENTED_EDGE('',*,*,#1510,.T.);
#2713=ORIENTED_EDGE('',*,*,#1507,.T.);
#2714=ORIENTED_EDGE('',*,*,#1504,.T.);
#2715=ORIENTED_EDGE('',*,*,#1501,.T.);
#2716=ORIENTED_EDGE('',*,*,#1498,.T.);
#2717=ORIENTED_EDGE('',*,*,#1495,.T.);
#2718=ORIENTED_EDGE('',*,*,#1492,.T.);
#2719=ORIENTED_EDGE('',*,*,#1489,.T.);
#2720=ORIENTED_EDGE('',*,*,#1860,.F.);
#2721=ORIENTED_EDGE('',*,*,#1870,.T.);
#2722=ORIENTED_EDGE('',*,*,#1863,.F.);
#2723=ORIENTED_EDGE('',*,*,#1403,.F.);
#2724=ORIENTED_EDGE('',*,*,#1856,.F.);
#2725=ORIENTED_EDGE('',*,*,#1871,.T.);
#2726=ORIENTED_EDGE('',*,*,#1850,.F.);
#2727=ORIENTED_EDGE('',*,*,#1872,.F.);
#2728=ORIENTED_EDGE('',*,*,#1565,.T.);
#2729=ORIENTED_EDGE('',*,*,#1873,.T.);
#2730=ORIENTED_EDGE('',*,*,#1562,.F.);
#2731=ORIENTED_EDGE('',*,*,#1869,.F.);
#2732=ORIENTED_EDGE('',*,*,#1859,.F.);
#2733=ORIENTED_EDGE('',*,*,#1874,.T.);
#2734=ORIENTED_EDGE('',*,*,#1864,.F.);
#2735=ORIENTED_EDGE('',*,*,#1870,.F.);
#2736=ORIENTED_EDGE('',*,*,#1862,.F.);
#2737=ORIENTED_EDGE('',*,*,#1487,.F.);
#2738=ORIENTED_EDGE('',*,*,#1491,.F.);
#2739=ORIENTED_EDGE('',*,*,#1494,.F.);
#2740=ORIENTED_EDGE('',*,*,#1497,.F.);
#2741=ORIENTED_EDGE('',*,*,#1500,.F.);
#2742=ORIENTED_EDGE('',*,*,#1503,.F.);
#2743=ORIENTED_EDGE('',*,*,#1506,.F.);
#2744=ORIENTED_EDGE('',*,*,#1509,.F.);
#2745=ORIENTED_EDGE('',*,*,#1512,.F.);
#2746=ORIENTED_EDGE('',*,*,#1515,.F.);
#2747=ORIENTED_EDGE('',*,*,#1518,.F.);
#2748=ORIENTED_EDGE('',*,*,#1521,.F.);
#2749=ORIENTED_EDGE('',*,*,#1524,.F.);
#2750=ORIENTED_EDGE('',*,*,#1527,.F.);
#2751=ORIENTED_EDGE('',*,*,#1530,.F.);
#2752=ORIENTED_EDGE('',*,*,#1533,.F.);
#2753=ORIENTED_EDGE('',*,*,#1536,.F.);
#2754=ORIENTED_EDGE('',*,*,#1539,.F.);
#2755=ORIENTED_EDGE('',*,*,#1542,.F.);
#2756=ORIENTED_EDGE('',*,*,#1545,.F.);
#2757=ORIENTED_EDGE('',*,*,#1548,.F.);
#2758=ORIENTED_EDGE('',*,*,#1551,.F.);
#2759=ORIENTED_EDGE('',*,*,#1554,.F.);
#2760=ORIENTED_EDGE('',*,*,#1557,.F.);
#2761=ORIENTED_EDGE('',*,*,#1560,.F.);
#2762=ORIENTED_EDGE('',*,*,#1563,.F.);
#2763=ORIENTED_EDGE('',*,*,#1873,.F.);
#2764=ORIENTED_EDGE('',*,*,#1568,.F.);
#2765=ORIENTED_EDGE('',*,*,#1875,.F.);
#2766=ORIENTED_EDGE('',*,*,#1483,.F.);
#2767=ORIENTED_EDGE('',*,*,#1876,.F.);
#2768=ORIENTED_EDGE('',*,*,#1481,.F.);
#2769=ORIENTED_EDGE('',*,*,#1478,.F.);
#2770=ORIENTED_EDGE('',*,*,#1475,.F.);
#2771=ORIENTED_EDGE('',*,*,#1472,.F.);
#2772=ORIENTED_EDGE('',*,*,#1469,.F.);
#2773=ORIENTED_EDGE('',*,*,#1466,.F.);
#2774=ORIENTED_EDGE('',*,*,#1463,.F.);
#2775=ORIENTED_EDGE('',*,*,#1460,.F.);
#2776=ORIENTED_EDGE('',*,*,#1457,.F.);
#2777=ORIENTED_EDGE('',*,*,#1454,.F.);
#2778=ORIENTED_EDGE('',*,*,#1451,.F.);
#2779=ORIENTED_EDGE('',*,*,#1448,.F.);
#2780=ORIENTED_EDGE('',*,*,#1445,.F.);
#2781=ORIENTED_EDGE('',*,*,#1442,.F.);
#2782=ORIENTED_EDGE('',*,*,#1439,.F.);
#2783=ORIENTED_EDGE('',*,*,#1436,.F.);
#2784=ORIENTED_EDGE('',*,*,#1433,.F.);
#2785=ORIENTED_EDGE('',*,*,#1430,.F.);
#2786=ORIENTED_EDGE('',*,*,#1427,.F.);
#2787=ORIENTED_EDGE('',*,*,#1424,.F.);
#2788=ORIENTED_EDGE('',*,*,#1421,.F.);
#2789=ORIENTED_EDGE('',*,*,#1418,.F.);
#2790=ORIENTED_EDGE('',*,*,#1415,.F.);
#2791=ORIENTED_EDGE('',*,*,#1412,.F.);
#2792=ORIENTED_EDGE('',*,*,#1409,.F.);
#2793=ORIENTED_EDGE('',*,*,#1405,.F.);
#2794=ORIENTED_EDGE('',*,*,#1858,.F.);
#2795=ORIENTED_EDGE('',*,*,#1877,.F.);
#2796=ORIENTED_EDGE('',*,*,#1865,.F.);
#2797=ORIENTED_EDGE('',*,*,#1874,.F.);
#2798=ORIENTED_EDGE('',*,*,#1855,.F.);
#2799=ORIENTED_EDGE('',*,*,#1878,.T.);
#2800=ORIENTED_EDGE('',*,*,#1851,.F.);
#2801=ORIENTED_EDGE('',*,*,#1871,.F.);
#2802=ORIENTED_EDGE('',*,*,#1854,.F.);
#2803=ORIENTED_EDGE('',*,*,#1879,.F.);
#2804=ORIENTED_EDGE('',*,*,#1852,.F.);
#2805=ORIENTED_EDGE('',*,*,#1878,.F.);
#2806=ORIENTED_EDGE('',*,*,#1482,.T.);
#2807=ORIENTED_EDGE('',*,*,#1867,.T.);
#2808=ORIENTED_EDGE('',*,*,#1479,.F.);
#2809=ORIENTED_EDGE('',*,*,#1876,.T.);
#2810=ORIENTED_EDGE('',*,*,#1879,.T.);
#2811=ORIENTED_EDGE('',*,*,#1853,.F.);
#2812=ORIENTED_EDGE('',*,*,#1872,.T.);
#2813=ORIENTED_EDGE('',*,*,#1866,.F.);
#2814=ORIENTED_EDGE('',*,*,#1877,.T.);
#2815=ORIENTED_EDGE('',*,*,#1857,.F.);
#2816=ORIENTED_EDGE('',*,*,#1880,.F.);
#2817=ORIENTED_EDGE('',*,*,#1881,.F.);
#2818=ORIENTED_EDGE('',*,*,#1833,.T.);
#2819=ORIENTED_EDGE('',*,*,#1838,.F.);
#2820=ORIENTED_EDGE('',*,*,#1882,.F.);
#2821=ORIENTED_EDGE('',*,*,#1883,.F.);
#2822=ORIENTED_EDGE('',*,*,#1884,.T.);
#2823=ORIENTED_EDGE('',*,*,#1831,.F.);
#2824=ORIENTED_EDGE('',*,*,#1828,.F.);
#2825=ORIENTED_EDGE('',*,*,#1881,.T.);
#2826=ORIENTED_EDGE('',*,*,#1883,.T.);
#2827=ORIENTED_EDGE('',*,*,#1880,.T.);
#2828=ORIENTED_EDGE('',*,*,#1885,.T.);
#2829=ORIENTED_EDGE('',*,*,#1886,.T.);
#2830=ORIENTED_EDGE('',*,*,#1887,.T.);
#2831=ORIENTED_EDGE('',*,*,#1888,.T.);
#2832=ORIENTED_EDGE('',*,*,#1787,.F.);
#2833=ORIENTED_EDGE('',*,*,#1823,.F.);
#2834=ORIENTED_EDGE('',*,*,#1827,.T.);
#2835=ORIENTED_EDGE('',*,*,#1889,.F.);
#2836=ORIENTED_EDGE('',*,*,#1759,.F.);
#2837=ORIENTED_EDGE('',*,*,#1889,.T.);
#2838=ORIENTED_EDGE('',*,*,#1830,.F.);
#2839=ORIENTED_EDGE('',*,*,#1832,.F.);
#2840=ORIENTED_EDGE('',*,*,#1884,.F.);
#2841=ORIENTED_EDGE('',*,*,#1887,.F.);
#2842=ORIENTED_EDGE('',*,*,#1890,.F.);
#2843=ORIENTED_EDGE('',*,*,#1888,.F.);
#2844=ORIENTED_EDGE('',*,*,#1891,.T.);
#2845=ORIENTED_EDGE('',*,*,#1790,.F.);
#2846=ORIENTED_EDGE('',*,*,#1891,.F.);
#2847=ORIENTED_EDGE('',*,*,#1756,.F.);
#2848=ORIENTED_EDGE('',*,*,#1890,.T.);
#2849=ORIENTED_EDGE('',*,*,#1886,.F.);
#2850=ORIENTED_EDGE('',*,*,#1892,.F.);
#2851=ORIENTED_EDGE('',*,*,#1754,.F.);
#2852=ORIENTED_EDGE('',*,*,#1892,.T.);
#2853=ORIENTED_EDGE('',*,*,#1885,.F.);
#2854=ORIENTED_EDGE('',*,*,#1882,.T.);
#2855=ORIENTED_EDGE('',*,*,#1837,.F.);
#2856=ORIENTED_EDGE('',*,*,#1835,.T.);
#2857=ORIENTED_EDGE('',*,*,#1893,.F.);
#2858=ORIENTED_EDGE('',*,*,#1786,.F.);
#2859=ORIENTED_EDGE('',*,*,#1893,.T.);
#2860=ORIENTED_EDGE('',*,*,#1834,.F.);
#2861=ORIENTED_EDGE('',*,*,#1842,.T.);
#2862=ORIENTED_EDGE('',*,*,#1737,.F.);
#2863=ORIENTED_EDGE('',*,*,#1841,.F.);
#2864=ORIENTED_EDGE('',*,*,#1781,.F.);
#2865=ORIENTED_EDGE('',*,*,#1847,.F.);
#2866=ORIENTED_EDGE('',*,*,#1894,.T.);
#2867=ORIENTED_EDGE('',*,*,#1817,.F.);
#2868=ORIENTED_EDGE('',*,*,#1812,.T.);
#2869=ORIENTED_EDGE('',*,*,#1735,.T.);
#2870=ORIENTED_EDGE('',*,*,#1809,.T.);
#2871=ORIENTED_EDGE('',*,*,#1650,.T.);
#2872=ORIENTED_EDGE('',*,*,#1868,.T.);
#2873=ORIENTED_EDGE('',*,*,#1484,.T.);
#2874=ORIENTED_EDGE('',*,*,#1875,.T.);
#2875=ORIENTED_EDGE('',*,*,#1567,.T.);
#2876=ORIENTED_EDGE('',*,*,#1814,.F.);
#2877=ORIENTED_EDGE('',*,*,#1821,.F.);
#2878=ORIENTED_EDGE('',*,*,#1895,.F.);
#2879=ORIENTED_EDGE('',*,*,#1843,.T.);
#2880=ORIENTED_EDGE('',*,*,#1844,.T.);
#2881=ORIENTED_EDGE('',*,*,#1895,.T.);
#2882=ORIENTED_EDGE('',*,*,#1820,.F.);
#2883=ORIENTED_EDGE('',*,*,#1896,.F.);
#2884=ORIENTED_EDGE('',*,*,#1845,.T.);
#2885=ORIENTED_EDGE('',*,*,#1896,.T.);
#2886=ORIENTED_EDGE('',*,*,#1819,.F.);
#2887=ORIENTED_EDGE('',*,*,#1897,.F.);
#2888=ORIENTED_EDGE('',*,*,#1846,.T.);
#2889=ORIENTED_EDGE('',*,*,#1897,.T.);
#2890=ORIENTED_EDGE('',*,*,#1818,.F.);
#2891=ORIENTED_EDGE('',*,*,#1894,.F.);
#2892=CYLINDRICAL_SURFACE('',#3217,1.2645);
#2893=CYLINDRICAL_SURFACE('',#3220,1.2645);
#2894=CYLINDRICAL_SURFACE('',#3222,1.2645);
#2895=CYLINDRICAL_SURFACE('',#3223,1.2645);
#2896=CYLINDRICAL_SURFACE('',#3224,1.2645);
#2897=CYLINDRICAL_SURFACE('',#3225,1.2645);
#2898=CYLINDRICAL_SURFACE('',#3226,1.2645);
#2899=CYLINDRICAL_SURFACE('',#3227,1.2645);
#2900=CYLINDRICAL_SURFACE('',#3228,1.2645);
#2901=CYLINDRICAL_SURFACE('',#3229,1.2645);
#2902=CYLINDRICAL_SURFACE('',#3230,1.2645);
#2903=CYLINDRICAL_SURFACE('',#3231,1.2645);
#2904=CYLINDRICAL_SURFACE('',#3232,1.2645);
#2905=CYLINDRICAL_SURFACE('',#3233,1.2645);
#2906=CYLINDRICAL_SURFACE('',#3234,1.2645);
#2907=CYLINDRICAL_SURFACE('',#3235,1.2645);
#2908=CYLINDRICAL_SURFACE('',#3236,1.2645);
#2909=CYLINDRICAL_SURFACE('',#3237,1.2645);
#2910=CYLINDRICAL_SURFACE('',#3238,1.2645);
#2911=CYLINDRICAL_SURFACE('',#3239,1.2645);
#2912=CYLINDRICAL_SURFACE('',#3240,1.2645);
#2913=CYLINDRICAL_SURFACE('',#3241,1.2645);
#2914=CYLINDRICAL_SURFACE('',#3242,1.2645);
#2915=CYLINDRICAL_SURFACE('',#3243,1.2645);
#2916=CYLINDRICAL_SURFACE('',#3244,1.2645);
#2917=CYLINDRICAL_SURFACE('',#3245,1.2645);
#2918=CYLINDRICAL_SURFACE('',#3246,1.2645);
#2919=CYLINDRICAL_SURFACE('',#3248,1.543);
#2920=CYLINDRICAL_SURFACE('',#3250,1.543);
#2921=CYLINDRICAL_SURFACE('',#3251,1.543);
#2922=CYLINDRICAL_SURFACE('',#3252,1.543);
#2923=CYLINDRICAL_SURFACE('',#3253,1.543);
#2924=CYLINDRICAL_SURFACE('',#3254,1.543);
#2925=CYLINDRICAL_SURFACE('',#3255,1.543);
#2926=CYLINDRICAL_SURFACE('',#3256,1.543);
#2927=CYLINDRICAL_SURFACE('',#3257,1.543);
#2928=CYLINDRICAL_SURFACE('',#3258,1.543);
#2929=CYLINDRICAL_SURFACE('',#3259,1.543);
#2930=CYLINDRICAL_SURFACE('',#3260,1.543);
#2931=CYLINDRICAL_SURFACE('',#3261,1.543);
#2932=CYLINDRICAL_SURFACE('',#3262,1.543);
#2933=CYLINDRICAL_SURFACE('',#3263,1.543);
#2934=CYLINDRICAL_SURFACE('',#3264,1.543);
#2935=CYLINDRICAL_SURFACE('',#3265,1.543);
#2936=CYLINDRICAL_SURFACE('',#3266,1.543);
#2937=CYLINDRICAL_SURFACE('',#3267,1.543);
#2938=CYLINDRICAL_SURFACE('',#3268,1.543);
#2939=CYLINDRICAL_SURFACE('',#3269,1.543);
#2940=CYLINDRICAL_SURFACE('',#3270,1.543);
#2941=CYLINDRICAL_SURFACE('',#3271,1.543);
#2942=CYLINDRICAL_SURFACE('',#3272,1.543);
#2943=CYLINDRICAL_SURFACE('',#3273,1.543);
#2944=CYLINDRICAL_SURFACE('',#3274,1.543);
#2945=CYLINDRICAL_SURFACE('',#3275,1.543);
#2946=CYLINDRICAL_SURFACE('',#3277,1.543);
#2947=CYLINDRICAL_SURFACE('',#3278,1.543);
#2948=CYLINDRICAL_SURFACE('',#3279,1.543);
#2949=CYLINDRICAL_SURFACE('',#3280,1.543);
#2950=CYLINDRICAL_SURFACE('',#3281,1.543);
#2951=CYLINDRICAL_SURFACE('',#3282,1.543);
#2952=CYLINDRICAL_SURFACE('',#3283,1.543);
#2953=CYLINDRICAL_SURFACE('',#3284,1.543);
#2954=CYLINDRICAL_SURFACE('',#3285,1.543);
#2955=CYLINDRICAL_SURFACE('',#3286,1.543);
#2956=CYLINDRICAL_SURFACE('',#3287,1.543);
#2957=CYLINDRICAL_SURFACE('',#3288,1.543);
#2958=CYLINDRICAL_SURFACE('',#3289,1.543);
#2959=CYLINDRICAL_SURFACE('',#3290,1.543);
#2960=CYLINDRICAL_SURFACE('',#3291,1.543);
#2961=CYLINDRICAL_SURFACE('',#3292,1.543);
#2962=CYLINDRICAL_SURFACE('',#3293,1.543);
#2963=CYLINDRICAL_SURFACE('',#3294,1.543);
#2964=CYLINDRICAL_SURFACE('',#3295,1.543);
#2965=CYLINDRICAL_SURFACE('',#3296,1.543);
#2966=CYLINDRICAL_SURFACE('',#3297,1.543);
#2967=CYLINDRICAL_SURFACE('',#3298,1.543);
#2968=CYLINDRICAL_SURFACE('',#3299,1.543);
#2969=CYLINDRICAL_SURFACE('',#3300,1.543);
#2970=CYLINDRICAL_SURFACE('',#3301,1.543);
#2971=CYLINDRICAL_SURFACE('',#3302,1.543);
#2972=CYLINDRICAL_SURFACE('',#3303,1.543);
#2973=CYLINDRICAL_SURFACE('',#3305,1.2645);
#2974=CYLINDRICAL_SURFACE('',#3307,1.2645);
#2975=CYLINDRICAL_SURFACE('',#3309,1.2645);
#2976=CYLINDRICAL_SURFACE('',#3310,1.2645);
#2977=CYLINDRICAL_SURFACE('',#3311,1.2645);
#2978=CYLINDRICAL_SURFACE('',#3312,1.2645);
#2979=CYLINDRICAL_SURFACE('',#3313,1.2645);
#2980=CYLINDRICAL_SURFACE('',#3314,1.2645);
#2981=CYLINDRICAL_SURFACE('',#3315,1.2645);
#2982=CYLINDRICAL_SURFACE('',#3316,1.2645);
#2983=CYLINDRICAL_SURFACE('',#3317,1.2645);
#2984=CYLINDRICAL_SURFACE('',#3318,1.2645);
#2985=CYLINDRICAL_SURFACE('',#3319,1.2645);
#2986=CYLINDRICAL_SURFACE('',#3320,1.2645);
#2987=CYLINDRICAL_SURFACE('',#3321,1.2645);
#2988=CYLINDRICAL_SURFACE('',#3322,1.2645);
#2989=CYLINDRICAL_SURFACE('',#3323,1.2645);
#2990=CYLINDRICAL_SURFACE('',#3324,1.2645);
#2991=CYLINDRICAL_SURFACE('',#3325,1.2645);
#2992=CYLINDRICAL_SURFACE('',#3326,1.2645);
#2993=CYLINDRICAL_SURFACE('',#3327,1.2645);
#2994=CYLINDRICAL_SURFACE('',#3328,1.2645);
#2995=CYLINDRICAL_SURFACE('',#3329,1.2645);
#2996=CYLINDRICAL_SURFACE('',#3330,1.2645);
#2997=CYLINDRICAL_SURFACE('',#3331,1.2645);
#2998=CYLINDRICAL_SURFACE('',#3332,1.2645);
#2999=CYLINDRICAL_SURFACE('',#3333,1.2645);
#3000=CYLINDRICAL_SURFACE('',#3335,5.);
#3001=CYLINDRICAL_SURFACE('',#3338,5.);
#3002=CYLINDRICAL_SURFACE('',#3345,5.);
#3003=CYLINDRICAL_SURFACE('',#3347,5.);
#3004=CYLINDRICAL_SURFACE('',#3354,5.);
#3005=CYLINDRICAL_SURFACE('',#3356,5.);
#3006=CYLINDRICAL_SURFACE('',#3363,5.);
#3007=CYLINDRICAL_SURFACE('',#3365,5.);
#3008=CYLINDRICAL_SURFACE('',#3378,1.543);
#3009=CYLINDRICAL_SURFACE('',#3380,1.2645);
#3010=CYLINDRICAL_SURFACE('',#3382,1.543);
#3011=CYLINDRICAL_SURFACE('',#3384,1.2645);
#3012=CYLINDRICAL_SURFACE('',#3385,1.543);
#3013=CYLINDRICAL_SURFACE('',#3386,5.);
#3014=CYLINDRICAL_SURFACE('',#3391,10.);
#3015=CYLINDRICAL_SURFACE('',#3395,10.);
#3016=CYLINDRICAL_SURFACE('',#3399,5.);
#3017=CYLINDRICAL_SURFACE('',#3402,60.);
#3018=CYLINDRICAL_SURFACE('',#3412,1.2645);
#3019=CYLINDRICAL_SURFACE('',#3413,1.543);
#3020=CYLINDRICAL_SURFACE('',#3414,1.543);
#3021=CYLINDRICAL_SURFACE('',#3415,1.543);
#3022=CYLINDRICAL_SURFACE('',#3416,1.2645);
#3023=CYLINDRICAL_SURFACE('',#3417,1.2645);
#3024=CYLINDRICAL_SURFACE('',#3418,1.2645);
#3025=CYLINDRICAL_SURFACE('',#3424,5.);
#3026=CYLINDRICAL_SURFACE('',#3426,3.275);
#3027=CYLINDRICAL_SURFACE('',#3427,18.8636027232617);
#3028=CYLINDRICAL_SURFACE('',#3429,5.);
#3029=ADVANCED_FACE('',(#92),#2892,.F.);
#3030=ADVANCED_FACE('',(#93),#2893,.F.);
#3031=ADVANCED_FACE('',(#94),#2894,.F.);
#3032=ADVANCED_FACE('',(#95),#2895,.F.);
#3033=ADVANCED_FACE('',(#96),#2896,.F.);
#3034=ADVANCED_FACE('',(#97),#2897,.F.);
#3035=ADVANCED_FACE('',(#98),#2898,.F.);
#3036=ADVANCED_FACE('',(#99),#2899,.F.);
#3037=ADVANCED_FACE('',(#100),#2900,.F.);
#3038=ADVANCED_FACE('',(#101),#2901,.F.);
#3039=ADVANCED_FACE('',(#102),#2902,.F.);
#3040=ADVANCED_FACE('',(#103),#2903,.F.);
#3041=ADVANCED_FACE('',(#104),#2904,.F.);
#3042=ADVANCED_FACE('',(#105),#2905,.F.);
#3043=ADVANCED_FACE('',(#106),#2906,.F.);
#3044=ADVANCED_FACE('',(#107),#2907,.F.);
#3045=ADVANCED_FACE('',(#108),#2908,.F.);
#3046=ADVANCED_FACE('',(#109),#2909,.F.);
#3047=ADVANCED_FACE('',(#110),#2910,.F.);
#3048=ADVANCED_FACE('',(#111),#2911,.F.);
#3049=ADVANCED_FACE('',(#112),#2912,.F.);
#3050=ADVANCED_FACE('',(#113),#2913,.F.);
#3051=ADVANCED_FACE('',(#114),#2914,.F.);
#3052=ADVANCED_FACE('',(#115),#2915,.F.);
#3053=ADVANCED_FACE('',(#116),#2916,.F.);
#3054=ADVANCED_FACE('',(#117),#2917,.F.);
#3055=ADVANCED_FACE('',(#118),#2918,.F.);
#3056=ADVANCED_FACE('',(#119),#2919,.F.);
#3057=ADVANCED_FACE('',(#120),#2920,.F.);
#3058=ADVANCED_FACE('',(#121),#2921,.F.);
#3059=ADVANCED_FACE('',(#122),#2922,.F.);
#3060=ADVANCED_FACE('',(#123),#2923,.F.);
#3061=ADVANCED_FACE('',(#124),#2924,.F.);
#3062=ADVANCED_FACE('',(#125),#2925,.F.);
#3063=ADVANCED_FACE('',(#126),#2926,.F.);
#3064=ADVANCED_FACE('',(#127),#2927,.F.);
#3065=ADVANCED_FACE('',(#128),#2928,.F.);
#3066=ADVANCED_FACE('',(#129),#2929,.F.);
#3067=ADVANCED_FACE('',(#130),#2930,.F.);
#3068=ADVANCED_FACE('',(#131),#2931,.F.);
#3069=ADVANCED_FACE('',(#132),#2932,.F.);
#3070=ADVANCED_FACE('',(#133),#2933,.F.);
#3071=ADVANCED_FACE('',(#134),#2934,.F.);
#3072=ADVANCED_FACE('',(#135),#2935,.F.);
#3073=ADVANCED_FACE('',(#136),#2936,.F.);
#3074=ADVANCED_FACE('',(#137),#2937,.F.);
#3075=ADVANCED_FACE('',(#138),#2938,.F.);
#3076=ADVANCED_FACE('',(#139),#2939,.F.);
#3077=ADVANCED_FACE('',(#140),#2940,.F.);
#3078=ADVANCED_FACE('',(#141),#2941,.F.);
#3079=ADVANCED_FACE('',(#142),#2942,.F.);
#3080=ADVANCED_FACE('',(#143),#2943,.F.);
#3081=ADVANCED_FACE('',(#144),#2944,.F.);
#3082=ADVANCED_FACE('',(#145),#2945,.F.);
#3083=ADVANCED_FACE('',(#146),#2946,.F.);
#3084=ADVANCED_FACE('',(#147),#2947,.F.);
#3085=ADVANCED_FACE('',(#148),#2948,.F.);
#3086=ADVANCED_FACE('',(#149),#2949,.F.);
#3087=ADVANCED_FACE('',(#150),#2950,.F.);
#3088=ADVANCED_FACE('',(#151),#2951,.F.);
#3089=ADVANCED_FACE('',(#152),#2952,.F.);
#3090=ADVANCED_FACE('',(#153),#2953,.F.);
#3091=ADVANCED_FACE('',(#154),#2954,.F.);
#3092=ADVANCED_FACE('',(#155),#2955,.F.);
#3093=ADVANCED_FACE('',(#156),#2956,.F.);
#3094=ADVANCED_FACE('',(#157),#2957,.F.);
#3095=ADVANCED_FACE('',(#158),#2958,.F.);
#3096=ADVANCED_FACE('',(#159),#2959,.F.);
#3097=ADVANCED_FACE('',(#160),#2960,.F.);
#3098=ADVANCED_FACE('',(#161),#2961,.F.);
#3099=ADVANCED_FACE('',(#162),#2962,.F.);
#3100=ADVANCED_FACE('',(#163),#2963,.F.);
#3101=ADVANCED_FACE('',(#164),#2964,.F.);
#3102=ADVANCED_FACE('',(#165),#2965,.F.);
#3103=ADVANCED_FACE('',(#166),#2966,.F.);
#3104=ADVANCED_FACE('',(#167),#2967,.F.);
#3105=ADVANCED_FACE('',(#168),#2968,.F.);
#3106=ADVANCED_FACE('',(#169),#2969,.F.);
#3107=ADVANCED_FACE('',(#170),#2970,.F.);
#3108=ADVANCED_FACE('',(#171),#2971,.F.);
#3109=ADVANCED_FACE('',(#172),#2972,.F.);
#3110=ADVANCED_FACE('',(#173),#2973,.F.);
#3111=ADVANCED_FACE('',(#174),#2974,.F.);
#3112=ADVANCED_FACE('',(#175),#2975,.F.);
#3113=ADVANCED_FACE('',(#176),#2976,.F.);
#3114=ADVANCED_FACE('',(#177),#2977,.F.);
#3115=ADVANCED_FACE('',(#178),#2978,.F.);
#3116=ADVANCED_FACE('',(#179),#2979,.F.);
#3117=ADVANCED_FACE('',(#180),#2980,.F.);
#3118=ADVANCED_FACE('',(#181),#2981,.F.);
#3119=ADVANCED_FACE('',(#182),#2982,.F.);
#3120=ADVANCED_FACE('',(#183),#2983,.F.);
#3121=ADVANCED_FACE('',(#184),#2984,.F.);
#3122=ADVANCED_FACE('',(#185),#2985,.F.);
#3123=ADVANCED_FACE('',(#186),#2986,.F.);
#3124=ADVANCED_FACE('',(#187),#2987,.F.);
#3125=ADVANCED_FACE('',(#188),#2988,.F.);
#3126=ADVANCED_FACE('',(#189),#2989,.F.);
#3127=ADVANCED_FACE('',(#190),#2990,.F.);
#3128=ADVANCED_FACE('',(#191),#2991,.F.);
#3129=ADVANCED_FACE('',(#192),#2992,.F.);
#3130=ADVANCED_FACE('',(#193),#2993,.F.);
#3131=ADVANCED_FACE('',(#194),#2994,.F.);
#3132=ADVANCED_FACE('',(#195),#2995,.F.);
#3133=ADVANCED_FACE('',(#196),#2996,.F.);
#3134=ADVANCED_FACE('',(#197),#2997,.F.);
#3135=ADVANCED_FACE('',(#198),#2998,.F.);
#3136=ADVANCED_FACE('',(#199),#2999,.F.);
#3137=ADVANCED_FACE('',(#200),#3000,.T.);
#3138=ADVANCED_FACE('',(#201),#3001,.T.);
#3139=ADVANCED_FACE('',(#202),#54,.T.);
#3140=ADVANCED_FACE('',(#203),#3002,.T.);
#3141=ADVANCED_FACE('',(#204),#3003,.T.);
#3142=ADVANCED_FACE('',(#205),#55,.T.);
#3143=ADVANCED_FACE('',(#206),#3004,.T.);
#3144=ADVANCED_FACE('',(#207),#3005,.T.);
#3145=ADVANCED_FACE('',(#208),#56,.T.);
#3146=ADVANCED_FACE('',(#209),#3006,.T.);
#3147=ADVANCED_FACE('',(#210),#3007,.T.);
#3148=ADVANCED_FACE('',(#211),#50,.T.);
#3149=ADVANCED_FACE('',(#212),#51,.T.);
#3150=ADVANCED_FACE('',(#213),#52,.T.);
#3151=ADVANCED_FACE('',(#214),#53,.T.);
#3152=ADVANCED_FACE('',(#215,#27),#32,.T.);
#3153=ADVANCED_FACE('',(#216),#15,.F.);
#3154=ADVANCED_FACE('',(#217),#3008,.F.);
#3155=ADVANCED_FACE('',(#218),#16,.F.);
#3156=ADVANCED_FACE('',(#219),#3009,.F.);
#3157=ADVANCED_FACE('',(#220),#17,.F.);
#3158=ADVANCED_FACE('',(#221),#3010,.F.);
#3159=ADVANCED_FACE('',(#222),#18,.F.);
#3160=ADVANCED_FACE('',(#223),#3011,.F.);
#3161=ADVANCED_FACE('',(#224),#19,.F.);
#3162=ADVANCED_FACE('',(#225),#3012,.F.);
#3163=ADVANCED_FACE('',(#226),#20,.F.);
#3164=ADVANCED_FACE('',(#227),#3013,.T.);
#3165=ADVANCED_FACE('',(#228),#33,.T.);
#3166=ADVANCED_FACE('',(#229),#34,.T.);
#3167=ADVANCED_FACE('',(#230),#3014,.F.);
#3168=ADVANCED_FACE('',(#231),#35,.T.);
#3169=ADVANCED_FACE('',(#232),#3015,.F.);
#3170=ADVANCED_FACE('',(#233),#36,.T.);
#3171=ADVANCED_FACE('',(#234),#3016,.T.);
#3172=ADVANCED_FACE('',(#235),#37,.T.);
#3173=ADVANCED_FACE('',(#236),#38,.F.);
#3174=ADVANCED_FACE('',(#237),#3017,.T.);
#3175=ADVANCED_FACE('',(#238,#28),#39,.T.);
#3176=ADVANCED_FACE('',(#239),#3018,.F.);
#3177=ADVANCED_FACE('',(#240),#21,.F.);
#3178=ADVANCED_FACE('',(#241),#22,.F.);
#3179=ADVANCED_FACE('',(#242),#23,.F.);
#3180=ADVANCED_FACE('',(#243),#3019,.F.);
#3181=ADVANCED_FACE('',(#244),#3020,.F.);
#3182=ADVANCED_FACE('',(#245),#24,.F.);
#3183=ADVANCED_FACE('',(#246),#25,.F.);
#3184=ADVANCED_FACE('',(#247),#3021,.F.);
#3185=ADVANCED_FACE('',(#248),#26,.F.);
#3186=ADVANCED_FACE('',(#249),#3022,.F.);
#3187=ADVANCED_FACE('',(#250),#3023,.F.);
#3188=ADVANCED_FACE('',(#251),#3024,.F.);
#3189=ADVANCED_FACE('',(#252),#40,.T.);
#3190=ADVANCED_FACE('',(#253),#41,.T.);
#3191=ADVANCED_FACE('',(#254,#29),#42,.F.);
#3192=ADVANCED_FACE('',(#255),#3025,.T.);
#3193=ADVANCED_FACE('',(#256),#43,.T.);
#3194=ADVANCED_FACE('',(#257),#3026,.F.);
#3195=ADVANCED_FACE('',(#258),#3027,.T.);
#3196=ADVANCED_FACE('',(#259),#44,.T.);
#3197=ADVANCED_FACE('',(#260),#3028,.T.);
#3198=ADVANCED_FACE('',(#261,#30,#31),#45,.T.);
#3199=ADVANCED_FACE('',(#262),#46,.T.);
#3200=ADVANCED_FACE('',(#263),#47,.T.);
#3201=ADVANCED_FACE('',(#264),#48,.T.);
#3202=ADVANCED_FACE('',(#265),#49,.T.);
#3203=CLOSED_SHELL('',(#3029,#3030,#3031,#3032,#3033,#3034,#3035,#3036,
#3037,#3038,#3039,#3040,#3041,#3042,#3043,#3044,#3045,#3046,#3047,#3048,
#3049,#3050,#3051,#3052,#3053,#3054,#3055,#3056,#3057,#3058,#3059,#3060,
#3061,#3062,#3063,#3064,#3065,#3066,#3067,#3068,#3069,#3070,#3071,#3072,
#3073,#3074,#3075,#3076,#3077,#3078,#3079,#3080,#3081,#3082,#3083,#3084,
#3085,#3086,#3087,#3088,#3089,#3090,#3091,#3092,#3093,#3094,#3095,#3096,
#3097,#3098,#3099,#3100,#3101,#3102,#3103,#3104,#3105,#3106,#3107,#3108,
#3109,#3110,#3111,#3112,#3113,#3114,#3115,#3116,#3117,#3118,#3119,#3120,
#3121,#3122,#3123,#3124,#3125,#3126,#3127,#3128,#3129,#3130,#3131,#3132,
#3133,#3134,#3135,#3136,#3137,#3138,#3139,#3140,#3141,#3142,#3143,#3144,
#3145,#3146,#3147,#3148,#3149,#3150,#3151,#3152,#3153,#3154,#3155,#3156,
#3157,#3158,#3159,#3160,#3161,#3162,#3163,#3164,#3165,#3166,#3167,#3168,
#3169,#3170,#3171,#3172,#3173,#3174,#3175,#3176,#3177,#3178,#3179,#3180,
#3181,#3182,#3183,#3184,#3185,#3186,#3187,#3188,#3189,#3190,#3191,#3192,
#3193,#3194,#3195,#3196,#3197,#3198,#3199,#3200,#3201,#3202));
#3204=DERIVED_UNIT_ELEMENT(#3206,1.);
#3205=DERIVED_UNIT_ELEMENT(#12179,-3.);
#3206=(
MASS_UNIT()
NAMED_UNIT(*)
SI_UNIT(.KILO.,.GRAM.)
);
#3207=DERIVED_UNIT((#3204,#3205));
#3208=MEASURE_REPRESENTATION_ITEM('density measure',
POSITIVE_RATIO_MEASURE(7850.),#3207);
#3209=PROPERTY_DEFINITION_REPRESENTATION(#3214,#3211);
#3210=PROPERTY_DEFINITION_REPRESENTATION(#3215,#3212);
#3211=REPRESENTATION('material name',(#3213),#12176);
#3212=REPRESENTATION('density',(#3208),#12176);
#3213=DESCRIPTIVE_REPRESENTATION_ITEM('Steel','Steel');
#3214=PROPERTY_DEFINITION('material property','material name',#12186);
#3215=PROPERTY_DEFINITION('material property','density of part',#12186);
#3216=AXIS2_PLACEMENT_3D('',#4043,#3435,#3436);
#3217=AXIS2_PLACEMENT_3D('',#4044,#3437,#3438);
#3218=AXIS2_PLACEMENT_3D('',#4049,#3440,#3441);
#3219=AXIS2_PLACEMENT_3D('',#4068,#3442,#3443);
#3220=AXIS2_PLACEMENT_3D('',#4088,#3444,#3445);
#3221=AXIS2_PLACEMENT_3D('',#4112,#3447,#3448);
#3222=AXIS2_PLACEMENT_3D('',#4135,#3449,#3450);
#3223=AXIS2_PLACEMENT_3D('',#4186,#3452,#3453);
#3224=AXIS2_PLACEMENT_3D('',#4237,#3455,#3456);
#3225=AXIS2_PLACEMENT_3D('',#4285,#3458,#3459);
#3226=AXIS2_PLACEMENT_3D('',#4336,#3461,#3462);
#3227=AXIS2_PLACEMENT_3D('',#4387,#3464,#3465);
#3228=AXIS2_PLACEMENT_3D('',#4435,#3467,#3468);
#3229=AXIS2_PLACEMENT_3D('',#4486,#3470,#3471);
#3230=AXIS2_PLACEMENT_3D('',#4537,#3473,#3474);
#3231=AXIS2_PLACEMENT_3D('',#4585,#3476,#3477);
#3232=AXIS2_PLACEMENT_3D('',#4633,#3479,#3480);
#3233=AXIS2_PLACEMENT_3D('',#4684,#3482,#3483);
#3234=AXIS2_PLACEMENT_3D('',#4735,#3485,#3486);
#3235=AXIS2_PLACEMENT_3D('',#4783,#3488,#3489);
#3236=AXIS2_PLACEMENT_3D('',#4834,#3491,#3492);
#3237=AXIS2_PLACEMENT_3D('',#4885,#3494,#3495);
#3238=AXIS2_PLACEMENT_3D('',#4933,#3497,#3498);
#3239=AXIS2_PLACEMENT_3D('',#4984,#3500,#3501);
#3240=AXIS2_PLACEMENT_3D('',#5035,#3503,#3504);
#3241=AXIS2_PLACEMENT_3D('',#5083,#3506,#3507);
#3242=AXIS2_PLACEMENT_3D('',#5131,#3509,#3510);
#3243=AXIS2_PLACEMENT_3D('',#5182,#3512,#3513);
#3244=AXIS2_PLACEMENT_3D('',#5233,#3515,#3516);
#3245=AXIS2_PLACEMENT_3D('',#5281,#3518,#3519);
#3246=AXIS2_PLACEMENT_3D('',#5332,#3521,#3522);
#3247=AXIS2_PLACEMENT_3D('',#5351,#3524,#3525);
#3248=AXIS2_PLACEMENT_3D('',#5371,#3526,#3527);
#3249=AXIS2_PLACEMENT_3D('',#5386,#3529,#3530);
#3250=AXIS2_PLACEMENT_3D('',#5396,#3531,#3532);
#3251=AXIS2_PLACEMENT_3D('',#5421,#3534,#3535);
#3252=AXIS2_PLACEMENT_3D('',#5445,#3537,#3538);
#3253=AXIS2_PLACEMENT_3D('',#5470,#3540,#3541);
#3254=AXIS2_PLACEMENT_3D('',#5495,#3543,#3544);
#3255=AXIS2_PLACEMENT_3D('',#5519,#3546,#3547);
#3256=AXIS2_PLACEMENT_3D('',#5544,#3549,#3550);
#3257=AXIS2_PLACEMENT_3D('',#5569,#3552,#3553);
#3258=AXIS2_PLACEMENT_3D('',#5593,#3555,#3556);
#3259=AXIS2_PLACEMENT_3D('',#5618,#3558,#3559);
#3260=AXIS2_PLACEMENT_3D('',#5642,#3561,#3562);
#3261=AXIS2_PLACEMENT_3D('',#5667,#3564,#3565);
#3262=AXIS2_PLACEMENT_3D('',#5691,#3567,#3568);
#3263=AXIS2_PLACEMENT_3D('',#5716,#3570,#3571);
#3264=AXIS2_PLACEMENT_3D('',#5741,#3573,#3574);
#3265=AXIS2_PLACEMENT_3D('',#5765,#3576,#3577);
#3266=AXIS2_PLACEMENT_3D('',#5790,#3579,#3580);
#3267=AXIS2_PLACEMENT_3D('',#5815,#3582,#3583);
#3268=AXIS2_PLACEMENT_3D('',#5839,#3585,#3586);
#3269=AXIS2_PLACEMENT_3D('',#5864,#3588,#3589);
#3270=AXIS2_PLACEMENT_3D('',#5888,#3591,#3592);
#3271=AXIS2_PLACEMENT_3D('',#5913,#3594,#3595);
#3272=AXIS2_PLACEMENT_3D('',#5937,#3597,#3598);
#3273=AXIS2_PLACEMENT_3D('',#5962,#3600,#3601);
#3274=AXIS2_PLACEMENT_3D('',#5987,#3603,#3604);
#3275=AXIS2_PLACEMENT_3D('',#6011,#3606,#3607);
#3276=AXIS2_PLACEMENT_3D('',#6022,#3609,#3610);
#3277=AXIS2_PLACEMENT_3D('',#6028,#3611,#3612);
#3278=AXIS2_PLACEMENT_3D('',#6056,#3614,#3615);
#3279=AXIS2_PLACEMENT_3D('',#6081,#3617,#3618);
#3280=AXIS2_PLACEMENT_3D('',#6105,#3620,#3621);
#3281=AXIS2_PLACEMENT_3D('',#6130,#3623,#3624);
#3282=AXIS2_PLACEMENT_3D('',#6155,#3626,#3627);
#3283=AXIS2_PLACEMENT_3D('',#6179,#3629,#3630);
#3284=AXIS2_PLACEMENT_3D('',#6204,#3632,#3633);
#3285=AXIS2_PLACEMENT_3D('',#6229,#3635,#3636);
#3286=AXIS2_PLACEMENT_3D('',#6253,#3638,#3639);
#3287=AXIS2_PLACEMENT_3D('',#6278,#3641,#3642);
#3288=AXIS2_PLACEMENT_3D('',#6302,#3644,#3645);
#3289=AXIS2_PLACEMENT_3D('',#6327,#3647,#3648);
#3290=AXIS2_PLACEMENT_3D('',#6351,#3650,#3651);
#3291=AXIS2_PLACEMENT_3D('',#6376,#3653,#3654);
#3292=AXIS2_PLACEMENT_3D('',#6401,#3656,#3657);
#3293=AXIS2_PLACEMENT_3D('',#6425,#3659,#3660);
#3294=AXIS2_PLACEMENT_3D('',#6450,#3662,#3663);
#3295=AXIS2_PLACEMENT_3D('',#6475,#3665,#3666);
#3296=AXIS2_PLACEMENT_3D('',#6499,#3668,#3669);
#3297=AXIS2_PLACEMENT_3D('',#6524,#3671,#3672);
#3298=AXIS2_PLACEMENT_3D('',#6548,#3674,#3675);
#3299=AXIS2_PLACEMENT_3D('',#6573,#3677,#3678);
#3300=AXIS2_PLACEMENT_3D('',#6597,#3680,#3681);
#3301=AXIS2_PLACEMENT_3D('',#6622,#3683,#3684);
#3302=AXIS2_PLACEMENT_3D('',#6647,#3686,#3687);
#3303=AXIS2_PLACEMENT_3D('',#6671,#3689,#3690);
#3304=AXIS2_PLACEMENT_3D('',#6682,#3692,#3693);
#3305=AXIS2_PLACEMENT_3D('',#6688,#3694,#3695);
#3306=AXIS2_PLACEMENT_3D('',#6693,#3697,#3698);
#3307=AXIS2_PLACEMENT_3D('',#6737,#3699,#3700);
#3308=AXIS2_PLACEMENT_3D('',#6761,#3702,#3703);
#3309=AXIS2_PLACEMENT_3D('',#6784,#3704,#3705);
#3310=AXIS2_PLACEMENT_3D('',#6835,#3707,#3708);
#3311=AXIS2_PLACEMENT_3D('',#6886,#3710,#3711);
#3312=AXIS2_PLACEMENT_3D('',#6934,#3713,#3714);
#3313=AXIS2_PLACEMENT_3D('',#6985,#3716,#3717);
#3314=AXIS2_PLACEMENT_3D('',#7036,#3719,#3720);
#3315=AXIS2_PLACEMENT_3D('',#7084,#3722,#3723);
#3316=AXIS2_PLACEMENT_3D('',#7135,#3725,#3726);
#3317=AXIS2_PLACEMENT_3D('',#7186,#3728,#3729);
#3318=AXIS2_PLACEMENT_3D('',#7234,#3731,#3732);
#3319=AXIS2_PLACEMENT_3D('',#7282,#3734,#3735);
#3320=AXIS2_PLACEMENT_3D('',#7333,#3737,#3738);
#3321=AXIS2_PLACEMENT_3D('',#7384,#3740,#3741);
#3322=AXIS2_PLACEMENT_3D('',#7432,#3743,#3744);
#3323=AXIS2_PLACEMENT_3D('',#7483,#3746,#3747);
#3324=AXIS2_PLACEMENT_3D('',#7534,#3749,#3750);
#3325=AXIS2_PLACEMENT_3D('',#7582,#3752,#3753);
#3326=AXIS2_PLACEMENT_3D('',#7633,#3755,#3756);
#3327=AXIS2_PLACEMENT_3D('',#7684,#3758,#3759);
#3328=AXIS2_PLACEMENT_3D('',#7732,#3761,#3762);
#3329=AXIS2_PLACEMENT_3D('',#7780,#3764,#3765);
#3330=AXIS2_PLACEMENT_3D('',#7831,#3767,#3768);
#3331=AXIS2_PLACEMENT_3D('',#7882,#3770,#3771);
#3332=AXIS2_PLACEMENT_3D('',#7930,#3773,#3774);
#3333=AXIS2_PLACEMENT_3D('',#7981,#3776,#3777);
#3334=AXIS2_PLACEMENT_3D('',#8000,#3779,#3780);
#3335=AXIS2_PLACEMENT_3D('',#8020,#3781,#3782);
#3336=AXIS2_PLACEMENT_3D('',#8023,#3783,#3784);
#3337=AXIS2_PLACEMENT_3D('',#8027,#3786,#3787);
#3338=AXIS2_PLACEMENT_3D('',#8029,#3789,#3790);
#3339=AXIS2_PLACEMENT_3D('',#8032,#3791,#3792);
#3340=AXIS2_PLACEMENT_3D('',#8036,#3794,#3795);
#3341=AXIS2_PLACEMENT_3D('',#8038,#3797,#3798);
#3342=AXIS2_PLACEMENT_3D('',#8041,#3799,#3800);
#3343=AXIS2_PLACEMENT_3D('',#8042,#3801,#3802);
#3344=AXIS2_PLACEMENT_3D('',#8043,#3803,#3804);
#3345=AXIS2_PLACEMENT_3D('',#8044,#3805,#3806);
#3346=AXIS2_PLACEMENT_3D('',#8046,#3807,#3808);
#3347=AXIS2_PLACEMENT_3D('',#8049,#3811,#3812);
#3348=AXIS2_PLACEMENT_3D('',#8052,#3813,#3814);
#3349=AXIS2_PLACEMENT_3D('',#8056,#3816,#3817);
#3350=AXIS2_PLACEMENT_3D('',#8058,#3819,#3820);
#3351=AXIS2_PLACEMENT_3D('',#8061,#3821,#3822);
#3352=AXIS2_PLACEMENT_3D('',#8062,#3823,#3824);
#3353=AXIS2_PLACEMENT_3D('',#8063,#3825,#3826);
#3354=AXIS2_PLACEMENT_3D('',#8064,#3827,#3828);
#3355=AXIS2_PLACEMENT_3D('',#8066,#3829,#3830);
#3356=AXIS2_PLACEMENT_3D('',#8069,#3833,#3834);
#3357=AXIS2_PLACEMENT_3D('',#8091,#3836,#3837);
#3358=AXIS2_PLACEMENT_3D('',#8095,#3839,#3840);
#3359=AXIS2_PLACEMENT_3D('',#8182,#3842,#3843);
#3360=AXIS2_PLACEMENT_3D('',#8185,#3844,#3845);
#3361=AXIS2_PLACEMENT_3D('',#8186,#3846,#3847);
#3362=AXIS2_PLACEMENT_3D('',#8187,#3848,#3849);
#3363=AXIS2_PLACEMENT_3D('',#8188,#3850,#3851);
#3364=AXIS2_PLACEMENT_3D('',#8190,#3852,#3853);
#3365=AXIS2_PLACEMENT_3D('',#8193,#3856,#3857);
#3366=AXIS2_PLACEMENT_3D('',#8196,#3858,#3859);
#3367=AXIS2_PLACEMENT_3D('',#8199,#3861,#3862);
#3368=AXIS2_PLACEMENT_3D('',#8201,#3864,#3865);
#3369=AXIS2_PLACEMENT_3D('',#8202,#3866,#3867);
#3370=AXIS2_PLACEMENT_3D('',#8203,#3868,#3869);
#3371=AXIS2_PLACEMENT_3D('',#8204,#3870,#3871);
#3372=AXIS2_PLACEMENT_3D('',#8205,#3872,#3873);
#3373=AXIS2_PLACEMENT_3D('',#8206,#3874,#3875);
#3374=AXIS2_PLACEMENT_3D('',#8207,#3876,#3877);
#3375=AXIS2_PLACEMENT_3D('',#8208,#3878,#3879);
#3376=AXIS2_PLACEMENT_3D('',#8209,#3880,#3881);
#3377=AXIS2_PLACEMENT_3D('',#8212,#3883,#3884);
#3378=AXIS2_PLACEMENT_3D('',#8279,#3885,#3886);
#3379=AXIS2_PLACEMENT_3D('',#8287,#3887,#3888);
#3380=AXIS2_PLACEMENT_3D('',#8339,#3889,#3890);
#3381=AXIS2_PLACEMENT_3D('',#8354,#3891,#3892);
#3382=AXIS2_PLACEMENT_3D('',#8407,#3893,#3894);
#3383=AXIS2_PLACEMENT_3D('',#8417,#3895,#3896);
#3384=AXIS2_PLACEMENT_3D('',#8458,#3897,#3898);
#3385=AXIS2_PLACEMENT_3D('',#9300,#3899,#3900);
#3386=AXIS2_PLACEMENT_3D('',#10090,#3901,#3902);
#3387=AXIS2_PLACEMENT_3D('',#10093,#3903,#3904);
#3388=AXIS2_PLACEMENT_3D('',#10097,#3906,#3907);
#3389=AXIS2_PLACEMENT_3D('',#10099,#3909,#3910);
#3390=AXIS2_PLACEMENT_3D('',#10112,#3918,#3919);
#3391=AXIS2_PLACEMENT_3D('',#10118,#3923,#3924);
#3392=AXIS2_PLACEMENT_3D('',#10129,#3925,#3926);
#3393=AXIS2_PLACEMENT_3D('',#10132,#3928,#3929);
#3394=AXIS2_PLACEMENT_3D('',#10133,#3930,#3931);
#3395=AXIS2_PLACEMENT_3D('',#10137,#3934,#3935);
#3396=AXIS2_PLACEMENT_3D('',#10139,#3936,#3937);
#3397=AXIS2_PLACEMENT_3D('',#10150,#3938,#3939);
#3398=AXIS2_PLACEMENT_3D('',#10152,#3941,#3942);
#3399=AXIS2_PLACEMENT_3D('',#10156,#3945,#3946);
#3400=AXIS2_PLACEMENT_3D('',#10159,#3949,#3950);
#3401=AXIS2_PLACEMENT_3D('',#10161,#3952,#3953);
#3402=AXIS2_PLACEMENT_3D('',#10172,#3960,#3961);
#3403=AXIS2_PLACEMENT_3D('',#10174,#3963,#3964);
#3404=AXIS2_PLACEMENT_3D('',#10175,#3965,#3966);
#3405=AXIS2_PLACEMENT_3D('',#10192,#3967,#3968);
#3406=AXIS2_PLACEMENT_3D('',#10214,#3969,#3970);
#3407=AXIS2_PLACEMENT_3D('',#10225,#3971,#3972);
#3408=AXIS2_PLACEMENT_3D('',#10244,#3973,#3974);
#3409=AXIS2_PLACEMENT_3D('',#10263,#3975,#3976);
#3410=AXIS2_PLACEMENT_3D('',#10319,#3977,#3978);
#3411=AXIS2_PLACEMENT_3D('',#10334,#3979,#3980);
#3412=AXIS2_PLACEMENT_3D('',#10335,#3981,#3982);
#3413=AXIS2_PLACEMENT_3D('',#11223,#3983,#3984);
#3414=AXIS2_PLACEMENT_3D('',#11235,#3985,#3986);
#3415=AXIS2_PLACEMENT_3D('',#12092,#3987,#3988);
#3416=AXIS2_PLACEMENT_3D('',#12133,#3989,#3990);
#3417=AXIS2_PLACEMENT_3D('',#12134,#3991,#3992);
#3418=AXIS2_PLACEMENT_3D('',#12135,#3993,#3994);
#3419=AXIS2_PLACEMENT_3D('',#12136,#3995,#3996);
#3420=AXIS2_PLACEMENT_3D('',#12142,#4000,#4001);
#3421=AXIS2_PLACEMENT_3D('',#12146,#4004,#4005);
#3422=AXIS2_PLACEMENT_3D('',#12150,#4007,#4008);
#3423=AXIS2_PLACEMENT_3D('',#12153,#4010,#4011);
#3424=AXIS2_PLACEMENT_3D('',#12154,#4012,#4013);
#3425=AXIS2_PLACEMENT_3D('',#12156,#4015,#4016);
#3426=AXIS2_PLACEMENT_3D('',#12158,#4018,#4019);
#3427=AXIS2_PLACEMENT_3D('',#12160,#4021,#4022);
#3428=AXIS2_PLACEMENT_3D('',#12162,#4024,#4025);
#3429=AXIS2_PLACEMENT_3D('',#12164,#4027,#4028);
#3430=AXIS2_PLACEMENT_3D('',#12165,#4029,#4030);
#3431=AXIS2_PLACEMENT_3D('',#12167,#4032,#4033);
#3432=AXIS2_PLACEMENT_3D('',#12169,#4035,#4036);
#3433=AXIS2_PLACEMENT_3D('',#12171,#4038,#4039);
#3434=AXIS2_PLACEMENT_3D('',#12173,#4041,#4042);
#3435=DIRECTION('axis',(0.,0.,1.));
#3436=DIRECTION('refdir',(1.,0.,0.));
#3437=DIRECTION('center_axis',(0.,0.,1.));
#3438=DIRECTION('ref_axis',(-1.,0.,0.));
#3439=DIRECTION('',(0.,0.,1.));
#3440=DIRECTION('center_axis',(-0.434909899068405,0.,-0.900473975022216));
#3441=DIRECTION('ref_axis',(-0.900473975022216,0.,0.434909899068405));
#3442=DIRECTION('center_axis',(-0.434909899068405,0.,-0.900473975022216));
#3443=DIRECTION('ref_axis',(-0.900473975022216,0.,0.434909899068405));
#3444=DIRECTION('center_axis',(0.,0.,1.));
#3445=DIRECTION('ref_axis',(-1.,0.,0.));
#3446=DIRECTION('',(0.,0.,1.));
#3447=DIRECTION('center_axis',(-0.434909899068405,0.,-0.900473975022216));
#3448=DIRECTION('ref_axis',(-0.900473975022216,0.,0.434909899068405));
#3449=DIRECTION('center_axis',(0.,0.,1.));
#3450=DIRECTION('ref_axis',(-1.,0.,0.));
#3451=DIRECTION('',(0.,0.,1.));
#3452=DIRECTION('center_axis',(0.,0.,1.));
#3453=DIRECTION('ref_axis',(-1.,0.,0.));
#3454=DIRECTION('',(0.,0.,1.));
#3455=DIRECTION('center_axis',(0.,0.,1.));
#3456=DIRECTION('ref_axis',(-1.,0.,0.));
#3457=DIRECTION('',(0.,0.,1.));
#3458=DIRECTION('center_axis',(0.,0.,1.));
#3459=DIRECTION('ref_axis',(-1.,0.,0.));
#3460=DIRECTION('',(0.,0.,1.));
#3461=DIRECTION('center_axis',(0.,0.,1.));
#3462=DIRECTION('ref_axis',(-1.,0.,0.));
#3463=DIRECTION('',(0.,0.,1.));
#3464=DIRECTION('center_axis',(0.,0.,1.));
#3465=DIRECTION('ref_axis',(-1.,0.,0.));
#3466=DIRECTION('',(0.,0.,1.));
#3467=DIRECTION('center_axis',(0.,0.,1.));
#3468=DIRECTION('ref_axis',(-1.,0.,0.));
#3469=DIRECTION('',(0.,0.,1.));
#3470=DIRECTION('center_axis',(0.,0.,1.));
#3471=DIRECTION('ref_axis',(-1.,0.,0.));
#3472=DIRECTION('',(0.,0.,1.));
#3473=DIRECTION('center_axis',(0.,0.,1.));
#3474=DIRECTION('ref_axis',(-1.,0.,0.));
#3475=DIRECTION('',(0.,0.,1.));
#3476=DIRECTION('center_axis',(0.,0.,1.));
#3477=DIRECTION('ref_axis',(-1.,0.,0.));
#3478=DIRECTION('',(0.,0.,1.));
#3479=DIRECTION('center_axis',(0.,0.,1.));
#3480=DIRECTION('ref_axis',(-1.,0.,0.));
#3481=DIRECTION('',(0.,0.,1.));
#3482=DIRECTION('center_axis',(0.,0.,1.));
#3483=DIRECTION('ref_axis',(-1.,0.,0.));
#3484=DIRECTION('',(0.,0.,1.));
#3485=DIRECTION('center_axis',(0.,0.,1.));
#3486=DIRECTION('ref_axis',(-1.,0.,0.));
#3487=DIRECTION('',(0.,0.,1.));
#3488=DIRECTION('center_axis',(0.,0.,1.));
#3489=DIRECTION('ref_axis',(-1.,0.,0.));
#3490=DIRECTION('',(0.,0.,1.));
#3491=DIRECTION('center_axis',(0.,0.,1.));
#3492=DIRECTION('ref_axis',(-1.,0.,0.));
#3493=DIRECTION('',(0.,0.,1.));
#3494=DIRECTION('center_axis',(0.,0.,1.));
#3495=DIRECTION('ref_axis',(-1.,0.,0.));
#3496=DIRECTION('',(0.,0.,1.));
#3497=DIRECTION('center_axis',(0.,0.,1.));
#3498=DIRECTION('ref_axis',(-1.,0.,0.));
#3499=DIRECTION('',(0.,0.,1.));
#3500=DIRECTION('center_axis',(0.,0.,1.));
#3501=DIRECTION('ref_axis',(-1.,0.,0.));
#3502=DIRECTION('',(0.,0.,1.));
#3503=DIRECTION('center_axis',(0.,0.,1.));
#3504=DIRECTION('ref_axis',(-1.,0.,0.));
#3505=DIRECTION('',(0.,0.,1.));
#3506=DIRECTION('center_axis',(0.,0.,1.));
#3507=DIRECTION('ref_axis',(-1.,0.,0.));
#3508=DIRECTION('',(0.,0.,1.));
#3509=DIRECTION('center_axis',(0.,0.,1.));
#3510=DIRECTION('ref_axis',(-1.,0.,0.));
#3511=DIRECTION('',(0.,0.,1.));
#3512=DIRECTION('center_axis',(0.,0.,1.));
#3513=DIRECTION('ref_axis',(-1.,0.,0.));
#3514=DIRECTION('',(0.,0.,1.));
#3515=DIRECTION('center_axis',(0.,0.,1.));
#3516=DIRECTION('ref_axis',(-1.,0.,0.));
#3517=DIRECTION('',(0.,0.,1.));
#3518=DIRECTION('center_axis',(0.,0.,1.));
#3519=DIRECTION('ref_axis',(-1.,0.,0.));
#3520=DIRECTION('',(0.,0.,1.));
#3521=DIRECTION('center_axis',(0.,0.,1.));
#3522=DIRECTION('ref_axis',(-0.937367783359638,-0.34834126760899,0.));
#3523=DIRECTION('',(0.,0.,1.));
#3524=DIRECTION('center_axis',(0.,0.,1.));
#3525=DIRECTION('ref_axis',(-1.,0.,0.));
#3526=DIRECTION('center_axis',(0.,0.,1.));
#3527=DIRECTION('ref_axis',(-0.902847198076114,0.429961552846426,0.));
#3528=DIRECTION('',(-1.22464679914735E-16,1.76082178713489E-29,1.));
#3529=DIRECTION('center_axis',(-0.434909899068405,0.,-0.900473975022216));
#3530=DIRECTION('ref_axis',(-0.900473975022216,1.29582234626753E-13,0.434909899068405));
#3531=DIRECTION('center_axis',(0.,0.,1.));
#3532=DIRECTION('ref_axis',(-1.,1.4390447500002E-13,0.));
#3533=DIRECTION('',(-1.22464679914735E-16,1.76082178713489E-29,1.));
#3534=DIRECTION('center_axis',(0.,0.,1.));
#3535=DIRECTION('ref_axis',(-1.,1.4390447500002E-13,0.));
#3536=DIRECTION('',(-1.22464679914735E-16,1.76082178713489E-29,1.));
#3537=DIRECTION('center_axis',(0.,0.,1.));
#3538=DIRECTION('ref_axis',(-1.,1.4390447500002E-13,0.));
#3539=DIRECTION('',(-1.22464679914735E-16,1.76082178713489E-29,1.));
#3540=DIRECTION('center_axis',(0.,0.,1.));
#3541=DIRECTION('ref_axis',(-1.,1.4390447500002E-13,0.));
#3542=DIRECTION('',(-1.22464679914735E-16,1.76082178713489E-29,1.));
#3543=DIRECTION('center_axis',(0.,0.,1.));
#3544=DIRECTION('ref_axis',(-1.,1.4390447500002E-13,0.));
#3545=DIRECTION('',(-1.22464679914735E-16,1.76082178713489E-29,1.));
#3546=DIRECTION('center_axis',(0.,0.,1.));
#3547=DIRECTION('ref_axis',(-1.,1.4390447500002E-13,0.));
#3548=DIRECTION('',(-1.22464679914735E-16,1.76082178713489E-29,1.));
#3549=DIRECTION('center_axis',(0.,0.,1.));
#3550=DIRECTION('ref_axis',(-1.,1.4390447500002E-13,0.));
#3551=DIRECTION('',(-1.22464679914735E-16,1.76082178713489E-29,1.));
#3552=DIRECTION('center_axis',(0.,0.,1.));
#3553=DIRECTION('ref_axis',(-1.,1.4390447500002E-13,0.));
#3554=DIRECTION('',(-1.22464679914735E-16,1.76082178713489E-29,1.));
#3555=DIRECTION('center_axis',(0.,0.,1.));
#3556=DIRECTION('ref_axis',(-1.,1.4390447500002E-13,0.));
#3557=DIRECTION('',(-1.22464679914735E-16,1.76082178713489E-29,1.));
#3558=DIRECTION('center_axis',(0.,0.,1.));
#3559=DIRECTION('ref_axis',(-1.,1.4390447500002E-13,0.));
#3560=DIRECTION('',(-1.22464679914735E-16,1.76082178713489E-29,1.));
#3561=DIRECTION('center_axis',(0.,0.,1.));
#3562=DIRECTION('ref_axis',(-1.,1.4390447500002E-13,0.));
#3563=DIRECTION('',(-1.22464679914735E-16,1.76082178713489E-29,1.));
#3564=DIRECTION('center_axis',(0.,0.,1.));
#3565=DIRECTION('ref_axis',(-1.,1.4390447500002E-13,0.));
#3566=DIRECTION('',(-1.22464679914735E-16,1.76082178713489E-29,1.));
#3567=DIRECTION('center_axis',(0.,0.,1.));
#3568=DIRECTION('ref_axis',(-1.,1.4390447500002E-13,0.));
#3569=DIRECTION('',(-1.22464679914735E-16,1.76082178713489E-29,1.));
#3570=DIRECTION('center_axis',(0.,0.,1.));
#3571=DIRECTION('ref_axis',(-1.,1.4390447500002E-13,0.));
#3572=DIRECTION('',(-1.22464679914735E-16,1.76082178713489E-29,1.));
#3573=DIRECTION('center_axis',(0.,0.,1.));
#3574=DIRECTION('ref_axis',(-1.,1.4390447500002E-13,0.));
#3575=DIRECTION('',(-1.22464679914735E-16,1.76082178713489E-29,1.));
#3576=DIRECTION('center_axis',(0.,0.,1.));
#3577=DIRECTION('ref_axis',(-1.,1.4390447500002E-13,0.));
#3578=DIRECTION('',(-1.22464679914735E-16,1.76082178713489E-29,1.));
#3579=DIRECTION('center_axis',(0.,0.,1.));
#3580=DIRECTION('ref_axis',(-1.,1.4390447500002E-13,0.));
#3581=DIRECTION('',(-1.22464679914735E-16,1.76082178713489E-29,1.));
#3582=DIRECTION('center_axis',(0.,0.,1.));
#3583=DIRECTION('ref_axis',(-1.,1.4390447500002E-13,0.));
#3584=DIRECTION('',(-1.22464679914735E-16,1.76082178713489E-29,1.));
#3585=DIRECTION('center_axis',(0.,0.,1.));
#3586=DIRECTION('ref_axis',(-1.,1.4390447500002E-13,0.));
#3587=DIRECTION('',(-1.22464679914735E-16,1.76082178713489E-29,1.));
#3588=DIRECTION('center_axis',(0.,0.,1.));
#3589=DIRECTION('ref_axis',(-1.,1.4390447500002E-13,0.));
#3590=DIRECTION('',(-1.22464679914735E-16,1.76082178713489E-29,1.));
#3591=DIRECTION('center_axis',(0.,0.,1.));
#3592=DIRECTION('ref_axis',(-1.,1.4390447500002E-13,0.));
#3593=DIRECTION('',(-1.22464679914735E-16,1.76082178713489E-29,1.));
#3594=DIRECTION('center_axis',(0.,0.,1.));
#3595=DIRECTION('ref_axis',(-1.,1.4390447500002E-13,0.));
#3596=DIRECTION('',(-1.22464679914735E-16,1.76082178713489E-29,1.));
#3597=DIRECTION('center_axis',(0.,0.,1.));
#3598=DIRECTION('ref_axis',(-1.,1.4390447500002E-13,0.));
#3599=DIRECTION('',(-1.22464679914735E-16,1.76082178713489E-29,1.));
#3600=DIRECTION('center_axis',(0.,0.,1.));
#3601=DIRECTION('ref_axis',(-1.,1.4390447500002E-13,0.));
#3602=DIRECTION('',(-1.22464679914735E-16,1.76082178713489E-29,1.));
#3603=DIRECTION('center_axis',(0.,0.,1.));
#3604=DIRECTION('ref_axis',(-1.,1.4390447500002E-13,0.));
#3605=DIRECTION('',(-1.22464679914735E-16,1.76082178713489E-29,1.));
#3606=DIRECTION('center_axis',(0.,0.,1.));
#3607=DIRECTION('ref_axis',(0.609218344637038,-0.793002527459848,0.));
#3608=DIRECTION('',(-1.22464679914735E-16,1.76082178713489E-29,1.));
#3609=DIRECTION('center_axis',(0.,0.,1.));
#3610=DIRECTION('ref_axis',(-1.,1.4390447500002E-13,0.));
#3611=DIRECTION('center_axis',(0.,0.,1.));
#3612=DIRECTION('ref_axis',(-0.87958079147261,0.475749546791604,0.));
#3613=DIRECTION('',(-1.22464679914735E-16,1.67270570978901E-29,1.));
#3614=DIRECTION('center_axis',(0.,0.,1.));
#3615=DIRECTION('ref_axis',(-1.,1.36709251250019E-13,0.));
#3616=DIRECTION('',(-1.22464679914735E-16,1.67270570978901E-29,1.));
#3617=DIRECTION('center_axis',(0.,0.,1.));
#3618=DIRECTION('ref_axis',(-1.,1.36709251250019E-13,0.));
#3619=DIRECTION('',(-1.22464679914735E-16,1.67270570978901E-29,1.));
#3620=DIRECTION('center_axis',(0.,0.,1.));
#3621=DIRECTION('ref_axis',(-1.,1.36709251250019E-13,0.));
#3622=DIRECTION('',(-1.22464679914735E-16,1.67270570978901E-29,1.));
#3623=DIRECTION('center_axis',(0.,0.,1.));
#3624=DIRECTION('ref_axis',(-1.,1.36709251250019E-13,0.));
#3625=DIRECTION('',(-1.22464679914735E-16,1.67270570978901E-29,1.));
#3626=DIRECTION('center_axis',(0.,0.,1.));
#3627=DIRECTION('ref_axis',(-1.,1.36709251250019E-13,0.));
#3628=DIRECTION('',(-1.22464679914735E-16,1.67270570978901E-29,1.));
#3629=DIRECTION('center_axis',(0.,0.,1.));
#3630=DIRECTION('ref_axis',(-1.,1.36709251250019E-13,0.));
#3631=DIRECTION('',(-1.22464679914735E-16,1.67270570978901E-29,1.));
#3632=DIRECTION('center_axis',(0.,0.,1.));
#3633=DIRECTION('ref_axis',(-1.,1.36709251250019E-13,0.));
#3634=DIRECTION('',(-1.22464679914735E-16,1.67270570978901E-29,1.));
#3635=DIRECTION('center_axis',(0.,0.,1.));
#3636=DIRECTION('ref_axis',(-1.,1.36709251250019E-13,0.));
#3637=DIRECTION('',(-1.22464679914735E-16,1.67270570978901E-29,1.));
#3638=DIRECTION('center_axis',(0.,0.,1.));
#3639=DIRECTION('ref_axis',(-1.,1.36709251250019E-13,0.));
#3640=DIRECTION('',(-1.22464679914735E-16,1.67270570978901E-29,1.));
#3641=DIRECTION('center_axis',(0.,0.,1.));
#3642=DIRECTION('ref_axis',(-1.,1.36709251250019E-13,0.));
#3643=DIRECTION('',(-1.22464679914735E-16,1.67270570978901E-29,1.));
#3644=DIRECTION('center_axis',(0.,0.,1.));
#3645=DIRECTION('ref_axis',(-1.,1.36709251250019E-13,0.));
#3646=DIRECTION('',(-1.22464679914735E-16,1.67270570978901E-29,1.));
#3647=DIRECTION('center_axis',(0.,0.,1.));
#3648=DIRECTION('ref_axis',(-1.,1.36709251250019E-13,0.));
#3649=DIRECTION('',(-1.22464679914735E-16,1.67270570978901E-29,1.));
#3650=DIRECTION('center_axis',(0.,0.,1.));
#3651=DIRECTION('ref_axis',(-1.,1.36709251250019E-13,0.));
#3652=DIRECTION('',(-1.22464679914735E-16,1.67270570978901E-29,1.));
#3653=DIRECTION('center_axis',(0.,0.,1.));
#3654=DIRECTION('ref_axis',(-1.,1.36709251250019E-13,0.));
#3655=DIRECTION('',(-1.22464679914735E-16,1.67270570978901E-29,1.));
#3656=DIRECTION('center_axis',(0.,0.,1.));
#3657=DIRECTION('ref_axis',(-1.,1.36709251250019E-13,0.));
#3658=DIRECTION('',(-1.22464679914735E-16,1.67270570978901E-29,1.));
#3659=DIRECTION('center_axis',(0.,0.,1.));
#3660=DIRECTION('ref_axis',(-1.,1.36709251250019E-13,0.));
#3661=DIRECTION('',(-1.22464679914735E-16,1.67270570978901E-29,1.));
#3662=DIRECTION('center_axis',(0.,0.,1.));
#3663=DIRECTION('ref_axis',(-1.,1.36709251250019E-13,0.));
#3664=DIRECTION('',(-1.22464679914735E-16,1.67270570978901E-29,1.));
#3665=DIRECTION('center_axis',(0.,0.,1.));
#3666=DIRECTION('ref_axis',(-1.,1.36709251250019E-13,0.));
#3667=DIRECTION('',(-1.22464679914735E-16,1.67270570978901E-29,1.));
#3668=DIRECTION('center_axis',(0.,0.,1.));
#3669=DIRECTION('ref_axis',(-1.,1.36709251250019E-13,0.));
#3670=DIRECTION('',(-1.22464679914735E-16,1.67270570978901E-29,1.));
#3671=DIRECTION('center_axis',(0.,0.,1.));
#3672=DIRECTION('ref_axis',(-1.,1.36709251250019E-13,0.));
#3673=DIRECTION('',(-1.22464679914735E-16,1.67270570978901E-29,1.));
#3674=DIRECTION('center_axis',(0.,0.,1.));
#3675=DIRECTION('ref_axis',(-1.,1.36709251250019E-13,0.));
#3676=DIRECTION('',(-1.22464679914735E-16,1.67270570978901E-29,1.));
#3677=DIRECTION('center_axis',(0.,0.,1.));
#3678=DIRECTION('ref_axis',(-1.,1.36709251250019E-13,0.));
#3679=DIRECTION('',(-1.22464679914735E-16,1.67270570978901E-29,1.));
#3680=DIRECTION('center_axis',(0.,0.,1.));
#3681=DIRECTION('ref_axis',(-1.,1.36709251250019E-13,0.));
#3682=DIRECTION('',(-1.22464679914735E-16,1.67270570978901E-29,1.));
#3683=DIRECTION('center_axis',(0.,0.,1.));
#3684=DIRECTION('ref_axis',(-1.,1.36709251250019E-13,0.));
#3685=DIRECTION('',(-1.22464679914735E-16,1.67270570978901E-29,1.));
#3686=DIRECTION('center_axis',(0.,0.,1.));
#3687=DIRECTION('ref_axis',(-1.,1.36709251250019E-13,0.));
#3688=DIRECTION('',(-1.22464679914735E-16,1.67270570978901E-29,1.));
#3689=DIRECTION('center_axis',(0.,0.,1.));
#3690=DIRECTION('ref_axis',(0.60922101720438,-0.793000474272531,0.));
#3691=DIRECTION('',(-1.22464679914735E-16,1.67270570978901E-29,1.));
#3692=DIRECTION('center_axis',(0.,0.,1.));
#3693=DIRECTION('ref_axis',(-1.,1.36709251250019E-13,0.));
#3694=DIRECTION('center_axis',(0.,0.,1.));
#3695=DIRECTION('ref_axis',(-1.,0.,0.));
#3696=DIRECTION('',(0.,0.,1.));
#3697=DIRECTION('center_axis',(-0.434909899068405,0.,-0.900473975022216));
#3698=DIRECTION('ref_axis',(-0.900473975022216,0.,0.434909899068405));
#3699=DIRECTION('center_axis',(0.,0.,1.));
#3700=DIRECTION('ref_axis',(-1.,0.,0.));
#3701=DIRECTION('',(0.,0.,1.));
#3702=DIRECTION('center_axis',(-0.434909899068405,0.,-0.900473975022216));
#3703=DIRECTION('ref_axis',(-0.900473975022216,0.,0.434909899068405));
#3704=DIRECTION('center_axis',(0.,0.,1.));
#3705=DIRECTION('ref_axis',(-1.,0.,0.));
#3706=DIRECTION('',(0.,0.,1.));
#3707=DIRECTION('center_axis',(0.,0.,1.));
#3708=DIRECTION('ref_axis',(-1.,0.,0.));
#3709=DIRECTION('',(0.,0.,1.));
#3710=DIRECTION('center_axis',(0.,0.,1.));
#3711=DIRECTION('ref_axis',(-1.,0.,0.));
#3712=DIRECTION('',(0.,0.,1.));
#3713=DIRECTION('center_axis',(0.,0.,1.));
#3714=DIRECTION('ref_axis',(-1.,0.,0.));
#3715=DIRECTION('',(0.,0.,1.));
#3716=DIRECTION('center_axis',(0.,0.,1.));
#3717=DIRECTION('ref_axis',(-1.,0.,0.));
#3718=DIRECTION('',(0.,0.,1.));
#3719=DIRECTION('center_axis',(0.,0.,1.));
#3720=DIRECTION('ref_axis',(-1.,0.,0.));
#3721=DIRECTION('',(0.,0.,1.));
#3722=DIRECTION('center_axis',(0.,0.,1.));
#3723=DIRECTION('ref_axis',(-1.,0.,0.));
#3724=DIRECTION('',(0.,0.,1.));
#3725=DIRECTION('center_axis',(0.,0.,1.));
#3726=DIRECTION('ref_axis',(-1.,0.,0.));
#3727=DIRECTION('',(0.,0.,1.));
#3728=DIRECTION('center_axis',(0.,0.,1.));
#3729=DIRECTION('ref_axis',(-1.,0.,0.));
#3730=DIRECTION('',(0.,0.,1.));
#3731=DIRECTION('center_axis',(0.,0.,1.));
#3732=DIRECTION('ref_axis',(-1.,0.,0.));
#3733=DIRECTION('',(0.,0.,1.));
#3734=DIRECTION('center_axis',(0.,0.,1.));
#3735=DIRECTION('ref_axis',(-1.,0.,0.));
#3736=DIRECTION('',(0.,0.,1.));
#3737=DIRECTION('center_axis',(0.,0.,1.));
#3738=DIRECTION('ref_axis',(-1.,0.,0.));
#3739=DIRECTION('',(0.,0.,1.));
#3740=DIRECTION('center_axis',(0.,0.,1.));
#3741=DIRECTION('ref_axis',(-1.,0.,0.));
#3742=DIRECTION('',(0.,0.,1.));
#3743=DIRECTION('center_axis',(0.,0.,1.));
#3744=DIRECTION('ref_axis',(-1.,0.,0.));
#3745=DIRECTION('',(0.,0.,1.));
#3746=DIRECTION('center_axis',(0.,0.,1.));
#3747=DIRECTION('ref_axis',(-1.,0.,0.));
#3748=DIRECTION('',(0.,0.,1.));
#3749=DIRECTION('center_axis',(0.,0.,1.));
#3750=DIRECTION('ref_axis',(-1.,0.,0.));
#3751=DIRECTION('',(0.,0.,1.));
#3752=DIRECTION('center_axis',(0.,0.,1.));
#3753=DIRECTION('ref_axis',(-1.,0.,0.));
#3754=DIRECTION('',(0.,0.,1.));
#3755=DIRECTION('center_axis',(0.,0.,1.));
#3756=DIRECTION('ref_axis',(-1.,0.,0.));
#3757=DIRECTION('',(0.,0.,1.));
#3758=DIRECTION('center_axis',(0.,0.,1.));
#3759=DIRECTION('ref_axis',(-1.,0.,0.));
#3760=DIRECTION('',(0.,0.,1.));
#3761=DIRECTION('center_axis',(0.,0.,1.));
#3762=DIRECTION('ref_axis',(-1.,0.,0.));
#3763=DIRECTION('',(0.,0.,1.));
#3764=DIRECTION('center_axis',(0.,0.,1.));
#3765=DIRECTION('ref_axis',(-1.,0.,0.));
#3766=DIRECTION('',(0.,0.,1.));
#3767=DIRECTION('center_axis',(0.,0.,1.));
#3768=DIRECTION('ref_axis',(-1.,0.,0.));
#3769=DIRECTION('',(0.,0.,1.));
#3770=DIRECTION('center_axis',(0.,0.,1.));
#3771=DIRECTION('ref_axis',(-1.,0.,0.));
#3772=DIRECTION('',(0.,0.,1.));
#3773=DIRECTION('center_axis',(0.,0.,1.));
#3774=DIRECTION('ref_axis',(-1.,0.,0.));
#3775=DIRECTION('',(0.,0.,1.));
#3776=DIRECTION('center_axis',(0.,0.,1.));
#3777=DIRECTION('ref_axis',(-0.937366599444403,-0.348344453445201,0.));
#3778=DIRECTION('',(0.,0.,1.));
#3779=DIRECTION('center_axis',(0.,0.,1.));
#3780=DIRECTION('ref_axis',(-1.,0.,0.));
#3781=DIRECTION('center_axis',(0.,0.,-1.));
#3782=DIRECTION('ref_axis',(0.707106781186547,0.707106781186547,0.));
#3783=DIRECTION('center_axis',(0.,0.,1.));
#3784=DIRECTION('ref_axis',(0.707106781186547,0.707106781186547,0.));
#3785=DIRECTION('',(0.,0.,1.));
#3786=DIRECTION('center_axis',(0.,0.,-1.));
#3787=DIRECTION('ref_axis',(0.,1.,0.));
#3788=DIRECTION('',(0.,0.,-1.));
#3789=DIRECTION('center_axis',(1.,0.,-2.74588419348064E-16));
#3790=DIRECTION('ref_axis',(0.,0.707106781186547,0.707106781186547));
#3791=DIRECTION('center_axis',(1.,-3.94430452610506E-31,-4.44089209850063E-16));
#3792=DIRECTION('ref_axis',(0.,1.,-8.88178419700125E-16));
#3793=DIRECTION('',(1.,0.,-2.74588419348064E-16));
#3794=DIRECTION('center_axis',(-1.,0.,6.66133814775093E-16));
#3795=DIRECTION('ref_axis',(6.66133814775093E-16,0.,1.));
#3796=DIRECTION('',(-1.,0.,2.74588419348064E-16));
#3797=DIRECTION('center_axis',(0.,-1.,0.));
#3798=DIRECTION('ref_axis',(0.,0.,-1.));
#3799=DIRECTION('center_axis',(-0.900473975022216,0.,0.434909899068405));
#3800=DIRECTION('ref_axis',(0.434909899068404,0.,0.900473975022216));
#3801=DIRECTION('center_axis',(0.,-1.,0.));
#3802=DIRECTION('ref_axis',(0.223076248150475,0.,0.974800998928042));
#3803=DIRECTION('center_axis',(0.,1.,0.));
#3804=DIRECTION('ref_axis',(0.223076248150475,0.,0.974800998928042));
#3805=DIRECTION('center_axis',(0.900473975022216,0.,-0.434909899068405));
#3806=DIRECTION('ref_axis',(0.307527738836426,0.707106781186547,0.636731254020214));
#3807=DIRECTION('center_axis',(-0.900473975022217,0.,0.434909899068403));
#3808=DIRECTION('ref_axis',(0.434909899068403,0.,0.900473975022217));
#3809=DIRECTION('',(-0.900473975022216,0.,0.434909899068405));
#3810=DIRECTION('',(0.900473975022216,0.,-0.434909899068405));
#3811=DIRECTION('center_axis',(-0.93806133477172,0.346469237027329,2.57580779166502E-16));
#3812=DIRECTION('ref_axis',(-0.244990746974553,-0.663309530985987,0.707106781186548));
#3813=DIRECTION('center_axis',(-0.93806133477172,0.346469237027329,2.08291458474834E-16));
#3814=DIRECTION('ref_axis',(-0.346469237027329,-0.93806133477172,0.));
#3815=DIRECTION('',(-0.93806133477172,0.346469237027329,2.57580779166502E-16));
#3816=DIRECTION('center_axis',(0.938061334771719,-0.34646923702733,0.));
#3817=DIRECTION('ref_axis',(0.,0.,1.));
#3818=DIRECTION('',(0.93806133477172,-0.346469237027329,-2.57580779166502E-16));
#3819=DIRECTION('center_axis',(2.74588419348064E-16,0.,1.));
#3820=DIRECTION('ref_axis',(-1.,0.,1.88336964625504E-16));
#3821=DIRECTION('center_axis',(-0.93806133477172,-0.346469237027328,0.));
#3822=DIRECTION('ref_axis',(0.,0.,1.));
#3823=DIRECTION('center_axis',(2.74588419348064E-16,0.,1.));
#3824=DIRECTION('ref_axis',(-1.,0.,2.64848856504615E-16));
#3825=DIRECTION('center_axis',(-2.74588419348064E-16,0.,-1.));
#3826=DIRECTION('ref_axis',(-1.,0.,2.74588419348064E-16));
#3827=DIRECTION('center_axis',(-0.93806133477172,-0.346469237027328,2.57580779166502E-16));
#3828=DIRECTION('ref_axis',(-0.244990746974552,0.663309530985988,0.707106781186547));
#3829=DIRECTION('center_axis',(-0.938061334771721,-0.346469237027327,0.));
#3830=DIRECTION('ref_axis',(0.,0.,1.));
#3831=DIRECTION('',(-0.93806133477172,-0.346469237027328,2.57580779166502E-16));
#3832=DIRECTION('',(0.93806133477172,0.346469237027328,-2.57580779166502E-16));
#3833=DIRECTION('center_axis',(0.900473975022216,0.,-0.434909899068405));
#3834=DIRECTION('ref_axis',(0.307527738836425,-0.707106781186548,0.636731254020215));
#3835=DIRECTION('',(-0.900473975022216,0.,0.434909899068405));
#3836=DIRECTION('center_axis',(0.900473975022216,0.,-0.434909899068404));
#3837=DIRECTION('ref_axis',(0.434909899068404,0.,0.900473975022216));
#3838=DIRECTION('',(0.900473975022216,0.,-0.434909899068405));
#3839=DIRECTION('center_axis',(-0.900473975022217,0.,0.434909899068403));
#3840=DIRECTION('ref_axis',(0.,-1.,0.));
#3841=DIRECTION('',(-0.900473975022216,0.,0.434909899068405));
#3842=DIRECTION('center_axis',(0.,1.,0.));
#3843=DIRECTION('ref_axis',(0.,0.,1.));
#3844=DIRECTION('center_axis',(1.,0.,-6.66133814775093E-16));
#3845=DIRECTION('ref_axis',(6.66133814775093E-16,0.,1.));
#3846=DIRECTION('center_axis',(0.,1.,0.));
#3847=DIRECTION('ref_axis',(0.223076248150474,0.,0.974800998928042));
#3848=DIRECTION('center_axis',(0.,-1.,0.));
#3849=DIRECTION('ref_axis',(0.223076248150474,0.,0.974800998928042));
#3850=DIRECTION('center_axis',(-1.,0.,2.74588419348064E-16));
#3851=DIRECTION('ref_axis',(0.,-0.707106781186547,0.707106781186547));
#3852=DIRECTION('center_axis',(1.,3.94430452610506E-31,-4.44089209850063E-16));
#3853=DIRECTION('ref_axis',(4.44089209850063E-16,0.,1.));
#3854=DIRECTION('',(1.,0.,-2.74588419348064E-16));
#3855=DIRECTION('',(-1.,0.,2.74588419348064E-16));
#3856=DIRECTION('center_axis',(0.,0.,1.));
#3857=DIRECTION('ref_axis',(0.707106781186547,-0.707106781186547,0.));
#3858=DIRECTION('center_axis',(0.,0.,1.));
#3859=DIRECTION('ref_axis',(0.707106781186547,-0.707106781186547,0.));
#3860=DIRECTION('',(0.,0.,1.));
#3861=DIRECTION('center_axis',(0.,0.,-1.));
#3862=DIRECTION('ref_axis',(1.,0.,0.));
#3863=DIRECTION('',(0.,0.,-1.));
#3864=DIRECTION('center_axis',(0.,0.,1.));
#3865=DIRECTION('ref_axis',(1.,0.,0.));
#3866=DIRECTION('center_axis',(0.,-1.,0.));
#3867=DIRECTION('ref_axis',(0.847027124438292,0.,0.531549668860586));
#3868=DIRECTION('center_axis',(-0.987614240667271,0.139434495843875,-0.0719453473129107));
#3869=DIRECTION('ref_axis',(-0.156901598561681,-0.877667882278055,0.452858671978734));
#3870=DIRECTION('center_axis',(0.,0.,1.));
#3871=DIRECTION('ref_axis',(-1.,0.,0.));
#3872=DIRECTION('center_axis',(-0.987614240667271,-0.139434495843872,-0.07194534731291));
#3873=DIRECTION('ref_axis',(-0.156901598561679,0.877667882278056,0.452858671978734));
#3874=DIRECTION('center_axis',(0.,0.,1.));
#3875=DIRECTION('ref_axis',(-1.,0.,0.));
#3876=DIRECTION('center_axis',(0.,0.,1.));
#3877=DIRECTION('ref_axis',(1.,0.,0.));
#3878=DIRECTION('center_axis',(0.,1.,0.));
#3879=DIRECTION('ref_axis',(0.847027124438292,0.,0.531549668860586));
#3880=DIRECTION('center_axis',(2.74588419348064E-16,0.,1.));
#3881=DIRECTION('ref_axis',(1.,0.,-2.74588419348064E-16));
#3882=DIRECTION('',(0.,-1.,0.));
#3883=DIRECTION('center_axis',(0.,0.,-1.));
#3884=DIRECTION('ref_axis',(-1.,0.,0.));
#3885=DIRECTION('center_axis',(0.,0.,1.));
#3886=DIRECTION('ref_axis',(-1.,1.36709251250019E-13,0.));
#3887=DIRECTION('center_axis',(-0.434909899068405,0.,-0.900473975022216));
#3888=DIRECTION('ref_axis',(-0.900473975022216,1.23103122895416E-13,0.434909899068405));
#3889=DIRECTION('center_axis',(0.,0.,1.));
#3890=DIRECTION('ref_axis',(-1.,0.,0.));
#3891=DIRECTION('center_axis',(-0.434909899068405,0.,-0.900473975022216));
#3892=DIRECTION('ref_axis',(-0.900473975022216,0.,0.434909899068405));
#3893=DIRECTION('center_axis',(0.,0.,1.));
#3894=DIRECTION('ref_axis',(-1.,1.36709251250019E-13,0.));
#3895=DIRECTION('center_axis',(-0.434909899068405,0.,-0.900473975022216));
#3896=DIRECTION('ref_axis',(-0.900473975022216,1.23103122895416E-13,0.434909899068405));
#3897=DIRECTION('center_axis',(0.,0.,1.));
#3898=DIRECTION('ref_axis',(-1.,0.,0.));
#3899=DIRECTION('center_axis',(0.,0.,1.));
#3900=DIRECTION('ref_axis',(-1.,1.36709251250019E-13,0.));
#3901=DIRECTION('center_axis',(0.,1.,0.));
#3902=DIRECTION('ref_axis',(-0.707106781186547,0.,-0.707106781186547));
#3903=DIRECTION('center_axis',(0.,-1.,0.));
#3904=DIRECTION('ref_axis',(-0.707106781186547,0.,-0.707106781186547));
#3905=DIRECTION('',(0.,-1.,0.));
#3906=DIRECTION('center_axis',(0.,1.,0.));
#3907=DIRECTION('ref_axis',(-0.707106781186547,0.,-0.707106781186547));
#3908=DIRECTION('',(0.,1.,0.));
#3909=DIRECTION('center_axis',(0.,1.,0.));
#3910=DIRECTION('ref_axis',(0.,0.,1.));
#3911=DIRECTION('',(-1.,0.,0.));
#3912=DIRECTION('',(0.,0.,-1.));
#3913=DIRECTION('',(1.,0.,0.));
#3914=DIRECTION('',(0.,0.,-1.));
#3915=DIRECTION('',(-1.,0.,0.));
#3916=DIRECTION('',(-2.26168527554147E-16,0.,1.));
#3917=DIRECTION('',(-2.26168527554147E-16,0.,1.));
#3918=DIRECTION('center_axis',(-1.,0.,-2.26168527554147E-16));
#3919=DIRECTION('ref_axis',(-2.26168527554147E-16,0.,1.));
#3920=DIRECTION('',(-2.26168527554147E-16,0.,1.));
#3921=DIRECTION('',(0.,-1.,0.));
#3922=DIRECTION('',(0.,-1.,0.));
#3923=DIRECTION('center_axis',(0.,1.,0.));
#3924=DIRECTION('ref_axis',(0.707106781186547,0.,0.707106781186548));
#3925=DIRECTION('center_axis',(-0.866025403784439,-0.5,0.));
#3926=DIRECTION('ref_axis',(0.5,-0.866025403784439,-5.55111512312578E-17));
#3927=DIRECTION('',(0.,1.,0.));
#3928=DIRECTION('center_axis',(-0.346469237027328,0.93806133477172,0.));
#3929=DIRECTION('ref_axis',(0.93806133477172,0.346469237027328,1.04145729237417E-16));
#3930=DIRECTION('center_axis',(0.,0.,-1.));
#3931=DIRECTION('ref_axis',(-1.,0.,0.));
#3932=DIRECTION('',(-0.5,0.866025403784439,0.));
#3933=DIRECTION('',(0.93806133477172,0.346469237027328,0.));
#3934=DIRECTION('center_axis',(0.,1.,0.));
#3935=DIRECTION('ref_axis',(0.707106781186547,0.,0.707106781186548));
#3936=DIRECTION('center_axis',(-0.866025403784438,0.500000000000001,0.));
#3937=DIRECTION('ref_axis',(0.500000000000001,0.866025403784438,-5.5511151231258E-17));
#3938=DIRECTION('center_axis',(-0.346469237027329,-0.93806133477172,0.));
#3939=DIRECTION('ref_axis',(0.93806133477172,-0.346469237027329,1.04145729237417E-16));
#3940=DIRECTION('',(0.,1.,0.));
#3941=DIRECTION('center_axis',(0.,0.,-1.));
#3942=DIRECTION('ref_axis',(-1.,0.,0.));
#3943=DIRECTION('',(-0.93806133477172,0.346469237027329,0.));
#3944=DIRECTION('',(0.500000000000001,0.866025403784438,0.));
#3945=DIRECTION('center_axis',(0.,1.,0.));
#3946=DIRECTION('ref_axis',(0.847027124438292,0.,0.531549668860585));
#3947=DIRECTION('',(0.,-1.,0.));
#3948=DIRECTION('',(0.,1.,0.));
#3949=DIRECTION('center_axis',(1.,0.,0.));
#3950=DIRECTION('ref_axis',(0.,0.,-1.));
#3951=DIRECTION('',(0.,1.,0.));
#3952=DIRECTION('center_axis',(0.,1.,0.));
#3953=DIRECTION('ref_axis',(1.,0.,0.));
#3954=DIRECTION('',(-2.26168527554147E-16,0.,1.));
#3955=DIRECTION('',(-1.,0.,0.));
#3956=DIRECTION('',(0.,0.,-1.));
#3957=DIRECTION('',(1.,0.,0.));
#3958=DIRECTION('',(0.,0.,-1.));
#3959=DIRECTION('',(1.,0.,0.));
#3960=DIRECTION('center_axis',(0.,1.,0.));
#3961=DIRECTION('ref_axis',(0.223076248150475,0.,0.974800998928042));
#3962=DIRECTION('',(0.,1.,0.));
#3963=DIRECTION('center_axis',(0.434909899068405,0.,0.900473975022216));
#3964=DIRECTION('ref_axis',(0.900473975022216,0.,-0.434909899068405));
#3965=DIRECTION('center_axis',(-0.434909899068405,0.,-0.900473975022216));
#3966=DIRECTION('ref_axis',(-0.900473975022216,0.,0.434909899068405));
#3967=DIRECTION('center_axis',(-0.434909899068405,0.,-0.900473975022216));
#3968=DIRECTION('ref_axis',(-0.900473975022216,1.29582234626753E-13,0.434909899068405));
#3969=DIRECTION('center_axis',(-0.434909899068405,0.,-0.900473975022216));
#3970=DIRECTION('ref_axis',(-0.900473975022216,0.,0.434909899068405));
#3971=DIRECTION('center_axis',(-0.434909899068405,0.,-0.900473975022216));
#3972=DIRECTION('ref_axis',(-0.900473975022216,1.29582234626753E-13,0.434909899068405));
#3973=DIRECTION('center_axis',(-0.434909899068405,0.,-0.900473975022216));
#3974=DIRECTION('ref_axis',(-0.900473975022216,0.,0.434909899068405));
#3975=DIRECTION('center_axis',(-0.434909899068405,0.,-0.900473975022216));
#3976=DIRECTION('ref_axis',(-0.900473975022216,1.29582234626753E-13,0.434909899068405));
#3977=DIRECTION('center_axis',(-0.434909899068405,0.,-0.900473975022216));
#3978=DIRECTION('ref_axis',(-0.900473975022216,1.29582234626753E-13,0.434909899068405));
#3979=DIRECTION('center_axis',(-0.434909899068405,0.,-0.900473975022216));
#3980=DIRECTION('ref_axis',(-0.900473975022216,0.,0.434909899068405));
#3981=DIRECTION('center_axis',(0.,0.,1.));
#3982=DIRECTION('ref_axis',(-1.,0.,0.));
#3983=DIRECTION('center_axis',(0.,0.,1.));
#3984=DIRECTION('ref_axis',(-1.,1.4390447500002E-13,0.));
#3985=DIRECTION('center_axis',(0.,0.,1.));
#3986=DIRECTION('ref_axis',(-1.,1.4390447500002E-13,0.));
#3987=DIRECTION('center_axis',(0.,0.,1.));
#3988=DIRECTION('ref_axis',(-1.,1.4390447500002E-13,0.));
#3989=DIRECTION('center_axis',(0.,0.,1.));
#3990=DIRECTION('ref_axis',(-1.,0.,0.));
#3991=DIRECTION('center_axis',(0.,0.,1.));
#3992=DIRECTION('ref_axis',(-1.,0.,0.));
#3993=DIRECTION('center_axis',(0.,0.,1.));
#3994=DIRECTION('ref_axis',(-1.,0.,0.));
#3995=DIRECTION('center_axis',(-0.866025403784438,0.500000000000001,0.));
#3996=DIRECTION('ref_axis',(0.500000000000001,0.866025403784438,0.));
#3997=DIRECTION('',(-0.500000000000001,-0.866025403784438,0.));
#3998=DIRECTION('',(-2.26168527554147E-16,-3.91735380796823E-16,1.));
#3999=DIRECTION('',(0.,0.,-1.));
#4000=DIRECTION('center_axis',(-0.866025403784439,-0.5,0.));
#4001=DIRECTION('ref_axis',(-0.5,0.866025403784439,0.));
#4002=DIRECTION('',(0.5,-0.866025403784439,0.));
#4003=DIRECTION('',(0.,0.,-1.));
#4004=DIRECTION('center_axis',(0.,0.,1.));
#4005=DIRECTION('ref_axis',(1.,0.,0.));
#4006=DIRECTION('',(-0.93806133477172,0.346469237027329,0.));
#4007=DIRECTION('center_axis',(0.,0.,-1.));
#4008=DIRECTION('ref_axis',(-1.,0.,0.));
#4009=DIRECTION('',(0.93806133477172,0.346469237027328,0.));
#4010=DIRECTION('center_axis',(0.,0.,1.));
#4011=DIRECTION('ref_axis',(-1.,0.,0.));
#4012=DIRECTION('center_axis',(0.,0.,-1.));
#4013=DIRECTION('ref_axis',(-1.,0.,0.));
#4014=DIRECTION('',(0.,0.,-1.));
#4015=DIRECTION('center_axis',(-0.346469237027328,0.93806133477172,0.));
#4016=DIRECTION('ref_axis',(0.93806133477172,0.346469237027328,0.));
#4017=DIRECTION('',(0.,0.,-1.));
#4018=DIRECTION('center_axis',(0.,0.,-1.));
#4019=DIRECTION('ref_axis',(-1.,0.,0.));
#4020=DIRECTION('',(0.,0.,1.));
#4021=DIRECTION('center_axis',(0.,0.,-1.));
#4022=DIRECTION('ref_axis',(-1.,0.,0.));
#4023=DIRECTION('',(0.,0.,-1.));
#4024=DIRECTION('center_axis',(-0.346469237027329,-0.93806133477172,0.));
#4025=DIRECTION('ref_axis',(-0.93806133477172,0.346469237027329,0.));
#4026=DIRECTION('',(0.,0.,-1.));
#4027=DIRECTION('center_axis',(0.,0.,-1.));
#4028=DIRECTION('ref_axis',(-1.,0.,0.));
#4029=DIRECTION('center_axis',(0.,0.,-1.));
#4030=DIRECTION('ref_axis',(-1.,0.,0.));
#4031=DIRECTION('',(0.,1.,0.));
#4032=DIRECTION('center_axis',(0.,0.,-1.));
#4033=DIRECTION('ref_axis',(-1.,0.,0.));
#4034=DIRECTION('',(0.,1.,0.));
#4035=DIRECTION('center_axis',(1.,0.,0.));
#4036=DIRECTION('ref_axis',(0.,0.,-1.));
#4037=DIRECTION('',(0.,1.,0.));
#4038=DIRECTION('center_axis',(0.,0.,1.));
#4039=DIRECTION('ref_axis',(1.,0.,0.));
#4040=DIRECTION('',(0.,1.,0.));
#4041=DIRECTION('center_axis',(1.,0.,0.));
#4042=DIRECTION('ref_axis',(0.,0.,-1.));
#4043=CARTESIAN_POINT('',(0.,0.,0.));
#4044=CARTESIAN_POINT('Origin',(44.5,45.5,20.));
#4045=CARTESIAN_POINT('',(45.7632421373377,45.5009188150784,13.3065803263806));
#4046=CARTESIAN_POINT('',(45.7645,45.5,13.3924667772634));
#4047=CARTESIAN_POINT('',(45.7645,45.5,20.));
#4048=CARTESIAN_POINT('',(45.565247917543,46.1813274720501,13.4887013220413));
#4049=CARTESIAN_POINT('Origin',(44.5,45.5,14.0031935529689));
#4050=CARTESIAN_POINT('',(44.837989442512,44.2815077403814,13.8399517953985));
#4051=CARTESIAN_POINT('Ctrl Pts',(45.5652479175431,46.1813274720501,13.4887013220412));
#4052=CARTESIAN_POINT('Ctrl Pts',(45.3647585140141,46.4947904224814,13.5121180202651));
#4053=CARTESIAN_POINT('Ctrl Pts',(45.0179789565115,46.7124726614213,13.5355347184889));
#4054=CARTESIAN_POINT('Ctrl Pts',(44.6498866859619,46.7564554473186,13.5589514167127));
#4055=CARTESIAN_POINT('Ctrl Pts',(44.2817944154122,46.8004382332159,13.5823681149365));
#4056=CARTESIAN_POINT('Ctrl Pts',(43.8923894318154,46.6707215660706,13.6057848131603));
#4057=CARTESIAN_POINT('Ctrl Pts',(43.6243068836303,46.4141722672899,13.6292015113841));
#4058=CARTESIAN_POINT('Ctrl Pts',(43.3562243354452,46.1576229685091,13.6526182096079));
#4059=CARTESIAN_POINT('Ctrl Pts',(43.2094642226718,45.774241038093,13.6760349078318));
#4060=CARTESIAN_POINT('Ctrl Pts',(43.2377073777758,45.4042570931223,13.6994516060556));
#4061=CARTESIAN_POINT('Ctrl Pts',(43.2659505328798,45.0342731481516,13.7228683042794));
#4062=CARTESIAN_POINT('Ctrl Pts',(43.4691969558612,44.6776871886263,13.7462850025032));
#4063=CARTESIAN_POINT('Ctrl Pts',(43.772567414211,44.4646313975895,13.769701700727));
#4064=CARTESIAN_POINT('Ctrl Pts',(44.0759378725607,44.2515756065526,13.7931183989508));
#4065=CARTESIAN_POINT('Ctrl Pts',(44.4794323662788,44.1820499840041,13.8165350971747));
#4066=CARTESIAN_POINT('Ctrl Pts',(44.837989442512,44.2815077403814,13.8399517953985));
#4067=CARTESIAN_POINT('',(45.0864381946115,44.3797096385754,13.7199562989194));
#4068=CARTESIAN_POINT('Origin',(44.5,45.5,14.0031935529689));
#4069=CARTESIAN_POINT('Ctrl Pts',(45.086152969977,44.3803651366606,13.7199562989194));
#4070=CARTESIAN_POINT('Ctrl Pts',(44.7641656324062,44.2146081848868,13.6971560850762));
#4071=CARTESIAN_POINT('Ctrl Pts',(44.3683809137251,44.1897950466449,13.6743558712329));
#4072=CARTESIAN_POINT('Ctrl Pts',(44.0336981152668,44.3225346607847,13.6515556573897));
#4073=CARTESIAN_POINT('Ctrl Pts',(43.6453448922095,44.4765606735228,13.6250991541777));
#4074=CARTESIAN_POINT('Ctrl Pts',(43.3392617460299,44.8427220332924,13.5986426509657));
#4075=CARTESIAN_POINT('Ctrl Pts',(43.2574643096,45.2532169074146,13.5721861477537));
#4076=CARTESIAN_POINT('Ctrl Pts',(43.1756668731701,45.6637117815369,13.5457296445417));
#4077=CARTESIAN_POINT('Ctrl Pts',(43.31815514649,46.1185401700118,13.5192731413297));
#4078=CARTESIAN_POINT('Ctrl Pts',(43.6188511870379,46.4097065757713,13.4928166381177));
#4079=CARTESIAN_POINT('Ctrl Pts',(43.9195472275858,46.7008729815308,13.4663601349057));
#4080=CARTESIAN_POINT('Ctrl Pts',(44.3784510353618,46.828377404575,13.4399036316937));
#4081=CARTESIAN_POINT('Ctrl Pts',(44.7860580867005,46.7338462649174,13.4134471284817));
#4082=CARTESIAN_POINT('Ctrl Pts',(45.1936651380391,46.6393151252597,13.3869906252697));
#4083=CARTESIAN_POINT('Ctrl Pts',(45.5499754329403,46.3227484229003,13.3605341220578));
#4084=CARTESIAN_POINT('Ctrl Pts',(45.691750110815,45.9289957225532,13.3340776188458));
#4085=CARTESIAN_POINT('Ctrl Pts',(45.7408674582644,45.7925814595692,13.3249118546907));
#4086=CARTESIAN_POINT('Ctrl Pts',(45.7642351234028,45.6469029310307,13.3157460905356));
#4087=CARTESIAN_POINT('Ctrl Pts',(45.7632421373377,45.5009188150784,13.3065803263806));
#4088=CARTESIAN_POINT('Origin',(44.5,45.5,20.));
#4089=CARTESIAN_POINT('',(45.7631362184887,45.4991103477878,12.8065803263806));
#4090=CARTESIAN_POINT('',(45.7665720064436,45.4999595448248,12.9434196736194));
#4091=CARTESIAN_POINT('',(45.7645,45.5,20.));
#4092=CARTESIAN_POINT('',(45.7083067434103,45.127233231324,13.4196069325924));
#4093=CARTESIAN_POINT('Ctrl Pts',(45.7665720064436,45.4999595448248,12.9434196736194));
#4094=CARTESIAN_POINT('Ctrl Pts',(45.7664338732063,45.9170267872385,12.9697861967609));
#4095=CARTESIAN_POINT('Ctrl Pts',(45.540365198356,46.3342613440877,12.9961527199023));
#4096=CARTESIAN_POINT('Ctrl Pts',(45.1907565630588,46.5616853760634,13.0225192430438));
#4097=CARTESIAN_POINT('Ctrl Pts',(44.8397425531301,46.7900236187674,13.0489917556803));
#4098=CARTESIAN_POINT('Ctrl Pts',(44.3641933619736,46.8270222493445,13.0754642683169));
#4099=CARTESIAN_POINT('Ctrl Pts',(43.982106787373,46.6558574446448,13.1019367809535));
#4100=CARTESIAN_POINT('Ctrl Pts',(43.6000202127724,46.4846926399451,13.1284092935901));
#4101=CARTESIAN_POINT('Ctrl Pts',(43.3113962547277,46.1053643999686,13.1548818062266));
#4102=CARTESIAN_POINT('Ctrl Pts',(43.2480488740394,45.6913698203745,13.1813543188632));
#4103=CARTESIAN_POINT('Ctrl Pts',(43.1847014933512,45.2773752407805,13.2078268314998));
#4104=CARTESIAN_POINT('Ctrl Pts',(43.3466306900195,44.828714321569,13.2342993441364));
#4105=CARTESIAN_POINT('Ctrl Pts',(43.660433699191,44.5513476039007,13.2607718567729));
#4106=CARTESIAN_POINT('Ctrl Pts',(43.9742367083624,44.2739808862323,13.2872443694095));
#4107=CARTESIAN_POINT('Ctrl Pts',(44.439913530037,44.167908370107,13.3137168820461));
#4108=CARTESIAN_POINT('Ctrl Pts',(44.8424295731751,44.280731597528,13.3401893946826));
#4109=CARTESIAN_POINT('Ctrl Pts',(45.2449456163132,44.393554824949,13.3666619073192));
#4110=CARTESIAN_POINT('Ctrl Pts',(45.5843008809148,44.7252737959163,13.3931344199558));
#4111=CARTESIAN_POINT('Ctrl Pts',(45.7083067434103,45.127233231324,13.4196069325924));
#4112=CARTESIAN_POINT('Origin',(44.5,45.5,14.0031935529689));
#4113=CARTESIAN_POINT('Ctrl Pts',(45.7632421373377,45.5009188150784,13.3065803263806));
#4114=CARTESIAN_POINT('Ctrl Pts',(45.7613689205879,45.2255273460542,13.2892895873236));
#4115=CARTESIAN_POINT('Ctrl Pts',(45.6728037780419,44.9490483871603,13.2719988482667));
#4116=CARTESIAN_POINT('Ctrl Pts',(45.5068716617513,44.7316240357677,13.2547081092098));
#4117=CARTESIAN_POINT('Ctrl Pts',(45.2529794739645,44.3989437476643,13.2282516059977));
#4118=CARTESIAN_POINT('Ctrl Pts',(44.8179560375428,44.2045218697924,13.2017951027858));
#4119=CARTESIAN_POINT('Ctrl Pts',(44.400765189648,44.2373117800407,13.1753385995738));
#4120=CARTESIAN_POINT('Ctrl Pts',(43.9835743417532,44.2701016902889,13.1488820963618));
#4121=CARTESIAN_POINT('Ctrl Pts',(43.5842160823852,44.5301033886574,13.1224255931498));
#4122=CARTESIAN_POINT('Ctrl Pts',(43.3854275934942,44.8983632636267,13.0959690899378));
#4123=CARTESIAN_POINT('Ctrl Pts',(43.1866391046032,45.266623138596,13.0695125867258));
#4124=CARTESIAN_POINT('Ctrl Pts',(43.1884203861891,45.7431411901662,13.0430560835138));
#4125=CARTESIAN_POINT('Ctrl Pts',(43.3899408141875,46.1099115569412,13.0165995803018));
#4126=CARTESIAN_POINT('Ctrl Pts',(43.5914612421859,46.4766819237162,12.9901430770898));
#4127=CARTESIAN_POINT('Ctrl Pts',(43.9927208165967,46.7337046056961,12.9636865738778));
#4128=CARTESIAN_POINT('Ctrl Pts',(44.4101511279322,46.7633908849604,12.9372300706658));
#4129=CARTESIAN_POINT('Ctrl Pts',(44.8275814392677,46.7930771642246,12.9107735674538));
#4130=CARTESIAN_POINT('Ctrl Pts',(45.261182487528,46.5954270407733,12.8843170642418));
#4131=CARTESIAN_POINT('Ctrl Pts',(45.5125774462253,46.2608659106053,12.8578605610298));
#4132=CARTESIAN_POINT('Ctrl Pts',(45.675002444575,46.0447076737936,12.8407671494801));
#4133=CARTESIAN_POINT('Ctrl Pts',(45.7613675865785,45.7713974969558,12.8236737379303));
#4134=CARTESIAN_POINT('Ctrl Pts',(45.7631362184887,45.4991103477878,12.8065803263806));
#4135=CARTESIAN_POINT('Origin',(44.5,45.5,20.));
#4136=CARTESIAN_POINT('',(45.766416979447,45.4995871734895,12.3065803263806));
#4137=CARTESIAN_POINT('',(45.7637828823861,45.5011024311113,12.4434196736194));
#4138=CARTESIAN_POINT('',(45.7645,45.5,20.));
#4139=CARTESIAN_POINT('Ctrl Pts',(45.7637828823861,45.5011024311113,12.4434196736194));
#4140=CARTESIAN_POINT('Ctrl Pts',(45.7648083304222,45.624007325571,12.4511452749715));
#4141=CARTESIAN_POINT('Ctrl Pts',(45.7483359997173,45.7466431973337,12.4588708763236));
#4142=CARTESIAN_POINT('Ctrl Pts',(45.7132462176865,45.8636980859678,12.4665964776757));
#4143=CARTESIAN_POINT('Ctrl Pts',(45.5930077202689,46.264797868018,12.4930689903123));
#4144=CARTESIAN_POINT('Ctrl Pts',(45.2541713322455,46.6003682111524,12.5195415029489));
#4145=CARTESIAN_POINT('Ctrl Pts',(44.851924901921,46.7167142075135,12.5460140155855));
#4146=CARTESIAN_POINT('Ctrl Pts',(44.4496784715964,46.8330602038746,12.572486528222));
#4147=CARTESIAN_POINT('Ctrl Pts',(43.9840219989706,46.7301818534623,12.5989590408586));
#4148=CARTESIAN_POINT('Ctrl Pts',(43.6682331942281,46.4552004402888,12.6254315534952));
#4149=CARTESIAN_POINT('Ctrl Pts',(43.3524443894855,46.1802190271153,12.6519040661317));
#4150=CARTESIAN_POINT('Ctrl Pts',(43.1865232526262,45.7331345511805,12.6783765787683));
#4151=CARTESIAN_POINT('Ctrl Pts',(43.2464560993848,45.3187107832682,12.7048490914049));
#4152=CARTESIAN_POINT('Ctrl Pts',(43.3063889461433,44.9042870153558,12.7313216040415));
#4153=CARTESIAN_POINT('Ctrl Pts',(43.5921757765198,44.5225239554658,12.757794116678));
#4154=CARTESIAN_POINT('Ctrl Pts',(43.972937359297,44.3482804164899,12.7842666293146));
#4155=CARTESIAN_POINT('Ctrl Pts',(44.3536989420742,44.174036877514,12.8107391419512));
#4156=CARTESIAN_POINT('Ctrl Pts',(44.8294352772522,44.2073128594522,12.8372116545878));
#4157=CARTESIAN_POINT('Ctrl Pts',(45.1822295478344,44.4328512808058,12.8636841672243));
#4158=CARTESIAN_POINT('Ctrl Pts',(45.5350238184165,44.6583897021594,12.8901566798609));
#4159=CARTESIAN_POINT('Ctrl Pts',(45.764876024403,45.0761905629284,12.9166291924975));
#4160=CARTESIAN_POINT('Ctrl Pts',(45.7665627130457,45.4949299207284,12.943101705134));
#4161=CARTESIAN_POINT('Ctrl Pts',(45.7665694661364,45.4966064511632,12.9432076946292));
#4162=CARTESIAN_POINT('Ctrl Pts',(45.7665725617187,45.4982829966422,12.9433136841243));
#4163=CARTESIAN_POINT('Ctrl Pts',(45.7665720064436,45.4999595448248,12.9434196736194));
#4164=CARTESIAN_POINT('Ctrl Pts',(45.7631362184887,45.4991103477878,12.8065803263806));
#4165=CARTESIAN_POINT('Ctrl Pts',(45.7641050047748,45.349962266453,12.7972172347183));
#4166=CARTESIAN_POINT('Ctrl Pts',(45.7396913434084,45.2011211356796,12.7878541430561));
#4167=CARTESIAN_POINT('Ctrl Pts',(45.6884922293064,45.0621480525669,12.7784910513938));
#4168=CARTESIAN_POINT('Ctrl Pts',(45.5438231845557,44.669463461581,12.7520345481818));
#4169=CARTESIAN_POINT('Ctrl Pts',(45.18529622592,44.3555664164938,12.7255780449699));
#4170=CARTESIAN_POINT('Ctrl Pts',(44.7769365307529,44.2640650694831,12.6991215417579));
#4171=CARTESIAN_POINT('Ctrl Pts',(44.3685768355857,44.1725637224724,12.6726650385459));
#4172=CARTESIAN_POINT('Ctrl Pts',(43.9103844038872,44.3034580735381,12.6462085353339));
#4173=CARTESIAN_POINT('Ctrl Pts',(43.6119830612284,44.596863841903,12.6197520321219));
#4174=CARTESIAN_POINT('Ctrl Pts',(43.3135817185695,44.8902696102678,12.5932955289099));
#4175=CARTESIAN_POINT('Ctrl Pts',(43.1749714649503,45.3461867959319,12.5668390256979));
#4176=CARTESIAN_POINT('Ctrl Pts',(43.2595662751561,45.7560330822983,12.5403825224859));
#4177=CARTESIAN_POINT('Ctrl Pts',(43.3441610853619,46.1658793686648,12.5139260192739));
#4178=CARTESIAN_POINT('Ctrl Pts',(43.6519609593928,46.5296547557337,12.4874695160619));
#4179=CARTESIAN_POINT('Ctrl Pts',(44.0421474467036,46.6809318078755,12.4610130128499));
#4180=CARTESIAN_POINT('Ctrl Pts',(44.4323339340144,46.8322088600174,12.4345565096379));
#4181=CARTESIAN_POINT('Ctrl Pts',(44.9049070346052,46.7709875772322,12.4081000064259));
#4182=CARTESIAN_POINT('Ctrl Pts',(45.2436642418561,46.5252767338598,12.3816435032139));
#4183=CARTESIAN_POINT('Ctrl Pts',(45.5640415790484,46.2928973658818,12.3566224442695));
#4184=CARTESIAN_POINT('Ctrl Pts',(45.764729930997,45.8955049509214,12.331601385325));
#4185=CARTESIAN_POINT('Ctrl Pts',(45.766416979447,45.4995871734895,12.3065803263806));
#4186=CARTESIAN_POINT('Origin',(44.5,45.5,20.));
#4187=CARTESIAN_POINT('',(45.7643505962094,45.5011548906152,11.8065803263806));
#4188=CARTESIAN_POINT('',(45.762691842916,45.4994180386027,11.9434196736194));
#4189=CARTESIAN_POINT('',(45.7645,45.5,20.));
#4190=CARTESIAN_POINT('Ctrl Pts',(45.762691842916,45.4994180386027,11.9434196736194));
#4191=CARTESIAN_POINT('Ctrl Pts',(45.7616619932164,45.747452614542,11.9589768658188));
#4192=CARTESIAN_POINT('Ctrl Pts',(45.6911148665154,45.9960278520136,11.9745340580181));
#4193=CARTESIAN_POINT('Ctrl Pts',(45.5549242302687,46.200983807557,11.9900912502174));
#4194=CARTESIAN_POINT('Ctrl Pts',(45.3231787910644,46.5497420573453,12.016563762854));
#4195=CARTESIAN_POINT('Ctrl Pts',(44.9013606771323,46.7721994185434,12.0430362754906));
#4196=CARTESIAN_POINT('Ctrl Pts',(44.4826657621696,46.7664687060329,12.0695087881271));
#4197=CARTESIAN_POINT('Ctrl Pts',(44.0639708472069,46.7607379935225,12.0959813007637));
#4198=CARTESIAN_POINT('Ctrl Pts',(43.6483991312137,46.5268192073034,12.1224538134003));
#4199=CARTESIAN_POINT('Ctrl Pts',(43.4262856865389,46.1718489720351,12.1489263260369));
#4200=CARTESIAN_POINT('Ctrl Pts',(43.2041722418641,45.8168787367668,12.1753988386734));
#4201=CARTESIAN_POINT('Ctrl Pts',(43.1755170685078,45.3408570524493,12.20187135131));
#4202=CARTESIAN_POINT('Ctrl Pts',(43.3534443296528,44.9618053945519,12.2283438639466));
#4203=CARTESIAN_POINT('Ctrl Pts',(43.5313715907977,44.5827537366545,12.2548163765832));
#4204=CARTESIAN_POINT('Ctrl Pts',(43.915881286444,44.3006721051773,12.2812888892197));
#4205=CARTESIAN_POINT('Ctrl Pts',(44.33086529204,44.2447561874863,12.3077614018563));
#4206=CARTESIAN_POINT('Ctrl Pts',(44.745849297636,44.1888402697953,12.3342339144929));
#4207=CARTESIAN_POINT('Ctrl Pts',(45.1913076131817,44.3590900658904,12.3607064271295));
#4208=CARTESIAN_POINT('Ctrl Pts',(45.4632164675487,44.677529574421,12.387178939766));
#4209=CARTESIAN_POINT('Ctrl Pts',(45.6557728463201,44.9030373415848,12.4059258510505));
#4210=CARTESIAN_POINT('Ctrl Pts',(45.7612945345562,45.2028619385143,12.4246727623349));
#4211=CARTESIAN_POINT('Ctrl Pts',(45.7637828823861,45.5011024311113,12.4434196736194));
#4212=CARTESIAN_POINT('Ctrl Pts',(45.766416979447,45.4995871734895,12.3065803263806));
#4213=CARTESIAN_POINT('Ctrl Pts',(45.7665137644804,45.4768735902914,12.305144882113));
#4214=CARTESIAN_POINT('Ctrl Pts',(45.7659555858307,45.4541648604989,12.3037094378455));
#4215=CARTESIAN_POINT('Ctrl Pts',(45.7647274679542,45.4314924198789,12.3022739935779));
#4216=CARTESIAN_POINT('Ctrl Pts',(45.7420921728906,45.0136193532302,12.2758174903659));
#4217=CARTESIAN_POINT('Ctrl Pts',(45.4918802688525,44.6080736238922,12.2493609871539));
#4218=CARTESIAN_POINT('Ctrl Pts',(45.1285638080461,44.4003926088823,12.2229044839419));
#4219=CARTESIAN_POINT('Ctrl Pts',(44.7652473472397,44.1927115938724,12.1964479807299));
#4220=CARTESIAN_POINT('Ctrl Pts',(44.2888263296651,44.1828952931905,12.1699914775179));
#4221=CARTESIAN_POINT('Ctrl Pts',(43.9172636207884,44.3754346684401,12.1435349743059));
#4222=CARTESIAN_POINT('Ctrl Pts',(43.5457009119118,44.5679740436897,12.1170784710939));
#4223=CARTESIAN_POINT('Ctrl Pts',(43.2789965117331,44.9628690948707,12.090621967882));
#4224=CARTESIAN_POINT('Ctrl Pts',(43.2391678123404,45.3794551377955,12.06416546467));
#4225=CARTESIAN_POINT('Ctrl Pts',(43.1993391129476,45.7960411807203,12.037708961458));
#4226=CARTESIAN_POINT('Ctrl Pts',(43.3863861143408,46.2343182153889,12.011252458246));
#4227=CARTESIAN_POINT('Ctrl Pts',(43.7147347219251,46.4937742776383,11.984795955034));
#4228=CARTESIAN_POINT('Ctrl Pts',(44.0430833295094,46.7532303398877,11.958339451822));
#4229=CARTESIAN_POINT('Ctrl Pts',(44.5127335432849,46.8338654297178,11.93188294861));
#4230=CARTESIAN_POINT('Ctrl Pts',(44.9088201527224,46.6987889530727,11.905426445398));
#4231=CARTESIAN_POINT('Ctrl Pts',(45.3049067621599,46.5637124764275,11.878969942186));
#4232=CARTESIAN_POINT('Ctrl Pts',(45.6274297672596,46.2129244333071,11.852513438974));
#4233=CARTESIAN_POINT('Ctrl Pts',(45.7288347315806,45.806910529913,11.826056935762));
#4234=CARTESIAN_POINT('Ctrl Pts',(45.7537186560054,45.7072781366161,11.8195647326349));
#4235=CARTESIAN_POINT('Ctrl Pts',(45.7652875092692,45.6043202061678,11.8130725295077));
#4236=CARTESIAN_POINT('Ctrl Pts',(45.7643505962094,45.5011548906152,11.8065803263806));
#4237=CARTESIAN_POINT('Origin',(44.5,45.5,20.));
#4238=CARTESIAN_POINT('',(45.7625063052886,45.499691894908,11.3065803263806));
#4239=CARTESIAN_POINT('',(45.7659130557133,45.4991878315018,11.4434196736194));
#4240=CARTESIAN_POINT('',(45.7645,45.5,20.));
#4241=CARTESIAN_POINT('Ctrl Pts',(45.7659130557133,45.4991878315018,11.4434196736194));
#4242=CARTESIAN_POINT('Ctrl Pts',(45.763146175079,45.8696668362525,11.466808456666));
#4243=CARTESIAN_POINT('Ctrl Pts',(45.5908601255298,46.2423850336611,11.4901972397126));
#4244=CARTESIAN_POINT('Ctrl Pts',(45.3053113088165,46.4776078662275,11.5135860227591));
#4245=CARTESIAN_POINT('Ctrl Pts',(44.9821138750829,46.7438440100716,11.5400585353957));
#4246=CARTESIAN_POINT('Ctrl Pts',(44.5138181676089,46.8339380678139,11.5665310480323));
#4247=CARTESIAN_POINT('Ctrl Pts',(44.1149071837491,46.7066262749783,11.5930035606688));
#4248=CARTESIAN_POINT('Ctrl Pts',(43.7159961998894,46.5793144821426,11.6194760733054));
#4249=CARTESIAN_POINT('Ctrl Pts',(43.3864699396438,46.234596838729,11.645948585942));
#4250=CARTESIAN_POINT('Ctrl Pts',(43.2772539391987,45.8303566496012,11.6724210985786));
#4251=CARTESIAN_POINT('Ctrl Pts',(43.1680379387535,45.4261164604735,11.6988936112152));
#4252=CARTESIAN_POINT('Ctrl Pts',(43.2791321981087,44.9623537256317,11.7253661238517));
#4253=CARTESIAN_POINT('Ctrl Pts',(43.559654698743,44.6514753056303,11.7518386364883));
#4254=CARTESIAN_POINT('Ctrl Pts',(43.8401771993773,44.340596885629,11.7783111491249));
#4255=CARTESIAN_POINT('Ctrl Pts',(44.2901279412907,44.182602780468,11.8047836617614));
#4256=CARTESIAN_POINT('Ctrl Pts',(44.7034260647844,44.2498554955049,11.831256174398));
#4257=CARTESIAN_POINT('Ctrl Pts',(45.116724188278,44.3171082105418,11.8577286870346));
#4258=CARTESIAN_POINT('Ctrl Pts',(45.4933696933519,44.6096077457766,11.8842011996711));
#4259=CARTESIAN_POINT('Ctrl Pts',(45.6608560636507,44.9933870825833,11.9106737123077));
#4260=CARTESIAN_POINT('Ctrl Pts',(45.7299151448863,45.1516295016518,11.9215890327449));
#4261=CARTESIAN_POINT('Ctrl Pts',(45.763414411573,45.3253906922024,11.9325043531822));
#4262=CARTESIAN_POINT('Ctrl Pts',(45.762691842916,45.4994180386027,11.9434196736194));
#4263=CARTESIAN_POINT('Ctrl Pts',(45.7643505962094,45.5011548906152,11.8065803263806));
#4264=CARTESIAN_POINT('Ctrl Pts',(45.7614694766398,45.1839092225874,11.7866160262957));
#4265=CARTESIAN_POINT('Ctrl Pts',(45.6403293335364,44.8647024464361,11.7666517262109));
#4266=CARTESIAN_POINT('Ctrl Pts',(45.4244642945723,44.6342086629411,11.746687426126));
#4267=CARTESIAN_POINT('Ctrl Pts',(45.1384019697006,44.3287604630313,11.720230922914));
#4268=CARTESIAN_POINT('Ctrl Pts',(44.6859903964148,44.1791038268796,11.693774419702));
#4269=CARTESIAN_POINT('Ctrl Pts',(44.2742080973573,44.2537067408246,11.66731791649));
#4270=CARTESIAN_POINT('Ctrl Pts',(43.8624257982999,44.3283096547695,11.640861413278));
#4271=CARTESIAN_POINT('Ctrl Pts',(43.4912727734708,44.6271721188111,11.614404910066));
#4272=CARTESIAN_POINT('Ctrl Pts',(43.3305517184193,45.0135644052544,11.587948406854));
#4273=CARTESIAN_POINT('Ctrl Pts',(43.1698306633679,45.3999566916978,11.561491903642));
#4274=CARTESIAN_POINT('Ctrl Pts',(43.2195415780942,45.8738788005428,11.5350354004301));
#4275=CARTESIAN_POINT('Ctrl Pts',(43.4569416941422,46.2185111284844,11.5085788972181));
#4276=CARTESIAN_POINT('Ctrl Pts',(43.6943418101904,46.563143456426,11.4821223940061));
#4277=CARTESIAN_POINT('Ctrl Pts',(44.1194311275603,46.778486003464,11.4556658907941));
#4278=CARTESIAN_POINT('Ctrl Pts',(44.5377310696015,46.7660194459585,11.4292093875821));
#4279=CARTESIAN_POINT('Ctrl Pts',(44.9560310116427,46.7535528884529,11.4027528843701));
#4280=CARTESIAN_POINT('Ctrl Pts',(45.3675415783552,46.5132772264038,11.3762963811581));
#4281=CARTESIAN_POINT('Ctrl Pts',(45.5839964783856,46.1551186961176,11.3498398779461));
#4282=CARTESIAN_POINT('Ctrl Pts',(45.7019730408264,45.9599079976945,11.3354200274243));
#4283=CARTESIAN_POINT('Ctrl Pts',(45.7620047051157,45.7296780101116,11.3210001769024));
#4284=CARTESIAN_POINT('Ctrl Pts',(45.7625063052886,45.499691894908,11.3065803263806));
#4285=CARTESIAN_POINT('Origin',(44.5,45.5,20.));
#4286=CARTESIAN_POINT('',(45.7654796053937,45.4990109342979,10.8065803263806));
#4287=CARTESIAN_POINT('',(45.7651899346967,45.5010721809923,10.9434196736194));
#4288=CARTESIAN_POINT('',(45.7645,45.5,20.));
#4289=CARTESIAN_POINT('Ctrl Pts',(45.7651899346967,45.5010721809923,10.9434196736194));
#4290=CARTESIAN_POINT('Ctrl Pts',(45.7658699252055,45.5763903285521,10.9481675348767));
#4291=CARTESIAN_POINT('Ctrl Pts',(45.7597228413293,45.6515976600054,10.9529153961339));
#4292=CARTESIAN_POINT('Ctrl Pts',(45.746352302329,45.7254980774824,10.9576632573911));
#4293=CARTESIAN_POINT('Ctrl Pts',(45.6718025748905,46.1375424969626,10.9841357700277));
#4294=CARTESIAN_POINT('Ctrl Pts',(45.3726892956189,46.5089574338176,11.0106082826643));
#4295=CARTESIAN_POINT('Ctrl Pts',(44.986008622804,46.6696320203479,11.0370807953008));
#4296=CARTESIAN_POINT('Ctrl Pts',(44.599327949989,46.8303066068782,11.0635533079374));
#4297=CARTESIAN_POINT('Ctrl Pts',(44.1250798836306,46.7802408430837,11.090025820574));
#4298=CARTESIAN_POINT('Ctrl Pts',(43.7804736473369,46.542365229797,11.1164983332106));
#4299=CARTESIAN_POINT('Ctrl Pts',(43.4358674110432,46.3044896165103,11.1429708458471));
#4300=CARTESIAN_POINT('Ctrl Pts',(43.2209030048142,45.8788041537313,11.1694433584837));
#4301=CARTESIAN_POINT('Ctrl Pts',(43.2340357626934,45.4602760230713,11.1959158711203));
#4302=CARTESIAN_POINT('Ctrl Pts',(43.2471685205725,45.0417478924112,11.2223883837568));
#4303=CARTESIAN_POINT('Ctrl Pts',(43.4883984425596,44.6303770938701,11.2488608963934));
#4304=CARTESIAN_POINT('Ctrl Pts',(43.8472403884825,44.4145745838581,11.27533340903));
#4305=CARTESIAN_POINT('Ctrl Pts',(44.2060823344055,44.1987720738461,11.3018059216666));
#4306=CARTESIAN_POINT('Ctrl Pts',(44.6825363042644,44.1785378523633,11.3282784343031));
#4307=CARTESIAN_POINT('Ctrl Pts',(45.0583827539293,44.3631393468905,11.3547509469397));
#4308=CARTESIAN_POINT('Ctrl Pts',(45.4342292035941,44.5477408414177,11.3812234595763));
#4309=CARTESIAN_POINT('Ctrl Pts',(45.709468133065,44.9371780519549,11.4076959722128));
#4310=CARTESIAN_POINT('Ctrl Pts',(45.758038017804,45.3530857721963,11.4341684848494));
#4311=CARTESIAN_POINT('Ctrl Pts',(45.7636958256898,45.4015340234532,11.4372522144394));
#4312=CARTESIAN_POINT('Ctrl Pts',(45.7662778592889,45.4503414649701,11.4403359440294));
#4313=CARTESIAN_POINT('Ctrl Pts',(45.7659130557133,45.4991878315018,11.4434196736194));
#4314=CARTESIAN_POINT('Ctrl Pts',(45.7625063052886,45.499691894908,11.3065803263806));
#4315=CARTESIAN_POINT('Ctrl Pts',(45.7629250049873,45.3077160496608,11.2945436736904));
#4316=CARTESIAN_POINT('Ctrl Pts',(45.7218648943061,45.1159101275663,11.2825070210003));
#4317=CARTESIAN_POINT('Ctrl Pts',(45.6384040183977,44.9447836799434,11.2704703683101));
#4318=CARTESIAN_POINT('Ctrl Pts',(45.4549574250312,44.5686485925788,11.2440138650981));
#4319=CARTESIAN_POINT('Ctrl Pts',(45.0666650049498,44.2924198163729,11.2175573618861));
#4320=CARTESIAN_POINT('Ctrl Pts',(44.6511707357548,44.2424721554534,11.1911008586741));
#4321=CARTESIAN_POINT('Ctrl Pts',(44.2356764665598,44.1925244945339,11.1646443554621));
#4322=CARTESIAN_POINT('Ctrl Pts',(43.7929803482512,44.3688579489009,11.1381878522501));
#4323=CARTESIAN_POINT('Ctrl Pts',(43.5256160777429,44.6907998744407,11.1117313490381));
#4324=CARTESIAN_POINT('Ctrl Pts',(43.2582518072346,45.0127417999805,11.0852748458261));
#4325=CARTESIAN_POINT('Ctrl Pts',(43.1662193845266,45.480292196693,11.0588183426141));
#4326=CARTESIAN_POINT('Ctrl Pts',(43.2916236893247,45.8795465227847,11.0323618394021));
#4327=CARTESIAN_POINT('Ctrl Pts',(43.4170279941228,46.2788008488764,11.0059053361901));
#4328=CARTESIAN_POINT('Ctrl Pts',(43.7598690264269,46.6097591043472,10.9794488329781));
#4329=CARTESIAN_POINT('Ctrl Pts',(44.1632968414206,46.7210077207625,10.9529923297661));
#4330=CARTESIAN_POINT('Ctrl Pts',(44.5667246564143,46.8322563371777,10.9265358265542));
#4331=CARTESIAN_POINT('Ctrl Pts',(45.0307392540975,46.7237953145374,10.9000793233422));
#4332=CARTESIAN_POINT('Ctrl Pts',(45.3430537225122,46.4452456252832,10.8736228201302));
#4333=CARTESIAN_POINT('Ctrl Pts',(45.6068620903934,46.209957970283,10.8512753222136));
#4334=CARTESIAN_POINT('Ctrl Pts',(45.7624326780704,45.8533123454448,10.8289278242971));
#4335=CARTESIAN_POINT('Ctrl Pts',(45.7654796053937,45.4990109342979,10.8065803263806));
#4336=CARTESIAN_POINT('Origin',(44.5,45.5,20.));
#4337=CARTESIAN_POINT('',(45.7656071908867,45.5009444712462,10.3065803263806));
#4338=CARTESIAN_POINT('',(45.7624526214955,45.5001716700157,10.4434196736194));
#4339=CARTESIAN_POINT('',(45.7645,45.5,20.));
#4340=CARTESIAN_POINT('Ctrl Pts',(45.7624526214955,45.5001716700157,10.4434196736194));
#4341=CARTESIAN_POINT('Ctrl Pts',(45.7626956260718,45.7008258688858,10.4559991257239));
#4342=CARTESIAN_POINT('Ctrl Pts',(45.717674888543,45.9013770397299,10.4685785778283));
#4343=CARTESIAN_POINT('Ctrl Pts',(45.6268101694157,46.0783963058044,10.4811580299328));
#4344=CARTESIAN_POINT('Ctrl Pts',(45.4355921890664,46.4509200627345,10.5076305425694));
#4345=CARTESIAN_POINT('Ctrl Pts',(45.0413493549817,46.7192303251698,10.534103055206));
#4346=CARTESIAN_POINT('Ctrl Pts',(44.624647885526,46.7604389509614,10.5605755678425));
#4347=CARTESIAN_POINT('Ctrl Pts',(44.2079464160704,46.801647576753,10.5870480804791));
#4348=CARTESIAN_POINT('Ctrl Pts',(43.7687863112437,46.6157545659007,10.6135205931157));
#4349=CARTESIAN_POINT('Ctrl Pts',(43.5083062412492,46.2879003320988,10.6399931057522));
#4350=CARTESIAN_POINT('Ctrl Pts',(43.2478261712546,45.9600460982969,10.6664656183888));
#4351=CARTESIAN_POINT('Ctrl Pts',(43.1660261360923,45.4902306415452,10.6929381310254));
#4352=CARTESIAN_POINT('Ctrl Pts',(43.3003711743994,45.0936330165291,10.719410643662));
#4353=CARTESIAN_POINT('Ctrl Pts',(43.4347162127065,44.6970353915131,10.7458831562985));
#4354=CARTESIAN_POINT('Ctrl Pts',(43.7852063244831,44.3736555982326,10.7723556689351));
#4355=CARTESIAN_POINT('Ctrl Pts',(44.1913143711579,44.2716040430656,10.7988281815717));
#4356=CARTESIAN_POINT('Ctrl Pts',(44.5974224178327,44.1695524878987,10.8253006942083));
#4357=CARTESIAN_POINT('Ctrl Pts',(45.0591483994057,44.2888291708453,10.8517732068448));
#4358=CARTESIAN_POINT('Ctrl Pts',(45.3650183023894,44.5748044633712,10.8782457194814));
#4359=CARTESIAN_POINT('Ctrl Pts',(45.6160302520664,44.8094899130874,10.8999703708607));
#4360=CARTESIAN_POINT('Ctrl Pts',(45.7620785218001,45.1564411124697,10.9216950222401));
#4361=CARTESIAN_POINT('Ctrl Pts',(45.7651899346967,45.5010721809923,10.9434196736194));
#4362=CARTESIAN_POINT('Ctrl Pts',(45.7654796053937,45.4990109342979,10.8065803263806));
#4363=CARTESIAN_POINT('Ctrl Pts',(45.7660398399467,45.4338659959234,10.8024713210851));
#4364=CARTESIAN_POINT('Ctrl Pts',(45.7614436007621,45.3688003100157,10.7983623157896));
#4365=CARTESIAN_POINT('Ctrl Pts',(45.7514155989614,45.3045828312685,10.7942533104942));
#4366=CARTESIAN_POINT('Ctrl Pts',(45.6868486678495,44.8911080823761,10.7677968072822));
#4367=CARTESIAN_POINT('Ctrl Pts',(45.3971004664794,44.5127969404595,10.7413403040702));
#4368=CARTESIAN_POINT('Ctrl Pts',(45.0147309427955,44.3427269433329,10.7148838008582));
#4369=CARTESIAN_POINT('Ctrl Pts',(44.6323614191117,44.1726569462063,10.6884272976462));
#4370=CARTESIAN_POINT('Ctrl Pts',(44.1573705731141,44.2108280938697,10.6619707944342));
#4371=CARTESIAN_POINT('Ctrl Pts',(43.8070669558888,44.4397770670573,10.6355142912222));
#4372=CARTESIAN_POINT('Ctrl Pts',(43.4567633386634,44.6687260402449,10.6090577880102));
#4373=CARTESIAN_POINT('Ctrl Pts',(43.2311469502102,45.0884528389567,10.5826012847982));
#4374=CARTESIAN_POINT('Ctrl Pts',(43.2334374017894,45.5069322415518,10.5561447815862));
#4375=CARTESIAN_POINT('Ctrl Pts',(43.2357278533686,45.925411644147,10.5296882783742));
#4376=CARTESIAN_POINT('Ctrl Pts',(43.4659251449802,46.3426436506255,10.5032317751622));
#4377=CARTESIAN_POINT('Ctrl Pts',(43.8187138998637,46.567744408049,10.4767752719502));
#4378=CARTESIAN_POINT('Ctrl Pts',(44.1715026547471,46.7928451654725,10.4503187687382));
#4379=CARTESIAN_POINT('Ctrl Pts',(44.6468828729024,46.8258146738408,10.4238622655262));
#4380=CARTESIAN_POINT('Ctrl Pts',(45.0273678652855,46.6515693664835,10.3974057623142));
#4381=CARTESIAN_POINT('Ctrl Pts',(45.4078528576686,46.4773240591261,10.3709492591022));
#4382=CARTESIAN_POINT('Ctrl Pts',(45.6934426242795,46.0958639360429,10.3444927558902));
#4383=CARTESIAN_POINT('Ctrl Pts',(45.7534797031689,45.6817071955167,10.3180362526783));
#4384=CARTESIAN_POINT('Ctrl Pts',(45.7621452518669,45.6219292138093,10.314217610579));
#4385=CARTESIAN_POINT('Ctrl Pts',(45.7661118482896,45.5614700615671,10.3103989684798));
#4386=CARTESIAN_POINT('Ctrl Pts',(45.7656071908867,45.5009444712462,10.3065803263806));
#4387=CARTESIAN_POINT('Origin',(44.5,45.5,20.));
#4388=CARTESIAN_POINT('',(45.7625439884657,45.5003807087322,9.80658032638059));
#4389=CARTESIAN_POINT('',(45.7645592122825,45.4988444294955,9.94341967361942));
#4390=CARTESIAN_POINT('',(45.7645,45.5,20.));
#4391=CARTESIAN_POINT('Ctrl Pts',(45.7645592122825,45.4988444294955,9.94341967361942));
#4392=CARTESIAN_POINT('Ctrl Pts',(45.7615710213351,45.8230523318956,9.96383071657111));
#4393=CARTESIAN_POINT('Ctrl Pts',(45.6343867317943,46.1493427101445,9.98424175952281));
#4394=CARTESIAN_POINT('Ctrl Pts',(45.4097565160222,46.3812414686236,10.0046528024745));
#4395=CARTESIAN_POINT('Ctrl Pts',(45.1184178402056,46.6820072270796,10.0311253151111));
#4396=CARTESIAN_POINT('Ctrl Pts',(44.6631623054421,46.8239938716006,10.0575978277477));
#4397=CARTESIAN_POINT('Ctrl Pts',(44.2525004113389,46.7421704384179,10.0840703403842));
#4398=CARTESIAN_POINT('Ctrl Pts',(43.8418385172358,46.6603470052353,10.1105428530208));
#4399=CARTESIAN_POINT('Ctrl Pts',(43.4757702637931,46.3547134943491,10.1370153656574));
#4400=CARTESIAN_POINT('Ctrl Pts',(43.3219576970207,45.9652523797446,10.1634878782939));
#4401=CARTESIAN_POINT('Ctrl Pts',(43.1681451302482,45.57579126514,10.1899603909305));
#4402=CARTESIAN_POINT('Ctrl Pts',(43.2265882501461,45.1025025468171,10.2164329035671));
#4403=CARTESIAN_POINT('Ctrl Pts',(43.4705196630243,44.7621560596934,10.2429054162037));
#4404=CARTESIAN_POINT('Ctrl Pts',(43.7144510759025,44.4218095725698,10.2693779288402));
#4405=CARTESIAN_POINT('Ctrl Pts',(44.1438707817611,44.2144053166454,10.2958504414768));
#4406=CARTESIAN_POINT('Ctrl Pts',(44.5621012872526,44.2349360195672,10.3223229541134));
#4407=CARTESIAN_POINT('Ctrl Pts',(44.9803317927441,44.255466722489,10.3487954667499));
#4408=CARTESIAN_POINT('Ctrl Pts',(45.3873730978686,44.5039323842569,10.3752679793865));
#4409=CARTESIAN_POINT('Ctrl Pts',(45.5967971871238,44.8665338408533,10.4017404920231));
#4410=CARTESIAN_POINT('Ctrl Pts',(45.7067052109238,45.0568310013338,10.4156335525552));
#4411=CARTESIAN_POINT('Ctrl Pts',(45.762184241183,45.2785641701204,10.4295266130873));
#4412=CARTESIAN_POINT('Ctrl Pts',(45.7624526214955,45.5001716700157,10.4434196736194));
#4413=CARTESIAN_POINT('Ctrl Pts',(45.7656071908867,45.5009444712462,10.3065803263806));
#4414=CARTESIAN_POINT('Ctrl Pts',(45.7626154561551,45.1421337024312,10.2839424652678));
#4415=CARTESIAN_POINT('Ctrl Pts',(45.6024853692577,44.7809880247536,10.261304604155));
#4416=CARTESIAN_POINT('Ctrl Pts',(45.3326563510099,44.5455827577617,10.2386667430423));
#4417=CARTESIAN_POINT('Ctrl Pts',(45.0173115287937,44.2704684185021,10.2122102398303));
#4418=CARTESIAN_POINT('Ctrl Pts',(44.5521374931935,44.167093097952,10.1857537366183));
#4419=CARTESIAN_POINT('Ctrl Pts',(44.149951599598,44.2827510572874,10.1592972334063));
#4420=CARTESIAN_POINT('Ctrl Pts',(43.7477657060025,44.3984090166228,10.1328407301943));
#4421=CARTESIAN_POINT('Ctrl Pts',(43.4085679544118,44.7331002558438,10.1063842269823));
#4422=CARTESIAN_POINT('Ctrl Pts',(43.2875414868819,45.1337033645712,10.0799277237703));
#4423=CARTESIAN_POINT('Ctrl Pts',(43.1665150193521,45.5343064732986,10.0534712205583));
#4424=CARTESIAN_POINT('Ctrl Pts',(43.2636598358831,46.0008214515325,10.0270147173463));
#4425=CARTESIAN_POINT('Ctrl Pts',(43.5345321340233,46.3198174619544,10.0005582141343));
#4426=CARTESIAN_POINT('Ctrl Pts',(43.8054044321636,46.6388134723763,9.97410171092231));
#4427=CARTESIAN_POINT('Ctrl Pts',(44.2500042119131,46.8102905149861,9.94764520771032));
#4428=CARTESIAN_POINT('Ctrl Pts',(44.6649268502888,46.755797756493,9.92118870449833));
#4429=CARTESIAN_POINT('Ctrl Pts',(45.0798494886645,46.7013049979999,9.89473220128633));
#4430=CARTESIAN_POINT('Ctrl Pts',(45.4650949856664,46.4208424384038,9.86827569807433));
#4431=CARTESIAN_POINT('Ctrl Pts',(45.644413332539,46.0427218398645,9.84181919486233));
#4432=CARTESIAN_POINT('Ctrl Pts',(45.7240279814236,45.8748419814242,9.83007290536842));
#4433=CARTESIAN_POINT('Ctrl Pts',(45.7630497260403,45.6877115121571,9.8183266158745));
#4434=CARTESIAN_POINT('Ctrl Pts',(45.7625439884657,45.5003807087322,9.80658032638059));
#4435=CARTESIAN_POINT('Origin',(44.5,45.5,20.));
#4436=CARTESIAN_POINT('',(45.7642130632678,45.4988498349228,9.30658032638059));
#4437=CARTESIAN_POINT('',(45.766342504582,45.5005036065434,9.44341967361941));
#4438=CARTESIAN_POINT('',(45.7645,45.5,20.));
#4439=CARTESIAN_POINT('Ctrl Pts',(45.766342504582,45.5005036065434,9.44341967361941));
#4440=CARTESIAN_POINT('Ctrl Pts',(45.7664842487573,45.5285173091663,9.44518979478177));
#4441=CARTESIAN_POINT('Ctrl Pts',(45.7656352694232,45.5565222653658,9.44695991594412));
#4442=CARTESIAN_POINT('Ctrl Pts',(45.7637682109581,45.5844591820863,9.44873003710648));
#4443=CARTESIAN_POINT('Ctrl Pts',(45.7358459817556,46.0022613058274,9.47520254974305));
#4444=CARTESIAN_POINT('Ctrl Pts',(45.4802222610783,46.4048458591603,9.50167506237963));
#4445=CARTESIAN_POINT('Ctrl Pts',(45.1139746584001,46.6078260528212,9.5281475750162));
#4446=CARTESIAN_POINT('Ctrl Pts',(44.7477270557218,46.810806246482,9.55462008765278));
#4447=CARTESIAN_POINT('Ctrl Pts',(44.2708555710427,46.8141820804709,9.58109260028934));
#4448=CARTESIAN_POINT('Ctrl Pts',(43.9017709735379,46.6164073971293,9.60756511292591));
#4449=CARTESIAN_POINT('Ctrl Pts',(43.5326863760331,46.4186327137877,9.63403762556248));
#4450=CARTESIAN_POINT('Ctrl Pts',(43.2713886657026,46.0197075131157,9.66051013819906));
#4451=CARTESIAN_POINT('Ctrl Pts',(43.237554182463,45.6023425730092,9.68698265083564));
#4452=CARTESIAN_POINT('Ctrl Pts',(43.2037196992234,45.1849776329027,9.71345516347221));
#4453=CARTESIAN_POINT('Ctrl Pts',(43.3973484430748,44.7491729533618,9.73992767610878));
#4454=CARTESIAN_POINT('Ctrl Pts',(43.7297569757371,44.4945303942728,9.76640018874535));
#4455=CARTESIAN_POINT('Ctrl Pts',(44.0621655083995,44.2398878351837,9.79287270138192));
#4456=CARTESIAN_POINT('Ctrl Pts',(44.5333538298729,44.1664073965465,9.8193452140185));
#4457=CARTESIAN_POINT('Ctrl Pts',(44.9275141029815,44.307743678474,9.84581772665507));
#4458=CARTESIAN_POINT('Ctrl Pts',(45.3216743760902,44.4490799604015,9.87229023929164));
#4459=CARTESIAN_POINT('Ctrl Pts',(45.6388066008341,44.8052329628935,9.89876275192821));
#4460=CARTESIAN_POINT('Ctrl Pts',(45.7336618047712,45.2130819003351,9.92523526456478));
#4461=CARTESIAN_POINT('Ctrl Pts',(45.7553810103114,45.3064679723053,9.93129673424966));
#4462=CARTESIAN_POINT('Ctrl Pts',(45.7654466156789,45.4025643728298,9.93735820393454));
#4463=CARTESIAN_POINT('Ctrl Pts',(45.7645592122825,45.4988444294955,9.94341967361942));
#4464=CARTESIAN_POINT('Ctrl Pts',(45.7625439884657,45.5003807087322,9.80658032638059));
#4465=CARTESIAN_POINT('Ctrl Pts',(45.7619106388609,45.2657809948576,9.79187011266251));
#4466=CARTESIAN_POINT('Ctrl Pts',(45.6992852794733,45.0308670915536,9.77715989894443));
#4467=CARTESIAN_POINT('Ctrl Pts',(45.5767604636499,44.8330548935038,9.76244968522635));
#4468=CARTESIAN_POINT('Ctrl Pts',(45.3563980511449,44.4772871831648,9.73599318201435));
#4469=CARTESIAN_POINT('Ctrl Pts',(44.9422820293916,44.2415303999695,9.70953667880236));
#4470=CARTESIAN_POINT('Ctrl Pts',(44.5238706867485,44.2336433908756,9.68308017559036));
#4471=CARTESIAN_POINT('Ctrl Pts',(44.1054593441054,44.2257563817817,9.65662367237836));
#4472=CARTESIAN_POINT('Ctrl Pts',(43.6827526805726,44.4457391467894,9.63016716916637));
#4473=CARTESIAN_POINT('Ctrl Pts',(43.4491392074461,44.7929494601998,9.60371066595437));
#4474=CARTESIAN_POINT('Ctrl Pts',(43.2155257343195,45.1401597736102,9.57725416274238));
#4475=CARTESIAN_POINT('Ctrl Pts',(43.1710054515992,45.6145976354235,9.55079765953038));
#4476=CARTESIAN_POINT('Ctrl Pts',(43.3359464110348,45.9992074850963,9.52434115631839));
#4477=CARTESIAN_POINT('Ctrl Pts',(43.5008873704704,46.383817334769,9.49788465310639));
#4478=CARTESIAN_POINT('Ctrl Pts',(43.8752895720619,46.6785991723013,9.4714281498944));
#4479=CARTESIAN_POINT('Ctrl Pts',(44.287863820161,46.7486901586712,9.4449716466824));
#4480=CARTESIAN_POINT('Ctrl Pts',(44.7004380682601,46.8187811450411,9.41851514347041));
#4481=CARTESIAN_POINT('Ctrl Pts',(45.1511843628667,46.6641812802487,9.39205864025841));
#4482=CARTESIAN_POINT('Ctrl Pts',(45.4338860473576,46.3556200802399,9.36560213704641));
#4483=CARTESIAN_POINT('Ctrl Pts',(45.6441124349648,46.1261636956753,9.34592820015781));
#4484=CARTESIAN_POINT('Ctrl Pts',(45.7614117512129,45.8115681568448,9.3262542632692));
#4485=CARTESIAN_POINT('Ctrl Pts',(45.7642130632678,45.4988498349228,9.30658032638059));
#4486=CARTESIAN_POINT('Origin',(44.5,45.5,20.));
#4487=CARTESIAN_POINT('',(45.766474710872,45.5003324686035,8.80658032638059));
#4488=CARTESIAN_POINT('',(45.763054095283,45.5008517796938,8.94341967361942));
#4489=CARTESIAN_POINT('',(45.7645,45.5,20.));
#4490=CARTESIAN_POINT('Ctrl Pts',(45.763054095283,45.5008517796938,8.94341967361942));
#4491=CARTESIAN_POINT('Ctrl Pts',(45.7640006708712,45.6538257510622,8.953021385629));
#4492=CARTESIAN_POINT('Ctrl Pts',(45.7382941718102,45.806492408059,8.96262309763859));
#4493=CARTESIAN_POINT('Ctrl Pts',(45.684511067604,45.9485275634679,8.97222480964818));
#4494=CARTESIAN_POINT('Ctrl Pts',(45.5362277297669,46.3401272534653,8.99869732228475));
#4495=CARTESIAN_POINT('Ctrl Pts',(45.1745231850792,46.6509127607006,9.02516983492133));
#4496=CARTESIAN_POINT('Ctrl Pts',(44.7650608677314,46.7385419576519,9.0516423475579));
#4497=CARTESIAN_POINT('Ctrl Pts',(44.3555985503836,46.8261711546032,9.07811486019447));
#4498=CARTESIAN_POINT('Ctrl Pts',(43.8983784603757,46.6906440412705,9.10458737283104));
#4499=CARTESIAN_POINT('Ctrl Pts',(43.602810878568,46.3940330669784,9.13105988546761));
#4500=CARTESIAN_POINT('Ctrl Pts',(43.3072432967603,46.0974220926863,9.15753239810418));
#4501=CARTESIAN_POINT('Ctrl Pts',(43.1733282231529,45.6397272574348,9.18400491074076));
#4502=CARTESIAN_POINT('Ctrl Pts',(43.2623997806078,45.2305762790189,9.21047742337733));
#4503=CARTESIAN_POINT('Ctrl Pts',(43.3514713380628,44.821425300603,9.2369499360139));
#4504=CARTESIAN_POINT('Ctrl Pts',(43.6635295265802,44.4608181790227,9.26342244865047));
#4505=CARTESIAN_POINT('Ctrl Pts',(44.0556493209252,44.3139157203333,9.28989496128704));
#4506=CARTESIAN_POINT('Ctrl Pts',(44.4477691152702,44.1670132616439,9.31636747392362));
#4507=CARTESIAN_POINT('Ctrl Pts',(44.9199505154428,44.2338154658454,9.3428399865602));
#4508=CARTESIAN_POINT('Ctrl Pts',(45.2559308466654,44.4837264150208,9.36931249919677));
#4509=CARTESIAN_POINT('Ctrl Pts',(45.5694453884634,44.7169267230147,9.39401489067099));
#4510=CARTESIAN_POINT('Ctrl Pts',(45.7643644365372,45.1095668370455,9.4187172821452));
#4511=CARTESIAN_POINT('Ctrl Pts',(45.766342504582,45.5005036065434,9.44341967361941));
#4512=CARTESIAN_POINT('Ctrl Pts',(45.7642130632678,45.4988498349228,9.30658032638059));
#4513=CARTESIAN_POINT('Ctrl Pts',(45.7651788122641,45.3910405656858,9.29979776005721));
#4514=CARTESIAN_POINT('Ctrl Pts',(45.752536274035,45.2834544069481,9.29301519373382));
#4515=CARTESIAN_POINT('Ctrl Pts',(45.7254016012541,45.179656767197,9.28623262741043));
#4516=CARTESIAN_POINT('Ctrl Pts',(45.6195583962849,44.7747771893881,9.25977612419844));
#4517=CARTESIAN_POINT('Ctrl Pts',(45.2932149119713,44.4275405689957,9.23331962098644));
#4518=CARTESIAN_POINT('Ctrl Pts',(44.8956734566213,44.2968078345982,9.20686311777444));
#4519=CARTESIAN_POINT('Ctrl Pts',(44.4981320012713,44.1660751002007,9.18040661456245));
#4520=CARTESIAN_POINT('Ctrl Pts',(44.0293925748849,44.2518462517982,9.15395011135045));
#4521=CARTESIAN_POINT('Ctrl Pts',(43.7039037009298,44.5148809443699,9.12749360813846));
#4522=CARTESIAN_POINT('Ctrl Pts',(43.3784148269747,44.7779156369416,9.10103710492646));
#4523=CARTESIAN_POINT('Ctrl Pts',(43.1961765054509,45.2182138704875,9.07458060171446));
#4524=CARTESIAN_POINT('Ctrl Pts',(43.2405628601682,45.6343389815776,9.04812409850247));
#4525=CARTESIAN_POINT('Ctrl Pts',(43.2849492148855,46.0504640926677,9.02166759529047));
#4526=CARTESIAN_POINT('Ctrl Pts',(43.5559602458439,46.442416081302,8.99521109207847));
#4527=CARTESIAN_POINT('Ctrl Pts',(43.9296082699918,46.630876715428,8.96875458886648));
#4528=CARTESIAN_POINT('Ctrl Pts',(44.3032562941398,46.819337349554,8.94229808565449));
#4529=CARTESIAN_POINT('Ctrl Pts',(44.7795413114773,46.8043066291717,8.9158415824425));
#4530=CARTESIAN_POINT('Ctrl Pts',(45.1405626868792,46.5926611164204,8.8893850792305));
#4531=CARTESIAN_POINT('Ctrl Pts',(45.5015840622811,46.3810156036691,8.8629285760185));
#4532=CARTESIAN_POINT('Ctrl Pts',(45.7473417957472,45.9727552985486,8.8364720728065));
#4533=CARTESIAN_POINT('Ctrl Pts',(45.7654016005378,45.5546594961112,8.8100155695945));
#4534=CARTESIAN_POINT('Ctrl Pts',(45.7661832586599,45.5365636205706,8.8088704885232));
#4535=CARTESIAN_POINT('Ctrl Pts',(45.7665383700034,45.5184493201822,8.80772540745189));
#4536=CARTESIAN_POINT('Ctrl Pts',(45.766474710872,45.5003324686035,8.80658032638059));
#4537=CARTESIAN_POINT('Origin',(44.5,45.5,20.));
#4538=CARTESIAN_POINT('',(45.7632388126651,45.5009367369195,8.30658032638059));
#4539=CARTESIAN_POINT('',(45.7632498250857,45.4990542386662,8.44341967361941));
#4540=CARTESIAN_POINT('',(45.7645,45.5,20.));
#4541=CARTESIAN_POINT('Ctrl Pts',(45.7632498250857,45.4990542386662,8.44341967361941));
#4542=CARTESIAN_POINT('Ctrl Pts',(45.7613225167362,45.776692550008,8.46085297647623));
#4543=CARTESIAN_POINT('Ctrl Pts',(45.6712126816297,46.0554682101835,8.47828627933305));
#4544=CARTESIAN_POINT('Ctrl Pts',(45.5027491027959,46.2737814170093,8.49571958218987));
#4545=CARTESIAN_POINT('Ctrl Pts',(45.246936750076,46.6052905506422,8.52219209482645));
#4546=CARTESIAN_POINT('Ctrl Pts',(44.8104524479416,46.7973823597999,8.54866460746302));
#4547=CARTESIAN_POINT('Ctrl Pts',(44.3932093285991,46.7620773339889,8.57513712009959));
#4548=CARTESIAN_POINT('Ctrl Pts',(43.9759662092567,46.7267723081779,8.60160963273616));
#4549=CARTESIAN_POINT('Ctrl Pts',(43.577964272706,46.4640704473982,8.62808214537274));
#4550=CARTESIAN_POINT('Ctrl Pts',(43.3814914348493,46.0942912031582,8.65455465800931));
#4551=CARTESIAN_POINT('Ctrl Pts',(43.1850185969925,45.7245119589183,8.68102717064588));
#4552=CARTESIAN_POINT('Ctrl Pts',(43.1900748578295,45.2476553312181,8.70749968328246));
#4553=CARTESIAN_POINT('Ctrl Pts',(43.3943444114168,44.8821252846235,8.73397219591903));
#4554=CARTESIAN_POINT('Ctrl Pts',(43.5986139650041,44.516595238029,8.7604447085556));
#4555=CARTESIAN_POINT('Ctrl Pts',(44.0020968113415,44.26239177254,8.78691722119217));
#4556=CARTESIAN_POINT('Ctrl Pts',(44.4199947361328,44.2359420099456,8.81338973382874));
#4557=CARTESIAN_POINT('Ctrl Pts',(44.8378926609241,44.2094922473512,8.83986224646531));
#4558=CARTESIAN_POINT('Ctrl Pts',(45.2702056641692,44.4107961876514,8.86633475910189));
#4559=CARTESIAN_POINT('Ctrl Pts',(45.5189311002984,44.7476550941813,8.89280727173846));
#4560=CARTESIAN_POINT('Ctrl Pts',(45.6774425835643,44.9623335997508,8.90967807236544));
#4561=CARTESIAN_POINT('Ctrl Pts',(45.7613909035509,45.2320670703109,8.92654887299243));
#4562=CARTESIAN_POINT('Ctrl Pts',(45.763054095283,45.5008517796938,8.94341967361942));
#4563=CARTESIAN_POINT('Ctrl Pts',(45.766474710872,45.5003324686035,8.80658032638059));
#4564=CARTESIAN_POINT('Ctrl Pts',(45.7650675588489,45.0998688772822,8.7812689042399));
#4565=CARTESIAN_POINT('Ctrl Pts',(45.5590457794653,44.6981587538511,8.75595748209921));
#4566=CARTESIAN_POINT('Ctrl Pts',(45.2323967760621,44.4666443818449,8.73064605995852));
#4567=CARTESIAN_POINT('Ctrl Pts',(44.8909702706807,44.2246563697702,8.70418955674653));
#4568=CARTESIAN_POINT('Ctrl Pts',(44.4177553838026,44.1686116453753,8.67773305353453));
#4569=CARTESIAN_POINT('Ctrl Pts',(44.0292481643231,44.3241506982756,8.65127655032254));
#4570=CARTESIAN_POINT('Ctrl Pts',(43.6407409448436,44.4796897511759,8.62482004711054));
#4571=CARTESIAN_POINT('Ctrl Pts',(43.3369413927625,44.8468125813715,8.59836354389854));
#4572=CARTESIAN_POINT('Ctrl Pts',(43.256837956046,45.257560309291,8.57190704068655));
#4573=CARTESIAN_POINT('Ctrl Pts',(43.1767345193295,45.6683080372105,8.54545053747455));
#4574=CARTESIAN_POINT('Ctrl Pts',(43.3203271979775,46.122680662854,8.51899403426256));
#4575=CARTESIAN_POINT('Ctrl Pts',(43.6219222692448,46.4128024813237,8.49253753105056));
#4576=CARTESIAN_POINT('Ctrl Pts',(43.923517340512,46.7029242997934,8.46608102783857));
#4577=CARTESIAN_POINT('Ctrl Pts',(44.3831148043984,46.8287953110893,8.43962452462657));
#4578=CARTESIAN_POINT('Ctrl Pts',(44.7904485898806,46.7328294641982,8.41316802141457));
#4579=CARTESIAN_POINT('Ctrl Pts',(45.1977823753629,46.6368636173071,8.38671151820258));
#4580=CARTESIAN_POINT('Ctrl Pts',(45.552852482441,46.319060912229,8.36025501499059));
#4581=CARTESIAN_POINT('Ctrl Pts',(45.6932141584356,45.9248162464733,8.33379851177859));
#4582=CARTESIAN_POINT('Ctrl Pts',(45.7413483870268,45.7896179259353,8.32472578331259));
#4583=CARTESIAN_POINT('Ctrl Pts',(45.764232693661,45.6454299558916,8.31565305484659));
#4584=CARTESIAN_POINT('Ctrl Pts',(45.7632388126651,45.5009367369195,8.30658032638059));
#4585=CARTESIAN_POINT('Origin',(44.5,45.5,20.));
#4586=CARTESIAN_POINT('',(45.763104302437,45.4991262854832,7.80658032638059));
#4587=CARTESIAN_POINT('',(45.7664688076865,45.4996491251102,7.94341967361941));
#4588=CARTESIAN_POINT('',(45.7645,45.5,20.));
#4589=CARTESIAN_POINT('Ctrl Pts',(45.7664688076865,45.4996491251102,7.94341967361941));
#4590=CARTESIAN_POINT('Ctrl Pts',(45.7649958349208,45.8993818206634,7.96868456732346));
#4591=CARTESIAN_POINT('Ctrl Pts',(45.5598505475502,46.3004163270084,7.99394946102752));
#4592=CARTESIAN_POINT('Ctrl Pts',(45.2342115724768,46.5320740338309,8.01921435473157));
#4593=CARTESIAN_POINT('Ctrl Pts',(44.893007608448,46.7748045848894,8.04568686736814));
#4594=CARTESIAN_POINT('Ctrl Pts',(44.4195158809974,46.8315795194209,8.07215938000471));
#4595=CARTESIAN_POINT('Ctrl Pts',(44.0305992047682,46.676395485329,8.09863189264128));
#4596=CARTESIAN_POINT('Ctrl Pts',(43.6416825285391,46.5212114512371,8.12510440527786));
#4597=CARTESIAN_POINT('Ctrl Pts',(43.3373409035314,46.1540684485218,8.15157691791443));
#4598=CARTESIAN_POINT('Ctrl Pts',(43.2569651101661,45.743120766539,8.17804943055101));
#4599=CARTESIAN_POINT('Ctrl Pts',(43.1765893168009,45.3321730845562,8.20452194318758));
#4600=CARTESIAN_POINT('Ctrl Pts',(43.3201793550781,44.8774207233058,8.23099445582414));
#4601=CARTESIAN_POINT('Ctrl Pts',(43.6219698946863,44.587143725097,8.25746696846072));
#4602=CARTESIAN_POINT('Ctrl Pts',(43.9237604342946,44.2968667268882,8.28393948109729));
#4603=CARTESIAN_POINT('Ctrl Pts',(44.3837514752339,44.1710650917209,8.31041199373387));
#4604=CARTESIAN_POINT('Ctrl Pts',(44.7912636200292,44.267356925905,8.33688450637044));
#4605=CARTESIAN_POINT('Ctrl Pts',(45.1987757648244,44.3636487600891,8.36335701900702));
#4606=CARTESIAN_POINT('Ctrl Pts',(45.5538090134756,44.6820340636246,8.38982953164358));
#4607=CARTESIAN_POINT('Ctrl Pts',(45.6937554361485,45.0766899444464,8.41630204428015));
#4608=CARTESIAN_POINT('Ctrl Pts',(45.7415410426692,45.2114477344052,8.42534125405991));
#4609=CARTESIAN_POINT('Ctrl Pts',(45.7642491391356,45.3550981013968,8.43438046383966));
#4610=CARTESIAN_POINT('Ctrl Pts',(45.7632498250857,45.4990542386662,8.44341967361941));
#4611=CARTESIAN_POINT('Ctrl Pts',(45.7632388126651,45.5009367369195,8.30658032638059));
#4612=CARTESIAN_POINT('Ctrl Pts',(45.7613344899004,45.2240809288407,8.28919655163459));
#4613=CARTESIAN_POINT('Ctrl Pts',(45.6717676966384,44.946104479799,8.27181277688859));
#4614=CARTESIAN_POINT('Ctrl Pts',(45.5041875710372,44.7280957356426,8.2544290021426));
#4615=CARTESIAN_POINT('Ctrl Pts',(45.2491460627333,44.3963065170008,8.2279724989306));
#4616=CARTESIAN_POINT('Ctrl Pts',(44.8134098012145,44.2034147061507,8.20151599571862));
#4617=CARTESIAN_POINT('Ctrl Pts',(44.3963283454126,44.23766840363,8.17505949250662));
#4618=CARTESIAN_POINT('Ctrl Pts',(43.9792468896107,44.2719221011094,8.14860298929463));
#4619=CARTESIAN_POINT('Ctrl Pts',(43.5808202395257,44.5333213069182,8.12214648608262));
#4620=CARTESIAN_POINT('Ctrl Pts',(43.3833287880822,44.9022757528483,8.09568998287063));
#4621=CARTESIAN_POINT('Ctrl Pts',(43.1858373366387,45.2712301987784,8.06923347965863));
#4622=CARTESIAN_POINT('Ctrl Pts',(43.1892810838367,45.7477398848297,8.04277697644664));
#4623=CARTESIAN_POINT('Ctrl Pts',(43.3920845136,46.1138013898273,8.01632047323464));
#4624=CARTESIAN_POINT('Ctrl Pts',(43.5948879433633,46.4798628948249,7.98986397002265));
#4625=CARTESIAN_POINT('Ctrl Pts',(43.9970510556918,46.7354762187687,7.96340746681065));
#4626=CARTESIAN_POINT('Ctrl Pts',(44.4145840243043,46.7636981373156,7.93695096359866));
#4627=CARTESIAN_POINT('Ctrl Pts',(44.8321169929169,46.7919200558624,7.91049446038666));
#4628=CARTESIAN_POINT('Ctrl Pts',(45.2650198178133,46.5927505690123,7.88403795717467));
#4629=CARTESIAN_POINT('Ctrl Pts',(45.5152392387425,46.2573098172324,7.85758145396267));
#4630=CARTESIAN_POINT('Ctrl Pts',(45.6760248183543,46.0417628564886,7.84058107810198));
#4631=CARTESIAN_POINT('Ctrl Pts',(45.7613791562363,45.7699485474116,7.82358070224128));
#4632=CARTESIAN_POINT('Ctrl Pts',(45.763104302437,45.4991262854832,7.80658032638059));
#4633=CARTESIAN_POINT('Origin',(44.5,45.5,20.));
#4634=CARTESIAN_POINT('',(45.7663961681854,45.499561939014,7.30658032638059));
#4635=CARTESIAN_POINT('',(45.7642894660244,45.501157143914,7.44341967361942));
#4636=CARTESIAN_POINT('',(45.7645,45.5,20.));
#4637=CARTESIAN_POINT('Ctrl Pts',(45.7642894660244,45.501157143914,7.44341967361942));
#4638=CARTESIAN_POINT('Ctrl Pts',(45.7652421448768,45.606429296596,7.45004364553413));
#4639=CARTESIAN_POINT('Ctrl Pts',(45.7531938972925,45.7114864137072,7.45666761744883));
#4640=CARTESIAN_POINT('Ctrl Pts',(45.72730055234,45.8130124577275,7.46329158936355));
#4641=CARTESIAN_POINT('Ctrl Pts',(45.6238185463345,46.2187583633374,7.48976410200012));
#4642=CARTESIAN_POINT('Ctrl Pts',(45.2992056685183,46.5681067406215,7.5162366146367));
#4643=CARTESIAN_POINT('Ctrl Pts',(44.9021370873714,46.7010533740959,7.54270912727327));
#4644=CARTESIAN_POINT('Ctrl Pts',(44.5050685062246,46.8340000075703,7.56918163990984));
#4645=CARTESIAN_POINT('Ctrl Pts',(44.035544221747,46.750544897235,7.5956541525464));
#4646=CARTESIAN_POINT('Ctrl Pts',(43.7086099295065,46.4889111187519,7.62212666518298));
#4647=CARTESIAN_POINT('Ctrl Pts',(43.3816756372659,46.2272773402688,7.64859917781955));
#4648=CARTESIAN_POINT('Ctrl Pts',(43.1973313372624,45.787464893638,7.67507169045613));
#4649=CARTESIAN_POINT('Ctrl Pts',(43.2400081218349,45.3709112265737,7.7015442030927));
#4650=CARTESIAN_POINT('Ctrl Pts',(43.2826849064074,44.9543575595094,7.72801671572928));
#4651=CARTESIAN_POINT('Ctrl Pts',(43.5523827755559,44.5610626720116,7.75448922836584));
#4652=CARTESIAN_POINT('Ctrl Pts',(43.9255780526966,44.3711586156935,7.78096174100241));
#4653=CARTESIAN_POINT('Ctrl Pts',(44.2987733298372,44.1812545593754,7.80743425363898));
#4654=CARTESIAN_POINT('Ctrl Pts',(44.77546601497,44.1947413342369,7.83390676627557));
#4655=CARTESIAN_POINT('Ctrl Pts',(45.1373272304725,44.4054418947515,7.86037927891214));
#4656=CARTESIAN_POINT('Ctrl Pts',(45.4991884459751,44.6161424552662,7.88685179154871));
#4657=CARTESIAN_POINT('Ctrl Pts',(45.7462181918474,45.0240568014338,7.91332430418528));
#4658=CARTESIAN_POINT('Ctrl Pts',(45.7652749644801,45.4423570583104,7.93979681682185));
#4659=CARTESIAN_POINT('Ctrl Pts',(45.7661442933474,45.46143901387,7.94100443575437));
#4660=CARTESIAN_POINT('Ctrl Pts',(45.7665392132785,45.4805425823813,7.94221205468689));
#4661=CARTESIAN_POINT('Ctrl Pts',(45.7664688076865,45.4996491251102,7.94341967361941));
#4662=CARTESIAN_POINT('Ctrl Pts',(45.763104302437,45.4991262854832,7.80658032638059));
#4663=CARTESIAN_POINT('Ctrl Pts',(45.7640638813491,45.3484866867268,7.79712419902929));
#4664=CARTESIAN_POINT('Ctrl Pts',(45.739149227689,45.1981540197741,7.78766807167798));
#4665=CARTESIAN_POINT('Ctrl Pts',(45.6869495278804,45.0579822521399,7.77821194432668));
#4666=CARTESIAN_POINT('Ctrl Pts',(45.5409043791272,44.665807455537,7.75175544111469));
#4667=CARTESIAN_POINT('Ctrl Pts',(45.1812780646587,44.3531698790411,7.72529893790269));
#4668=CARTESIAN_POINT('Ctrl Pts',(44.7725998043284,44.2631013712357,7.6988424346907));
#4669=CARTESIAN_POINT('Ctrl Pts',(44.3639215439982,44.1730328634304,7.6723859314787));
#4670=CARTESIAN_POINT('Ctrl Pts',(43.9061913378062,44.3055334243155,7.6459294282667));
#4671=CARTESIAN_POINT('Ctrl Pts',(43.6088209854409,44.5999839806046,7.61947292505471));
#4672=CARTESIAN_POINT('Ctrl Pts',(43.3114506330755,44.8944345368937,7.59301642184271));
#4673=CARTESIAN_POINT('Ctrl Pts',(43.1744401345368,45.3508350885866,7.56655991863072));
#4674=CARTESIAN_POINT('Ctrl Pts',(43.2604718618576,45.7603821535975,7.54010341541872));
#4675=CARTESIAN_POINT('Ctrl Pts',(43.3465035891783,46.1699292186084,7.51364691220673));
#4676=CARTESIAN_POINT('Ctrl Pts',(43.6555775423586,46.5326227969373,7.48719040899473));
#4677=CARTESIAN_POINT('Ctrl Pts',(44.046292232275,46.6825303939708,7.46073390578274));
#4678=CARTESIAN_POINT('Ctrl Pts',(44.4370069221913,46.8324379910044,7.43427740257074));
#4679=CARTESIAN_POINT('Ctrl Pts',(44.9093623488439,46.7695596067427,7.40782089935875));
#4680=CARTESIAN_POINT('Ctrl Pts',(45.2472556668232,46.5226621336294,7.38136439614675));
#4681=CARTESIAN_POINT('Ctrl Pts',(45.5656277669053,46.2900287465885,7.35643637289137));
#4682=CARTESIAN_POINT('Ctrl Pts',(45.7646256007348,45.8940248462866,7.33150834963598));
#4683=CARTESIAN_POINT('Ctrl Pts',(45.7663961681854,45.499561939014,7.30658032638059));
#4684=CARTESIAN_POINT('Origin',(44.5,45.5,20.));
#4685=CARTESIAN_POINT('',(45.7643949973298,45.5011552700204,6.80658032638059));
#4686=CARTESIAN_POINT('',(45.7625042055105,45.4996840873406,6.94341967361942));
#4687=CARTESIAN_POINT('',(45.7645,45.5,20.));
#4688=CARTESIAN_POINT('Ctrl Pts',(45.7625042055105,45.4996840873406,6.94341967361942));
#4689=CARTESIAN_POINT('Ctrl Pts',(45.76198914996,45.7302405261437,6.95787523638136));
#4690=CARTESIAN_POINT('Ctrl Pts',(45.7016491658722,45.9610479706822,6.9723307991433));
#4691=CARTESIAN_POINT('Ctrl Pts',(45.5831184166685,46.1565804900698,6.98678636190524));
#4692=CARTESIAN_POINT('Ctrl Pts',(45.36605272315,46.5146597413307,7.01325887454181));
#4693=CARTESIAN_POINT('Ctrl Pts',(44.953834408462,46.7544385356202,7.03973138717839));
#4694=CARTESIAN_POINT('Ctrl Pts',(44.5352625978858,46.7660963603364,7.06620389981496));
#4695=CARTESIAN_POINT('Ctrl Pts',(44.1166907873096,46.7777541850527,7.09267641245154));
#4696=CARTESIAN_POINT('Ctrl Pts',(43.6917654808452,46.5612910401957,7.1191489250881));
#4697=CARTESIAN_POINT('Ctrl Pts',(43.4551057027133,46.2158486934854,7.14562143772468));
#4698=CARTESIAN_POINT('Ctrl Pts',(43.2184459245815,45.870406346775,7.17209395036125));
#4699=CARTESIAN_POINT('Ctrl Pts',(43.1700516747821,45.3959847982113,7.19856646299782));
#4700=CARTESIAN_POINT('Ctrl Pts',(43.3320878880239,45.0098727275836,7.2250389756344));
#4701=CARTESIAN_POINT('Ctrl Pts',(43.4941241012657,44.6237606569559,7.25151148827097));
#4702=CARTESIAN_POINT('Ctrl Pts',(43.8665907775485,44.3259580642641,7.27798400090754));
#4703=CARTESIAN_POINT('Ctrl Pts',(44.2788953445073,44.2528608033638,7.30445651354411));
#4704=CARTESIAN_POINT('Ctrl Pts',(44.691199911466,44.1797635424636,7.33092902618068));
#4705=CARTESIAN_POINT('Ctrl Pts',(45.1433423691006,44.3313716133548,7.35740153881726));
#4706=CARTESIAN_POINT('Ctrl Pts',(45.4282380308205,44.6382473657683,7.38387405145383));
#4707=CARTESIAN_POINT('Ctrl Pts',(45.6418468869484,44.8683364378542,7.40372259217569));
#4708=CARTESIAN_POINT('Ctrl Pts',(45.7614347913307,45.1857121758054,7.42357113289755));
#4709=CARTESIAN_POINT('Ctrl Pts',(45.7642894660244,45.501157143914,7.44341967361942));
#4710=CARTESIAN_POINT('Ctrl Pts',(45.7663961681854,45.499561939014,7.30658032638059));
#4711=CARTESIAN_POINT('Ctrl Pts',(45.7665047318221,45.475375157687,7.30505184642398));
#4712=CARTESIAN_POINT('Ctrl Pts',(45.7658717961182,45.4511941699064,7.30352336646737));
#4713=CARTESIAN_POINT('Ctrl Pts',(45.7644794141062,45.427056991695,7.30199488651076));
#4714=CARTESIAN_POINT('Ctrl Pts',(45.7403786341036,45.0092658848388,7.27553838329877));
#4715=CARTESIAN_POINT('Ctrl Pts',(45.4887458647923,44.6046002330914,7.24908188008678));
#4716=CARTESIAN_POINT('Ctrl Pts',(45.1247032247679,44.3981947757777,7.22262537687478));
#4717=CARTESIAN_POINT('Ctrl Pts',(44.7606605847435,44.191789318464,7.19616887366278));
#4718=CARTESIAN_POINT('Ctrl Pts',(44.2842080740059,44.1836440555839,7.16971237045078));
#4719=CARTESIAN_POINT('Ctrl Pts',(43.9133229559954,44.3774854490044,7.14325586723879));
#4720=CARTESIAN_POINT('Ctrl Pts',(43.5424378379849,44.5713268424248,7.11679936402679));
#4721=CARTESIAN_POINT('Ctrl Pts',(43.2771201127014,44.9671548921456,7.0903428608148));
#4722=CARTESIAN_POINT('Ctrl Pts',(43.2387527729849,45.3838780662168,7.06388635760281));
#4723=CARTESIAN_POINT('Ctrl Pts',(43.2003854332683,45.8006012402879,7.03742985439081));
#4724=CARTESIAN_POINT('Ctrl Pts',(43.3889684791188,46.2382195387093,7.01097335117881));
#4725=CARTESIAN_POINT('Ctrl Pts',(43.7182250721541,46.496522369719,6.98451684796681));
#4726=CARTESIAN_POINT('Ctrl Pts',(44.0474816651893,46.7548252007287,6.95806034475482));
#4727=CARTESIAN_POINT('Ctrl Pts',(44.5174118054094,46.8338125643268,6.93160384154283));
#4728=CARTESIAN_POINT('Ctrl Pts',(44.9130222171684,46.6973477019163,6.90514733833083));
#4729=CARTESIAN_POINT('Ctrl Pts',(45.3086326289274,46.5608828395057,6.87869083511884));
#4730=CARTESIAN_POINT('Ctrl Pts',(45.6299233122252,46.2089657510865,6.85223433190684));
#4731=CARTESIAN_POINT('Ctrl Pts',(45.7299036177617,45.8025986817149,6.82577782869484));
#4732=CARTESIAN_POINT('Ctrl Pts',(45.7540863568982,45.704308635695,6.81937866125676));
#4733=CARTESIAN_POINT('Ctrl Pts',(45.7653216579628,45.6028330736432,6.81297949381867));
#4734=CARTESIAN_POINT('Ctrl Pts',(45.7643949973298,45.5011552700204,6.80658032638059));
#4735=CARTESIAN_POINT('Origin',(44.5,45.5,20.));
#4736=CARTESIAN_POINT('',(45.7624959299668,45.4997154463751,6.30658032638059));
#4737=CARTESIAN_POINT('',(45.7654492611936,45.498997222844,6.44341967361941));
#4738=CARTESIAN_POINT('',(45.7645,45.5,20.));
#4739=CARTESIAN_POINT('Ctrl Pts',(45.7654492611936,45.498997222844,6.44341967361941));
#4740=CARTESIAN_POINT('Ctrl Pts',(45.7623834341818,45.8523639724731,6.46570682722859));
#4741=CARTESIAN_POINT('Ctrl Pts',(45.6077642601592,46.2080820364155,6.48799398083777));
#4742=CARTESIAN_POINT('Ctrl Pts',(45.3452057427599,46.4433295801959,6.51028113444694));
#4743=CARTESIAN_POINT('Ctrl Pts',(45.0333407199051,46.7227548349706,6.53675364708351));
#4744=CARTESIAN_POINT('Ctrl Pts',(44.5691893785935,46.832214149393,6.56322615972008));
#4745=CARTESIAN_POINT('Ctrl Pts',(44.1653365655323,46.7215743244261,6.58969867235666));
#4746=CARTESIAN_POINT('Ctrl Pts',(43.7614837524711,46.6109344994592,6.61617118499323));
#4747=CARTESIAN_POINT('Ctrl Pts',(43.4179294676602,46.2801955351031,6.6426436976298));
#4748=CARTESIAN_POINT('Ctrl Pts',(43.2920241881355,45.8808383940953,6.66911621026637));
#4749=CARTESIAN_POINT('Ctrl Pts',(43.1661189086107,45.4814812530875,6.69558872290295));
#4750=CARTESIAN_POINT('Ctrl Pts',(43.2578626343721,45.0135059354278,6.72206123553952));
#4751=CARTESIAN_POINT('Ctrl Pts',(43.5252360408126,44.6912486980931,6.74853374817609));
#4752=CARTESIAN_POINT('Ctrl Pts',(43.792609447253,44.3689914607585,6.77500626081266));
#4753=CARTESIAN_POINT('Ctrl Pts',(44.2356125343725,44.1924523037487,6.80147877344923));
#4754=CARTESIAN_POINT('Ctrl Pts',(44.651346516831,44.2424875045114,6.82795128608581));
#4755=CARTESIAN_POINT('Ctrl Pts',(45.0670804992895,44.2925227052741,6.85442379872238));
#4756=CARTESIAN_POINT('Ctrl Pts',(45.455545377087,44.5691322638093,6.88089631135896));
#4757=CARTESIAN_POINT('Ctrl Pts',(45.6388212798113,44.9456268971931,6.90736882399553));
#4758=CARTESIAN_POINT('Ctrl Pts',(45.7220176641705,45.1165331197927,6.91938577387016));
#4759=CARTESIAN_POINT('Ctrl Pts',(45.7629323726344,45.3080218730085,6.93140272374479));
#4760=CARTESIAN_POINT('Ctrl Pts',(45.7625042055105,45.4996840873406,6.94341967361942));
#4761=CARTESIAN_POINT('Ctrl Pts',(45.7643949973298,45.5011552700204,6.80658032638059));
#4762=CARTESIAN_POINT('Ctrl Pts',(45.7614905033242,45.1824597728723,6.78652299060668));
#4763=CARTESIAN_POINT('Ctrl Pts',(45.6391038195304,44.8617774033462,6.76646565483277));
#4764=CARTESIAN_POINT('Ctrl Pts',(45.4214219701899,44.6309715631751,6.74640831905886));
#4765=CARTESIAN_POINT('Ctrl Pts',(45.1342900893065,44.3265285643309,6.71995181584686));
#4766=CARTESIAN_POINT('Ctrl Pts',(44.6813563997648,44.1784596169666,6.69349531263487));
#4767=CARTESIAN_POINT('Ctrl Pts',(44.2698382924718,44.2545063390179,6.66703880942287));
#4768=CARTESIAN_POINT('Ctrl Pts',(43.8583201851787,44.3305530610692,6.64058230621088));
#4769=CARTESIAN_POINT('Ctrl Pts',(43.4882176601342,44.6307154525361,6.61412580299888));
#4770=CARTESIAN_POINT('Ctrl Pts',(43.3288528088026,45.017669068264,6.58766929978689));
#4771=CARTESIAN_POINT('Ctrl Pts',(43.1694879574709,45.4046226839919,6.56121279657489));
#4772=CARTESIAN_POINT('Ctrl Pts',(43.2208607798522,45.8783675239807,6.53475629336289));
#4773=CARTESIAN_POINT('Ctrl Pts',(43.4594681838531,46.2221650855206,6.50829979015089));
#4774=CARTESIAN_POINT('Ctrl Pts',(43.6980755878541,46.5659626470605,6.4818432869389));
#4775=CARTESIAN_POINT('Ctrl Pts',(44.1239175734748,46.7798129301514,6.45538678372691));
#4776=CARTESIAN_POINT('Ctrl Pts',(44.5421712179862,46.7658793226578,6.42893028051492));
#4777=CARTESIAN_POINT('Ctrl Pts',(44.9604248624976,46.7519457151641,6.40247377730292));
#4778=CARTESIAN_POINT('Ctrl Pts',(45.3710901658996,46.510228217086,6.37601727409092));
#4779=CARTESIAN_POINT('Ctrl Pts',(45.586287545216,46.1513127054399,6.34956077087892));
#4780=CARTESIAN_POINT('Ctrl Pts',(45.702821955726,45.9569515672818,6.33523395604614));
#4781=CARTESIAN_POINT('Ctrl Pts',(45.7620358739494,45.7282223973142,6.32090714121336));
#4782=CARTESIAN_POINT('Ctrl Pts',(45.7624959299668,45.4997154463751,6.30658032638059));
#4783=CARTESIAN_POINT('Origin',(44.5,45.5,20.));
#4784=CARTESIAN_POINT('',(45.7654378918549,45.498997715986,5.80658032638059));
#4785=CARTESIAN_POINT('',(45.7656851555299,45.5009181765062,5.94341967361941));
#4786=CARTESIAN_POINT('',(45.7645,45.5,20.));
#4787=CARTESIAN_POINT('Ctrl Pts',(45.7656851555299,45.5009181765062,5.94341967361941));
#4788=CARTESIAN_POINT('Ctrl Pts',(45.7661574437815,45.5587017918983,5.94706590543924));
#4789=CARTESIAN_POINT('Ctrl Pts',(45.7625430036754,45.6164259930269,5.95071213725908));
#4790=CARTESIAN_POINT('Ctrl Pts',(45.7546399611193,45.6735569429014,5.95435836907892));
#4791=CARTESIAN_POINT('Ctrl Pts',(45.6972619872904,46.0883412646946,5.98083088171549));
#4792=CARTESIAN_POINT('Ctrl Pts',(45.4138272192378,46.4718546822098,6.00730339435206));
#4793=CARTESIAN_POINT('Ctrl Pts',(45.0341509377872,46.6484451315269,6.03377590698864));
#4794=CARTESIAN_POINT('Ctrl Pts',(44.6544746563367,46.825035580844,6.06024841962521));
#4795=CARTESIAN_POINT('Ctrl Pts',(44.1785568614881,46.7947030619631,6.08672093226178));
#4796=CARTESIAN_POINT('Ctrl Pts',(43.8243715252163,46.5713400993748,6.11319344489835));
#4797=CARTESIAN_POINT('Ctrl Pts',(43.4701861889446,46.3479771367864,6.13966595753492));
#4798=CARTESIAN_POINT('Ctrl Pts',(43.2377333112497,45.9315837304908,6.1661384701715));
#4799=CARTESIAN_POINT('Ctrl Pts',(43.2334780791799,45.5128712294997,6.19261098280807));
#4800=CARTESIAN_POINT('Ctrl Pts',(43.22922284711,45.0941587285086,6.21908349544464));
#4801=CARTESIAN_POINT('Ctrl Pts',(43.4531652606653,44.6731271328222,6.24555600808122));
#4802=CARTESIAN_POINT('Ctrl Pts',(43.8027379901415,44.4426121174919,6.27202852071779));
#4803=CARTESIAN_POINT('Ctrl Pts',(44.1523107196177,44.2120971021617,6.29850103335436));
#4804=CARTESIAN_POINT('Ctrl Pts',(44.627513765015,44.1720986671877,6.32497354599093));
#4805=CARTESIAN_POINT('Ctrl Pts',(45.0107005150466,44.3409364001929,6.35144605862751));
#4806=CARTESIAN_POINT('Ctrl Pts',(45.3938872650783,44.509774133198,6.37791857126408));
#4807=CARTESIAN_POINT('Ctrl Pts',(45.6850577197445,44.8874480341823,6.40439108390065));
#4808=CARTESIAN_POINT('Ctrl Pts',(45.7508535948785,45.3009805822381,6.43086359653722));
#4809=CARTESIAN_POINT('Ctrl Pts',(45.7612560588886,45.3663609338084,6.43504895556462));
#4810=CARTESIAN_POINT('Ctrl Pts',(45.7660250003384,45.4326376175989,6.43923431459202));
#4811=CARTESIAN_POINT('Ctrl Pts',(45.7654492611936,45.498997222844,6.44341967361941));
#4812=CARTESIAN_POINT('Ctrl Pts',(45.7624959299668,45.4997154463751,6.30658032638059));
#4813=CARTESIAN_POINT('Ctrl Pts',(45.7628854328808,45.3062517812321,6.29445063800137));
#4814=CARTESIAN_POINT('Ctrl Pts',(45.7211599739131,45.1129474034203,6.28232094962216));
#4815=CARTESIAN_POINT('Ctrl Pts',(45.6364496752114,44.9407943071902,6.27019126124294));
#4816=CARTESIAN_POINT('Ctrl Pts',(45.4516849706595,44.5653049458007,6.24373475803095));
#4817=CARTESIAN_POINT('Ctrl Pts',(45.0624261063249,44.2904397482357,6.21727825481894));
#4818=CARTESIAN_POINT('Ctrl Pts',(44.6467592085377,44.2419496807089,6.19082175160695));
#4819=CARTESIAN_POINT('Ctrl Pts',(44.2310923107504,44.1934596131821,6.16436524839495));
#4820=CARTESIAN_POINT('Ctrl Pts',(43.7890173795105,44.3713446756934,6.13790874518296));
#4821=CARTESIAN_POINT('Ctrl Pts',(43.5227839183371,44.6942223626222,6.11145224197097));
#4822=CARTESIAN_POINT('Ctrl Pts',(43.2565504571636,45.0171000495509,6.08499573875897));
#4823=CARTESIAN_POINT('Ctrl Pts',(43.1661584660567,45.4849703608971,6.05853923554697));
#4824=CARTESIAN_POINT('Ctrl Pts',(43.292962326438,45.8837823937612,6.03208273233498));
#4825=CARTESIAN_POINT('Ctrl Pts',(43.4197661868194,46.2825944266253,6.00562622912298));
#4826=CARTESIAN_POINT('Ctrl Pts',(43.763765898689,46.6123481810075,5.97916972591099));
#4827=CARTESIAN_POINT('Ctrl Pts',(44.1675814207466,46.7221811483271,5.95271322269899));
#4828=CARTESIAN_POINT('Ctrl Pts',(44.5713969428041,46.8320141156467,5.926256719487));
#4829=CARTESIAN_POINT('Ctrl Pts',(45.0350282750496,46.7219262959038,5.899800216275));
#4830=CARTESIAN_POINT('Ctrl Pts',(45.3463638496553,46.4422829220332,5.87334371306301));
#4831=CARTESIAN_POINT('Ctrl Pts',(45.6082505294487,46.2070548251416,5.85108925083553));
#4832=CARTESIAN_POINT('Ctrl Pts',(45.7623773217642,45.8518543290365,5.82883478860806));
#4833=CARTESIAN_POINT('Ctrl Pts',(45.7654378918549,45.498997715986,5.80658032638059));
#4834=CARTESIAN_POINT('Origin',(44.5,45.5,20.));
#4835=CARTESIAN_POINT('',(45.7656471546803,45.5009291303323,5.30658032638059));
#4836=CARTESIAN_POINT('',(45.7625820143738,45.5004495279345,5.44341967361942));
#4837=CARTESIAN_POINT('',(45.7645,45.5,20.));
#4838=CARTESIAN_POINT('Ctrl Pts',(45.7625820143738,45.5004495279345,5.44341967361942));
#4839=CARTESIAN_POINT('Ctrl Pts',(45.7631659772526,45.6834848622532,5.45489749628648));
#4840=CARTESIAN_POINT('Ctrl Pts',(45.7259826375477,45.8662941411636,5.46637531895355));
#4841=CARTESIAN_POINT('Ctrl Pts',(45.649852715242,46.0311140910552,5.47785314162061));
#4842=CARTESIAN_POINT('Ctrl Pts',(45.4742662483032,46.4112557200753,5.50432565425718));
#4843=CARTESIAN_POINT('Ctrl Pts',(45.0915031994828,46.6957030044934,5.53079816689376));
#4844=CARTESIAN_POINT('Ctrl Pts',(44.6768719581278,46.7541769232827,5.55727067953033));
#4845=CARTESIAN_POINT('Ctrl Pts',(44.2622407167728,46.812650842072,5.5837431921669));
#4846=CARTESIAN_POINT('Ctrl Pts',(43.8157412828832,46.6451513952324,5.61021570480347));
#4847=CARTESIAN_POINT('Ctrl Pts',(43.5418737952287,46.3283946041576,5.63668821744005));
#4848=CARTESIAN_POINT('Ctrl Pts',(43.2680063075742,46.0116378130828,5.66316073007662));
#4849=CARTESIAN_POINT('Ctrl Pts',(43.1667707661548,45.5456236777729,5.68963324271319));
#4850=CARTESIAN_POINT('Ctrl Pts',(43.2845338193854,45.1437902187629,5.71610575534977));
#4851=CARTESIAN_POINT('Ctrl Pts',(43.402296872616,44.7419567597528,5.74257826798634));
#4852=CARTESIAN_POINT('Ctrl Pts',(43.7390585204967,44.4043039770428,5.76905078062291));
#4853=CARTESIAN_POINT('Ctrl Pts',(44.1405793654006,44.2854794147932,5.79552329325948));
#4854=CARTESIAN_POINT('Ctrl Pts',(44.5421002103046,44.1666548525437,5.82199580589605));
#4855=CARTESIAN_POINT('Ctrl Pts',(45.0083802522318,44.2666585107547,5.84846831853263));
#4856=CARTESIAN_POINT('Ctrl Pts',(45.3258596833927,44.5396879528958,5.8749408311692));
#4857=CARTESIAN_POINT('Ctrl Pts',(45.5996106018909,44.7751112692659,5.89776711198594));
#4858=CARTESIAN_POINT('Ctrl Pts',(45.7627285184346,45.139178962787,5.92059339280267));
#4859=CARTESIAN_POINT('Ctrl Pts',(45.7656851555299,45.5009181765062,5.94341967361941));
#4860=CARTESIAN_POINT('Ctrl Pts',(45.7654378918549,45.498997715986,5.80658032638059));
#4861=CARTESIAN_POINT('Ctrl Pts',(45.7660157822944,45.4323720687543,5.80237828539606));
#4862=CARTESIAN_POINT('Ctrl Pts',(45.7612078292495,45.3658299861149,5.79817624441154));
#4863=CARTESIAN_POINT('Ctrl Pts',(45.7507225042539,45.3001948736597,5.79397420342702));
#4864=CARTESIAN_POINT('Ctrl Pts',(45.6847057672805,44.8869491271549,5.76751770021502));
#4865=CARTESIAN_POINT('Ctrl Pts',(45.3936324763677,44.5096565621438,5.74106119700303));
#4866=CARTESIAN_POINT('Ctrl Pts',(45.0106688085925,44.3409287169937,5.71460469379103));
#4867=CARTESIAN_POINT('Ctrl Pts',(44.6277051408172,44.1722008718437,5.68814819057904));
#4868=CARTESIAN_POINT('Ctrl Pts',(44.1528510961796,44.2120377465546,5.66169168736704));
#4869=CARTESIAN_POINT('Ctrl Pts',(43.8033526390745,44.4422139508982,5.63523518415504));
#4870=CARTESIAN_POINT('Ctrl Pts',(43.4538541819694,44.6723901552417,5.60877868094305));
#4871=CARTESIAN_POINT('Ctrl Pts',(43.2297113123968,45.0929056892178,5.58232217773105));
#4872=CARTESIAN_POINT('Ctrl Pts',(43.2334695059876,45.5113744844055,5.55586567451906));
#4873=CARTESIAN_POINT('Ctrl Pts',(43.2372276995783,45.9298432795931,5.52940917130706));
#4874=CARTESIAN_POINT('Ctrl Pts',(43.4688869563322,46.3462653359922,5.50295266809507));
#4875=CARTESIAN_POINT('Ctrl Pts',(43.8224630497006,46.5701273532332,5.47649616488307));
#4876=CARTESIAN_POINT('Ctrl Pts',(44.1760391430689,46.7939893704742,5.45003966167108));
#4877=CARTESIAN_POINT('Ctrl Pts',(44.6515320730516,46.8252913485571,5.42358315845908));
#4878=CARTESIAN_POINT('Ctrl Pts',(45.0314035848869,46.6497126167562,5.39712665524709));
#4879=CARTESIAN_POINT('Ctrl Pts',(45.4112750967221,46.4741338849552,5.37067015203509));
#4880=CARTESIAN_POINT('Ctrl Pts',(45.6955251904099,46.0916744432703,5.34421364882309));
#4881=CARTESIAN_POINT('Ctrl Pts',(45.7541093050374,45.6773096787473,5.3177571456111));
#4882=CARTESIAN_POINT('Ctrl Pts',(45.7623591236639,45.6189588071115,5.31403153920093));
#4883=CARTESIAN_POINT('Ctrl Pts',(45.7661339205436,45.55997524368,5.31030593279076));
#4884=CARTESIAN_POINT('Ctrl Pts',(45.7656471546803,45.5009291303323,5.30658032638059));
#4885=CARTESIAN_POINT('Origin',(44.5,45.5,20.));
#4886=CARTESIAN_POINT('',(45.7625577473197,45.5004036477497,4.80658032638059));
#4887=CARTESIAN_POINT('',(45.7640368426538,45.4988602136538,4.94341967361942));
#4888=CARTESIAN_POINT('',(45.7645,45.5,20.));
#4889=CARTESIAN_POINT('Ctrl Pts',(45.7640368426538,45.4988602136538,4.94341967361942));
#4890=CARTESIAN_POINT('Ctrl Pts',(45.7613461665145,45.8058931481677,4.96272908713371));
#4891=CARTESIAN_POINT('Ctrl Pts',(45.6487746444419,46.114693415204,4.98203850064801));
#4892=CARTESIAN_POINT('Ctrl Pts',(45.445559900782,46.342709866146,5.00134791416231));
#4893=CARTESIAN_POINT('Ctrl Pts',(45.1669597835133,46.6553122336099,5.02782042679888));
#4894=CARTESIAN_POINT('Ctrl Pts',(44.7179918742556,46.8160779812426,5.05429293943546));
#4895=CARTESIAN_POINT('Ctrl Pts',(44.304286892283,46.7513751731334,5.08076545207203));
#4896=CARTESIAN_POINT('Ctrl Pts',(43.8905819103104,46.6866723650242,5.1072379647086));
#4897=CARTESIAN_POINT('Ctrl Pts',(43.512139855623,46.3965010011731,5.13371047734517));
#4898=CARTESIAN_POINT('Ctrl Pts',(43.3422900693705,46.0137617745499,5.16018298998174));
#4899=CARTESIAN_POINT('Ctrl Pts',(43.172440283118,45.6310225479267,5.18665550261831));
#4900=CARTESIAN_POINT('Ctrl Pts',(43.2111827653004,45.1557154585313,5.21312801525489));
#4901=CARTESIAN_POINT('Ctrl Pts',(43.4407731642316,44.8055347705932,5.23960052789147));
#4902=CARTESIAN_POINT('Ctrl Pts',(43.6703635631629,44.4553540826552,5.26607304052804));
#4903=CARTESIAN_POINT('Ctrl Pts',(44.0908018788429,44.2302997961745,5.2925455531646));
#4904=CARTESIAN_POINT('Ctrl Pts',(44.5095241629782,44.2334484871169,5.31901806580118));
#4905=CARTESIAN_POINT('Ctrl Pts',(44.9282464471136,44.2365971780593,5.34549057843775));
#4906=CARTESIAN_POINT('Ctrl Pts',(45.3452526997042,44.4679488464249,5.37196309107432));
#4907=CARTESIAN_POINT('Ctrl Pts',(45.569550883471,44.8215426674188,5.3984356037109));
#4908=CARTESIAN_POINT('Ctrl Pts',(45.6965989567869,45.0218270073953,5.41343029368041));
#4909=CARTESIAN_POINT('Ctrl Pts',(45.7618191220922,45.261331171502,5.42842498364991));
#4910=CARTESIAN_POINT('Ctrl Pts',(45.7625820143738,45.5004495279345,5.44341967361942));
#4911=CARTESIAN_POINT('Ctrl Pts',(45.7656471546803,45.5009291303323,5.30658032638059));
#4912=CARTESIAN_POINT('Ctrl Pts',(45.7626772691403,45.1406733863572,5.28384942957876));
#4913=CARTESIAN_POINT('Ctrl Pts',(45.6010690704685,44.778089197685,5.26111853277694));
#4914=CARTESIAN_POINT('Ctrl Pts',(45.3293037488023,44.5426682062203,5.23838763597511));
#4915=CARTESIAN_POINT('Ctrl Pts',(45.0129959423723,44.2686615855771,5.21193113276312));
#4916=CARTESIAN_POINT('Ctrl Pts',(44.5474621939449,44.1669184316518,5.18547462955112));
#4917=CARTESIAN_POINT('Ctrl Pts',(44.1456844277086,44.283986288568,5.15901812633912));
#4918=CARTESIAN_POINT('Ctrl Pts',(43.7439066614722,44.4010541454841,5.13256162312713));
#4919=CARTESIAN_POINT('Ctrl Pts',(43.4058848774267,44.7369330132418,5.10610511991514));
#4920=CARTESIAN_POINT('Ctrl Pts',(43.2862642118845,45.1379581408087,5.07964861670314));
#4921=CARTESIAN_POINT('Ctrl Pts',(43.1666435463423,45.5389832683757,5.05319211349115));
#4922=CARTESIAN_POINT('Ctrl Pts',(43.2654239993034,46.0051546557519,5.02673561027915));
#4923=CARTESIAN_POINT('Ctrl Pts',(43.5374134638262,46.3231986586091,5.00027910706715));
#4924=CARTESIAN_POINT('Ctrl Pts',(43.809402928349,46.6412426614664,4.97382260385515));
#4925=CARTESIAN_POINT('Ctrl Pts',(44.2546014044335,46.8111592798046,4.94736610064316));
#4926=CARTESIAN_POINT('Ctrl Pts',(44.6693303652221,46.7552115752225,4.92090959743117));
#4927=CARTESIAN_POINT('Ctrl Pts',(45.0840593260108,46.6992638706405,4.89445309421917));
#4928=CARTESIAN_POINT('Ctrl Pts',(45.4683187715036,46.4174518431381,4.86799659100718));
#4929=CARTESIAN_POINT('Ctrl Pts',(45.6463098120067,46.0387046371214,4.84154008779518));
#4930=CARTESIAN_POINT('Ctrl Pts',(45.7247092419447,45.8718784589137,4.82988683399031));
#4931=CARTESIAN_POINT('Ctrl Pts',(45.7630900400988,45.686245652439,4.81823358018545));
#4932=CARTESIAN_POINT('Ctrl Pts',(45.7625577473197,45.5004036477497,4.80658032638059));
#4933=CARTESIAN_POINT('Origin',(44.5,45.5,20.));
#4934=CARTESIAN_POINT('',(45.7641693938877,45.4988524752935,4.30658032638059));
#4935=CARTESIAN_POINT('',(45.766549656554,45.5001967853838,4.44341967361942));
#4936=CARTESIAN_POINT('',(45.7645,45.5,20.));
#4937=CARTESIAN_POINT('Ctrl Pts',(45.766549656554,45.5001967853838,4.44341967361942));
#4938=CARTESIAN_POINT('Ctrl Pts',(45.7665725549924,45.5107716301095,4.44408816534437));
#4939=CARTESIAN_POINT('Ctrl Pts',(45.7664515801459,45.521345937478,4.44475665706933));
#4940=CARTESIAN_POINT('Ctrl Pts',(45.7661851272734,45.5319165777992,4.44542514879429));
#4941=CARTESIAN_POINT('Ctrl Pts',(45.755633497733,45.9505177347496,4.47189766143086));
#4942=CARTESIAN_POINT('Ctrl Pts',(45.5169449048921,46.3633682704194,4.49837017406743));
#4943=CARTESIAN_POINT('Ctrl Pts',(45.1594405407923,46.581379497506,4.52484268670401));
#4944=CARTESIAN_POINT('Ctrl Pts',(44.8019361766926,46.7993907245926,4.55131519934058));
#4945=CARTESIAN_POINT('Ctrl Pts',(44.325616041334,46.8225626430959,4.57778771197715));
#4946=CARTESIAN_POINT('Ctrl Pts',(43.9486383817068,46.6402823379935,4.60426022461373));
#4947=CARTESIAN_POINT('Ctrl Pts',(43.5716607220797,46.4580020328911,4.6307327372503));
#4948=CARTESIAN_POINT('Ctrl Pts',(43.2940255381842,46.0702695041829,4.65720524988687));
#4949=CARTESIAN_POINT('Ctrl Pts',(43.2428918571646,45.6546692008246,4.68367776252344));
#4950=CARTESIAN_POINT('Ctrl Pts',(43.191758176145,45.2390688974662,4.71015027516001));
#4951=CARTESIAN_POINT('Ctrl Pts',(43.3671259980014,44.7956008194577,4.73662278779659));
#4952=CARTESIAN_POINT('Ctrl Pts',(43.6886755257008,44.5273767215052,4.76309530043316));
#4953=CARTESIAN_POINT('Ctrl Pts',(44.0102250534002,44.2591526235527,4.78956781306973));
#4954=CARTESIAN_POINT('Ctrl Pts',(44.4779562869426,44.1661725056561,4.8160403257063));
#4955=CARTESIAN_POINT('Ctrl Pts',(44.8776447617346,44.2910219694299,4.84251283834287));
#4956=CARTESIAN_POINT('Ctrl Pts',(45.2773332365267,44.4158714332036,4.86898535097944));
#4957=CARTESIAN_POINT('Ctrl Pts',(45.6089789525683,44.7585504786477,4.89545786361602));
#4958=CARTESIAN_POINT('Ctrl Pts',(45.7206856479493,45.1621094950173,4.9219303762526));
#4959=CARTESIAN_POINT('Ctrl Pts',(45.7509119488155,45.2713070342017,4.92909347537487));
#4960=CARTESIAN_POINT('Ctrl Pts',(45.7650349868945,45.3849620187605,4.93625657449714));
#4961=CARTESIAN_POINT('Ctrl Pts',(45.7640368426538,45.4988602136538,4.94341967361942));
#4962=CARTESIAN_POINT('Ctrl Pts',(45.7625577473197,45.5004036477497,4.80658032638059));
#4963=CARTESIAN_POINT('Ctrl Pts',(45.761881570271,45.2643266179514,4.79177707697345));
#4964=CARTESIAN_POINT('Ctrl Pts',(45.6984117862096,45.0279120074018,4.77697382756632));
#4965=CARTESIAN_POINT('Ctrl Pts',(45.5744146270302,44.8292824138413,4.76217057815919));
#4966=CARTESIAN_POINT('Ctrl Pts',(45.3528057660372,44.474289781109,4.7357140749472));
#4967=CARTESIAN_POINT('Ctrl Pts',(44.9378654085379,44.2399869001753,4.7092575717352));
#4968=CARTESIAN_POINT('Ctrl Pts',(44.5194289769095,44.2335674569819,4.68280106852321));
#4969=CARTESIAN_POINT('Ctrl Pts',(44.1009925452811,44.2271480137885,4.65634456531121));
#4970=CARTESIAN_POINT('Ctrl Pts',(43.6790600395235,44.4486120083353,4.62988806209921));
#4971=CARTESIAN_POINT('Ctrl Pts',(43.4466657933611,44.7966395516641,4.60343155888722));
#4972=CARTESIAN_POINT('Ctrl Pts',(43.2142715471986,45.1446670949928,4.57697505567522));
#4973=CARTESIAN_POINT('Ctrl Pts',(43.1714155606313,45.6192581871035,4.55051855246323));
#4974=CARTESIAN_POINT('Ctrl Pts',(43.3377044690812,46.0032871645146,4.52406204925123));
#4975=CARTESIAN_POINT('Ctrl Pts',(43.5039933775311,46.3873161419256,4.49760554603924));
#4976=CARTESIAN_POINT('Ctrl Pts',(43.8794271809981,46.6807830046371,4.47114904282724));
#4977=CARTESIAN_POINT('Ctrl Pts',(44.2922447254568,46.7494265152695,4.44469253961525));
#4978=CARTESIAN_POINT('Ctrl Pts',(44.7050622699155,46.8180700259018,4.41823603640325));
#4979=CARTESIAN_POINT('Ctrl Pts',(45.1552635553658,46.6618901844551,4.39177953319126));
#4980=CARTESIAN_POINT('Ctrl Pts',(45.4368812671477,46.3523393469896,4.36532302997926));
#4981=CARTESIAN_POINT('Ctrl Pts',(45.6453112530101,46.1232355869015,4.3457421287797));
#4982=CARTESIAN_POINT('Ctrl Pts',(45.7613957418336,45.810119366106,4.32616122758014));
#4983=CARTESIAN_POINT('Ctrl Pts',(45.7641693938877,45.4988524752935,4.30658032638059));
#4984=CARTESIAN_POINT('Origin',(44.5,45.5,20.));
#4985=CARTESIAN_POINT('',(45.766490794098,45.5003062584196,3.80658032638059));
#4986=CARTESIAN_POINT('',(45.7634570469615,45.5010213797906,3.94341967361941));
#4987=CARTESIAN_POINT('',(45.7645,45.5,20.));
#4988=CARTESIAN_POINT('Ctrl Pts',(45.7634570469615,45.5010213797906,3.94341967361941));
#4989=CARTESIAN_POINT('Ctrl Pts',(45.7644831060727,45.6363355872265,3.9519197561916));
#4990=CARTESIAN_POINT('Ctrl Pts',(45.7444627765023,45.7713542057126,3.96041983876379));
#4991=CARTESIAN_POINT('Ctrl Pts',(45.7021119027633,45.8989616744771,3.96891992133599));
#4992=CARTESIAN_POINT('Ctrl Pts',(45.5702150616792,46.2963802054973,3.99539243397256));
#4993=CARTESIAN_POINT('Ctrl Pts',(45.2217257546623,46.6219151683662,4.02186494660913));
#4994=CARTESIAN_POINT('Ctrl Pts',(44.8162547364762,46.7264690726321,4.0483374592457));
#4995=CARTESIAN_POINT('Ctrl Pts',(44.41078371829,46.8310229768981,4.07480997188228));
#4996=CARTESIAN_POINT('Ctrl Pts',(43.9483309889347,46.7145958225612,4.10128248451885));
#4997=CARTESIAN_POINT('Ctrl Pts',(43.6407034179143,46.4305121323672,4.12775499715542));
#4998=CARTESIAN_POINT('Ctrl Pts',(43.3330758468939,46.1464284421732,4.15422750979199));
#4999=CARTESIAN_POINT('Ctrl Pts',(43.1802734342084,45.6946882161222,4.18070002242856));
#5000=CARTESIAN_POINT('Ctrl Pts',(43.2522808477582,45.2821919156781,4.20717253506514));
#5001=CARTESIAN_POINT('Ctrl Pts',(43.3242882613081,44.8696956152341,4.23364504770171));
#5002=CARTESIAN_POINT('Ctrl Pts',(43.6211055010934,44.4964432403971,4.26011756033828));
#5003=CARTESIAN_POINT('Ctrl Pts',(44.0067880123886,44.3333872194497,4.28659007297486));
#5004=CARTESIAN_POINT('Ctrl Pts',(44.3924705236838,44.1703311985024,4.31306258561143));
#5005=CARTESIAN_POINT('Ctrl Pts',(44.8670183064889,44.2174715314446,4.339535098248));
#5006=CARTESIAN_POINT('Ctrl Pts',(45.2130848647714,44.4532175870312,4.36600761088457));
#5007=CARTESIAN_POINT('Ctrl Pts',(45.5504124478886,44.6830105134414,4.39181163179619));
#5008=CARTESIAN_POINT('Ctrl Pts',(45.7656657685987,45.0920039772304,4.4176156527078));
#5009=CARTESIAN_POINT('Ctrl Pts',(45.766549656554,45.5001967853838,4.44341967361942));
#5010=CARTESIAN_POINT('Ctrl Pts',(45.7641693938877,45.4988524752935,4.30658032638059));
#5011=CARTESIAN_POINT('Ctrl Pts',(45.7651433290223,45.3895547857202,4.29970472436815));
#5012=CARTESIAN_POINT('Ctrl Pts',(45.752146262164,45.2804851148749,4.29282912235571));
#5013=CARTESIAN_POINT('Ctrl Pts',(45.7242705064159,45.1753608183242,4.28595352034327));
#5014=CARTESIAN_POINT('Ctrl Pts',(45.6170078957888,44.7708549606085,4.25949701713128));
#5015=CARTESIAN_POINT('Ctrl Pts',(45.2894485364213,44.4247650786614,4.23304051391928));
#5016=CARTESIAN_POINT('Ctrl Pts',(44.8914510000702,44.2954274676455,4.20658401070728));
#5017=CARTESIAN_POINT('Ctrl Pts',(44.4934534637191,44.1660898566296,4.18012750749529));
#5018=CARTESIAN_POINT('Ctrl Pts',(44.0250177503844,44.2535045165449,4.1536710042833));
#5019=CARTESIAN_POINT('Ctrl Pts',(43.70045343466,44.5176791964883,4.1272145010713));
#5020=CARTESIAN_POINT('Ctrl Pts',(43.3758891189356,44.7818538764316,4.10075799785931));
#5021=CARTESIAN_POINT('Ctrl Pts',(43.1951962008213,45.222788576403,4.07430149464731));
#5022=CARTESIAN_POINT('Ctrl Pts',(43.2410417812894,45.6387554492623,4.04784499143531));
#5023=CARTESIAN_POINT('Ctrl Pts',(43.2868873617575,46.0547223221217,4.02138848822332));
#5024=CARTESIAN_POINT('Ctrl Pts',(43.5592714408079,46.445721367869,3.99493198501133));
#5025=CARTESIAN_POINT('Ctrl Pts',(43.933578165196,46.6328703263023,3.96847548179933));
#5026=CARTESIAN_POINT('Ctrl Pts',(44.3078848895842,46.8200192847355,3.94201897858734));
#5027=CARTESIAN_POINT('Ctrl Pts',(44.7841142593101,46.8033181558547,3.91556247537534));
#5028=CARTESIAN_POINT('Ctrl Pts',(45.1443910980588,46.5904077145277,3.88910597216334));
#5029=CARTESIAN_POINT('Ctrl Pts',(45.5046679368076,46.3774972732007,3.86264946895134));
#5030=CARTESIAN_POINT('Ctrl Pts',(45.7489922445791,45.9683775194275,3.83619296573935));
#5031=CARTESIAN_POINT('Ctrl Pts',(45.7655855276102,45.5502209464514,3.80973646252735));
#5032=CARTESIAN_POINT('Ctrl Pts',(45.766245361098,45.5335929103072,3.8086844171451));
#5033=CARTESIAN_POINT('Ctrl Pts',(45.7665450919797,45.5169505845766,3.80763237176284));
#5034=CARTESIAN_POINT('Ctrl Pts',(45.766490794098,45.5003062584196,3.80658032638059));
#5035=CARTESIAN_POINT('Origin',(44.5,45.5,20.));
#5036=CARTESIAN_POINT('',(45.7632729591722,45.500950977788,3.30658032638059));
#5037=CARTESIAN_POINT('',(45.7628884272388,45.4992512274044,3.44341967361941));
#5038=CARTESIAN_POINT('',(45.7645,45.5,20.));
#5039=CARTESIAN_POINT('Ctrl Pts',(45.7628884272388,45.4992512274044,3.44341967361941));
#5040=CARTESIAN_POINT('Ctrl Pts',(45.761484489835,45.7595322173317,3.45975134703884));
#5041=CARTESIAN_POINT('Ctrl Pts',(45.68320154855,46.0205877748034,3.47608302045826));
#5042=CARTESIAN_POINT('Ctrl Pts',(45.5340107216299,46.2314815595907,3.49241469387768));
#5043=CARTESIAN_POINT('Ctrl Pts',(45.2921827135945,46.5733257931472,3.51888720651425));
#5044=CARTESIAN_POINT('Ctrl Pts',(44.8640501431601,46.7833741477909,3.54535971915083));
#5045=CARTESIAN_POINT('Ctrl Pts',(44.4457009858544,46.7654228785389,3.5718322317874));
#5046=CARTESIAN_POINT('Ctrl Pts',(44.0273518285487,46.7474716092869,3.59830474442397));
#5047=CARTESIAN_POINT('Ctrl Pts',(43.6187860843717,46.5015207161391,3.62477725706054));
#5048=CARTESIAN_POINT('Ctrl Pts',(43.407129973513,46.1402175799469,3.65124976969712));
#5049=CARTESIAN_POINT('Ctrl Pts',(43.1954738626544,45.7789144437546,3.67772228233369));
#5050=CARTESIAN_POINT('Ctrl Pts',(43.1807273851142,45.3022590645179,3.70419479497026));
#5051=CARTESIAN_POINT('Ctrl Pts',(43.3696445398328,44.9285632334745,3.73066730760683));
#5052=CARTESIAN_POINT('Ctrl Pts',(43.5585616945514,44.5548674024312,3.75713982024341));
#5053=CARTESIAN_POINT('Ctrl Pts',(43.9511424815289,44.2841311195813,3.78361233287998));
#5054=CARTESIAN_POINT('Ctrl Pts',(44.3675819126248,44.2403536628868,3.81008484551655));
#5055=CARTESIAN_POINT('Ctrl Pts',(44.7840213437208,44.1965762061923,3.83655735815312));
#5056=CARTESIAN_POINT('Ctrl Pts',(45.2243194189353,44.3797575756533,3.8630298707897));
#5057=CARTESIAN_POINT('Ctrl Pts',(45.4868162689669,44.7059993099694,3.88950238342627));
#5058=CARTESIAN_POINT('Ctrl Pts',(45.665027772502,44.9274877963317,3.90747481349065));
#5059=CARTESIAN_POINT('Ctrl Pts',(45.7612875650227,45.2149153203252,3.92544724355503));
#5060=CARTESIAN_POINT('Ctrl Pts',(45.7634570469615,45.5010213797906,3.94341967361941));
#5061=CARTESIAN_POINT('Ctrl Pts',(45.766490794098,45.5003062584196,3.80658032638059));
#5062=CARTESIAN_POINT('Ctrl Pts',(45.765179626092,45.0983843555331,3.78117586855085));
#5063=CARTESIAN_POINT('Ctrl Pts',(45.5574305446289,44.6952959828923,3.75577141072111));
#5064=CARTESIAN_POINT('Ctrl Pts',(45.2287679255708,44.4640819618242,3.73036695289137));
#5065=CARTESIAN_POINT('Ctrl Pts',(44.8864947822095,44.2232929423519,3.70391044967937));
#5066=CARTESIAN_POINT('Ctrl Pts',(44.4130862371962,44.1689082955862,3.67745394646738));
#5067=CARTESIAN_POINT('Ctrl Pts',(44.0251269381202,44.325809024792,3.65099744325538));
#5068=CARTESIAN_POINT('Ctrl Pts',(43.6371676390442,44.4827097539978,3.62454094004338));
#5069=CARTESIAN_POINT('Ctrl Pts',(43.3346575859056,44.8508958591749,3.59808443683139));
#5070=CARTESIAN_POINT('Ctrl Pts',(43.2559952802552,45.2619220119129,3.57162793361939));
#5071=CARTESIAN_POINT('Ctrl Pts',(43.1773329746049,45.6729481646509,3.5451714304074));
#5072=CARTESIAN_POINT('Ctrl Pts',(43.3225184164428,46.1268143649498,3.5187149271954));
#5073=CARTESIAN_POINT('Ctrl Pts',(43.6251291930628,46.4158765977619,3.49225842398341));
#5074=CARTESIAN_POINT('Ctrl Pts',(43.9277399696827,46.704938830574,3.46580192077141));
#5075=CARTESIAN_POINT('Ctrl Pts',(44.3877760810847,46.8291970958993,3.43934541755942));
#5076=CARTESIAN_POINT('Ctrl Pts',(44.7947707747862,46.7318031748177,3.41288891434742));
#5077=CARTESIAN_POINT('Ctrl Pts',(45.2017654684877,46.6344092537361,3.38643241113543));
#5078=CARTESIAN_POINT('Ctrl Pts',(45.5557187444888,46.3153631462476,3.35997590792343));
#5079=CARTESIAN_POINT('Ctrl Pts',(45.6946968008898,45.9206286070901,3.33351940471143));
#5080=CARTESIAN_POINT('Ctrl Pts',(45.7418678211572,45.7866503990979,3.32453971193448));
#5081=CARTESIAN_POINT('Ctrl Pts',(45.7642733772013,45.6439527714902,3.31556001915753));
#5082=CARTESIAN_POINT('Ctrl Pts',(45.7632729591722,45.500950977788,3.30658032638059));
#5083=CARTESIAN_POINT('Origin',(44.5,45.5,20.));
#5084=CARTESIAN_POINT('',(45.7630732286826,45.4991425915168,2.80658032638058));
#5085=CARTESIAN_POINT('',(45.7661865743795,45.4993605018642,2.94341967361941));
#5086=CARTESIAN_POINT('',(45.7645,45.5,20.));
#5087=CARTESIAN_POINT('Ctrl Pts',(45.7661865743795,45.4993605018642,2.94341967361941));
#5088=CARTESIAN_POINT('Ctrl Pts',(45.7638220263494,45.8818898241983,2.96758293788607));
#5089=CARTESIAN_POINT('Ctrl Pts',(45.5784015024589,46.2664045534307,2.99174620215272));
#5090=CARTESIAN_POINT('Ctrl Pts',(45.2764286675007,46.5007007388574,3.01590946641938));
#5091=CARTESIAN_POINT('Ctrl Pts',(44.9455967235583,46.7573882733297,3.04238197905595));
#5092=CARTESIAN_POINT('Ctrl Pts',(44.4748704824807,46.8337729256895,3.06885449169252));
#5093=CARTESIAN_POINT('Ctrl Pts',(44.0798461451057,46.6948699438367,3.09532700432909));
#5094=CARTESIAN_POINT('Ctrl Pts',(43.6848218077307,46.5559669619839,3.12179951696567));
#5095=CARTESIAN_POINT('Ctrl Pts',(43.3654993740583,46.2017763459186,3.14827202960224));
#5096=CARTESIAN_POINT('Ctrl Pts',(43.2681309488882,45.7945200933379,3.17474454223881));
#5097=CARTESIAN_POINT('Ctrl Pts',(43.1707625237181,45.3872638407572,3.20121705487539));
#5098=CARTESIAN_POINT('Ctrl Pts',(43.2953481070504,44.9269419516612,3.22768956751196));
#5099=CARTESIAN_POINT('Ctrl Pts',(43.5848265535702,44.6243853544985,3.25416208014853));
#5100=CARTESIAN_POINT('Ctrl Pts',(43.87430500009,44.3218287573359,3.2806345927851));
#5101=CARTESIAN_POINT('Ctrl Pts',(44.3286763097975,44.1770374521067,3.30710710542167));
#5102=CARTESIAN_POINT('Ctrl Pts',(44.7398349648901,44.2563269585285,3.33357961805825));
#5103=CARTESIAN_POINT('Ctrl Pts',(45.1509936199827,44.3356164649503,3.36005213069482));
#5104=CARTESIAN_POINT('Ctrl Pts',(45.5189396204604,44.6389867830231,3.38652464333139));
#5105=CARTESIAN_POINT('Ctrl Pts',(45.675150897881,45.0274919982941,3.41299715596797));
#5106=CARTESIAN_POINT('Ctrl Pts',(45.7349908333634,45.1763168936553,3.42313799518511));
#5107=CARTESIAN_POINT('Ctrl Pts',(45.7637601752292,45.3376347413073,3.43327883440226));
#5108=CARTESIAN_POINT('Ctrl Pts',(45.7628884272388,45.4992512274044,3.44341967361941));
#5109=CARTESIAN_POINT('Ctrl Pts',(45.7632729591722,45.500950977788,3.30658032638059));
#5110=CARTESIAN_POINT('Ctrl Pts',(45.7613258862949,45.2226324091596,3.28910351594554));
#5111=CARTESIAN_POINT('Ctrl Pts',(45.6707187343774,44.9431616821168,3.2716267055105));
#5112=CARTESIAN_POINT('Ctrl Pts',(45.5014740517022,44.7245784405073,3.25414989507545));
#5113=CARTESIAN_POINT('Ctrl Pts',(45.2452704093127,44.3936857839082,3.22769339186345));
#5114=CARTESIAN_POINT('Ctrl Pts',(44.8088602877326,44.2023234415365,3.20123688865145));
#5115=CARTESIAN_POINT('Ctrl Pts',(44.3919015372111,44.2380397813316,3.17478038543946));
#5116=CARTESIAN_POINT('Ctrl Pts',(43.9749427866895,44.2737561211266,3.14832388222746));
#5117=CARTESIAN_POINT('Ctrl Pts',(43.5774354072265,44.5365511430884,3.12186737901547));
#5118=CARTESIAN_POINT('Ctrl Pts',(43.3812392249743,44.9061959924161,3.09541087580348));
#5119=CARTESIAN_POINT('Ctrl Pts',(43.1850430427221,45.2758408417438,3.06895437259148));
#5120=CARTESIAN_POINT('Ctrl Pts',(43.1901580576807,45.7523355184374,3.04249786937948));
#5121=CARTESIAN_POINT('Ctrl Pts',(43.3942441479325,46.1176834681108,3.01604136616749));
#5122=CARTESIAN_POINT('Ctrl Pts',(43.5983302381843,46.4830314177843,2.98958486295549));
#5123=CARTESIAN_POINT('Ctrl Pts',(44.0013874037292,46.7372326404375,2.9631283597435));
#5124=CARTESIAN_POINT('Ctrl Pts',(44.4190167884894,46.7639899487782,2.9366718565315));
#5125=CARTESIAN_POINT('Ctrl Pts',(44.8366461732496,46.790747257119,2.91021535331951));
#5126=CARTESIAN_POINT('Ctrl Pts',(45.2688477772252,46.5900606511472,2.88375885010751));
#5127=CARTESIAN_POINT('Ctrl Pts',(45.5178891490891,46.253744354092,2.85730234689551));
#5128=CARTESIAN_POINT('Ctrl Pts',(45.6770419727702,46.0388174609188,2.84039500672387));
#5129=CARTESIAN_POINT('Ctrl Pts',(45.7613921640222,45.7684994066207,2.82348766655223));
#5130=CARTESIAN_POINT('Ctrl Pts',(45.7630732286826,45.4991425915168,2.80658032638058));
#5131=CARTESIAN_POINT('Origin',(44.5,45.5,20.));
#5132=CARTESIAN_POINT('',(45.76637427166,45.4995369781645,2.30658032638058));
#5133=CARTESIAN_POINT('',(45.7648198575155,45.5011348614346,2.44341967361941));
#5134=CARTESIAN_POINT('',(45.7645,45.5,20.));
#5135=CARTESIAN_POINT('Ctrl Pts',(45.7648198575155,45.5011348614346,2.44341967361941));
#5136=CARTESIAN_POINT('Ctrl Pts',(45.7656300947529,45.5888051166374,2.44894201609673));
#5137=CARTESIAN_POINT('Ctrl Pts',(45.7572923468956,45.676322285785,2.45446435857404));
#5138=CARTESIAN_POINT('Ctrl Pts',(45.7392381058082,45.761786862885,2.45998670105136));
#5139=CARTESIAN_POINT('Ctrl Pts',(45.652691295774,46.1714793270077,2.48645921368793));
#5140=CARTESIAN_POINT('Ctrl Pts',(45.3428627458305,46.5340039176154,2.5129317263245));
#5141=CARTESIAN_POINT('Ctrl Pts',(44.9516562897768,46.6833216132447,2.53940423896107));
#5142=CARTESIAN_POINT('Ctrl Pts',(44.5604498337232,46.8326393088741,2.56587675159764));
#5143=CARTESIAN_POINT('Ctrl Pts',(44.0878654715592,46.7687501095251,2.59234926423422));
#5144=CARTESIAN_POINT('Ctrl Pts',(43.7503504377217,46.5209157547236,2.61882177687079));
#5145=CARTESIAN_POINT('Ctrl Pts',(43.4128354038842,46.273081399922,2.64529428950736));
#5146=CARTESIAN_POINT('Ctrl Pts',(43.2103896983732,45.841301889668,2.67176680214394));
#5147=CARTESIAN_POINT('Ctrl Pts',(43.2357349950093,45.4233355256809,2.69823931478051));
#5148=CARTESIAN_POINT('Ctrl Pts',(43.2610802916454,45.0053691616939,2.72471182741708));
#5149=CARTESIAN_POINT('Ctrl Pts',(43.5142165904287,44.6012159439738,2.75118434005365));
#5150=CARTESIAN_POINT('Ctrl Pts',(43.879205540043,44.3959811220122,2.77765685269023));
#5151=CARTESIAN_POINT('Ctrl Pts',(44.2441944896573,44.1907463000505,2.8041293653268));
#5152=CARTESIAN_POINT('Ctrl Pts',(44.7210360901026,44.1844298738474,2.83060187796337));
#5153=CARTESIAN_POINT('Ctrl Pts',(45.0913332594102,44.3799248146744,2.85707439059994));
#5154=CARTESIAN_POINT('Ctrl Pts',(45.4616304287178,44.5754197555014,2.88354690323651));
#5155=CARTESIAN_POINT('Ctrl Pts',(45.7253831668876,44.9727260633585,2.91001941587309));
#5156=CARTESIAN_POINT('Ctrl Pts',(45.761790712569,45.3898744255795,2.93649192850966));
#5157=CARTESIAN_POINT('Ctrl Pts',(45.7649666130462,45.4262630823231,2.93880117687958));
#5158=CARTESIAN_POINT('Ctrl Pts',(45.7664125508296,45.4628027253859,2.94111042524949));
#5159=CARTESIAN_POINT('Ctrl Pts',(45.7661865743795,45.4993605018642,2.94341967361941));
#5160=CARTESIAN_POINT('Ctrl Pts',(45.7630732286826,45.4991425915168,2.80658032638058));
#5161=CARTESIAN_POINT('Ctrl Pts',(45.7640226837927,45.3470114983144,2.79703116334023));
#5162=CARTESIAN_POINT('Ctrl Pts',(45.7386013340515,45.1951870328974,2.78748200029988));
#5163=CARTESIAN_POINT('Ctrl Pts',(45.6853919137543,45.0538219167587,2.77793283725953));
#5164=CARTESIAN_POINT('Ctrl Pts',(45.5379721668032,44.6621617646194,2.75147633404753));
#5165=CARTESIAN_POINT('Ctrl Pts',(45.1772515331487,44.3507874484796,2.72501983083554));
#5166=CARTESIAN_POINT('Ctrl Pts',(44.7682598842227,44.2621528746747,2.69856332762354));
#5167=CARTESIAN_POINT('Ctrl Pts',(44.3592682352966,44.1735183008698,2.67210682441155));
#5168=CARTESIAN_POINT('Ctrl Pts',(43.902005571099,44.3076234693999,2.64565032119955));
#5169=CARTESIAN_POINT('Ctrl Pts',(43.6056697906205,44.6031151981722,2.61919381798755));
#5170=CARTESIAN_POINT('Ctrl Pts',(43.3093340101419,44.8986069269446,2.59273731477556));
#5171=CARTESIAN_POINT('Ctrl Pts',(43.1739251133825,45.3554852159592,2.56628081156356));
#5172=CARTESIAN_POINT('Ctrl Pts',(43.2613927387549,45.7647280180669,2.53982430835157));
#5173=CARTESIAN_POINT('Ctrl Pts',(43.3488603641274,46.1739708201745,2.51336780513957));
#5174=CARTESIAN_POINT('Ctrl Pts',(43.6592045116317,46.5355781353752,2.48691130192758));
#5175=CARTESIAN_POINT('Ctrl Pts',(44.0504425776021,46.6841144349801,2.46045479871558));
#5176=CARTESIAN_POINT('Ctrl Pts',(44.4416806435725,46.8326507345849,2.43399829550359));
#5177=CARTESIAN_POINT('Ctrl Pts',(44.9138126280089,46.768116018594,2.40754179229159));
#5178=CARTESIAN_POINT('Ctrl Pts',(45.2508379104285,46.5200349520573,2.3810852890796));
#5179=CARTESIAN_POINT('Ctrl Pts',(45.5672069570617,46.2871587418675,2.35625030151326));
#5180=CARTESIAN_POINT('Ctrl Pts',(45.7645231247909,45.8925457627489,2.33141531394692));
#5181=CARTESIAN_POINT('Ctrl Pts',(45.76637427166,45.4995369781645,2.30658032638058));
#5182=CARTESIAN_POINT('Origin',(44.5,45.5,20.));
#5183=CARTESIAN_POINT('',(45.7644395287419,45.5011550952261,1.80658032638058));
#5184=CARTESIAN_POINT('',(45.7624321164277,45.4999691361605,1.94341967361941));
#5185=CARTESIAN_POINT('',(45.7645,45.5,20.));
#5186=CARTESIAN_POINT('Ctrl Pts',(45.7624321164277,45.4999691361605,1.94341967361941));
#5187=CARTESIAN_POINT('Ctrl Pts',(45.762385779705,45.7129856746138,1.95677360694396));
#5188=CARTESIAN_POINT('Ctrl Pts',(45.7113485236063,45.9260230660377,1.97012754026851));
#5189=CARTESIAN_POINT('Ctrl Pts',(45.6094447275104,46.111044876449,1.98348147359305));
#5190=CARTESIAN_POINT('Ctrl Pts',(45.4074331205702,46.4778276134237,2.00995398622962));
#5191=CARTESIAN_POINT('Ctrl Pts',(45.0055255066365,46.7345143466538,2.0364264988662));
#5192=CARTESIAN_POINT('Ctrl Pts',(44.5877986315488,46.763540598786,2.06289901150277));
#5193=CARTESIAN_POINT('Ctrl Pts',(44.1700717564612,46.7925668509182,2.08937152413934));
#5194=CARTESIAN_POINT('Ctrl Pts',(43.7365256202197,46.5939326219525,2.11584403677591));
#5195=CARTESIAN_POINT('Ctrl Pts',(43.4857276527052,46.2586139004656,2.14231654941249));
#5196=CARTESIAN_POINT('Ctrl Pts',(43.2349296851907,45.9232951789787,2.16878906204906));
#5197=CARTESIAN_POINT('Ctrl Pts',(43.1668798864032,45.4512919649706,2.19526157468563));
#5198=CARTESIAN_POINT('Ctrl Pts',(43.3127455820676,45.058785322589,2.2217340873222));
#5199=CARTESIAN_POINT('Ctrl Pts',(43.458611277732,44.6662786802074,2.24820659995878));
#5200=CARTESIAN_POINT('Ctrl Pts',(43.8183924678484,44.3532686094523,2.27467911259535));
#5201=CARTESIAN_POINT('Ctrl Pts',(44.2273066292612,44.2631161048731,2.30115162523192));
#5202=CARTESIAN_POINT('Ctrl Pts',(44.636220790674,44.1729636002939,2.32762413786849));
#5203=CARTESIAN_POINT('Ctrl Pts',(45.0942679233834,44.3056686618905,2.35409665050506));
#5204=CARTESIAN_POINT('Ctrl Pts',(45.3916589546755,44.6004513615076,2.38056916314164));
#5205=CARTESIAN_POINT('Ctrl Pts',(45.6270122358294,44.8337404263489,2.4015193333009));
#5206=CARTESIAN_POINT('Ctrl Pts',(45.7617460517778,45.1685392696271,2.42246950346015));
#5207=CARTESIAN_POINT('Ctrl Pts',(45.7648198575155,45.5011348614346,2.44341967361941));
#5208=CARTESIAN_POINT('Ctrl Pts',(45.76637427166,45.4995369781645,2.30658032638058));
#5209=CARTESIAN_POINT('Ctrl Pts',(45.766495135969,45.4738768125863,2.30495881073492));
#5210=CARTESIAN_POINT('Ctrl Pts',(45.7657827346967,45.4482234856746,2.30333729508927));
#5211=CARTESIAN_POINT('Ctrl Pts',(45.7642157994852,45.422622461331,2.30171577944361));
#5212=CARTESIAN_POINT('Ctrl Pts',(45.7386498257198,45.0049184542241,2.27525927623161));
#5213=CARTESIAN_POINT('Ctrl Pts',(45.4855992977865,44.601137857093,2.24880277301962));
#5214=CARTESIAN_POINT('Ctrl Pts',(45.1208349595641,44.3960104963552,2.22234626980762));
#5215=CARTESIAN_POINT('Ctrl Pts',(44.7560706213417,44.1908831356175,2.19588976659563));
#5216=CARTESIAN_POINT('Ctrl Pts',(44.2795924728301,44.1844090112732,2.16943326338363));
#5217=CARTESIAN_POINT('Ctrl Pts',(43.9093895067639,44.379550038419,2.14297676017163));
#5218=CARTESIAN_POINT('Ctrl Pts',(43.5391865406977,44.5746910655648,2.11652025695964));
#5219=CARTESIAN_POINT('Ctrl Pts',(43.2752587570768,44.9714472442007,2.09006375374765));
#5220=CARTESIAN_POINT('Ctrl Pts',(43.2383532497314,45.3883024230263,2.06360725053565));
#5221=CARTESIAN_POINT('Ctrl Pts',(43.2014477423859,45.8051576018519,2.03715074732365));
#5222=CARTESIAN_POINT('Ctrl Pts',(43.3915645113159,46.2421117808671,2.01069424411166));
#5223=CARTESIAN_POINT('Ctrl Pts',(43.7217250390579,46.4992582030866,1.98423774089966));
#5224=CARTESIAN_POINT('Ctrl Pts',(44.0518855667999,46.7564046253061,1.95778123768767));
#5225=CARTESIAN_POINT('Ctrl Pts',(44.522089853354,46.8337432907297,1.93132473447567));
#5226=CARTESIAN_POINT('Ctrl Pts',(44.9172192009893,46.6958917213678,1.90486823126368));
#5227=CARTESIAN_POINT('Ctrl Pts',(45.3123485486247,46.5580401520059,1.87841172805168));
#5228=CARTESIAN_POINT('Ctrl Pts',(45.6324029573413,46.2049983478583,1.85195522483969));
#5229=CARTESIAN_POINT('Ctrl Pts',(45.7309573740802,45.7982831112863,1.82549872162769));
#5230=CARTESIAN_POINT('Ctrl Pts',(45.7544486545198,45.7013390878977,1.81919258987865));
#5231=CARTESIAN_POINT('Ctrl Pts',(45.7653554655399,45.6013456211979,1.81288645812962));
#5232=CARTESIAN_POINT('Ctrl Pts',(45.7644395287419,45.5011550952261,1.80658032638058));
#5233=CARTESIAN_POINT('Origin',(44.5,45.5,20.));
#5234=CARTESIAN_POINT('',(45.7624863851565,45.4997391016129,1.30658032638058));
#5235=CARTESIAN_POINT('',(45.7649332865529,45.4988800969948,1.44341967361941));
#5236=CARTESIAN_POINT('',(45.7645,45.5,20.));
#5237=CARTESIAN_POINT('Ctrl Pts',(45.7649332865529,45.4988800969948,1.44341967361941));
#5238=CARTESIAN_POINT('Ctrl Pts',(45.7618367309885,45.8351345311147,1.46460519779119));
#5239=CARTESIAN_POINT('Ctrl Pts',(45.6237235780504,46.1736355825713,1.48579072196297));
#5240=CARTESIAN_POINT('Ctrl Pts',(45.3836425930988,46.4074244928438,1.50697624613475));
#5241=CARTESIAN_POINT('Ctrl Pts',(45.0836478015421,46.6995569806358,1.53344875877132));
#5242=CARTESIAN_POINT('Ctrl Pts',(44.6244412707289,46.8281927872686,1.55992127140789));
#5243=CARTESIAN_POINT('Ctrl Pts',(44.2163430850089,46.7344157321254,1.58639378404447));
#5244=CARTESIAN_POINT('Ctrl Pts',(43.808244899289,46.6406386769822,1.61286629668104));
#5245=CARTESIAN_POINT('Ctrl Pts',(43.4512550586623,46.3244487600629,1.63933880931761));
#5246=CARTESIAN_POINT('Ctrl Pts',(43.3088776277565,45.9306633707863,1.66581132195418));
#5247=CARTESIAN_POINT('Ctrl Pts',(43.1665001968507,45.5368779815098,1.69228383459076));
#5248=CARTESIAN_POINT('Ctrl Pts',(43.238735175666,45.0654971198759,1.71875634722733));
#5249=CARTESIAN_POINT('Ctrl Pts',(43.4924983937671,44.7324168073388,1.7452288598639));
#5250=CARTESIAN_POINT('Ctrl Pts',(43.7462616118683,44.3993364948017,1.77170137250047));
#5251=CARTESIAN_POINT('Ctrl Pts',(44.1815530692555,44.2045567313614,1.79817388513704));
#5252=CARTESIAN_POINT('Ctrl Pts',(44.5990059658993,44.237288131327,1.82464639777362));
#5253=CARTESIAN_POINT('Ctrl Pts',(45.0164588625431,44.2700195312925,1.85111891041019));
#5254=CARTESIAN_POINT('Ctrl Pts',(45.4160731984436,44.530262094664,1.87759142304676));
#5255=CARTESIAN_POINT('Ctrl Pts',(45.6148225664205,44.8988227467094,1.90406393568334));
#5256=CARTESIAN_POINT('Ctrl Pts',(45.7133137592594,45.0814647275265,1.91718251499536));
#5257=CARTESIAN_POINT('Ctrl Pts',(45.762477636497,45.290706869639,1.93030109430739));
#5258=CARTESIAN_POINT('Ctrl Pts',(45.7624321164277,45.4999691361605,1.94341967361941));
#5259=CARTESIAN_POINT('Ctrl Pts',(45.7644395287419,45.5011550952261,1.80658032638058));
#5260=CARTESIAN_POINT('Ctrl Pts',(45.7615127794366,45.1810101322367,1.78642995491762));
#5261=CARTESIAN_POINT('Ctrl Pts',(45.6378718026386,44.8588531278716,1.76627958345466));
#5262=CARTESIAN_POINT('Ctrl Pts',(45.418368310912,44.6277451534338,1.7461292119917));
#5263=CARTESIAN_POINT('Ctrl Pts',(45.1301704062439,44.3243111011499,1.71967270877971));
#5264=CARTESIAN_POINT('Ctrl Pts',(44.6767201721467,44.1778316655786,1.69321620556771));
#5265=CARTESIAN_POINT('Ctrl Pts',(44.2654713189141,44.2553212595249,1.66675970235572));
#5266=CARTESIAN_POINT('Ctrl Pts',(43.8542224656815,44.3328108534713,1.64030319914372));
#5267=CARTESIAN_POINT('Ctrl Pts',(43.4851749933136,44.6342694769352,1.61384669593173));
#5268=CARTESIAN_POINT('Ctrl Pts',(43.3271683061583,45.0217796632058,1.58739019271973));
#5269=CARTESIAN_POINT('Ctrl Pts',(43.1691616190031,45.4092898494764,1.56093368950773));
#5270=CARTESIAN_POINT('Ctrl Pts',(43.2221957170606,45.8828515985537,1.53447718629574));
#5271=CARTESIAN_POINT('Ctrl Pts',(43.4620074737518,46.2258101617083,1.50802068308374));
#5272=CARTESIAN_POINT('Ctrl Pts',(43.7018192304431,46.5687687248629,1.48156417987175));
#5273=CARTESIAN_POINT('Ctrl Pts',(44.1284086457681,46.7811241020949,1.45510767665975));
#5274=CARTESIAN_POINT('Ctrl Pts',(44.5466108475863,46.7657236213405,1.42865117344776));
#5275=CARTESIAN_POINT('Ctrl Pts',(44.9648130494046,46.750323140586,1.40219467023576));
#5276=CARTESIAN_POINT('Ctrl Pts',(45.374628037716,46.5071668018452,1.37573816702377));
#5277=CARTESIAN_POINT('Ctrl Pts',(45.5885652490202,46.1474987136937,1.34928166381177));
#5278=CARTESIAN_POINT('Ctrl Pts',(45.7036649276107,45.9539948295722,1.33504788466804));
#5279=CARTESIAN_POINT('Ctrl Pts',(45.7620675216311,45.726766463732,1.32081410552431));
#5280=CARTESIAN_POINT('Ctrl Pts',(45.7624863851565,45.4997391016129,1.30658032638058));
#5281=CARTESIAN_POINT('Origin',(44.5,45.5,20.));
#5282=CARTESIAN_POINT('',(45.7653958092515,45.4989835474505,0.806580326380584));
#5283=CARTESIAN_POINT('',(45.7661091430321,45.5006950369129,0.943419673619412));
#5284=CARTESIAN_POINT('',(45.7645,45.5,20.));
#5285=CARTESIAN_POINT('Ctrl Pts',(45.7661091430321,45.5006950369129,0.943419673619412));
#5286=CARTESIAN_POINT('Ctrl Pts',(45.7663755571877,45.540985220569,0.94596427600185));
#5287=CARTESIAN_POINT('Ctrl Pts',(45.7646192058844,45.5812518776718,0.948508878384289));
#5288=CARTESIAN_POINT('Ctrl Pts',(45.7607640015874,45.6213165717942,0.951053480766727));
#5289=CARTESIAN_POINT('Ctrl Pts',(45.7206567749445,46.0381255509714,0.977525993403299));
#5290=CARTESIAN_POINT('Ctrl Pts',(45.4533892183801,46.4330759352869,1.00399850603987));
#5291=CARTESIAN_POINT('Ctrl Pts',(45.0813720693063,46.6252776793171,1.03047101867644));
#5292=CARTESIAN_POINT('Ctrl Pts',(44.7093549202324,46.8174794233474,1.05694353131302));
#5293=CARTESIAN_POINT('Ctrl Pts',(44.2325881786492,46.8069325270924,1.08341604394959));
#5294=CARTESIAN_POINT('Ctrl Pts',(43.8694345572577,46.5984674280901,1.10988855658616));
#5295=CARTESIAN_POINT('Ctrl Pts',(43.5062809358663,46.3900023290879,1.13636106922273));
#5296=CARTESIAN_POINT('Ctrl Pts',(43.2567404346667,45.9836190273384,1.16283358185931));
#5297=CARTESIAN_POINT('Ctrl Pts',(43.2351045450604,45.5654442299601,1.18930609449588));
#5298=CARTESIAN_POINT('Ctrl Pts',(43.2134686554541,45.1472694325817,1.21577860713245));
#5299=CARTESIAN_POINT('Ctrl Pts',(43.4197373774411,44.7173031395745,1.24225111976902));
#5300=CARTESIAN_POINT('Ctrl Pts',(43.7594380446366,44.4724731534732,1.2687236324056));
#5301=CARTESIAN_POINT('Ctrl Pts',(44.0991387118321,44.2276431673719,1.29519614504217));
#5302=CARTESIAN_POINT('Ctrl Pts',(44.572271324236,44.1679494881764,1.32166865767874));
#5303=CARTESIAN_POINT('Ctrl Pts',(44.962137555874,44.3207322916068,1.34814117031531));
#5304=CARTESIAN_POINT('Ctrl Pts',(45.3520037875119,44.4735150950372,1.37461368295189));
#5305=CARTESIAN_POINT('Ctrl Pts',(45.6586036383839,44.8387743810934,1.40108619558846));
#5306=CARTESIAN_POINT('Ctrl Pts',(45.7415120376698,45.249218608597,1.42755870822503));
#5307=CARTESIAN_POINT('Ctrl Pts',(45.7580701844795,45.3311909519875,1.43284569668982));
#5308=CARTESIAN_POINT('Ctrl Pts',(45.7657060525895,45.4149655664874,1.43813268515462));
#5309=CARTESIAN_POINT('Ctrl Pts',(45.7649332865529,45.4988800969948,1.44341967361941));
#5310=CARTESIAN_POINT('Ctrl Pts',(45.7624863851565,45.4997391016129,1.30658032638058));
#5311=CARTESIAN_POINT('Ctrl Pts',(45.7628460685014,45.304787867994,1.29435760231232));
#5312=CARTESIAN_POINT('Ctrl Pts',(45.7204492936592,45.1099848519375,1.28213487824405));
#5313=CARTESIAN_POINT('Ctrl Pts',(45.6344813518385,44.9368117919,1.26991215417578));
#5314=CARTESIAN_POINT('Ctrl Pts',(45.4484008090555,44.56197279582,1.24345565096379));
#5315=CARTESIAN_POINT('Ctrl Pts',(45.0581802891927,44.2884746412221,1.21699914775179));
#5316=CARTESIAN_POINT('Ctrl Pts',(44.6423458760651,44.2414427241764,1.1905426445398));
#5317=CARTESIAN_POINT('Ctrl Pts',(44.2265114629376,44.1944108071307,1.1640861413278));
#5318=CARTESIAN_POINT('Ctrl Pts',(43.7850631565454,44.3738451276372,1.13762963811581));
#5319=CARTESIAN_POINT('Ctrl Pts',(43.5199637800098,44.6976546808793,1.11117313490381));
#5320=CARTESIAN_POINT('Ctrl Pts',(43.2548644034743,45.0214642341214,1.08471663169182));
#5321=CARTESIAN_POINT('Ctrl Pts',(43.1661139567954,45.4896490200991,1.05826012847982));
#5322=CARTESIAN_POINT('Ctrl Pts',(43.2943158124622,45.8880137039571,1.03180362526782));
#5323=CARTESIAN_POINT('Ctrl Pts',(43.4225176681291,46.2863783878152,1.00534712205583));
#5324=CARTESIAN_POINT('Ctrl Pts',(43.7676718261417,46.6149229695537,0.978890618843832));
#5325=CARTESIAN_POINT('Ctrl Pts',(44.171870088492,46.7233392285734,0.952434115631836));
#5326=CARTESIAN_POINT('Ctrl Pts',(44.5760683508423,46.831755487593,0.925977612419841));
#5327=CARTESIAN_POINT('Ctrl Pts',(45.0393107175302,46.7200434238939,0.899521109207846));
#5328=CARTESIAN_POINT('Ctrl Pts',(45.3496635668508,46.4393092364561,0.87306460599585));
#5329=CARTESIAN_POINT('Ctrl Pts',(45.609632233764,46.2041507946215,0.850903179457428));
#5330=CARTESIAN_POINT('Ctrl Pts',(45.7623234980009,45.8503952459236,0.828741752919006));
#5331=CARTESIAN_POINT('Ctrl Pts',(45.7653958092515,45.4989835474505,0.806580326380584));
#5332=CARTESIAN_POINT('Origin',(44.5,45.5,20.));
#5333=CARTESIAN_POINT('',(45.7656864691146,45.5008826999264,0.306580326380584));
#5334=CARTESIAN_POINT('',(45.762820989566,45.5006968245282,0.443419673619413));
#5335=CARTESIAN_POINT('',(45.7645,45.5,20.));
#5336=CARTESIAN_POINT('',(43.5418838472776,46.3252112989365,0.));
#5337=CARTESIAN_POINT('Ctrl Pts',(45.7656864691146,45.5008826999264,0.306580326380584));
#5338=CARTESIAN_POINT('Ctrl Pts',(45.7627406865134,45.1392702832841,0.283756393889709));
#5339=CARTESIAN_POINT('Ctrl Pts',(45.5996464332828,44.7754212526883,0.260932461398833));
#5340=CARTESIAN_POINT('Ctrl Pts',(45.3259417817089,44.5398909135866,0.238108528907958));
#5341=CARTESIAN_POINT('Ctrl Pts',(45.0086753335892,44.2668744570465,0.211652025695962));
#5342=CARTESIAN_POINT('Ctrl Pts',(44.5427879833812,44.1662725290708,0.185195522483967));
#5343=CARTESIAN_POINT('Ctrl Pts',(44.1414158392203,44.2850044294971,0.158739019271971));
#5344=CARTESIAN_POINT('Ctrl Pts',(43.7400436950594,44.4037363299234,0.132282516059976));
#5345=CARTESIAN_POINT('Ctrl Pts',(43.4031867569457,44.7418020587516,0.10582601284798));
#5346=CARTESIAN_POINT('Ctrl Pts',(43.285058898964,45.1425364441338,0.0793695096359845));
#5347=CARTESIAN_POINT('Ctrl Pts',(43.1669310409823,45.543270829516,0.052913006423989));
#5348=CARTESIAN_POINT('Ctrl Pts',(43.2675322631326,46.0066738714521,0.0264565032119935));
#5349=CARTESIAN_POINT('Ctrl Pts',(43.5418838472776,46.3252112989365,-1.94031018532935E-15));
#5350=CARTESIAN_POINT('',(45.4599398376902,46.3266068675772,4.67854450209937E-15));
#5351=CARTESIAN_POINT('Origin',(44.5,45.5,0.));
#5352=CARTESIAN_POINT('Ctrl Pts',(45.4599413600737,46.3266080325759,3.12250225675825E-15));
#5353=CARTESIAN_POINT('Ctrl Pts',(45.1928495343047,46.6357065921662,0.0258201879199488));
#5354=CARTESIAN_POINT('Ctrl Pts',(44.7621884741607,46.8047172648265,0.0516403758398944));
#5355=CARTESIAN_POINT('Ctrl Pts',(44.3563392596306,46.7583185692107,0.0774605637598401));
#5356=CARTESIAN_POINT('Ctrl Pts',(43.9402366157033,46.7107476506792,0.103933076396412));
#5357=CARTESIAN_POINT('Ctrl Pts',(43.550215353849,46.4367456103533,0.130405589032985));
#5358=CARTESIAN_POINT('Ctrl Pts',(43.3646558637514,46.0614387805558,0.156878101669557));
#5359=CARTESIAN_POINT('Ctrl Pts',(43.1790963736539,45.6861319507583,0.183350614306129));
#5360=CARTESIAN_POINT('Ctrl Pts',(43.1979986553129,45.2095203314893,0.209823126942701));
#5361=CARTESIAN_POINT('Ctrl Pts',(43.412834383286,44.8500835523004,0.236295639579273));
#5362=CARTESIAN_POINT('Ctrl Pts',(43.6276701112591,44.4906467731115,0.262768152215845));
#5363=CARTESIAN_POINT('Ctrl Pts',(44.0384392855461,44.2483848340028,0.289240664852417));
#5364=CARTESIAN_POINT('Ctrl Pts',(44.45694033558,44.2341593002745,0.31571317748899));
#5365=CARTESIAN_POINT('Ctrl Pts',(44.8754413856139,44.2199337665462,0.342185690125562));
#5366=CARTESIAN_POINT('Ctrl Pts',(45.3016743113946,44.4337446381982,0.368658202762134));
#5367=CARTESIAN_POINT('Ctrl Pts',(45.5404551203878,44.7777142620299,0.395130715398706));
#5368=CARTESIAN_POINT('Ctrl Pts',(45.685643158356,44.9868611989858,0.411227034805608));
#5369=CARTESIAN_POINT('Ctrl Pts',(45.761528013073,45.2441293095439,0.42732335421251));
#5370=CARTESIAN_POINT('Ctrl Pts',(45.762820989566,45.5006968245282,0.443419673619413));
#5371=CARTESIAN_POINT('Origin',(44.5,45.5,-1.10421172358874));
#5372=CARTESIAN_POINT('',(46.0455283558264,45.4999506347682,13.1042117235887));
#5373=CARTESIAN_POINT('',(46.0414650991792,45.5011211796486,13.1457882764113));
#5374=CARTESIAN_POINT('',(46.043,45.4999999999998,-1.10421172358874));
#5375=CARTESIAN_POINT('',(45.3966446912023,44.2442622496163,13.5701331170564));
#5376=CARTESIAN_POINT('Ctrl Pts',(46.0414650991792,45.5011211796486,13.1457882764113));
#5377=CARTESIAN_POINT('Ctrl Pts',(46.0426767856154,45.6792575900199,13.1549540405663));
#5378=CARTESIAN_POINT('Ctrl Pts',(45.931857513402,46.3701262931664,13.1905763079334));
#5379=CARTESIAN_POINT('Ctrl Pts',(44.9116556132556,47.2765327481346,13.2526550785124));
#5380=CARTESIAN_POINT('Ctrl Pts',(43.2317301674706,46.8097727842981,13.3320245881484));
#5381=CARTESIAN_POINT('Ctrl Pts',(42.7101182914741,45.1447663704979,13.4113940977844));
#5382=CARTESIAN_POINT('Ctrl Pts',(43.8306077210236,43.8043464935715,13.4907636074204));
#5383=CARTESIAN_POINT('Ctrl Pts',(44.9791593252936,43.9461617609734,13.5436766138444));
#5384=CARTESIAN_POINT('Ctrl Pts',(45.3966446912023,44.2442622496163,13.5701331170564));
#5385=CARTESIAN_POINT('',(45.4695569145385,44.3028755396998,13.5334778203068));
#5386=CARTESIAN_POINT('Origin',(44.5,45.5,14.0031935529689));
#5387=CARTESIAN_POINT('Ctrl Pts',(46.0455283558264,45.4999506347682,13.1042117235887));
#5388=CARTESIAN_POINT('Ctrl Pts',(46.0453597994127,46.0088749171284,13.1305782467302));
#5389=CARTESIAN_POINT('Ctrl Pts',(45.4925324755985,47.0291784316181,13.1834172825082));
#5390=CARTESIAN_POINT('Ctrl Pts',(43.7539960107322,47.1644398716641,13.2627288309228));
#5391=CARTESIAN_POINT('Ctrl Pts',(42.6974200504402,45.7758195293536,13.3421463688325));
#5392=CARTESIAN_POINT('Ctrl Pts',(43.2902000040802,44.1333905890374,13.4215639067422));
#5393=CARTESIAN_POINT('Ctrl Pts',(44.6591943727682,43.8215591417991,13.4853410572336));
#5394=CARTESIAN_POINT('Ctrl Pts',(45.3069000673596,44.1695819804522,13.5226456950885));
#5395=CARTESIAN_POINT('Ctrl Pts',(45.4693469032789,44.3029317072032,13.5334778203068));
#5396=CARTESIAN_POINT('Origin',(44.5,45.5,-1.10421172358874));
#5397=CARTESIAN_POINT('',(46.0421249407052,45.5013452362235,12.6042117235887));
#5398=CARTESIAN_POINT('',(46.0413358522168,45.4989144061973,12.6457882764113));
#5399=CARTESIAN_POINT('',(46.043,45.4999999999998,-1.10421172358874));
#5400=CARTESIAN_POINT('Ctrl Pts',(46.0413358522168,45.4989144061973,12.6457882764113));
#5401=CARTESIAN_POINT('Ctrl Pts',(46.0391776876953,45.8311714810619,12.662881687961));
#5402=CARTESIAN_POINT('Ctrl Pts',(45.7706777779267,46.6808633372599,12.7064316027228));
#5403=CARTESIAN_POINT('Ctrl Pts',(44.3706300856659,47.3190527519841,12.7764380206965));
#5404=CARTESIAN_POINT('Ctrl Pts',(42.9017249295191,46.3781607038349,12.8558075303325));
#5405=CARTESIAN_POINT('Ctrl Pts',(42.8952041288379,44.6337541710404,12.9351770399685));
#5406=CARTESIAN_POINT('Ctrl Pts',(44.3571490735705,43.6819567319363,13.0145465496045));
#5407=CARTESIAN_POINT('Ctrl Pts',(45.7657487611942,44.3114920017833,13.0847502950854));
#5408=CARTESIAN_POINT('Ctrl Pts',(46.0391793155137,45.1650760735164,13.1284975373543));
#5409=CARTESIAN_POINT('Ctrl Pts',(46.0414650991792,45.5011211796486,13.1457882764113));
#5410=CARTESIAN_POINT('Ctrl Pts',(46.0421249407052,45.5013452362235,12.6042117235887));
#5411=CARTESIAN_POINT('Ctrl Pts',(46.0433762387042,45.6513193383598,12.6119373249408));
#5412=CARTESIAN_POINT('Ctrl Pts',(45.9544004172384,46.3137409243959,12.6461354389295));
#5413=CARTESIAN_POINT('Ctrl Pts',(45.0068104538828,47.2521970654524,12.7068060655548));
#5414=CARTESIAN_POINT('Ctrl Pts',(43.3021652883748,46.8755866391509,12.7862236034645));
#5415=CARTESIAN_POINT('Ctrl Pts',(42.6947718976895,45.2389286406517,12.8656411413742));
#5416=CARTESIAN_POINT('Ctrl Pts',(43.7409618840972,43.8413950667248,12.9450586792839));
#5417=CARTESIAN_POINT('Ctrl Pts',(45.4825067599682,43.9632096340572,13.0244762171937));
#5418=CARTESIAN_POINT('Ctrl Pts',(46.0445817997347,44.984889780321,13.0775272319619));
#5419=CARTESIAN_POINT('Ctrl Pts',(46.0455290333981,45.4979048349693,13.1041057340936));
#5420=CARTESIAN_POINT('Ctrl Pts',(46.0455283558264,45.4999506347682,13.1042117235887));
#5421=CARTESIAN_POINT('Origin',(44.5,45.5,-1.10421172358874));
#5422=CARTESIAN_POINT('',(46.0407936050767,45.4992898644235,12.1042117235887));
#5423=CARTESIAN_POINT('',(46.0453391848848,45.4994962504501,12.1457882764113));
#5424=CARTESIAN_POINT('',(46.043,45.4999999999998,-1.10421172358874));
#5425=CARTESIAN_POINT('Ctrl Pts',(46.0453391848848,45.4994962504501,12.1457882764113));
#5426=CARTESIAN_POINT('Ctrl Pts',(46.0432805721855,45.9826130006103,12.1708093353557));
#5427=CARTESIAN_POINT('Ctrl Pts',(45.5394534480156,46.980264711097,12.2222868975121));
#5428=CARTESIAN_POINT('Ctrl Pts',(43.840775773802,47.2003263822414,12.3002209628806));
#5429=CARTESIAN_POINT('Ctrl Pts',(42.7140018577176,45.8686409202075,12.3795904725166));
#5430=CARTESIAN_POINT('Ctrl Pts',(43.2214173294482,44.1996487079191,12.4589599821526));
#5431=CARTESIAN_POINT('Ctrl Pts',(44.8987386155947,43.7204791143381,12.5383294917885));
#5432=CARTESIAN_POINT('Ctrl Pts',(45.9285504088478,44.6220985633415,12.6006055898748));
#5433=CARTESIAN_POINT('Ctrl Pts',(46.0425180089898,45.3169171823937,12.636425184749));
#5434=CARTESIAN_POINT('Ctrl Pts',(46.0413358522168,45.4989144061973,12.6457882764113));
#5435=CARTESIAN_POINT('Ctrl Pts',(46.0407936050767,45.4992898644235,12.1042117235887));
#5436=CARTESIAN_POINT('Ctrl Pts',(46.0395369359691,45.8019528542808,12.1197689157881));
#5437=CARTESIAN_POINT('Ctrl Pts',(45.8069680859436,46.6214172297556,12.161798620624));
#5438=CARTESIAN_POINT('Ctrl Pts',(44.475036911837,47.3238476956436,12.2303008380965));
#5439=CARTESIAN_POINT('Ctrl Pts',(42.9537387913683,46.4675328981677,12.3097183760062));
#5440=CARTESIAN_POINT('Ctrl Pts',(42.8488397819049,44.7249434345807,12.3891359139159));
#5441=CARTESIAN_POINT('Ctrl Pts',(44.2564280627642,43.6923172012014,12.4685534518256));
#5442=CARTESIAN_POINT('Ctrl Pts',(45.7285009380895,44.2549290059768,12.5402453883833));
#5443=CARTESIAN_POINT('Ctrl Pts',(46.0390885463189,45.1374187197529,12.5854648123043));
#5444=CARTESIAN_POINT('Ctrl Pts',(46.0421249407052,45.5013452362235,12.6042117235887));
#5445=CARTESIAN_POINT('Origin',(44.5,45.5,-1.10421172358874));
#5446=CARTESIAN_POINT('',(46.0447242743896,45.4990089553238,11.6042117235887));
#5447=CARTESIAN_POINT('',(46.0428176907483,45.501409249679,11.6457882764113));
#5448=CARTESIAN_POINT('',(46.043,45.4999999999998,-1.10421172358874));
#5449=CARTESIAN_POINT('Ctrl Pts',(46.0428176907483,45.501409249679,11.6457882764113));
#5450=CARTESIAN_POINT('Ctrl Pts',(46.0439609543713,45.6272962262687,11.6522804795384));
#5451=CARTESIAN_POINT('Ctrl Pts',(45.9723163195929,46.2649033560587,11.6852291858776));
#5452=CARTESIAN_POINT('Ctrl Pts',(45.0886264429767,47.2260374074041,11.7446343954287));
#5453=CARTESIAN_POINT('Ctrl Pts',(43.3693612475901,46.930853674052,11.8240039050647));
#5454=CARTESIAN_POINT('Ctrl Pts',(42.6846316553012,45.3264373881833,11.9033734147006));
#5455=CARTESIAN_POINT('Ctrl Pts',(43.6609659126578,43.8808310679643,11.9827429243366));
#5456=CARTESIAN_POINT('Ctrl Pts',(45.4050172296627,43.9167659480404,12.0621124339726));
#5457=CARTESIAN_POINT('Ctrl Pts',(46.032222625501,44.9333461570348,12.1164608846642));
#5458=CARTESIAN_POINT('Ctrl Pts',(46.045457286353,45.4717801105731,12.1443528321437));
#5459=CARTESIAN_POINT('Ctrl Pts',(46.0453391848848,45.4994962504501,12.1457882764113));
#5460=CARTESIAN_POINT('Ctrl Pts',(46.0447242743896,45.4990089553238,11.6042117235887));
#5461=CARTESIAN_POINT('Ctrl Pts',(46.0413480016979,45.9510841663404,11.6276005066353));
#5462=CARTESIAN_POINT('Ctrl Pts',(45.5931673129553,46.9206641111973,11.6774618023185));
#5463=CARTESIAN_POINT('Ctrl Pts',(43.9454259833833,47.2376683034665,11.7537956106382));
#5464=CARTESIAN_POINT('Ctrl Pts',(42.739117514679,45.975748199582,11.8332131485479));
#5465=CARTESIAN_POINT('Ctrl Pts',(43.1458042102545,44.2780355071482,11.9126306864576));
#5466=CARTESIAN_POINT('Ctrl Pts',(44.7929548502839,43.6996608825612,11.9920482243673));
#5467=CARTESIAN_POINT('Ctrl Pts',(45.9016597894252,44.5606712359113,12.0559085700777));
#5468=CARTESIAN_POINT('Ctrl Pts',(46.0416753159803,45.2869338379344,12.0932964031515));
#5469=CARTESIAN_POINT('Ctrl Pts',(46.0407936050767,45.4992898644235,12.1042117235887));
#5470=CARTESIAN_POINT('Origin',(44.5,45.5,-1.10421172358874));
#5471=CARTESIAN_POINT('',(46.0438418894717,45.5013083236622,11.1042117235887));
#5472=CARTESIAN_POINT('',(46.0405672036854,45.4996240362537,11.1457882764113));
#5473=CARTESIAN_POINT('',(46.043,45.4999999999998,-1.10421172358874));
#5474=CARTESIAN_POINT('Ctrl Pts',(46.0405672036854,45.4996240362537,11.1457882764113));
#5475=CARTESIAN_POINT('Ctrl Pts',(46.0399551285042,45.7802634793215,11.1602081269331));
#5476=CARTESIAN_POINT('Ctrl Pts',(45.8323018145672,46.57664353067,11.2010844806669));
#5477=CARTESIAN_POINT('Ctrl Pts',(44.5543258572774,47.3228370529259,11.2684173376128));
#5478=CARTESIAN_POINT('Ctrl Pts',(42.9981863158734,46.5345249530925,11.3477868472488));
#5479=CARTESIAN_POINT('Ctrl Pts',(42.8162078071602,44.7996214799065,11.4271563568847));
#5480=CARTESIAN_POINT('Ctrl Pts',(44.1749008494172,43.7055650575667,11.5065258665207));
#5481=CARTESIAN_POINT('Ctrl Pts',(45.6955907765802,44.2086055467305,11.5794031730295));
#5482=CARTESIAN_POINT('Ctrl Pts',(46.039302018549,45.1142917599464,11.6258239763264));
#5483=CARTESIAN_POINT('Ctrl Pts',(46.0428176907483,45.501409249679,11.6457882764113));
#5484=CARTESIAN_POINT('Ctrl Pts',(46.0438418894717,45.5013083236622,11.1042117235887));
#5485=CARTESIAN_POINT('Ctrl Pts',(46.0446716445964,45.5932149283952,11.108959584846));
#5486=CARTESIAN_POINT('Ctrl Pts',(45.9953478691558,46.1966733491308,11.1401799587398));
#5487=CARTESIAN_POINT('Ctrl Pts',(45.1999033556537,47.1843926990494,11.1978728452701));
#5488=CARTESIAN_POINT('Ctrl Pts',(43.4638066382372,47.0011151817662,11.2772903831799));
#5489=CARTESIAN_POINT('Ctrl Pts',(42.6768788118759,45.4427933097188,11.3567079210896));
#5490=CARTESIAN_POINT('Ctrl Pts',(43.5599577433735,43.9368736367675,11.4361254589993));
#5491=CARTESIAN_POINT('Ctrl Pts',(45.3041296899739,43.8628015045066,11.515542996909));
#5492=CARTESIAN_POINT('Ctrl Pts',(46.0149711648285,44.8685753666328,11.5715717517722));
#5493=CARTESIAN_POINT('Ctrl Pts',(46.0451694241857,45.4394044131662,11.6011279939987));
#5494=CARTESIAN_POINT('Ctrl Pts',(46.0447242743896,45.4990089553238,11.6042117235887));
#5495=CARTESIAN_POINT('Origin',(44.5,45.5,-1.10421172358874));
#5496=CARTESIAN_POINT('',(46.040501696297,45.5002094795049,10.6042117235887));
#5497=CARTESIAN_POINT('',(46.0441953587366,45.4987930973677,10.6457882764113));
#5498=CARTESIAN_POINT('',(46.043,45.4999999999998,-1.10421172358874));
#5499=CARTESIAN_POINT('Ctrl Pts',(46.0441953587366,45.4987930973677,10.6457882764113));
#5500=CARTESIAN_POINT('Ctrl Pts',(46.0404773604292,45.9311276781504,10.6681357743278));
#5501=CARTESIAN_POINT('Ctrl Pts',(45.6259042712402,46.8815366252573,10.7169397754563));
#5502=CARTESIAN_POINT('Ctrl Pts',(44.0152088735642,47.2580283797541,10.7922002797968));
#5503=CARTESIAN_POINT('Ctrl Pts',(42.7601585465292,46.046477755338,10.8715697894328));
#5504=CARTESIAN_POINT('Ctrl Pts',(43.0970649005941,44.3348994347507,10.9509392990688));
#5505=CARTESIAN_POINT('Ctrl Pts',(44.7176582826826,43.6893893040551,11.0303088087048));
#5506=CARTESIAN_POINT('Ctrl Pts',(45.8808476902796,44.5168749049558,11.0952584678189));
#5507=CARTESIAN_POINT('Ctrl Pts',(46.0410781199647,45.2653664409857,11.1337516237211));
#5508=CARTESIAN_POINT('Ctrl Pts',(46.0405672036854,45.4996240362537,11.1457882764113));
#5509=CARTESIAN_POINT('Ctrl Pts',(46.0405016962971,45.5002094795049,10.6042117235887));
#5510=CARTESIAN_POINT('Ctrl Pts',(46.0407982214542,45.7450567937451,10.6167911756932));
#5511=CARTESIAN_POINT('Ctrl Pts',(45.8702524875297,46.5047766139535,10.6558431404342));
#5512=CARTESIAN_POINT('Ctrl Pts',(44.6795060195683,47.3151641966586,10.7213676178118));
#5513=CARTESIAN_POINT('Ctrl Pts',(43.0718570474507,46.6346590584737,10.8007851557216));
#5514=CARTESIAN_POINT('Ctrl Pts',(42.772408757402,44.9147889522628,10.8802026936313));
#5515=CARTESIAN_POINT('Ctrl Pts',(44.0554603409638,43.7309810731839,10.959620231541));
#5516=CARTESIAN_POINT('Ctrl Pts',(45.6446674970994,44.1415175508,11.0342899081935));
#5517=CARTESIAN_POINT('Ctrl Pts',(46.0400452029557,45.0807739316256,11.0824870722094));
#5518=CARTESIAN_POINT('Ctrl Pts',(46.0438418894717,45.5013083236622,11.1042117235887));
#5519=CARTESIAN_POINT('Origin',(44.5,45.5,-1.10421172358874));
#5520=CARTESIAN_POINT('',(46.0430722535009,45.4985899206891,10.1042117235887));
#5521=CARTESIAN_POINT('',(46.0443510443165,45.5011524864633,10.1457882764113));
#5522=CARTESIAN_POINT('',(46.043,45.4999999999998,-1.10421172358874));
#5523=CARTESIAN_POINT('Ctrl Pts',(46.0443510443165,45.5011524864633,10.1457882764113));
#5524=CARTESIAN_POINT('Ctrl Pts',(46.0449668500679,45.5750085448778,10.1496069185105));
#5525=CARTESIAN_POINT('Ctrl Pts',(46.0065923802449,46.1599150153019,10.1798820638217));
#5526=CARTESIAN_POINT('Ctrl Pts',(45.2593135227379,47.1580498166459,10.2366137123449));
#5527=CARTESIAN_POINT('Ctrl Pts',(43.5190722970827,47.0373571679808,10.3159832219809));
#5528=CARTESIAN_POINT('Ctrl Pts',(42.6763809069127,45.5099811632442,10.3953527316169));
#5529=CARTESIAN_POINT('Ctrl Pts',(43.5023028224127,43.973472384093,10.4747222412529));
#5530=CARTESIAN_POINT('Ctrl Pts',(45.2411186595996,43.8337379099657,10.5540917508889));
#5531=CARTESIAN_POINT('Ctrl Pts',(46.0031589497675,44.8286995041938,10.6111137626083));
#5532=CARTESIAN_POINT('Ctrl Pts',(46.0448789822362,45.4193003018661,10.6416792711158));
#5533=CARTESIAN_POINT('Ctrl Pts',(46.0441953587366,45.4987930973677,10.6457882764113));
#5534=CARTESIAN_POINT('Ctrl Pts',(46.0430722535009,45.4985899206891,10.1042117235887));
#5535=CARTESIAN_POINT('Ctrl Pts',(46.0394259279717,45.8942030431908,10.1246227665404));
#5536=CARTESIAN_POINT('Ctrl Pts',(45.6829453242242,46.8087514630872,10.1715063221287));
#5537=CARTESIAN_POINT('Ctrl Pts',(44.143574651765,47.2888556238636,10.2448623903535));
#5538=CARTESIAN_POINT('Ctrl Pts',(42.8034956124719,46.1700121901806,10.3242799282632));
#5539=CARTESIAN_POINT('Ctrl Pts',(43.0174404143754,44.4374273921442,10.403697466173));
#5540=CARTESIAN_POINT('Ctrl Pts',(44.5894323625125,43.6781752761508,10.4831150040827));
#5541=CARTESIAN_POINT('Ctrl Pts',(45.8434810955699,44.443670188892,10.5499530898879));
#5542=CARTESIAN_POINT('Ctrl Pts',(46.0401742065206,45.2297940011827,10.5903186630566));
#5543=CARTESIAN_POINT('Ctrl Pts',(46.0405016962971,45.5002094795049,10.6042117235887));
#5544=CARTESIAN_POINT('Origin',(44.5,45.5,-1.10421172358874));
#5545=CARTESIAN_POINT('',(46.0452483072914,45.5006145234451,9.60421172358872));
#5546=CARTESIAN_POINT('',(46.0406131863998,45.5004645579862,9.64578827641127));
#5547=CARTESIAN_POINT('',(46.043,45.4999999999998,-1.10421172358874));
#5548=CARTESIAN_POINT('Ctrl Pts',(46.0406131863998,45.5004645579862,9.64578827641127));
#5549=CARTESIAN_POINT('Ctrl Pts',(46.0412303102256,45.7290540634704,9.65753456590519));
#5550=CARTESIAN_POINT('Ctrl Pts',(45.8863671253758,46.4717071851531,9.6957373586111));
#5551=CARTESIAN_POINT('Ctrl Pts',(44.7374645782011,47.3081196847533,9.76039665452901));
#5552=CARTESIAN_POINT('Ctrl Pts',(43.1099023951562,46.6803875928269,9.83976616416499));
#5553=CARTESIAN_POINT('Ctrl Pts',(42.7542809196938,44.9725996653894,9.91913567380099));
#5554=CARTESIAN_POINT('Ctrl Pts',(43.9959941597995,43.7473835749554,9.99850518343696));
#5555=CARTESIAN_POINT('Ctrl Pts',(45.6169439834622,44.1076061901332,10.0740560509737));
#5556=CARTESIAN_POINT('Ctrl Pts',(46.0407003945016,45.0633153838286,10.1231504152985));
#5557=CARTESIAN_POINT('Ctrl Pts',(46.0443510443165,45.5011524864633,10.1457882764113));
#5558=CARTESIAN_POINT('Ctrl Pts',(46.0452483072914,45.5006145234451,9.60421172358873));
#5559=CARTESIAN_POINT('Ctrl Pts',(46.0454212699347,45.5347981083775,9.60598184475108));
#5560=CARTESIAN_POINT('Ctrl Pts',(46.0288922763245,46.0800336912694,9.63422447855001));
#5561=CARTESIAN_POINT('Ctrl Pts',(45.3841878591053,47.095385627898,9.68893962498552));
#5562=CARTESIAN_POINT('Ctrl Pts',(43.6384875011933,47.107743663117,9.76835716289524));
#5563=CARTESIAN_POINT('Ctrl Pts',(42.6819457051317,45.6473840317125,9.84777470080495));
#5564=CARTESIAN_POINT('Ctrl Pts',(43.3907693154821,44.0520183839508,9.92719223871467));
#5565=CARTESIAN_POINT('Ctrl Pts',(45.115665116273,43.7830259359858,10.0066097766244));
#5566=CARTESIAN_POINT('Ctrl Pts',(45.978230688798,44.751723830844,10.0656162715824));
#5567=CARTESIAN_POINT('Ctrl Pts',(46.044155103197,45.3811046479053,10.0981502539039));
#5568=CARTESIAN_POINT('Ctrl Pts',(46.0430722535009,45.4985899206891,10.1042117235887));
#5569=CARTESIAN_POINT('Origin',(44.5,45.5,-1.10421172358874));
#5570=CARTESIAN_POINT('',(46.0412356417727,45.5010393800454,9.10421172358873));
#5571=CARTESIAN_POINT('',(46.0426498668424,45.4985965166356,9.14578827641127));
#5572=CARTESIAN_POINT('',(46.043,45.4999999999998,-1.10421172358874));
#5573=CARTESIAN_POINT('Ctrl Pts',(46.0426498668424,45.4985965166356,9.14578827641128));
#5574=CARTESIAN_POINT('Ctrl Pts',(46.0392315793764,45.8801895342123,9.16546221329989));
#5575=CARTESIAN_POINT('Ctrl Pts',(45.7036184850311,46.7803003416004,9.21159265340049));
#5576=CARTESIAN_POINT('Ctrl Pts',(44.1945625992466,47.297886040469,9.28417959671309));
#5577=CARTESIAN_POINT('Ctrl Pts',(42.8239751803718,46.2187677123262,9.36354910634907));
#5578=CARTESIAN_POINT('Ctrl Pts',(42.9869521583966,44.4819762039563,9.44291861598507));
#5579=CARTESIAN_POINT('Ctrl Pts',(44.5343694343897,43.67667749362,9.52228812562105));
#5580=CARTESIAN_POINT('Ctrl Pts',(45.8259828009642,44.411994642535,9.58991134576312));
#5581=CARTESIAN_POINT('Ctrl Pts',(46.0398403446124,45.2141953934876,9.63107806269319));
#5582=CARTESIAN_POINT('Ctrl Pts',(46.0406131863998,45.5004645579862,9.64578827641127));
#5583=CARTESIAN_POINT('Ctrl Pts',(46.0412356417727,45.5010393800454,9.10421172358873));
#5584=CARTESIAN_POINT('Ctrl Pts',(46.0423906960492,45.6877051276306,9.11381343559832));
#5585=CARTESIAN_POINT('Ctrl Pts',(45.924538316251,46.3876109685705,9.14988766024448));
#5586=CARTESIAN_POINT('Ctrl Pts',(44.8817154307033,47.2836302312576,9.21243439752722));
#5587=CARTESIAN_POINT('Ctrl Pts',(43.2079536302708,46.7875013205283,9.29185193543691));
#5588=CARTESIAN_POINT('Ctrl Pts',(42.7177259705406,45.1120016033443,9.37126947334666));
#5589=CARTESIAN_POINT('Ctrl Pts',(43.8600884495022,43.7919143231582,9.45068701125636));
#5590=CARTESIAN_POINT('Ctrl Pts',(45.5500927724558,44.0310089038472,9.52833442800373));
#5591=CARTESIAN_POINT('Ctrl Pts',(46.0428345793411,45.0235758240894,9.57950933211451));
#5592=CARTESIAN_POINT('Ctrl Pts',(46.0452483072914,45.5006145234451,9.60421172358873));
#5593=CARTESIAN_POINT('Origin',(44.5,45.5,-1.10421172358874));
#5594=CARTESIAN_POINT('',(46.0414744801164,45.4988459393135,8.60421172358873));
#5595=CARTESIAN_POINT('',(46.0454096313765,45.5004056932029,8.64578827641128));
#5596=CARTESIAN_POINT('',(46.043,45.4999999999998,-1.10421172358874));
#5597=CARTESIAN_POINT('Ctrl Pts',(46.0454096313765,45.5004056932029,8.64578827641128));
#5598=CARTESIAN_POINT('Ctrl Pts',(46.0454873111231,45.5225126935872,8.64693335748258));
#5599=CARTESIAN_POINT('Ctrl Pts',(46.0350422878347,46.0553154127784,8.67453494176589));
#5600=CARTESIAN_POINT('Ctrl Pts',(45.4222934166559,47.0732326826904,8.72859302926119));
#5601=CARTESIAN_POINT('Ctrl Pts',(43.6787399605423,47.128256173912,8.80796253889718));
#5602=CARTESIAN_POINT('Ctrl Pts',(42.686640267141,45.693423627144,8.88733204853315));
#5603=CARTESIAN_POINT('Ctrl Pts',(43.3537665544745,44.0816082668561,8.96670155816916));
#5604=CARTESIAN_POINT('Ctrl Pts',(45.069697598162,43.7676227700236,9.04607106780512));
#5605=CARTESIAN_POINT('Ctrl Pts',(45.9682258139127,44.723676486312,9.1057666405525));
#5606=CARTESIAN_POINT('Ctrl Pts',(46.0438283173773,45.367042778057,9.13900571008789));
#5607=CARTESIAN_POINT('Ctrl Pts',(46.0426498668424,45.4985965166356,9.14578827641128));
#5608=CARTESIAN_POINT('Ctrl Pts',(46.0414744801164,45.4988459393135,8.60421172358873));
#5609=CARTESIAN_POINT('Ctrl Pts',(46.0391226914385,45.8376327439006,8.62164502644555));
#5610=CARTESIAN_POINT('Ctrl Pts',(45.7621980127715,46.6943634217794,8.66555084193894));
#5611=CARTESIAN_POINT('Ctrl Pts',(44.3462102403959,47.3175236399381,8.73592917006891));
#5612=CARTESIAN_POINT('Ctrl Pts',(42.8892304347076,46.3558416205236,8.81534670797862));
#5613=CARTESIAN_POINT('Ctrl Pts',(42.9077400680922,44.6101956500817,8.89476424588834));
#5614=CARTESIAN_POINT('Ctrl Pts',(44.3847840346371,43.6796240077341,8.97418178379806));
#5615=CARTESIAN_POINT('Ctrl Pts',(45.7760306046442,44.3274495747868,9.0439976096982));
#5616=CARTESIAN_POINT('Ctrl Pts',(46.0392061401179,45.1730561403635,9.08734092296175));
#5617=CARTESIAN_POINT('Ctrl Pts',(46.0412356417727,45.5010393800454,9.10421172358873));
#5618=CARTESIAN_POINT('Origin',(44.5,45.5,-1.10421172358874));
#5619=CARTESIAN_POINT('',(46.0454024280429,45.4995718466152,8.10421172358873));
#5620=CARTESIAN_POINT('',(46.0414610422636,45.5011430486886,8.14578827641128));
#5621=CARTESIAN_POINT('',(46.043,45.4999999999998,-1.10421172358874));
#5622=CARTESIAN_POINT('Ctrl Pts',(46.0414610422636,45.5011430486886,8.14578827641127));
#5623=CARTESIAN_POINT('Ctrl Pts',(46.0426738207346,45.6774601992413,8.15486100487728));
#5624=CARTESIAN_POINT('Ctrl Pts',(45.9333203041896,46.3664678156782,8.19039023655528));
#5625=CARTESIAN_POINT('Ctrl Pts',(44.9181929853407,47.2750495337607,8.25237597144525));
#5626=CARTESIAN_POINT('Ctrl Pts',(43.2357282480295,46.8142690582456,8.33174548108126));
#5627=CARTESIAN_POINT('Ctrl Pts',(42.7100734362765,45.1509310716077,8.41111499071724));
#5628=CARTESIAN_POINT('Ctrl Pts',(43.8222032319135,43.806991505791,8.49048450035323));
#5629=CARTESIAN_POINT('Ctrl Pts',(45.52952527653,44.0091964577002,8.56870892891791));
#5630=CARTESIAN_POINT('Ctrl Pts',(46.0436925609362,45.0117419356634,8.62047685427059));
#5631=CARTESIAN_POINT('Ctrl Pts',(46.0454096313765,45.5004056932029,8.64578827641128));
#5632=CARTESIAN_POINT('Ctrl Pts',(46.0454024280429,45.4995718466152,8.10421172358873));
#5633=CARTESIAN_POINT('Ctrl Pts',(46.0436050401604,45.987343732134,8.12947661729278));
#5634=CARTESIAN_POINT('Ctrl Pts',(45.530984723052,46.9894551549648,8.18121402363341));
#5635=CARTESIAN_POINT('Ctrl Pts',(43.8240136567202,47.1941327975079,8.25942394261059));
#5636=CARTESIAN_POINT('Ctrl Pts',(42.7098994754939,45.8501193854325,8.33884148052034));
#5637=CARTESIAN_POINT('Ctrl Pts',(43.2355446215478,44.1853912871899,8.41825901843002));
#5638=CARTESIAN_POINT('Ctrl Pts',(44.9194501403364,43.7248647793296,8.49767655633976));
#5639=CARTESIAN_POINT('Ctrl Pts',(45.9338336965735,44.6345396271951,8.55966079139265));
#5640=CARTESIAN_POINT('Ctrl Pts',(46.0426938882453,45.3231841601069,8.59517251380897));
#5641=CARTESIAN_POINT('Ctrl Pts',(46.0414744801164,45.4988459393135,8.60421172358873));
#5642=CARTESIAN_POINT('Origin',(44.5,45.5,-1.10421172358874));
#5643=CARTESIAN_POINT('',(46.042743096936,45.5014119992559,7.60421172358873));
#5644=CARTESIAN_POINT('',(46.0412969068093,45.4989338540929,7.64578827641127));
#5645=CARTESIAN_POINT('',(46.043,45.4999999999998,-1.10421172358874));
#5646=CARTESIAN_POINT('Ctrl Pts',(46.0412969068093,45.4989338540928,7.64578827641128));
#5647=CARTESIAN_POINT('Ctrl Pts',(46.0391918055141,45.8294034073989,7.66278865227197));
#5648=CARTESIAN_POINT('Ctrl Pts',(45.7729521759352,46.6772541758386,7.70624553134466));
#5649=CARTESIAN_POINT('Ctrl Pts',(44.3770165767145,47.319494791938,7.77615891362934));
#5650=CARTESIAN_POINT('Ctrl Pts',(42.9048038072649,46.3837620307389,7.85552842326534));
#5651=CARTESIAN_POINT('Ctrl Pts',(42.8921971597525,44.6393861218963,7.93489793290131));
#5652=CARTESIAN_POINT('Ctrl Pts',(44.3507317293401,43.6824727777372,8.01426744253732));
#5653=CARTESIAN_POINT('Ctrl Pts',(45.763509303368,44.3078814220232,8.08456422370729));
#5654=CARTESIAN_POINT('Ctrl Pts',(46.039137301634,45.1633110899178,8.12840450166528));
#5655=CARTESIAN_POINT('Ctrl Pts',(46.0414610422636,45.5011430486886,8.14578827641127));
#5656=CARTESIAN_POINT('Ctrl Pts',(46.042743096936,45.5014119992559,7.60421172358872));
#5657=CARTESIAN_POINT('Ctrl Pts',(46.0439055986911,45.6298698336477,7.61083569550344));
#5658=CARTESIAN_POINT('Ctrl Pts',(45.9704484004597,46.270394642198,7.64393218005472));
#5659=CARTESIAN_POINT('Ctrl Pts',(45.0791195540161,47.2296427417387,7.70350117724259));
#5660=CARTESIAN_POINT('Ctrl Pts',(43.3603153524767,46.924135659301,7.78291871515229));
#5661=CARTESIAN_POINT('Ctrl Pts',(42.685479635026,45.3140986364034,7.86233625306202));
#5662=CARTESIAN_POINT('Ctrl Pts',(43.6727721904144,43.8743500921351,7.94175379097173));
#5663=CARTESIAN_POINT('Ctrl Pts',(45.4178180104852,43.9237216072274,8.02117132888146));
#5664=CARTESIAN_POINT('Ctrl Pts',(46.0344426111739,44.941939149947,8.07532397308711));
#5665=CARTESIAN_POINT('Ctrl Pts',(46.0454883401255,45.4762571803988,8.10300410465621));
#5666=CARTESIAN_POINT('Ctrl Pts',(46.0454024280429,45.4995718466152,8.10421172358873));
#5667=CARTESIAN_POINT('Origin',(44.5,45.5,-1.10421172358874));
#5668=CARTESIAN_POINT('',(46.0405646414414,45.4996145091075,7.10421172358873));
#5669=CARTESIAN_POINT('',(46.0453137900436,45.4994654582036,7.14578827641127));
#5670=CARTESIAN_POINT('',(46.043,45.4999999999998,-1.10421172358874));
#5671=CARTESIAN_POINT('Ctrl Pts',(46.0453137900436,45.4994654582036,7.14578827641127));
#5672=CARTESIAN_POINT('Ctrl Pts',(46.0431532636883,45.9808069100989,7.17071629966666));
#5673=CARTESIAN_POINT('Ctrl Pts',(45.542611915704,46.9768796926496,7.22210082613406));
#5674=CARTESIAN_POINT('Ctrl Pts',(43.8467435805586,47.2026280482686,7.29994185581341));
#5675=CARTESIAN_POINT('Ctrl Pts',(42.7153055977423,45.8749028018595,7.37931136544942));
#5676=CARTESIAN_POINT('Ctrl Pts',(43.2168647893086,44.2041411144047,7.45868087508539));
#5677=CARTESIAN_POINT('Ctrl Pts',(44.8924939901491,43.7190916115675,7.53805038472139));
#5678=CARTESIAN_POINT('Ctrl Pts',(45.9270066853911,44.6184349824017,7.60041951849668));
#5679=CARTESIAN_POINT('Ctrl Pts',(46.0424678283287,45.3151166133803,7.63633214905997));
#5680=CARTESIAN_POINT('Ctrl Pts',(46.0412969068093,45.4989338540928,7.64578827641128));
#5681=CARTESIAN_POINT('Ctrl Pts',(46.0405646414414,45.4996145091075,7.10421172358873));
#5682=CARTESIAN_POINT('Ctrl Pts',(46.0399361474008,45.780949886785,7.11866728635067));
#5683=CARTESIAN_POINT('Ctrl Pts',(45.8314685299502,46.5783627263851,7.15959536174919));
#5684=CARTESIAN_POINT('Ctrl Pts',(44.5507818368471,47.3233114591148,7.22699594978428));
#5685=CARTESIAN_POINT('Ctrl Pts',(42.9952426959824,46.5308971470997,7.30641348769399));
#5686=CARTESIAN_POINT('Ctrl Pts',(42.8180841492672,44.7941653572214,7.38583102560372));
#5687=CARTESIAN_POINT('Ctrl Pts',(44.1815861219944,43.703988843524,7.46524856351342));
#5688=CARTESIAN_POINT('Ctrl Pts',(45.6987071004026,44.2126952942483,7.53804212950844));
#5689=CARTESIAN_POINT('Ctrl Pts',(46.0392596939685,45.1164918048775,7.58436318286687));
#5690=CARTESIAN_POINT('Ctrl Pts',(46.042743096936,45.5014119992559,7.60421172358872));
#5691=CARTESIAN_POINT('Origin',(44.5,45.5,-1.10421172358874));
#5692=CARTESIAN_POINT('',(46.0441583313734,45.4987763660326,6.60421172358873));
#5693=CARTESIAN_POINT('',(46.0428718710003,45.5014097126465,6.64578827641127));
#5694=CARTESIAN_POINT('',(46.043,45.4999999999998,-1.10421172358874));
#5695=CARTESIAN_POINT('Ctrl Pts',(46.0428718710003,45.5014097126465,6.64578827641128));
#5696=CARTESIAN_POINT('Ctrl Pts',(46.0440026241492,45.625481560009,6.65218744384936));
#5697=CARTESIAN_POINT('Ctrl Pts',(45.9736113754616,46.26124481041,6.68504311449945));
#5698=CARTESIAN_POINT('Ctrl Pts',(45.0946766485617,47.2239622687135,6.74435528836152));
#5699=CARTESIAN_POINT('Ctrl Pts',(43.3743867165106,46.9348104252215,6.82372479799751));
#5700=CARTESIAN_POINT('Ctrl Pts',(42.6840340717958,45.3328055984975,6.90309430763349));
#5701=CARTESIAN_POINT('Ctrl Pts',(43.6552920791801,43.8837838174314,6.98246381726949));
#5702=CARTESIAN_POINT('Ctrl Pts',(45.3994586843235,43.9136014701573,7.06183332690546));
#5703=CARTESIAN_POINT('Ctrl Pts',(46.0313055291094,44.9297120345706,7.11627481328606));
#5704=CARTESIAN_POINT('Ctrl Pts',(46.0454462642954,45.4699516554456,7.14425979645467));
#5705=CARTESIAN_POINT('Ctrl Pts',(46.0453137900436,45.4994654582036,7.14578827641127));
#5706=CARTESIAN_POINT('Ctrl Pts',(46.0441583313734,45.4987763660326,6.60421172358873));
#5707=CARTESIAN_POINT('Ctrl Pts',(46.0404172708126,45.9299704306255,6.6264988771979));
#5708=CARTESIAN_POINT('Ctrl Pts',(45.6276392548829,46.8796107167848,6.67525854344365));
#5709=CARTESIAN_POINT('Ctrl Pts',(44.0180495781146,47.2591950610257,6.75049072232597));
#5710=CARTESIAN_POINT('Ctrl Pts',(42.7603882223303,46.0484472033711,6.82990826023569));
#5711=CARTESIAN_POINT('Ctrl Pts',(43.0962377332431,44.3353133596017,6.90932579814541));
#5712=CARTESIAN_POINT('Ctrl Pts',(44.7179548469452,43.6890502059455,6.98874333605512));
#5713=CARTESIAN_POINT('Ctrl Pts',(45.8811776527246,44.5173324141314,7.0537053112029));
#5714=CARTESIAN_POINT('Ctrl Pts',(46.0410871103004,45.2657396204445,7.0921947737141));
#5715=CARTESIAN_POINT('Ctrl Pts',(46.0405646414414,45.4996145091075,7.10421172358873));
#5716=CARTESIAN_POINT('Origin',(44.5,45.5,-1.10421172358874));
#5717=CARTESIAN_POINT('',(46.0444461802947,45.5011204004341,6.10421172358872));
#5718=CARTESIAN_POINT('',(46.0405545432493,45.4996527748175,6.14578827641127));
#5719=CARTESIAN_POINT('',(46.043,45.4999999999998,-1.10421172358874));
#5720=CARTESIAN_POINT('Ctrl Pts',(46.0405545432493,45.4996527748175,6.14578827641127));
#5721=CARTESIAN_POINT('Ctrl Pts',(46.0399931621226,45.7784872748563,6.16011509124406));
#5722=CARTESIAN_POINT('Ctrl Pts',(45.8343076036376,46.5730012755865,6.20089840928883));
#5723=CARTESIAN_POINT('Ctrl Pts',(44.5607188609604,47.3226353009353,6.26813823054559));
#5724=CARTESIAN_POINT('Ctrl Pts',(43.0018240001946,46.539785984662,6.3475077401816));
#5725=CARTESIAN_POINT('Ctrl Pts',(42.8137616871834,44.8055314458653,6.42687724981756));
#5726=CARTESIAN_POINT('Ctrl Pts',(44.1686091276191,43.7067163330932,6.50624675945357));
#5727=CARTESIAN_POINT('Ctrl Pts',(45.6929976069231,44.2050554999881,6.57921710165145));
#5728=CARTESIAN_POINT('Ctrl Pts',(46.0393276762588,45.1125230759524,6.62573094063736));
#5729=CARTESIAN_POINT('Ctrl Pts',(46.0428718710003,45.5014097126465,6.64578827641128));
#5730=CARTESIAN_POINT('Ctrl Pts',(46.0444461802947,45.5011204004341,6.10421172358872));
#5731=CARTESIAN_POINT('Ctrl Pts',(46.045022487746,45.5716305772233,6.10785795540856));
#5732=CARTESIAN_POINT('Ctrl Pts',(46.0085906808007,46.1534625871268,6.13797669986497));
#5733=CARTESIAN_POINT('Ctrl Pts',(45.2692333350564,47.1538813585414,6.19456795695796));
#5734=CARTESIAN_POINT('Ctrl Pts',(43.5270241833331,47.042842030823,6.27398549486766));
#5735=CARTESIAN_POINT('Ctrl Pts',(42.6760756891854,45.5185359195199,6.35340303277739));
#5736=CARTESIAN_POINT('Ctrl Pts',(43.4958696254031,43.9772506238042,6.43282057068711));
#5737=CARTESIAN_POINT('Ctrl Pts',(45.2354622684587,43.8308269342077,6.51223810859682));
#5738=CARTESIAN_POINT('Ctrl Pts',(46.0022345027112,44.8253985201493,6.56936849289736));
#5739=CARTESIAN_POINT('Ctrl Pts',(46.0448608742761,45.4178013791657,6.60002636456133));
#5740=CARTESIAN_POINT('Ctrl Pts',(46.0441583313734,45.4987763660326,6.60421172358873));
#5741=CARTESIAN_POINT('Origin',(44.5,45.5,-1.10421172358874));
#5742=CARTESIAN_POINT('',(46.04065958733,45.5005485342846,5.60421172358872));
#5743=CARTESIAN_POINT('',(46.044144457993,45.4987769677866,5.64578827641127));
#5744=CARTESIAN_POINT('',(46.043,45.4999999999998,-1.10421172358874));
#5745=CARTESIAN_POINT('Ctrl Pts',(46.044144457993,45.4987769677866,5.64578827641127));
#5746=CARTESIAN_POINT('Ctrl Pts',(46.0404098121647,45.9293485406906,5.66804273863874));
#5747=CARTESIAN_POINT('Ctrl Pts',(45.6287534181137,46.8780515740504,5.71675370407821));
#5748=CARTESIAN_POINT('Ctrl Pts',(44.0213778861937,47.2597179013887,5.79192117272969));
#5749=CARTESIAN_POINT('Ctrl Pts',(42.7620859397766,46.0525766368299,5.87129068236566));
#5750=CARTESIAN_POINT('Ctrl Pts',(43.0929871076959,44.3398271933965,5.95066019200166));
#5751=CARTESIAN_POINT('Ctrl Pts',(44.7113064882492,43.6886370357336,6.03002970163764));
#5752=CARTESIAN_POINT('Ctrl Pts',(45.8790613593714,44.5132172900769,6.09507239644085));
#5753=CARTESIAN_POINT('Ctrl Pts',(46.0410298322935,45.2635796745282,6.13365858803206));
#5754=CARTESIAN_POINT('Ctrl Pts',(46.0405545432493,45.4996527748175,6.14578827641127));
#5755=CARTESIAN_POINT('Ctrl Pts',(46.04065958733,45.5005485342846,5.60421172358872));
#5756=CARTESIAN_POINT('Ctrl Pts',(46.0413721652043,45.7238965143982,5.61568954625579));
#5757=CARTESIAN_POINT('Ctrl Pts',(45.8913513249805,46.4614634419664,5.65363988155943));
#5758=CARTESIAN_POINT('Ctrl Pts',(44.7547141577476,47.3061462204749,5.71806272949966));
#5759=CARTESIAN_POINT('Ctrl Pts',(43.1201978434142,46.6929750544643,5.79748026740936));
#5760=CARTESIAN_POINT('Ctrl Pts',(42.7496013062607,44.9870205804827,5.87689780531908));
#5761=CARTESIAN_POINT('Ctrl Pts',(43.9823966151097,43.7509630627562,5.95631534322879));
#5762=CARTESIAN_POINT('Ctrl Pts',(45.6109557326734,44.1002421541284,6.03208664931868));
#5763=CARTESIAN_POINT('Ctrl Pts',(46.0408383582006,45.05970987709,6.08138544277199));
#5764=CARTESIAN_POINT('Ctrl Pts',(46.0444461802947,45.5011204004341,6.10421172358872));
#5765=CARTESIAN_POINT('Origin',(44.5,45.5,-1.10421172358874));
#5766=CARTESIAN_POINT('',(46.0424348344917,45.4986091812319,5.10421172358873));
#5767=CARTESIAN_POINT('',(46.0443998099421,45.5011337667873,5.14578827641127));
#5768=CARTESIAN_POINT('',(46.043,45.4999999999998,-1.10421172358874));
#5769=CARTESIAN_POINT('Ctrl Pts',(46.0443998099421,45.5011337667873,5.14578827641127));
#5770=CARTESIAN_POINT('Ctrl Pts',(46.044993783629,45.5731845005916,5.14951388282144));
#5771=CARTESIAN_POINT('Ctrl Pts',(46.0076779369721,46.1562679560532,5.17969599244361));
#5772=CARTESIAN_POINT('Ctrl Pts',(45.2651242227615,47.1553764357498,5.23633460527777));
#5773=CARTESIAN_POINT('Ctrl Pts',(43.5244703889222,47.0407881743454,5.31570411491376));
#5774=CARTESIAN_POINT('Ctrl Pts',(42.6764271311014,45.5163771825925,5.39507362454975));
#5775=CARTESIAN_POINT('Ctrl Pts',(43.4969548837717,43.9769810522837,5.47444313418573));
#5776=CARTESIAN_POINT('Ctrl Pts',(45.235269927368,43.8311487920726,5.55381264382172));
#5777=CARTESIAN_POINT('Ctrl Pts',(46.0020442264847,44.8250505038754,5.61092769123023));
#5778=CARTESIAN_POINT('Ctrl Pts',(46.0448496260026,45.4174773444743,5.64158623542675));
#5779=CARTESIAN_POINT('Ctrl Pts',(46.044144457993,45.4987769677866,5.64578827641127));
#5780=CARTESIAN_POINT('Ctrl Pts',(46.0424348344917,45.4986091812319,5.10421172358873));
#5781=CARTESIAN_POINT('Ctrl Pts',(46.0391515499659,45.8732646323628,5.12352113710303));
#5782=CARTESIAN_POINT('Ctrl Pts',(45.7134644118591,46.7666724265009,5.1693030632539));
#5783=CARTESIAN_POINT('Ctrl Pts',(44.2181526120931,47.3021114066069,5.24155750204135));
#5784=CARTESIAN_POINT('Ctrl Pts',(42.8327763597023,46.2398708029956,5.32097503995106));
#5785=CARTESIAN_POINT('Ctrl Pts',(42.9746023383678,44.4998972823856,5.40039257786078));
#5786=CARTESIAN_POINT('Ctrl Pts',(44.5137157929212,43.6760330735133,5.47981011577049));
#5787=CARTESIAN_POINT('Ctrl Pts',(45.8196407367416,44.4005495828847,5.54774983101315));
#5788=CARTESIAN_POINT('Ctrl Pts',(46.0397286717187,45.2087655180921,5.58921703361922));
#5789=CARTESIAN_POINT('Ctrl Pts',(46.04065958733,45.5005485342846,5.60421172358872));
#5790=CARTESIAN_POINT('Origin',(44.5,45.5,-1.10421172358874));
#5791=CARTESIAN_POINT('',(46.0455010834819,45.5002401264114,4.60421172358872));
#5792=CARTESIAN_POINT('',(46.0406299755748,45.5004925492113,4.64578827641127));
#5793=CARTESIAN_POINT('',(46.043,45.4999999999998,-1.10421172358874));
#5794=CARTESIAN_POINT('Ctrl Pts',(46.0406299755748,45.5004925492113,4.64578827641127));
#5795=CARTESIAN_POINT('Ctrl Pts',(46.0412795032602,45.7272653552498,4.65744153021614));
#5796=CARTESIAN_POINT('Ctrl Pts',(45.888117841839,46.4680479971272,4.695551287233));
#5797=CARTESIAN_POINT('Ctrl Pts',(44.743804836409,47.3072756906559,4.76011754746186));
#5798=CARTESIAN_POINT('Ctrl Pts',(43.1140509844556,46.6852558992066,4.83948705709784));
#5799=CARTESIAN_POINT('Ctrl Pts',(42.7524418767001,44.9787257670084,4.91885656673383));
#5800=CARTESIAN_POINT('Ctrl Pts',(43.9898502107028,43.7491620826666,4.99822607636981));
#5801=CARTESIAN_POINT('Ctrl Pts',(45.6140511246659,44.104133820276,5.07386997959563));
#5802=CARTESIAN_POINT('Ctrl Pts',(46.0407758214973,45.0615334402128,5.12305737960945));
#5803=CARTESIAN_POINT('Ctrl Pts',(46.0443998099421,45.5011337667873,5.14578827641127));
#5804=CARTESIAN_POINT('Ctrl Pts',(46.0455010834819,45.5002401264114,4.60421172358872));
#5805=CARTESIAN_POINT('Ctrl Pts',(46.0455290251904,45.5131440294654,4.60488021531368));
#5806=CARTESIAN_POINT('Ctrl Pts',(46.0395356419171,46.0370205105528,4.63202121967522));
#5807=CARTESIAN_POINT('Ctrl Pts',(45.4496634950534,47.0572998163666,4.68563473667332));
#5808=CARTESIAN_POINT('Ctrl Pts',(43.7059814811546,47.1421260803067,4.76505227458304));
#5809=CARTESIAN_POINT('Ctrl Pts',(42.6896325161465,45.7227398601482,4.84446981249275));
#5810=CARTESIAN_POINT('Ctrl Pts',(43.3316077216612,44.0993205378064,4.92388735040248));
#5811=CARTESIAN_POINT('Ctrl Pts',(45.0438480380454,43.7589449223511,5.00330488831219));
#5812=CARTESIAN_POINT('Ctrl Pts',(45.962729513715,44.7083961340748,5.06341301270761));
#5813=CARTESIAN_POINT('Ctrl Pts',(46.0436528151667,45.3596254606148,5.09704862446645));
#5814=CARTESIAN_POINT('Ctrl Pts',(46.0424348344917,45.4986091812319,5.10421172358873));
#5815=CARTESIAN_POINT('Origin',(44.5,45.5,-1.10421172358874));
#5816=CARTESIAN_POINT('',(46.0417273416066,45.501246333742,4.10421172358873));
#5817=CARTESIAN_POINT('',(46.0425965794929,45.4985997385352,4.14578827641127));
#5818=CARTESIAN_POINT('',(46.043,45.4999999999998,-1.10421172358874));
#5819=CARTESIAN_POINT('Ctrl Pts',(46.0425965794929,45.4985997385352,4.14578827641127));
#5820=CARTESIAN_POINT('Ctrl Pts',(46.0392120440089,45.8784216543309,4.16536917761083));
#5821=CARTESIAN_POINT('Ctrl Pts',(45.7061697113377,46.7767411251567,4.21140658202239));
#5822=CARTESIAN_POINT('Ctrl Pts',(44.2008703037008,47.2989462596432,4.28390048964593));
#5823=CARTESIAN_POINT('Ctrl Pts',(42.826506463251,46.2246417064669,4.36326999928193));
#5824=CARTESIAN_POINT('Ctrl Pts',(42.9833908933182,44.4872892625126,4.44263950891791));
#5825=CARTESIAN_POINT('Ctrl Pts',(44.5279741824852,43.676568162665,4.5220090185539));
#5826=CARTESIAN_POINT('Ctrl Pts',(45.8239391558772,44.4083560482417,4.58972527438501));
#5827=CARTESIAN_POINT('Ctrl Pts',(46.0398048738063,45.2124206971127,4.63098502700414));
#5828=CARTESIAN_POINT('Ctrl Pts',(46.0406299755748,45.5004925492113,4.64578827641127));
#5829=CARTESIAN_POINT('Ctrl Pts',(46.0417273416066,45.501246333742,4.10421172358872));
#5830=CARTESIAN_POINT('Ctrl Pts',(46.042979385267,45.6663628399291,4.11271180616092));
#5831=CARTESIAN_POINT('Ctrl Pts',(45.9424662010644,46.3442313646694,4.14768440136968));
#5832=CARTESIAN_POINT('Ctrl Pts',(44.9554399673522,47.2662440114636,4.20912950921502));
#5833=CARTESIAN_POINT('Ctrl Pts',(43.2625228584666,46.8400349980785,4.28854704712474));
#5834=CARTESIAN_POINT('Ctrl Pts',(42.7031536466665,45.1863335299957,4.36796458503445));
#5835=CARTESIAN_POINT('Ctrl Pts',(43.7897230440298,43.8199553227041,4.44738212294417));
#5836=CARTESIAN_POINT('Ctrl Pts',(45.512294232549,43.9910710296693,4.52613116912893));
#5837=CARTESIAN_POINT('Ctrl Pts',(46.0444225234858,45.0021448294713,4.57840770267711));
#5838=CARTESIAN_POINT('Ctrl Pts',(46.0455010834819,45.5002401264114,4.60421172358872));
#5839=CARTESIAN_POINT('Origin',(44.5,45.5,-1.10421172358874));
#5840=CARTESIAN_POINT('',(46.0410334861443,45.499086313867,3.60421172358872));
#5841=CARTESIAN_POINT('',(46.045429256855,45.500373710353,3.64578827641127));
#5842=CARTESIAN_POINT('',(46.043,45.4999999999998,-1.10421172358874));
#5843=CARTESIAN_POINT('Ctrl Pts',(46.045429256855,45.500373710353,3.64578827641127));
#5844=CARTESIAN_POINT('Ctrl Pts',(46.0454955135822,45.5206838687241,3.64684032179353));
#5845=CARTESIAN_POINT('Ctrl Pts',(46.0359321253664,46.0516836138599,3.67434887038778));
#5846=CARTESIAN_POINT('Ctrl Pts',(45.4278056303697,47.069988195034,3.72831392219403));
#5847=CARTESIAN_POINT('Ctrl Pts',(43.6844558854419,47.1311266098934,3.80768343183002));
#5848=CARTESIAN_POINT('Ctrl Pts',(42.6873298261899,45.6997825349509,3.88705294146601));
#5849=CARTESIAN_POINT('Ctrl Pts',(43.348798800449,44.0856372394451,3.96642245110199));
#5850=CARTESIAN_POINT('Ctrl Pts',(45.0636180309956,43.7656352934203,4.04579196073798));
#5851=CARTESIAN_POINT('Ctrl Pts',(45.9668995162001,44.7200167624252,4.1055805691744));
#5852=CARTESIAN_POINT('Ctrl Pts',(46.0437850191233,45.3652297622508,4.13891267439883));
#5853=CARTESIAN_POINT('Ctrl Pts',(46.0425965794929,45.4985997385352,4.14578827641127));
#5854=CARTESIAN_POINT('Ctrl Pts',(46.0410334861443,45.499086313867,3.60421172358872));
#5855=CARTESIAN_POINT('Ctrl Pts',(46.0393203383277,45.8166929310737,3.62054339700815));
#5856=CARTESIAN_POINT('Ctrl Pts',(45.7889575478307,46.6515951047854,3.66334758306415));
#5857=CARTESIAN_POINT('Ctrl Pts',(44.4218037285221,47.3223415747384,3.73262428175671));
#5858=CARTESIAN_POINT('Ctrl Pts',(42.9261526175722,46.4219804166672,3.81204181966644));
#5859=CARTESIAN_POINT('Ctrl Pts',(42.8721696642047,44.6770711636132,3.89145935757614));
#5860=CARTESIAN_POINT('Ctrl Pts',(44.3093040753698,43.6859772503569,3.97087689548587));
#5861=CARTESIAN_POINT('Ctrl Pts',(45.748605843338,44.2847835676355,4.04179435082339));
#5862=CARTESIAN_POINT('Ctrl Pts',(46.0390800417793,45.1521268005234,4.08623929352434));
#5863=CARTESIAN_POINT('Ctrl Pts',(46.0417273416066,45.501246333742,4.10421172358872));
#5864=CARTESIAN_POINT('Origin',(44.5,45.5,-1.10421172358874));
#5865=CARTESIAN_POINT('',(46.0450580342171,45.4992196554973,3.10421172358873));
#5866=CARTESIAN_POINT('',(46.0415027093734,45.5011604260394,3.14578827641127));
#5867=CARTESIAN_POINT('',(46.043,45.4999999999998,-1.10421172358874));
#5868=CARTESIAN_POINT('Ctrl Pts',(46.0415027093734,45.5011604260394,3.14578827641127));
#5869=CARTESIAN_POINT('Ctrl Pts',(46.0427234646276,45.6756576721307,3.15476796918822));
#5870=CARTESIAN_POINT('Ctrl Pts',(45.9348316654401,46.3628043669996,3.19020416517717));
#5871=CARTESIAN_POINT('Ctrl Pts',(44.9244161431449,47.2735718642701,3.25209686437811));
#5872=CARTESIAN_POINT('Ctrl Pts',(43.2403456333154,46.8186952251315,3.3314663740141));
#5873=CARTESIAN_POINT('Ctrl Pts',(42.7088601368599,45.1572111277147,3.41083588365009));
#5874=CARTESIAN_POINT('Ctrl Pts',(43.8162694179819,43.80937919346,3.49020539328607));
#5875=CARTESIAN_POINT('Ctrl Pts',(45.5263215886929,44.005828083609,3.5685228575398));
#5876=CARTESIAN_POINT('Ctrl Pts',(46.0438293104467,45.0099304551898,3.62038381858153));
#5877=CARTESIAN_POINT('Ctrl Pts',(46.045429256855,45.500373710353,3.64578827641127));
#5878=CARTESIAN_POINT('Ctrl Pts',(46.0450580342171,45.4992196554973,3.10421172358873));
#5879=CARTESIAN_POINT('Ctrl Pts',(46.0421727059369,45.9659992081755,3.12837498785538));
#5880=CARTESIAN_POINT('Ctrl Pts',(45.5680325150118,46.949244661842,3.17901076475861));
#5881=CARTESIAN_POINT('Ctrl Pts',(43.894934412404,47.2207379540766,3.25611905429841));
#5882=CARTESIAN_POINT('Ctrl Pts',(42.7259794535512,45.9241398032136,3.33553659220813));
#5883=CARTESIAN_POINT('Ctrl Pts',(43.1820543173273,44.239023136843,3.41495413011785));
#5884=CARTESIAN_POINT('Ctrl Pts',(44.8453874866714,43.7089804702506,3.49437166802756));
#5885=CARTESIAN_POINT('Ctrl Pts',(45.9153487957028,44.591160198322,3.55745753251785));
#5886=CARTESIAN_POINT('Ctrl Pts',(46.042097232407,45.3018745795469,3.59407088437158));
#5887=CARTESIAN_POINT('Ctrl Pts',(46.0410334861443,45.499086313867,3.60421172358872));
#5888=CARTESIAN_POINT('Origin',(44.5,45.5,-1.10421172358874));
#5889=CARTESIAN_POINT('',(46.043390304584,45.5013848091684,2.60421172358872));
#5890=CARTESIAN_POINT('',(46.041258989211,45.4989537514514,2.64578827641127));
#5891=CARTESIAN_POINT('',(46.043,45.4999999999998,-1.10421172358874));
#5892=CARTESIAN_POINT('Ctrl Pts',(46.041258989211,45.4989537514514,2.64578827641127));
#5893=CARTESIAN_POINT('Ctrl Pts',(46.039207678202,45.8276351003682,2.66269561658291));
#5894=CARTESIAN_POINT('Ctrl Pts',(45.7752187938818,46.6736433963365,2.70605945996656));
#5895=CARTESIAN_POINT('Ctrl Pts',(44.3833989485092,47.3199149472115,2.77587980656219));
#5896=CARTESIAN_POINT('Ctrl Pts',(42.90791328674,46.3893515152925,2.85524931619818));
#5897=CARTESIAN_POINT('Ctrl Pts',(42.8891885700585,44.6450305517377,2.93461882583416));
#5898=CARTESIAN_POINT('Ctrl Pts',(44.3443579330751,43.6830074938801,3.01398833547015));
#5899=CARTESIAN_POINT('Ctrl Pts',(45.7611930084194,44.3042783246084,3.08437815232919));
#5900=CARTESIAN_POINT('Ctrl Pts',(46.0391268031261,45.1615435407933,3.12831146597622));
#5901=CARTESIAN_POINT('Ctrl Pts',(46.0415027093734,45.5011604260394,3.14578827641127));
#5902=CARTESIAN_POINT('Ctrl Pts',(46.043390304584,45.5013848091684,2.60421172358872));
#5903=CARTESIAN_POINT('Ctrl Pts',(46.0443789926483,45.6083640134215,2.60973406606604));
#5904=CARTESIAN_POINT('Ctrl Pts',(45.9854332204989,46.2270883020417,2.64172892117993));
#5905=CARTESIAN_POINT('Ctrl Pts',(45.1504323956139,47.204107147638,2.70019628893039));
#5906=CARTESIAN_POINT('Ctrl Pts',(43.4204260591514,46.9702256895229,2.77961382684011));
#5907=CARTESIAN_POINT('Ctrl Pts',(42.6793258845285,45.3895951217365,2.85903136474982));
#5908=CARTESIAN_POINT('Ctrl Pts',(43.6059909118656,43.9100971028939,2.93844890265954));
#5909=CARTESIAN_POINT('Ctrl Pts',(45.3515818715028,43.8869743374576,3.01786644056926));
#5910=CARTESIAN_POINT('Ctrl Pts',(46.0233428600277,44.8988875405779,3.07312071421232));
#5911=CARTESIAN_POINT('Ctrl Pts',(46.0453337808859,45.4546102058287,3.10190247521881));
#5912=CARTESIAN_POINT('Ctrl Pts',(46.0450580342171,45.4992196554973,3.10421172358873));
#5913=CARTESIAN_POINT('Origin',(44.5,45.5,-1.10421172358874));
#5914=CARTESIAN_POINT('',(46.0404766750873,45.4999623385493,2.10421172358872));
#5915=CARTESIAN_POINT('',(46.0452870709145,45.499434999848,2.14578827641127));
#5916=CARTESIAN_POINT('',(46.043,45.4999999999998,-1.10421172358874));
#5917=CARTESIAN_POINT('Ctrl Pts',(46.0452870709145,45.499434999848,2.14578827641127));
#5918=CARTESIAN_POINT('Ctrl Pts',(46.0430282179141,45.9790020655765,2.17062326397761));
#5919=CARTESIAN_POINT('Ctrl Pts',(45.5457595001594,46.9734907199731,2.22191475475594));
#5920=CARTESIAN_POINT('Ctrl Pts',(43.8527193207172,47.2049087783618,2.29966274874627));
#5921=CARTESIAN_POINT('Ctrl Pts',(42.7166314924866,45.8811600539143,2.37903225838226));
#5922=CARTESIAN_POINT('Ctrl Pts',(43.2123276436131,44.2086494965013,2.45840176801824));
#5923=CARTESIAN_POINT('Ctrl Pts',(44.8862452968918,43.7177259495454,2.53777127765423));
#5924=CARTESIAN_POINT('Ctrl Pts',(45.9254538187249,44.6147715095243,2.60023344711857));
#5925=CARTESIAN_POINT('Ctrl Pts',(46.0424175572101,45.3133165218656,2.63623911337092));
#5926=CARTESIAN_POINT('Ctrl Pts',(46.041258989211,45.4989537514514,2.64578827641127));
#5927=CARTESIAN_POINT('Ctrl Pts',(46.0404766750873,45.4999623385493,2.10421172358872));
#5928=CARTESIAN_POINT('Ctrl Pts',(46.040420132926,45.7598947377848,2.11756565691327));
#5929=CARTESIAN_POINT('Ctrl Pts',(45.8546838461689,46.5351866920972,2.15739210287439));
#5930=CARTESIAN_POINT('Ctrl Pts',(44.6264392316649,47.3196308946311,2.22369106147208));
#5931=CARTESIAN_POINT('Ctrl Pts',(43.0393415134666,46.5924835273852,2.3031085993818));
#5932=CARTESIAN_POINT('Ctrl Pts',(42.7902292014163,44.8646046205891,2.38252613729152));
#5933=CARTESIAN_POINT('Ctrl Pts',(44.1072929649977,43.7187575525584,2.46194367520123));
#5934=CARTESIAN_POINT('Ctrl Pts',(45.6674858715466,44.1707754367035,2.53583887063364));
#5935=CARTESIAN_POINT('Ctrl Pts',(46.0396395080214,45.0955366492958,2.58326155342947));
#5936=CARTESIAN_POINT('Ctrl Pts',(46.043390304584,45.5013848091684,2.60421172358872));
#5937=CARTESIAN_POINT('Origin',(44.5,45.5,-1.10421172358874));
#5938=CARTESIAN_POINT('',(46.0435287158174,45.4986334437824,1.60421172358872));
#5939=CARTESIAN_POINT('',(46.0429262102403,45.5014094993544,1.64578827641127));
#5940=CARTESIAN_POINT('',(46.043,45.4999999999998,-1.10421172358874));
#5941=CARTESIAN_POINT('Ctrl Pts',(46.0429262102403,45.5014094993544,1.64578827641127));
#5942=CARTESIAN_POINT('Ctrl Pts',(46.0440438776814,45.6236665033675,1.6520944081603));
#5943=CARTESIAN_POINT('Ctrl Pts',(45.9748988963425,46.2575865718686,1.68485704312134));
#5944=CARTESIAN_POINT('Ctrl Pts',(45.1007195396425,47.2218659219808,1.74407618129437));
#5945=CARTESIAN_POINT('Ctrl Pts',(43.3794260303831,46.9387495263728,1.82344569093035));
#5946=CARTESIAN_POINT('Ctrl Pts',(42.6834588311922,45.3391758651143,1.90281520056634));
#5947=CARTESIAN_POINT('Ctrl Pts',(43.6496286298328,43.8867564496095,1.98218471020232));
#5948=CARTESIAN_POINT('Ctrl Pts',(45.3938890880851,43.9104565062246,2.06155421983831));
#5949=CARTESIAN_POINT('Ctrl Pts',(46.0303817617501,44.9260773545235,2.11608874190796));
#5950=CARTESIAN_POINT('Ctrl Pts',(46.045434555002,45.4681233070942,2.14416676076561));
#5951=CARTESIAN_POINT('Ctrl Pts',(46.0452870709145,45.499434999848,2.14578827641127));
#5952=CARTESIAN_POINT('Ctrl Pts',(46.0435287158174,45.4986334437824,1.60421172358872));
#5953=CARTESIAN_POINT('Ctrl Pts',(46.0397501588892,45.9089462882641,1.6253972477605));
#5954=CARTESIAN_POINT('Ctrl Pts',(45.6606280890918,46.8381352650321,1.67305528456886));
#5955=CARTESIAN_POINT('Ctrl Pts',(44.091504312922,47.2776880351047,1.74718583401378));
#5956=CARTESIAN_POINT('Ctrl Pts',(42.7846589414226,46.1202003914359,1.8266033719235));
#5957=CARTESIAN_POINT('Ctrl Pts',(43.0490920904424,44.3945997520502,1.90602090983322));
#5958=CARTESIAN_POINT('Ctrl Pts',(44.6425789676627,43.6815625634656,1.98543844774293));
#5959=CARTESIAN_POINT('Ctrl Pts',(45.8594799847416,44.4740502487242,2.0515020523281));
#5960=CARTESIAN_POINT('Ctrl Pts',(46.0405322207314,45.2446110714535,2.0910931442767));
#5961=CARTESIAN_POINT('Ctrl Pts',(46.0404766750873,45.4999623385493,2.10421172358872));
#5962=CARTESIAN_POINT('Origin',(44.5,45.5,-1.10421172358874));
#5963=CARTESIAN_POINT('',(46.0449635489906,45.5008481154263,1.10421172358872));
#5964=CARTESIAN_POINT('',(46.0405428962408,45.4996816400068,1.14578827641127));
#5965=CARTESIAN_POINT('',(46.043,45.4999999999998,-1.10421172358874));
#5966=CARTESIAN_POINT('Ctrl Pts',(46.0405428962408,45.4996816400068,1.14578827641127));
#5967=CARTESIAN_POINT('Ctrl Pts',(46.0400317800528,45.7767106789549,1.160022055555));
#5968=CARTESIAN_POINT('Ctrl Pts',(45.8363042545432,46.5693582226938,1.20071233791072));
#5969=CARTESIAN_POINT('Ctrl Pts',(44.5671111176486,47.322411100515,1.26785912347845));
#5970=CARTESIAN_POINT('Ctrl Pts',(43.005480114454,46.5450342391417,1.34722863311443));
#5971=CARTESIAN_POINT('Ctrl Pts',(42.8113363106517,44.8114499477389,1.42659814275042));
#5972=CARTESIAN_POINT('Ctrl Pts',(44.1623214823332,43.7078896725199,1.5059676523864));
#5973=CARTESIAN_POINT('Ctrl Pts',(45.6903942186789,44.2015077481117,1.57903103027335));
#5974=CARTESIAN_POINT('Ctrl Pts',(46.039354858577,45.1107541589886,1.62563790494831));
#5975=CARTESIAN_POINT('Ctrl Pts',(46.0429262102403,45.5014094993544,1.64578827641127));
#5976=CARTESIAN_POINT('Ctrl Pts',(46.0449635489906,45.5008481154263,1.10421172358872));
#5977=CARTESIAN_POINT('Ctrl Pts',(46.0452886395735,45.5500120168745,1.10675632597116));
#5978=CARTESIAN_POINT('Ctrl Pts',(46.020849113413,46.110320206826,1.13577344099017));
#5979=CARTESIAN_POINT('Ctrl Pts',(45.3372366343865,47.1205176837853,1.19126306864576));
#5980=CARTESIAN_POINT('Ctrl Pts',(43.5919197132405,47.0819082865814,1.27068060655548));
#5981=CARTESIAN_POINT('Ctrl Pts',(42.6784179496558,45.5942465200345,1.3500981444652));
#5982=CARTESIAN_POINT('Ctrl Pts',(43.4335131762891,44.0202536609358,1.42951568237491));
#5983=CARTESIAN_POINT('Ctrl Pts',(45.1655265118509,43.8017308922559,1.50893322028463));
#5984=CARTESIAN_POINT('Ctrl Pts',(45.9884996805827,44.7821573053788,1.56716523402257));
#5985=CARTESIAN_POINT('Ctrl Pts',(46.0444716798305,45.396237144397,1.59892473512393));
#5986=CARTESIAN_POINT('Ctrl Pts',(46.0435287158174,45.4986334437824,1.60421172358872));
#5987=CARTESIAN_POINT('Origin',(44.5,45.5,-1.10421172358874));
#5988=CARTESIAN_POINT('',(46.0409511956507,45.5008502967551,0.604211723588723));
#5989=CARTESIAN_POINT('',(46.0440931069,45.4987596786999,0.645788276411268));
#5990=CARTESIAN_POINT('',(46.043,45.4999999999998,-1.10421172358874));
#5991=CARTESIAN_POINT('Ctrl Pts',(46.0440931069,45.4987596786999,0.645788276411268));
#5992=CARTESIAN_POINT('Ctrl Pts',(46.0403441339782,45.9275681015896,0.667949702949692));
#5993=CARTESIAN_POINT('Ctrl Pts',(45.6315920005198,46.8745661893696,0.716567632700111));
#5994=CARTESIAN_POINT('Ctrl Pts',(44.0275527825623,47.261384287579,0.791642065662526));
#5995=CARTESIAN_POINT('Ctrl Pts',(42.7640347142029,46.0586694842045,0.871011575298513));
#5996=CARTESIAN_POINT('Ctrl Pts',(43.0889266222115,44.3447688323335,0.9503810849345));
#5997=CARTESIAN_POINT('Ctrl Pts',(44.7049520949591,43.6879072509777,1.02975059457049));
#5998=CARTESIAN_POINT('Ctrl Pts',(45.877266337284,44.5095600487272,1.09488632506274));
#5999=CARTESIAN_POINT('Ctrl Pts',(46.0409817981002,45.2617933414904,1.133565552343));
#6000=CARTESIAN_POINT('Ctrl Pts',(46.0405428962408,45.4996816400068,1.14578827641127));
#6001=CARTESIAN_POINT('Ctrl Pts',(46.0409511956507,45.5008502967551,0.604211723588723));
#6002=CARTESIAN_POINT('Ctrl Pts',(46.0419682617788,45.7026684508187,0.614587916818395));
#6003=CARTESIAN_POINT('Ctrl Pts',(45.9112585711542,46.418118426546,0.651436622684639));
#6004=CARTESIAN_POINT('Ctrl Pts',(44.8294767868408,47.2940044043918,0.714757841187457));
#6005=CARTESIAN_POINT('Ctrl Pts',(43.1709213542094,46.7492383885744,0.794175379097172));
#6006=CARTESIAN_POINT('Ctrl Pts',(42.7298108277748,45.0601344672729,0.873592917006891));
#6007=CARTESIAN_POINT('Ctrl Pts',(43.9102263549107,43.7739625457358,0.953010454916608));
#6008=CARTESIAN_POINT('Ctrl Pts',(45.5757493721416,44.0594140110633,1.02988339044389));
#6009=CARTESIAN_POINT('Ctrl Pts',(46.0419065926874,45.0385403577527,1.08028381333459));
#6010=CARTESIAN_POINT('Ctrl Pts',(46.0449635489906,45.5008481154263,1.10421172358872));
#6011=CARTESIAN_POINT('Origin',(44.5,45.5,-1.10421172358874));
#6012=CARTESIAN_POINT('',(46.0414570385519,45.4981596971756,0.104211723588723));
#6013=CARTESIAN_POINT('',(46.0444477831901,45.5010771103094,0.145788276411268));
#6014=CARTESIAN_POINT('',(46.043,45.4999999999998,-1.10421172358874));
#6015=CARTESIAN_POINT('',(44.8985138418572,44.0093505717815,0.));
#6016=CARTESIAN_POINT('Ctrl Pts',(44.8985138418572,44.0093505717815,0.));
#6017=CARTESIAN_POINT('Ctrl Pts',(45.3943983561375,44.1419215433073,0.0264725126365724));
#6018=CARTESIAN_POINT('Ctrl Pts',(45.9458121773793,44.6647245436414,0.0612097538328133));
#6019=CARTESIAN_POINT('Ctrl Pts',(46.0426780926858,45.337614889564,0.0959469950290542));
#6020=CARTESIAN_POINT('Ctrl Pts',(46.0414570385519,45.4981596971756,0.104211723588723));
#6021=CARTESIAN_POINT('',(44.1006002283105,44.0067034157818,3.63833606848052E-15));
#6022=CARTESIAN_POINT('Origin',(44.5,45.5,0.));
#6023=CARTESIAN_POINT('Ctrl Pts',(44.1005993855406,44.0067008975878,1.04625509644851E-16));
#6024=CARTESIAN_POINT('Ctrl Pts',(44.5815008078363,43.8790170338544,0.0257721596462157));
#6025=CARTESIAN_POINT('Ctrl Pts',(45.6171159758361,44.1145005683016,0.0743682517833048));
#6026=CARTESIAN_POINT('Ctrl Pts',(46.0408532062397,45.0598213104843,0.122964343920394));
#6027=CARTESIAN_POINT('Ctrl Pts',(46.0444477831901,45.5010771103094,0.145788276411268));
#6028=CARTESIAN_POINT('Origin',(44.5,5.5,-1.10421172358874));
#6029=CARTESIAN_POINT('',(46.0455205841266,5.49995027181103,13.1042117235887));
#6030=CARTESIAN_POINT('',(46.0414620046219,5.50111938813446,13.1457882764113));
#6031=CARTESIAN_POINT('',(46.043,5.49999999999979,-1.10421172358874));
#6032=CARTESIAN_POINT('',(45.2480291715828,4.15115794190202,13.5610788298771));
#6033=CARTESIAN_POINT('Ctrl Pts',(46.0414620046219,5.50111938813446,13.1457882764113));
#6034=CARTESIAN_POINT('Ctrl Pts',(46.0426743205607,5.67925480711803,13.1549540405663));
#6035=CARTESIAN_POINT('Ctrl Pts',(45.9318564860715,6.37012069040645,13.1905763079334));
#6036=CARTESIAN_POINT('Ctrl Pts',(44.911638126793,7.27653815364541,13.2526550785124));
#6037=CARTESIAN_POINT('Ctrl Pts',(43.2317596942929,6.80974518033392,13.3320245881484));
#6038=CARTESIAN_POINT('Ctrl Pts',(42.7100867162431,5.14481109600633,13.4113940977844));
#6039=CARTESIAN_POINT('Ctrl Pts',(43.788063036159,3.85524559947544,13.487745511694));
#6040=CARTESIAN_POINT('Ctrl Pts',(44.8494488722853,3.93334432414447,13.5376404223915));
#6041=CARTESIAN_POINT('Ctrl Pts',(45.2480291715828,4.15115794190202,13.5610788298771));
#6042=CARTESIAN_POINT('',(45.3421225266626,4.20861328124541,13.5253027169141));
#6043=CARTESIAN_POINT('Ctrl Pts',(45.3445636201128,4.20865911100823,13.5253027169141));
#6044=CARTESIAN_POINT('Ctrl Pts',(45.3132040998939,4.18814933690688,13.5367978701705));
#6045=CARTESIAN_POINT('Ctrl Pts',(45.2810490525981,4.1687541338695,13.5487299992182));
#6046=CARTESIAN_POINT('Ctrl Pts',(45.2482778947026,4.15058190604269,13.5610788298771));
#6047=CARTESIAN_POINT('Ctrl Pts',(46.0455205841266,5.49995027181103,13.1042117235887));
#6048=CARTESIAN_POINT('Ctrl Pts',(46.0453533818546,6.00887267782204,13.1305782467302));
#6049=CARTESIAN_POINT('Ctrl Pts',(45.4925405660052,7.02917363981147,13.1834172825082));
#6050=CARTESIAN_POINT('Ctrl Pts',(43.7539786635572,7.16443346746827,13.2627288309228));
#6051=CARTESIAN_POINT('Ctrl Pts',(42.6974606818083,5.77581543439593,13.3421463688325));
#6052=CARTESIAN_POINT('Ctrl Pts',(43.2901472744889,4.13340718486655,13.4215639067422));
#6053=CARTESIAN_POINT('Ctrl Pts',(44.6007656465481,3.83487109512444,13.4826160227694));
#6054=CARTESIAN_POINT('Ctrl Pts',(45.2115012323753,4.12155876797729,13.51719562616));
#6055=CARTESIAN_POINT('Ctrl Pts',(45.3421225266626,4.20861328124541,13.5253027169141));
#6056=CARTESIAN_POINT('Origin',(44.5,5.5,-1.10421172358874));
#6057=CARTESIAN_POINT('',(46.0421190605244,5.50134520986805,12.6042117235887));
#6058=CARTESIAN_POINT('',(46.0413301442831,5.49891439831075,12.6457882764113));
#6059=CARTESIAN_POINT('',(46.043,5.49999999999979,-1.10421172358874));
#6060=CARTESIAN_POINT('Ctrl Pts',(46.0413301442832,5.49891439831075,12.6457882764113));
#6061=CARTESIAN_POINT('Ctrl Pts',(46.0391720523485,5.83117021386156,12.662881687961));
#6062=CARTESIAN_POINT('Ctrl Pts',(45.7706733085634,6.68085885116058,12.7064316027227));
#6063=CARTESIAN_POINT('Ctrl Pts',(44.3706298865435,7.31904625007197,12.7764380206965));
#6064=CARTESIAN_POINT('Ctrl Pts',(42.9017320718933,6.37815693404626,12.8558075303325));
#6065=CARTESIAN_POINT('Ctrl Pts',(42.8952080198269,4.63375834311859,12.9351770399685));
#6066=CARTESIAN_POINT('Ctrl Pts',(44.3571531739551,3.68196170449887,13.0145465496044));
#6067=CARTESIAN_POINT('Ctrl Pts',(45.7657391374401,4.31149920571171,13.0847502950854));
#6068=CARTESIAN_POINT('Ctrl Pts',(46.0391750334323,5.1650761522038,13.1284975373543));
#6069=CARTESIAN_POINT('Ctrl Pts',(46.0414620046219,5.50111938813446,13.1457882764113));
#6070=CARTESIAN_POINT('Ctrl Pts',(46.0421190605244,5.50134520986805,12.6042117235887));
#6071=CARTESIAN_POINT('Ctrl Pts',(46.0433703462909,5.65131874367999,12.6119373249408));
#6072=CARTESIAN_POINT('Ctrl Pts',(45.9543948596824,6.31373782985329,12.6461354389295));
#6073=CARTESIAN_POINT('Ctrl Pts',(45.0068089362431,7.25219058036933,12.7068060655548));
#6074=CARTESIAN_POINT('Ctrl Pts',(43.3021690972792,6.8755812488927,12.7862236034645));
#6075=CARTESIAN_POINT('Ctrl Pts',(42.6947799707939,5.23892995409759,12.8656411413742));
#6076=CARTESIAN_POINT('Ctrl Pts',(43.740962498292,3.84140080913053,12.9450586792839));
#6077=CARTESIAN_POINT('Ctrl Pts',(45.4825070132301,3.9632161769672,13.0244762171937));
#6078=CARTESIAN_POINT('Ctrl Pts',(46.044572681411,4.98489131878301,13.0775272319619));
#6079=CARTESIAN_POINT('Ctrl Pts',(46.0455212562548,5.49790447955478,13.1041057340936));
#6080=CARTESIAN_POINT('Ctrl Pts',(46.0455205841266,5.49995027181103,13.1042117235887));
#6081=CARTESIAN_POINT('Origin',(44.5,5.5,-1.10421172358874));
#6082=CARTESIAN_POINT('',(46.0407877943518,5.49928986682223,12.1042117235887));
#6083=CARTESIAN_POINT('',(46.0453334340411,5.49949625267545,12.1457882764113));
#6084=CARTESIAN_POINT('',(46.043,5.49999999999979,-1.10421172358874));
#6085=CARTESIAN_POINT('Ctrl Pts',(46.0453334340411,5.49949625267545,12.1457882764113));
#6086=CARTESIAN_POINT('Ctrl Pts',(46.0432748306263,5.98261120492821,12.1708093353557));
#6087=CARTESIAN_POINT('Ctrl Pts',(45.5394495910766,6.98025920084921,12.2222868975121));
#6088=CARTESIAN_POINT('Ctrl Pts',(43.8407782064611,7.20032006189691,12.3002209628806));
#6089=CARTESIAN_POINT('Ctrl Pts',(42.7140085390302,5.86863953773275,12.3795904725166));
#6090=CARTESIAN_POINT('Ctrl Pts',(43.2214220202776,4.19965356663763,12.4589599821526));
#6091=CARTESIAN_POINT('Ctrl Pts',(44.8987372516372,3.72048569583895,12.5383294917885));
#6092=CARTESIAN_POINT('Ctrl Pts',(45.9285449510392,4.62210187945827,12.6006055898748));
#6093=CARTESIAN_POINT('Ctrl Pts',(46.0425122612959,5.31691786430924,12.636425184749));
#6094=CARTESIAN_POINT('Ctrl Pts',(46.0413301442832,5.49891439831075,12.6457882764113));
#6095=CARTESIAN_POINT('Ctrl Pts',(46.0407877943518,5.49928986682223,12.1042117235887));
#6096=CARTESIAN_POINT('Ctrl Pts',(46.0395311291297,5.80195171504573,12.1197689157881));
#6097=CARTESIAN_POINT('Ctrl Pts',(45.8069631541388,6.62141299967219,12.161798620624));
#6098=CARTESIAN_POINT('Ctrl Pts',(44.4750370165744,7.32384082254015,12.2303008380965));
#6099=CARTESIAN_POINT('Ctrl Pts',(42.953744602469,6.46752924219294,12.3097183760062));
#6100=CARTESIAN_POINT('Ctrl Pts',(42.8488460439505,4.724946370688,12.3891359139159));
#6101=CARTESIAN_POINT('Ctrl Pts',(44.2564289155805,3.6923239937377,12.4685534518256));
#6102=CARTESIAN_POINT('Ctrl Pts',(45.7284964073686,4.25493373617719,12.5402453883832));
#6103=CARTESIAN_POINT('Ctrl Pts',(46.0390826958214,5.13742007249088,12.5854648123043));
#6104=CARTESIAN_POINT('Ctrl Pts',(46.0421190605244,5.50134520986805,12.6042117235887));
#6105=CARTESIAN_POINT('Origin',(44.5,5.5,-1.10421172358874));
#6106=CARTESIAN_POINT('',(46.0447184495658,5.49900895906661,11.6042117235887));
#6107=CARTESIAN_POINT('',(46.042811950605,5.50140924444643,11.6457882764113));
#6108=CARTESIAN_POINT('',(46.043,5.49999999999979,-1.10421172358874));
#6109=CARTESIAN_POINT('Ctrl Pts',(46.042811950605,5.50140924444643,11.6457882764113));
#6110=CARTESIAN_POINT('Ctrl Pts',(46.0439552099719,5.62729575267069,11.6522804795384));
#6111=CARTESIAN_POINT('Ctrl Pts',(45.9723108417569,6.26490051022336,11.6852291858775));
#6112=CARTESIAN_POINT('Ctrl Pts',(45.0886242532514,7.22603098556863,11.7446343954287));
#6113=CARTESIAN_POINT('Ctrl Pts',(43.369365453651,6.93084835064364,11.8240039050647));
#6114=CARTESIAN_POINT('Ctrl Pts',(42.6846384103798,5.32643803369401,11.9033734147006));
#6115=CARTESIAN_POINT('Ctrl Pts',(43.660969032552,3.88083709257222,11.9827429243366));
#6116=CARTESIAN_POINT('Ctrl Pts',(45.4050138657596,3.9167718376635,12.0621124339726));
#6117=CARTESIAN_POINT('Ctrl Pts',(46.0322169217634,4.93334826611744,12.1164608846642));
#6118=CARTESIAN_POINT('Ctrl Pts',(46.0454515349767,5.4717802159434,12.1443528321437));
#6119=CARTESIAN_POINT('Ctrl Pts',(46.0453334340411,5.49949625267545,12.1457882764113));
#6120=CARTESIAN_POINT('Ctrl Pts',(46.0447184495658,5.49900895906661,11.6042117235887));
#6121=CARTESIAN_POINT('Ctrl Pts',(46.0413421895814,5.9510824653901,11.6276005066353));
#6122=CARTESIAN_POINT('Ctrl Pts',(45.5931631907236,6.92065875411034,11.6774618023184));
#6123=CARTESIAN_POINT('Ctrl Pts',(43.9454280748271,7.23766175119527,11.7537956106382));
#6124=CARTESIAN_POINT('Ctrl Pts',(42.7391241541182,5.97574640541948,11.8332131485479));
#6125=CARTESIAN_POINT('Ctrl Pts',(43.1458093175486,4.27804011531633,11.9126306864576));
#6126=CARTESIAN_POINT('Ctrl Pts',(44.7929537439368,3.69966767055105,11.9920482243673));
#6127=CARTESIAN_POINT('Ctrl Pts',(45.901654506225,4.5606747788334,12.0559085700777));
#6128=CARTESIAN_POINT('Ctrl Pts',(46.0416695025292,5.28693464133228,12.0932964031515));
#6129=CARTESIAN_POINT('Ctrl Pts',(46.0407877943518,5.49928986682223,12.1042117235887));
#6130=CARTESIAN_POINT('Origin',(44.5,5.5,-1.10421172358874));
#6131=CARTESIAN_POINT('',(46.0438360679636,5.50130831872903,11.1042117235887));
#6132=CARTESIAN_POINT('',(46.0405614719612,5.49962403765255,11.1457882764113));
#6133=CARTESIAN_POINT('',(46.043,5.49999999999979,-1.10421172358874));
#6134=CARTESIAN_POINT('Ctrl Pts',(46.0405614719612,5.49962403765255,11.1457882764113));
#6135=CARTESIAN_POINT('Ctrl Pts',(46.0399493990567,5.78026243659353,11.1602081269331));
#6136=CARTESIAN_POINT('Ctrl Pts',(45.8322968576988,6.57663952498779,11.2010844806669));
#6137=CARTESIAN_POINT('Ctrl Pts',(44.5543256551631,7.32283027100793,11.2684173376128));
#6138=CARTESIAN_POINT('Ctrl Pts',(42.9981919034012,6.53452110411578,11.3477868472487));
#6139=CARTESIAN_POINT('Ctrl Pts',(42.8162140717794,4.79962408567962,11.4271563568847));
#6140=CARTESIAN_POINT('Ctrl Pts',(44.174902058915,3.70557173382181,11.5065258665207));
#6141=CARTESIAN_POINT('Ctrl Pts',(45.6955863284206,4.20861035138436,11.5794031730296));
#6142=CARTESIAN_POINT('Ctrl Pts',(46.0392962914939,5.11429319499373,11.6258239763264));
#6143=CARTESIAN_POINT('Ctrl Pts',(46.042811950605,5.50140924444643,11.6457882764113));
#6144=CARTESIAN_POINT('Ctrl Pts',(46.0438360679636,5.50130831872903,11.1042117235887));
#6145=CARTESIAN_POINT('Ctrl Pts',(46.0446658199595,5.59321457690133,11.108959584846));
#6146=CARTESIAN_POINT('Ctrl Pts',(45.9953422305084,6.19667072211984,11.1401799587398));
#6147=CARTESIAN_POINT('Ctrl Pts',(45.1999007164596,7.18438634755121,11.1978728452701));
#6148=CARTESIAN_POINT('Ctrl Pts',(43.4638105455141,7.00110952137408,11.2772903831799));
#6149=CARTESIAN_POINT('Ctrl Pts',(42.6768856864776,5.44279352542798,11.3567079210896));
#6150=CARTESIAN_POINT('Ctrl Pts',(43.5599612880997,3.93687953100384,11.4361254589993));
#6151=CARTESIAN_POINT('Ctrl Pts',(45.3041266577273,3.86280767802502,11.515542996909));
#6152=CARTESIAN_POINT('Ctrl Pts',(46.0149654522262,4.86857774762339,11.5715717517722));
#6153=CARTESIAN_POINT('Ctrl Pts',(46.0451635976865,5.43940464166682,11.6011279939987));
#6154=CARTESIAN_POINT('Ctrl Pts',(46.0447184495658,5.49900895906661,11.6042117235887));
#6155=CARTESIAN_POINT('Origin',(44.5,5.5,-1.10421172358874));
#6156=CARTESIAN_POINT('',(46.0404958873837,5.50020947871507,10.6042117235887));
#6157=CARTESIAN_POINT('',(46.0441896135142,5.49879310185788,10.6457882764113));
#6158=CARTESIAN_POINT('',(46.043,5.49999999999979,-1.10421172358874));
#6159=CARTESIAN_POINT('Ctrl Pts',(46.0441896135142,5.49879310185788,10.6457882764113));
#6160=CARTESIAN_POINT('Ctrl Pts',(46.0404716290398,5.93112607412769,10.6681357743278));
#6161=CARTESIAN_POINT('Ctrl Pts',(45.6259000822816,6.88153148521138,10.7169397754563));
#6162=CARTESIAN_POINT('Ctrl Pts',(44.0152106772433,7.25802183895997,10.7922002797968));
#6163=CARTESIAN_POINT('Ctrl Pts',(42.7601650196581,6.0464757221521,10.8715697894328));
#6164=CARTESIAN_POINT('Ctrl Pts',(43.0970701202542,4.33490376954011,10.9509392990688));
#6165=CARTESIAN_POINT('Ctrl Pts',(44.7176574728778,3.68939604048339,11.0303088087048));
#6166=CARTESIAN_POINT('Ctrl Pts',(45.8808425527982,4.51687856270017,11.095258467819));
#6167=CARTESIAN_POINT('Ctrl Pts',(46.04107238634,5.26536731394651,11.1337516237211));
#6168=CARTESIAN_POINT('Ctrl Pts',(46.0405614719612,5.49962403765255,11.1457882764113));
#6169=CARTESIAN_POINT('Ctrl Pts',(46.0404958873837,5.50020947871507,10.6042117235887));
#6170=CARTESIAN_POINT('Ctrl Pts',(46.0407924114227,5.74505586968659,10.6167911756932));
#6171=CARTESIAN_POINT('Ctrl Pts',(45.8702473205909,6.50477282514866,10.6558431404342));
#6172=CARTESIAN_POINT('Ctrl Pts',(44.6795053426881,7.31515735204964,10.7213676178119));
#6173=CARTESIAN_POINT('Ctrl Pts',(43.0718624326827,6.63465477990898,10.8007851557215));
#6174=CARTESIAN_POINT('Ctrl Pts',(42.7724152717912,4.91479115897258,10.8802026936313));
#6175=CARTESIAN_POINT('Ctrl Pts',(44.0554620172314,3.73098774378874,10.959620231541));
#6176=CARTESIAN_POINT('Ctrl Pts',(45.6446631807941,4.14152267335615,11.0342899081935));
#6177=CARTESIAN_POINT('Ctrl Pts',(46.0400393957642,5.08077551244077,11.0824870722094));
#6178=CARTESIAN_POINT('Ctrl Pts',(46.0438360679636,5.50130831872903,11.1042117235887));
#6179=CARTESIAN_POINT('Origin',(44.5,5.5,-1.10421172358874));
#6180=CARTESIAN_POINT('',(46.0430664348945,5.49858992600628,10.1042117235887));
#6181=CARTESIAN_POINT('',(46.0443452985149,5.5011524821754,10.1457882764113));
#6182=CARTESIAN_POINT('',(46.043,5.49999999999979,-1.10421172358874));
#6183=CARTESIAN_POINT('Ctrl Pts',(46.0443452985149,5.5011524821754,10.1457882764113));
#6184=CARTESIAN_POINT('Ctrl Pts',(46.0449611019752,5.57500826580631,10.1496069185105));
#6185=CARTESIAN_POINT('Ctrl Pts',(46.0065867749255,6.15991256006951,10.1798820638217));
#6186=CARTESIAN_POINT('Ctrl Pts',(45.2593106976905,7.15804364782488,10.2366137123449));
#6187=CARTESIAN_POINT('Ctrl Pts',(43.5190759466519,7.03735144820005,10.3159832219809));
#6188=CARTESIAN_POINT('Ctrl Pts',(42.6763876917389,5.50998112610897,10.3953527316169));
#6189=CARTESIAN_POINT('Ctrl Pts',(43.5023065343732,3.97347806358203,10.4747222412529));
#6190=CARTESIAN_POINT('Ctrl Pts',(45.2411159022467,3.83374410934075,10.5540917508889));
#6191=CARTESIAN_POINT('Ctrl Pts',(46.0031533572223,4.82870200178617,10.6111137626083));
#6192=CARTESIAN_POINT('Ctrl Pts',(46.0448732344704,5.41930060211151,10.6416792711158));
#6193=CARTESIAN_POINT('Ctrl Pts',(46.0441896135142,5.49879310185788,10.6457882764113));
#6194=CARTESIAN_POINT('Ctrl Pts',(46.0430664348945,5.49858992600628,10.1042117235887));
#6195=CARTESIAN_POINT('Ctrl Pts',(46.0394201231147,5.89420155673264,10.1246227665404));
#6196=CARTESIAN_POINT('Ctrl Pts',(45.6829408635819,6.8087465280561,10.1715063221287));
#6197=CARTESIAN_POINT('Ctrl Pts',(44.1435759957713,7.28884887845889,10.2448623903535));
#6198=CARTESIAN_POINT('Ctrl Pts',(42.8035020096392,6.17000966370312,10.3242799282633));
#6199=CARTESIAN_POINT('Ctrl Pts',(43.0174460048011,4.43743139888576,10.403697466173));
#6200=CARTESIAN_POINT('Ctrl Pts',(44.5894320252817,3.67818214587519,10.4831150040827));
#6201=CARTESIAN_POINT('Ctrl Pts',(45.8434760295805,4.44367417209328,10.549953089888));
#6202=CARTESIAN_POINT('Ctrl Pts',(46.0401683988421,5.22979502007365,10.5903186630566));
#6203=CARTESIAN_POINT('Ctrl Pts',(46.0404958873837,5.50020947871507,10.6042117235887));
#6204=CARTESIAN_POINT('Origin',(44.5,5.5,-1.10421172358874));
#6205=CARTESIAN_POINT('',(46.0452424804796,5.50061452112787,9.60421172358872));
#6206=CARTESIAN_POINT('',(46.040607454505,5.50046455625779,9.64578827641127));
#6207=CARTESIAN_POINT('',(46.043,5.49999999999979,-1.10421172358874));
#6208=CARTESIAN_POINT('Ctrl Pts',(46.040607454505,5.50046455625779,9.64578827641127));
#6209=CARTESIAN_POINT('Ctrl Pts',(46.0412245760348,5.72905321126829,9.65753456590519));
#6210=CARTESIAN_POINT('Ctrl Pts',(45.8863619673579,6.47170356988916,9.69573735861111));
#6211=CARTESIAN_POINT('Ctrl Pts',(44.7374636947073,7.30811295759299,9.760396654529));
#6212=CARTESIAN_POINT('Ctrl Pts',(43.1099075670535,6.68038320116166,9.839766164165));
#6213=CARTESIAN_POINT('Ctrl Pts',(42.754287414691,4.97260162759714,9.91913567380098));
#6214=CARTESIAN_POINT('Ctrl Pts',(43.9959960349673,3.74739009561422,9.99850518343697));
#6215=CARTESIAN_POINT('Ctrl Pts',(45.6169398278407,4.10761137057364,10.0740560509737));
#6216=CARTESIAN_POINT('Ctrl Pts',(46.0406946622823,5.06331700852601,10.1231504152985));
#6217=CARTESIAN_POINT('Ctrl Pts',(46.0443452985149,5.5011524821754,10.1457882764113));
#6218=CARTESIAN_POINT('Ctrl Pts',(46.0452424804796,5.50061452112787,9.60421172358872));
#6219=CARTESIAN_POINT('Ctrl Pts',(46.0454154424706,5.5347979771611,9.60598184475108));
#6220=CARTESIAN_POINT('Ctrl Pts',(46.0288865111878,6.08003150408234,9.63422447855001));
#6221=CARTESIAN_POINT('Ctrl Pts',(45.3841845250156,7.0953796120287,9.68893962498552));
#6222=CARTESIAN_POINT('Ctrl Pts',(43.6384907497788,7.10773760064797,9.76835716289523));
#6223=CARTESIAN_POINT('Ctrl Pts',(42.6819525606386,5.64738347595776,9.84777470080496));
#6224=CARTESIAN_POINT('Ctrl Pts',(43.3907734981616,4.05202384399001,9.92719223871466));
#6225=CARTESIAN_POINT('Ctrl Pts',(45.1156627947272,3.78303241034006,10.0066097766244));
#6226=CARTESIAN_POINT('Ctrl Pts',(45.9782251146957,4.75172665243867,10.0656162715824));
#6227=CARTESIAN_POINT('Ctrl Pts',(46.0441492805073,5.38110509623514,10.0981502539038));
#6228=CARTESIAN_POINT('Ctrl Pts',(46.0430664348945,5.49858992600628,10.1042117235887));
#6229=CARTESIAN_POINT('Origin',(44.5,5.5,-1.10421172358874));
#6230=CARTESIAN_POINT('',(46.0412298300918,5.50103937612614,9.10421172358873));
#6231=CARTESIAN_POINT('',(46.04264412737,5.49859652185725,9.14578827641127));
#6232=CARTESIAN_POINT('',(46.043,5.49999999999979,-1.10421172358874));
#6233=CARTESIAN_POINT('Ctrl Pts',(46.0426441273701,5.49859652185725,9.14578827641127));
#6234=CARTESIAN_POINT('Ctrl Pts',(46.0392258526219,5.88018811970637,9.16546221329988));
#6235=CARTESIAN_POINT('Ctrl Pts',(45.7036140069347,6.78029557820687,9.21159265340049));
#6236=CARTESIAN_POINT('Ctrl Pts',(44.194563735635,7.29787935138331,9.28417959671309));
#6237=CARTESIAN_POINT('Ctrl Pts',(42.8239814160694,6.21876503813058,9.36354910634907));
#6238=CARTESIAN_POINT('Ctrl Pts',(42.9869577877336,4.48197999154249,9.44291861598506));
#6239=CARTESIAN_POINT('Ctrl Pts',(44.5343693065173,3.67668427734272,9.52228812562105));
#6240=CARTESIAN_POINT('Ctrl Pts',(45.8259778676078,4.41199869048965,9.58991134576311));
#6241=CARTESIAN_POINT('Ctrl Pts',(46.039834615593,5.21419645683175,9.63107806269319));
#6242=CARTESIAN_POINT('Ctrl Pts',(46.040607454505,5.50046455625779,9.64578827641127));
#6243=CARTESIAN_POINT('Ctrl Pts',(46.0412298300918,5.50103937612614,9.10421172358873));
#6244=CARTESIAN_POINT('Ctrl Pts',(46.0423848800128,5.68770441983343,9.11381343559832));
#6245=CARTESIAN_POINT('Ctrl Pts',(45.9245329446116,6.38760762157306,9.14988766024448));
#6246=CARTESIAN_POINT('Ctrl Pts',(44.8817139913333,7.28362350555671,9.21243439752721));
#6247=CARTESIAN_POINT('Ctrl Pts',(43.2079585023104,6.78749646562707,9.29185193543693));
#6248=CARTESIAN_POINT('Ctrl Pts',(42.7177326911275,5.112003066406,9.37126947334666));
#6249=CARTESIAN_POINT('Ctrl Pts',(43.8600908624763,3.79192076399609,9.45068701125636));
#6250=CARTESIAN_POINT('Ctrl Pts',(45.5500888127731,4.03101444310892,9.52833442800373));
#6251=CARTESIAN_POINT('Ctrl Pts',(46.0428287616309,5.02357762058645,9.57950933211451));
#6252=CARTESIAN_POINT('Ctrl Pts',(46.0452424804796,5.50061452112787,9.60421172358872));
#6253=CARTESIAN_POINT('Origin',(44.5,5.5,-1.10421172358874));
#6254=CARTESIAN_POINT('',(46.0414686675349,5.4988459436652,8.60421172358873));
#6255=CARTESIAN_POINT('',(46.0454038816364,5.50040569169347,8.64578827641127));
#6256=CARTESIAN_POINT('',(46.043,5.49999999999979,-1.10421172358874));
#6257=CARTESIAN_POINT('Ctrl Pts',(46.0454038816364,5.50040569169347,8.64578827641127));
#6258=CARTESIAN_POINT('Ctrl Pts',(46.0454815610941,5.52251260982811,8.64693335748258));
#6259=CARTESIAN_POINT('Ctrl Pts',(46.0350365766667,6.05531334671178,8.67453494176589));
#6260=CARTESIAN_POINT('Ctrl Pts',(45.4222899852372,7.07322682943397,8.72859302926118));
#6261=CARTESIAN_POINT('Ctrl Pts',(43.6787430160634,7.12825011593893,8.80796253889718));
#6262=CARTESIAN_POINT('Ctrl Pts',(42.686647013797,5.69342290750591,8.88733204853315));
#6263=CARTESIAN_POINT('Ctrl Pts',(43.3537708190684,4.08161354402245,8.96670155816915));
#6264=CARTESIAN_POINT('Ctrl Pts',(45.0696954785861,3.76762921538192,9.04607106780512));
#6265=CARTESIAN_POINT('Ctrl Pts',(45.9682203513372,4.72367937464553,9.10576664055251));
#6266=CARTESIAN_POINT('Ctrl Pts',(46.0438225735205,5.36704327272812,9.13900571008789));
#6267=CARTESIAN_POINT('Ctrl Pts',(46.0426441273701,5.49859652185725,9.14578827641127));
#6268=CARTESIAN_POINT('Ctrl Pts',(46.0414686675349,5.4988459436652,8.60421172358873));
#6269=CARTESIAN_POINT('Ctrl Pts',(46.0391168877251,5.83763147075732,8.62164502644555));
#6270=CARTESIAN_POINT('Ctrl Pts',(45.7621932532837,6.69435891808194,8.66555084193894));
#6271=CARTESIAN_POINT('Ctrl Pts',(44.3462108203053,7.3175167864322,8.73592917006891));
#6272=CARTESIAN_POINT('Ctrl Pts',(42.8892365085866,6.35583839332183,8.81534670797862));
#6273=CARTESIAN_POINT('Ctrl Pts',(42.9077460721752,4.61019900534988,8.89476424588835));
#6274=CARTESIAN_POINT('Ctrl Pts',(44.3847844690927,3.67963087199553,8.97418178379806));
#6275=CARTESIAN_POINT('Ctrl Pts',(45.7760257929965,4.32745399623207,9.04399760969819));
#6276=CARTESIAN_POINT('Ctrl Pts',(46.0392003360898,5.17305737320122,9.08734092296175));
#6277=CARTESIAN_POINT('Ctrl Pts',(46.0412298300918,5.50103937612614,9.10421172358873));
#6278=CARTESIAN_POINT('Origin',(44.5,5.5,-1.10421172358874));
#6279=CARTESIAN_POINT('',(46.0453966006499,5.49957184822974,8.10421172358873));
#6280=CARTESIAN_POINT('',(46.0414553072143,5.5011430444358,8.14578827641127));
#6281=CARTESIAN_POINT('',(46.043,5.49999999999979,-1.10421172358874));
#6282=CARTESIAN_POINT('Ctrl Pts',(46.0414553072143,5.5011430444358,8.14578827641127));
#6283=CARTESIAN_POINT('Ctrl Pts',(46.0426680811732,5.67745953899564,8.15486100487728));
#6284=CARTESIAN_POINT('Ctrl Pts',(45.9333149714809,6.36646459196025,8.19039023655527));
#6285=CARTESIAN_POINT('Ctrl Pts',(44.918191429442,7.27504292963889,8.25237597144526));
#6286=CARTESIAN_POINT('Ctrl Pts',(43.2357329517881,6.8142641684705,8.33174548108126));
#6287=CARTESIAN_POINT('Ctrl Pts',(42.7100800957487,5.15093237032849,8.41111499071723));
#6288=CARTESIAN_POINT('Ctrl Pts',(43.8222057536756,3.80699780467678,8.49048450035323));
#6289=CARTESIAN_POINT('Ctrl Pts',(45.5295214461522,4.00920200427686,8.5687089289179));
#6290=CARTESIAN_POINT('Ctrl Pts',(46.0436868175845,5.0117437522413,8.62047685427059));
#6291=CARTESIAN_POINT('Ctrl Pts',(46.0454038816364,5.50040569169347,8.64578827641127));
#6292=CARTESIAN_POINT('Ctrl Pts',(46.0453966006499,5.49957184822974,8.10421172358873));
#6293=CARTESIAN_POINT('Ctrl Pts',(46.043599219545,5.98734189446162,8.12947661729278));
#6294=CARTESIAN_POINT('Ctrl Pts',(45.5309808354217,6.98944953853733,8.1812140236334));
#6295=CARTESIAN_POINT('Ctrl Pts',(43.824016205725,7.19412640928341,8.25942394261061));
#6296=CARTESIAN_POINT('Ctrl Pts',(42.7099062255928,5.85011806520462,8.33884148052031));
#6297=CARTESIAN_POINT('Ctrl Pts',(43.2355493895477,4.18539624430754,8.41825901843005));
#6298=CARTESIAN_POINT('Ctrl Pts',(44.9194485586766,3.7248714729975,8.49767655633975));
#6299=CARTESIAN_POINT('Ctrl Pts',(45.9338282898831,4.63454289066722,8.55966079139266));
#6300=CARTESIAN_POINT('Ctrl Pts',(46.0426880710656,5.32318482684295,8.59517251380898));
#6301=CARTESIAN_POINT('Ctrl Pts',(46.0414686675349,5.4988459436652,8.60421172358873));
#6302=CARTESIAN_POINT('Origin',(44.5,5.5,-1.10421172358874));
#6303=CARTESIAN_POINT('',(46.0427372795708,5.50141199393161,7.60421172358873));
#6304=CARTESIAN_POINT('',(46.0412911723707,5.49893385805946,7.64578827641127));
#6305=CARTESIAN_POINT('',(46.043,5.49999999999979,-1.10421172358874));
#6306=CARTESIAN_POINT('Ctrl Pts',(46.0412911723707,5.49893385805946,7.64578827641127));
#6307=CARTESIAN_POINT('Ctrl Pts',(46.0391860789076,5.82940218184429,7.66278865227197));
#6308=CARTESIAN_POINT('Ctrl Pts',(45.7729474398808,6.67724979583124,7.70624553134465));
#6309=CARTESIAN_POINT('Ctrl Pts',(44.3770170342778,7.31948802245628,7.77615891362935));
#6310=CARTESIAN_POINT('Ctrl Pts',(42.9048097422373,6.38375874267735,7.85552842326533));
#6311=CARTESIAN_POINT('Ctrl Pts',(42.8922031416284,4.63938932383454,7.93489793290132));
#6312=CARTESIAN_POINT('Ctrl Pts',(44.3507322846968,3.68247953989842,8.0142674425373));
#6313=CARTESIAN_POINT('Ctrl Pts',(45.7635046024461,4.30788585733399,8.08456422370729));
#6314=CARTESIAN_POINT('Ctrl Pts',(46.0391315752303,5.16331234257838,8.12840450166528));
#6315=CARTESIAN_POINT('Ctrl Pts',(46.0414553072143,5.5011430444358,8.14578827641127));
#6316=CARTESIAN_POINT('Ctrl Pts',(46.0427372795708,5.50141199393161,7.60421172358873));
#6317=CARTESIAN_POINT('Ctrl Pts',(46.0438997769423,5.6298693439355,7.61083569550344));
#6318=CARTESIAN_POINT('Ctrl Pts',(45.9704428557029,6.27039173719912,7.64393218005473));
#6319=CARTESIAN_POINT('Ctrl Pts',(45.0791173702758,7.22963621961346,7.70350117724258));
#6320=CARTESIAN_POINT('Ctrl Pts',(43.360319649992,6.92413028917985,7.78291871515231));
#6321=CARTESIAN_POINT('Ctrl Pts',(42.685486477207,5.31409933739897,7.86233625306201));
#6322=CARTESIAN_POINT('Ctrl Pts',(43.6727753097196,3.87435622212478,7.94175379097175));
#6323=CARTESIAN_POINT('Ctrl Pts',(45.4178145495832,3.92372755104728,8.02117132888144));
#6324=CARTESIAN_POINT('Ctrl Pts',(46.0344368251081,4.94194125427915,8.07532397308712));
#6325=CARTESIAN_POINT('Ctrl Pts',(46.0454825124086,5.47625726992811,8.10300410465621));
#6326=CARTESIAN_POINT('Ctrl Pts',(46.0453966006499,5.49957184822974,8.10421172358873));
#6327=CARTESIAN_POINT('Origin',(44.5,5.5,-1.10421172358874));
#6328=CARTESIAN_POINT('',(46.0405588322907,5.49961451056111,7.10421172358873));
#6329=CARTESIAN_POINT('',(46.0453080406601,5.49946546019238,7.14578827641127));
#6330=CARTESIAN_POINT('',(46.043,5.49999999999979,-1.10421172358874));
#6331=CARTESIAN_POINT('Ctrl Pts',(46.0453080406601,5.49946546019237,7.14578827641127));
#6332=CARTESIAN_POINT('Ctrl Pts',(46.0431475223431,5.98080512124325,7.17071629966666));
#6333=CARTESIAN_POINT('Ctrl Pts',(45.542608036637,6.97687419787709,7.22210082613404));
#6334=CARTESIAN_POINT('Ctrl Pts',(43.8467460110175,7.20262171359296,7.29994185581343));
#6335=CARTESIAN_POINT('Ctrl Pts',(42.7153122377481,5.87490140702308,7.37931136544941));
#6336=CARTESIAN_POINT('Ctrl Pts',(43.2168695632493,4.20414593568418,7.45868087508541));
#6337=CARTESIAN_POINT('Ctrl Pts',(44.8924925298641,3.71909823748737,7.53805038472137));
#6338=CARTESIAN_POINT('Ctrl Pts',(45.9270013761725,4.6184382622892,7.60041951849668));
#6339=CARTESIAN_POINT('Ctrl Pts',(46.0424620895337,5.31511730124412,7.63633214905998));
#6340=CARTESIAN_POINT('Ctrl Pts',(46.0412911723707,5.49893385805946,7.64578827641127));
#6341=CARTESIAN_POINT('Ctrl Pts',(46.0405588322907,5.49961451056111,7.10421172358873));
#6342=CARTESIAN_POINT('Ctrl Pts',(46.0399303406199,5.78094882738113,7.11866728635068));
#6343=CARTESIAN_POINT('Ctrl Pts',(45.8314635092576,6.57835866010227,7.15959536174919));
#6344=CARTESIAN_POINT('Ctrl Pts',(44.5507816453592,7.32330458378423,7.22699594978428));
#6345=CARTESIAN_POINT('Ctrl Pts',(42.995248370111,6.5308932597997,7.306413487694));
#6346=CARTESIAN_POINT('Ctrl Pts',(42.8180904914241,4.79416801877782,7.38583102560371));
#6347=CARTESIAN_POINT('Ctrl Pts',(44.1815873226674,3.70399561591074,7.46524856351343));
#6348=CARTESIAN_POINT('Ctrl Pts',(45.6987025803259,4.21270014840828,7.53804212950843));
#6349=CARTESIAN_POINT('Ctrl Pts',(46.0392538897385,5.11649325100769,7.58436318286687));
#6350=CARTESIAN_POINT('Ctrl Pts',(46.0427372795708,5.50141199393161,7.60421172358873));
#6351=CARTESIAN_POINT('Origin',(44.5,5.5,-1.10421172358874));
#6352=CARTESIAN_POINT('',(46.0441525086716,5.49877637064671,6.60421172358873));
#6353=CARTESIAN_POINT('',(46.0428661307021,5.50140970740155,6.64578827641127));
#6354=CARTESIAN_POINT('',(46.043,5.49999999999979,-1.10421172358874));
#6355=CARTESIAN_POINT('Ctrl Pts',(46.0428661307021,5.50140970740155,6.64578827641127));
#6356=CARTESIAN_POINT('Ctrl Pts',(46.0439968796439,5.6254810931513,6.65218744384936));
#6357=CARTESIAN_POINT('Ctrl Pts',(45.973605892849,6.2612419781772,6.68504311449944));
#6358=CARTESIAN_POINT('Ctrl Pts',(45.0946744360504,7.22395585466326,6.74435528836153));
#6359=CARTESIAN_POINT('Ctrl Pts',(43.3743909043864,6.93480508696885,6.8237247979975));
#6360=CARTESIAN_POINT('Ctrl Pts',(42.6840408281482,5.33280622054893,6.90309430763349));
#6361=CARTESIAN_POINT('Ctrl Pts',(43.6552952219398,3.88378983060932,6.98246381726948));
#6362=CARTESIAN_POINT('Ctrl Pts',(45.3994553378621,3.91360737239767,7.06183332690546));
#6363=CARTESIAN_POINT('Ctrl Pts',(46.0312998318441,4.929714156343,7.11627481328606));
#6364=CARTESIAN_POINT('Ctrl Pts',(46.0454405144191,5.46995176724134,7.14425979645467));
#6365=CARTESIAN_POINT('Ctrl Pts',(46.0453080406601,5.49946546019237,7.14578827641127));
#6366=CARTESIAN_POINT('Ctrl Pts',(46.0441525086716,5.49877637064671,6.60421172358873));
#6367=CARTESIAN_POINT('Ctrl Pts',(46.0404114622175,5.92996880929591,6.62649887719791));
#6368=CARTESIAN_POINT('Ctrl Pts',(45.6276350027884,6.87960551455802,6.67525854344364));
#6369=CARTESIAN_POINT('Ctrl Pts',(44.01805139545,7.25918842746486,6.75049072232598));
#6370=CARTESIAN_POINT('Ctrl Pts',(42.7603947820466,6.04844513529006,6.82990826023568));
#6371=CARTESIAN_POINT('Ctrl Pts',(43.0962430265404,4.33531775139424,6.90932579814542));
#6372=CARTESIAN_POINT('Ctrl Pts',(44.7179540250826,3.68905703466281,6.98874333605512));
#6373=CARTESIAN_POINT('Ctrl Pts',(45.8811724445892,4.51733611956769,7.0537053112029));
#6374=CARTESIAN_POINT('Ctrl Pts',(46.0410812991796,5.26574050379196,7.0921947737141));
#6375=CARTESIAN_POINT('Ctrl Pts',(46.0405588322907,5.49961451056111,7.10421172358873));
#6376=CARTESIAN_POINT('Origin',(44.5,5.5,-1.10421172358874));
#6377=CARTESIAN_POINT('',(46.0444403565075,5.50112039620938,6.10421172358873));
#6378=CARTESIAN_POINT('',(46.0405488115727,5.49965277610931,6.14578827641127));
#6379=CARTESIAN_POINT('',(46.043,5.49999999999979,-1.10421172358874));
#6380=CARTESIAN_POINT('Ctrl Pts',(46.0405488115727,5.49965277610931,6.14578827641127));
#6381=CARTESIAN_POINT('Ctrl Pts',(46.0399874325347,5.77848623873648,6.16011509124405));
#6382=CARTESIAN_POINT('Ctrl Pts',(45.8343026393086,6.57299728345495,6.20089840928883));
#6383=CARTESIAN_POINT('Ctrl Pts',(44.5607186350541,7.32262851976943,6.2681382305456));
#6384=CARTESIAN_POINT('Ctrl Pts',(43.0018295742007,6.5397821161089,6.34750774018158));
#6385=CARTESIAN_POINT('Ctrl Pts',(42.8137679608805,4.80553402965523,6.42687724981758));
#6386=CARTESIAN_POINT('Ctrl Pts',(44.1686103605682,3.70672300505556,6.50624675945356));
#6387=CARTESIAN_POINT('Ctrl Pts',(45.6929931683419,4.20506031786562,6.57921710165146));
#6388=CARTESIAN_POINT('Ctrl Pts',(46.0393219491468,5.11252451757121,6.62573094063736));
#6389=CARTESIAN_POINT('Ctrl Pts',(46.0428661307021,5.50140970740155,6.64578827641127));
#6390=CARTESIAN_POINT('Ctrl Pts',(46.0444403565075,5.50112039620938,6.10421172358873));
#6391=CARTESIAN_POINT('Ctrl Pts',(46.0450166617857,5.5716303071193,6.10785795540856));
#6392=CARTESIAN_POINT('Ctrl Pts',(46.0085849922171,6.15346012305453,6.13797669986497));
#6393=CARTESIAN_POINT('Ctrl Pts',(45.2692304344364,7.15387512209677,6.19456795695795));
#6394=CARTESIAN_POINT('Ctrl Pts',(43.5270278522238,7.04283621308474,6.27398549486767));
#6395=CARTESIAN_POINT('Ctrl Pts',(42.6760825668268,5.51853584962471,6.35340303277738));
#6396=CARTESIAN_POINT('Ctrl Pts',(43.4958734117712,3.97725636577729,6.43282057068711));
#6397=CARTESIAN_POINT('Ctrl Pts',(45.2354594951825,3.83083322831427,6.51223810859681));
#6398=CARTESIAN_POINT('Ctrl Pts',(46.0022288380955,4.82540106393201,6.56936849289737));
#6399=CARTESIAN_POINT('Ctrl Pts',(46.0448550489252,5.41780168911976,6.60002636456134));
#6400=CARTESIAN_POINT('Ctrl Pts',(46.0441525086716,5.49877637064671,6.60421172358873));
#6401=CARTESIAN_POINT('Origin',(44.5,5.5,-1.10421172358874));
#6402=CARTESIAN_POINT('',(46.0406537778212,5.50054853221616,5.60421172358873));
#6403=CARTESIAN_POINT('',(46.04413871296,5.49877697233689,5.64578827641127));
#6404=CARTESIAN_POINT('',(46.043,5.49999999999979,-1.10421172358874));
#6405=CARTESIAN_POINT('Ctrl Pts',(46.04413871296,5.49877697233689,5.64578827641127));
#6406=CARTESIAN_POINT('Ctrl Pts',(46.0404040810266,5.92934694328721,5.66804273863874));
#6407=CARTESIAN_POINT('Ctrl Pts',(45.6287492185549,6.87804644697074,5.71675370407821));
#6408=CARTESIAN_POINT('Ctrl Pts',(44.0213796669207,7.25971135430866,5.79192117272968));
#6409=CARTESIAN_POINT('Ctrl Pts',(42.7620924057348,6.05257458095288,5.87129068236567));
#6410=CARTESIAN_POINT('Ctrl Pts',(43.092992342527,4.33983150985209,5.95066019200165));
#6411=CARTESIAN_POINT('Ctrl Pts',(44.7113057020775,3.68864377496052,6.03002970163764));
#6412=CARTESIAN_POINT('Ctrl Pts',(45.8790562285348,4.51322096142989,6.09507239644084));
#6413=CARTESIAN_POINT('Ctrl Pts',(46.0410240988486,5.26358055413671,6.13365858803205));
#6414=CARTESIAN_POINT('Ctrl Pts',(46.0405488115727,5.49965277610931,6.14578827641127));
#6415=CARTESIAN_POINT('Ctrl Pts',(46.0406537778212,5.50054853221616,5.60421172358873));
#6416=CARTESIAN_POINT('Ctrl Pts',(46.0413663530086,5.7238956701308,5.6156895462558));
#6417=CARTESIAN_POINT('Ctrl Pts',(45.8913460784824,6.46145981648665,5.65363988155944));
#6418=CARTESIAN_POINT('Ctrl Pts',(44.7547131972731,7.30613940987092,5.71806272949964));
#6419=CARTESIAN_POINT('Ctrl Pts',(43.120203046363,6.69297055600204,5.79748026740937));
#6420=CARTESIAN_POINT('Ctrl Pts',(42.7496079066522,4.98702251482192,5.87689780531908));
#6421=CARTESIAN_POINT('Ctrl Pts',(43.9823985668852,3.75096965801291,5.95631534322881));
#6422=CARTESIAN_POINT('Ctrl Pts',(45.610951543489,4.10024743232585,6.03208664931868));
#6423=CARTESIAN_POINT('Ctrl Pts',(46.0408325480178,5.059711537333,6.08138544277199));
#6424=CARTESIAN_POINT('Ctrl Pts',(46.0444403565075,5.50112039620938,6.10421172358873));
#6425=CARTESIAN_POINT('Origin',(44.5,5.5,-1.10421172358874));
#6426=CARTESIAN_POINT('',(46.0424290182889,5.4986091864764,5.10421172358873));
#6427=CARTESIAN_POINT('',(46.044394063959,5.5011337625691,5.14578827641127));
#6428=CARTESIAN_POINT('',(46.043,5.49999999999979,-1.10421172358874));
#6429=CARTESIAN_POINT('Ctrl Pts',(46.044394063959,5.5011337625691,5.14578827641127));
#6430=CARTESIAN_POINT('Ctrl Pts',(46.044988035436,5.57318422830657,5.14951388282144));
#6431=CARTESIAN_POINT('Ctrl Pts',(46.0076723276138,6.15626551438977,5.17969599244361));
#6432=CARTESIAN_POINT('Ctrl Pts',(45.2651213760954,7.15537027687516,5.23633460527777));
#6433=CARTESIAN_POINT('Ctrl Pts',(43.5244740184074,7.04078244179952,5.31570411491377));
#6434=CARTESIAN_POINT('Ctrl Pts',(42.6764339157559,5.51637712166078,5.39507362454974));
#6435=CARTESIAN_POINT('Ctrl Pts',(43.4969586156292,3.97698671871865,5.47444313418574));
#6436=CARTESIAN_POINT('Ctrl Pts',(45.2352671917756,3.83115500108061,5.55381264382171));
#6437=CARTESIAN_POINT('Ctrl Pts',(46.0020386380868,4.82505301504403,5.61092769123023));
#6438=CARTESIAN_POINT('Ctrl Pts',(46.044843878346,5.41747765150211,5.64158623542675));
#6439=CARTESIAN_POINT('Ctrl Pts',(46.04413871296,5.49877697233689,5.64578827641127));
#6440=CARTESIAN_POINT('Ctrl Pts',(46.0424290182889,5.4986091864764,5.10421172358873));
#6441=CARTESIAN_POINT('Ctrl Pts',(46.0391457461437,5.87326322485909,5.12352113710303));
#6442=CARTESIAN_POINT('Ctrl Pts',(45.7134598361357,6.76666765014114,5.16930306325389));
#6443=CARTESIAN_POINT('Ctrl Pts',(44.2181536748812,7.30210461121739,5.24155750204136));
#6444=CARTESIAN_POINT('Ctrl Pts',(42.832782646458,6.23986801309579,5.32097503995105));
#6445=CARTESIAN_POINT('Ctrl Pts',(42.974608090327,4.49990105356616,5.40039257786078));
#6446=CARTESIAN_POINT('Ctrl Pts',(44.5137157412019,3.67603995131548,5.47981011577051));
#6447=CARTESIAN_POINT('Ctrl Pts',(45.8196357606492,4.40055372868488,5.54774983101313));
#6448=CARTESIAN_POINT('Ctrl Pts',(46.0397228657202,5.20876661627712,5.58921703361922));
#6449=CARTESIAN_POINT('Ctrl Pts',(46.0406537778212,5.50054853221616,5.60421172358873));
#6450=CARTESIAN_POINT('Origin',(44.5,5.5,-1.10421172358874));
#6451=CARTESIAN_POINT('',(46.0454952557168,5.50024012550596,4.60421172358873));
#6452=CARTESIAN_POINT('',(46.0406242436176,5.50049254737872,4.64578827641127));
#6453=CARTESIAN_POINT('',(46.043,5.49999999999979,-1.10421172358874));
#6454=CARTESIAN_POINT('Ctrl Pts',(46.0406242436176,5.50049254737872,4.64578827641127));
#6455=CARTESIAN_POINT('Ctrl Pts',(46.0412737688863,5.72726450970261,4.65744153021613));
#6456=CARTESIAN_POINT('Ctrl Pts',(45.8881126773074,6.46804439547739,4.695551287233));
#6457=CARTESIAN_POINT('Ctrl Pts',(44.7438039293262,7.30726896663579,4.76011754746186));
#6458=CARTESIAN_POINT('Ctrl Pts',(43.114056140918,6.68525148942854,4.83948705709784));
#6459=CARTESIAN_POINT('Ctrl Pts',(42.7524483785394,4.97872770642392,4.91885656673383));
#6460=CARTESIAN_POINT('Ctrl Pts',(43.9898521087295,3.74916859670842,4.99822607636982));
#6461=CARTESIAN_POINT('Ctrl Pts',(45.6140469798073,4.10413901363543,5.07386997959562));
#6462=CARTESIAN_POINT('Ctrl Pts',(46.0407700889974,5.06153507153998,5.12305737960945));
#6463=CARTESIAN_POINT('Ctrl Pts',(46.044394063959,5.5011337625691,5.14578827641127));
#6464=CARTESIAN_POINT('Ctrl Pts',(46.0454952557168,5.50024012550596,4.60421172358873));
#6465=CARTESIAN_POINT('Ctrl Pts',(46.04552319732,5.51314397990198,4.60488021531369));
#6466=CARTESIAN_POINT('Ctrl Pts',(46.0395298366465,6.03701848555946,4.63202121967522));
#6467=CARTESIAN_POINT('Ctrl Pts',(45.4496599140687,7.05729394411106,4.68563473667332));
#6468=CARTESIAN_POINT('Ctrl Pts',(43.7059844752342,7.14211988818871,4.76505227458305));
#6469=CARTESIAN_POINT('Ctrl Pts',(42.689639342668,5.72273902024226,4.84446981249275));
#6470=CARTESIAN_POINT('Ctrl Pts',(43.331612127427,4.09932581947905,4.92388735040248));
#6471=CARTESIAN_POINT('Ctrl Pts',(45.0438459873069,3.75895148750987,5.00330488831219));
#6472=CARTESIAN_POINT('Ctrl Pts',(45.9627239980644,4.7083991190493,5.06341301270762));
#6473=CARTESIAN_POINT('Ctrl Pts',(46.0436469943711,5.35962598993823,5.09704862446646));
#6474=CARTESIAN_POINT('Ctrl Pts',(46.0424290182889,5.4986091864764,5.10421172358873));
#6475=CARTESIAN_POINT('Origin',(44.5,5.5,-1.10421172358874));
#6476=CARTESIAN_POINT('',(46.0417215280715,5.5012463290423,4.10421172358872));
#6477=CARTESIAN_POINT('',(46.0425908402189,5.49859974374487,4.14578827641127));
#6478=CARTESIAN_POINT('',(46.043,5.49999999999979,-1.10421172358874));
#6479=CARTESIAN_POINT('Ctrl Pts',(46.0425908402188,5.49859974374487,4.14578827641127));
#6480=CARTESIAN_POINT('Ctrl Pts',(46.0392063173271,5.87842024640249,4.16536917761083));
#6481=CARTESIAN_POINT('Ctrl Pts',(45.7061652237491,6.77673637500541,4.21140658202238));
#6482=CARTESIAN_POINT('Ctrl Pts',(44.2008714166213,7.29893956661295,4.28390048964593));
#6483=CARTESIAN_POINT('Ctrl Pts',(42.8265126895307,6.22463901041702,4.36326999928193));
#6484=CARTESIAN_POINT('Ctrl Pts',(42.9833965359052,4.48729303033143,4.44263950891791));
#6485=CARTESIAN_POINT('Ctrl Pts',(44.5279740784064,3.67657494679462,4.5220090185539));
#6486=CARTESIAN_POINT('Ctrl Pts',(45.8239342301243,4.40836010973377,4.58972527438502));
#6487=CARTESIAN_POINT('Ctrl Pts',(46.0397991449189,5.21242176705961,4.63098502700414));
#6488=CARTESIAN_POINT('Ctrl Pts',(46.0406242436176,5.50049254737872,4.64578827641127));
#6489=CARTESIAN_POINT('Ctrl Pts',(46.0417215280715,5.5012463290423,4.10421172358872));
#6490=CARTESIAN_POINT('Ctrl Pts',(46.0429735670108,5.66636221260926,4.11271180616092));
#6491=CARTESIAN_POINT('Ctrl Pts',(45.9424607618226,6.34422818124755,4.14768440136968));
#6492=CARTESIAN_POINT('Ctrl Pts',(44.9554382499822,7.26623735132262,4.20912950921502));
#6493=CARTESIAN_POINT('Ctrl Pts',(43.262527524737,6.84002994508348,4.28854704712474));
#6494=CARTESIAN_POINT('Ctrl Pts',(42.7031604222026,5.18633471276719,4.36796458503445));
#6495=CARTESIAN_POINT('Ctrl Pts',(43.7897257223374,3.81996165780513,4.44738212294417));
#6496=CARTESIAN_POINT('Ctrl Pts',(45.5122904153967,3.99107671952856,4.52613116912893));
#6497=CARTESIAN_POINT('Ctrl Pts',(46.0444166997878,5.00214670678023,4.57840770267712));
#6498=CARTESIAN_POINT('Ctrl Pts',(46.0454952557168,5.50024012550596,4.60421172358873));
#6499=CARTESIAN_POINT('Origin',(44.5,5.5,-1.10421172358874));
#6500=CARTESIAN_POINT('',(46.0410276752256,5.49908631731237,3.60421172358872));
#6501=CARTESIAN_POINT('',(46.0454235070419,5.50037370896256,3.64578827641127));
#6502=CARTESIAN_POINT('',(46.043,5.49999999999979,-1.10421172358874));
#6503=CARTESIAN_POINT('Ctrl Pts',(46.0454235070419,5.50037370896256,3.64578827641127));
#6504=CARTESIAN_POINT('Ctrl Pts',(46.0454897635226,5.52068379176915,3.64684032179353));
#6505=CARTESIAN_POINT('Ctrl Pts',(46.0359264108876,6.05168156130553,3.67434887038778));
#6506=CARTESIAN_POINT('Ctrl Pts',(45.4278021784427,7.0699823538488,3.72831392219403));
#6507=CARTESIAN_POINT('Ctrl Pts',(43.6844589196967,7.13112054124073,3.80768343183002));
#6508=CARTESIAN_POINT('Ctrl Pts',(42.6873365702803,5.69978179165443,3.887052941466));
#6509=CARTESIAN_POINT('Ctrl Pts',(43.3488030835256,4.08564250162151,3.96642245110199));
#6510=CARTESIAN_POINT('Ctrl Pts',(45.0636159340388,3.76564174617315,4.04579196073797));
#6511=CARTESIAN_POINT('Ctrl Pts',(45.9668940585592,4.72001966437486,4.1055805691744));
#6512=CARTESIAN_POINT('Ctrl Pts',(46.0437792754277,5.36523026366725,4.13891267439883));
#6513=CARTESIAN_POINT('Ctrl Pts',(46.0425908402188,5.49859974374487,4.14578827641127));
#6514=CARTESIAN_POINT('Ctrl Pts',(46.0410276752256,5.49908631731237,3.60421172358872));
#6515=CARTESIAN_POINT('Ctrl Pts',(46.039314533869,5.81669173689014,3.62054339700815));
#6516=CARTESIAN_POINT('Ctrl Pts',(45.7889526874383,6.65159076235843,3.66334758306415));
#6517=CARTESIAN_POINT('Ctrl Pts',(44.421804023384,7.32233470306501,3.73262428175672));
#6518=CARTESIAN_POINT('Ctrl Pts',(42.9261585522253,6.42197694006973,3.81204181966643));
#6519=CARTESIAN_POINT('Ctrl Pts',(42.8721758024163,4.67707426670757,3.89145935757615));
#6520=CARTESIAN_POINT('Ctrl Pts',(44.3093047944448,3.68598409066176,3.97087689548587));
#6521=CARTESIAN_POINT('Ctrl Pts',(45.7486011351035,4.28478814996539,4.04179435082339));
#6522=CARTESIAN_POINT('Ctrl Pts',(46.0390742382267,5.15212811228127,4.08623929352434));
#6523=CARTESIAN_POINT('Ctrl Pts',(46.0417215280715,5.5012463290423,4.10421172358872));
#6524=CARTESIAN_POINT('Origin',(44.5,5.5,-1.10421172358874));
#6525=CARTESIAN_POINT('',(46.0450522081227,5.49921965843984,3.10421172358872));
#6526=CARTESIAN_POINT('',(46.0414969741691,5.50116042172197,3.14578827641127));
#6527=CARTESIAN_POINT('',(46.043,5.49999999999979,-1.10421172358874));
#6528=CARTESIAN_POINT('Ctrl Pts',(46.0414969741691,5.50116042172197,3.14578827641127));
#6529=CARTESIAN_POINT('Ctrl Pts',(46.0427177248815,5.67565701859137,3.15476796918822));
#6530=CARTESIAN_POINT('Ctrl Pts',(45.9348263271084,6.36280115691167,3.19020416517717));
#6531=CARTESIAN_POINT('Ctrl Pts',(44.9244145640927,7.27356526564593,3.2520968643781));
#6532=CARTESIAN_POINT('Ctrl Pts',(43.2403503198949,6.81869031888874,3.3314663740141));
#6533=CARTESIAN_POINT('Ctrl Pts',(42.7088668008463,5.15721240307028,3.41083588365008));
#6534=CARTESIAN_POINT('Ctrl Pts',(43.8162719618209,3.80938548346246,3.49020539328607));
#6535=CARTESIAN_POINT('Ctrl Pts',(45.5263177702345,4.0058336427177,3.56852285753979));
#6536=CARTESIAN_POINT('Ctrl Pts',(46.0438235665863,5.00993227850728,3.62038381858153));
#6537=CARTESIAN_POINT('Ctrl Pts',(46.0454235070419,5.50037370896256,3.64578827641127));
#6538=CARTESIAN_POINT('Ctrl Pts',(46.0450522081227,5.49921965843984,3.10421172358872));
#6539=CARTESIAN_POINT('Ctrl Pts',(46.0421668907224,5.96599745098885,3.12837498785538));
#6540=CARTESIAN_POINT('Ctrl Pts',(45.5680284876821,6.94923919703996,3.17901076475861));
#6541=CARTESIAN_POINT('Ctrl Pts',(43.8949366939813,7.2207314655296,3.25611905429841));
#6542=CARTESIAN_POINT('Ctrl Pts',(42.7259861430158,5.92413820387006,3.33553659220813));
#6543=CARTESIAN_POINT('Ctrl Pts',(43.182059287028,4.23902789172602,3.41495413011784));
#6544=CARTESIAN_POINT('Ctrl Pts',(44.8453861842866,3.70898722381499,3.49437166802756));
#6545=CARTESIAN_POINT('Ctrl Pts',(45.9153434587151,4.59116362536899,3.55745753251786));
#6546=CARTESIAN_POINT('Ctrl Pts',(46.0420914174772,5.3018753266369,3.59407088437158));
#6547=CARTESIAN_POINT('Ctrl Pts',(46.0410276752256,5.49908631731237,3.60421172358872));
#6548=CARTESIAN_POINT('Origin',(44.5,5.5,-1.10421172358874));
#6549=CARTESIAN_POINT('',(46.0433844847783,5.50138480394658,2.60421172358873));
#6550=CARTESIAN_POINT('',(46.0412532549135,5.49895375534401,2.64578827641127));
#6551=CARTESIAN_POINT('',(46.043,5.49999999999979,-1.10421172358874));
#6552=CARTESIAN_POINT('Ctrl Pts',(46.0412532549135,5.49895375534401,2.64578827641127));
#6553=CARTESIAN_POINT('Ctrl Pts',(46.0392019515364,5.82763388139262,2.66269561658291));
#6554=CARTESIAN_POINT('Ctrl Pts',(45.7752140493943,6.67363902976316,2.70605945996655));
#6555=CARTESIAN_POINT('Ctrl Pts',(44.3833993823267,7.31990817616671,2.77587980656219));
#6556=CARTESIAN_POINT('Ctrl Pts',(42.9079192101434,6.389348206435,2.85524931619818));
#6557=CARTESIAN_POINT('Ctrl Pts',(42.8891945631278,4.64503373267558,2.93461882583417));
#6558=CARTESIAN_POINT('Ctrl Pts',(44.3443585121458,3.68301425405197,3.01398833547015));
#6559=CARTESIAN_POINT('Ctrl Pts',(45.7611883161153,4.30428277332458,3.08437815232918));
#6560=CARTESIAN_POINT('Ctrl Pts',(46.0391210767615,5.16154480003008,3.12831146597623));
#6561=CARTESIAN_POINT('Ctrl Pts',(46.0414969741691,5.50116042172197,3.14578827641127));
#6562=CARTESIAN_POINT('Ctrl Pts',(46.0433844847782,5.50138480394658,2.60421172358873));
#6563=CARTESIAN_POINT('Ctrl Pts',(46.0443731691144,5.60836360480323,2.60973406606604));
#6564=CARTESIAN_POINT('Ctrl Pts',(45.9854276192371,6.22708556034181,2.64172892117993));
#6565=CARTESIAN_POINT('Ctrl Pts',(45.1504299429679,7.20410072180254,2.70019628893039));
#6566=CARTESIAN_POINT('Ctrl Pts',(43.4204301300014,6.97022014560561,2.77961382684011));
#6567=CARTESIAN_POINT('Ctrl Pts',(42.6793327499142,5.3895955380505,2.85903136474982));
#6568=CARTESIAN_POINT('Ctrl Pts',(43.605994282989,3.910103098089,2.93844890265954));
#6569=CARTESIAN_POINT('Ctrl Pts',(45.3515786603637,3.88698041984389,3.01786644056926));
#6570=CARTESIAN_POINT('Ctrl Pts',(46.0233371158167,4.89888980724873,3.07312071421232));
#6571=CARTESIAN_POINT('Ctrl Pts',(46.0453279537517,5.45461037698426,3.10190247521881));
#6572=CARTESIAN_POINT('Ctrl Pts',(46.0450522081227,5.49921965843984,3.10421172358872));
#6573=CARTESIAN_POINT('Origin',(44.5,5.5,-1.10421172358874));
#6574=CARTESIAN_POINT('',(46.0404708662721,5.49996233869887,2.10421172358872));
#6575=CARTESIAN_POINT('',(46.0452813216302,5.49943500195203,2.14578827641127));
#6576=CARTESIAN_POINT('',(46.043,5.49999999999979,-1.10421172358874));
#6577=CARTESIAN_POINT('Ctrl Pts',(46.0452813216302,5.49943500195203,2.14578827641127));
#6578=CARTESIAN_POINT('Ctrl Pts',(46.0430224770338,5.97900028343866,2.17062326397761));
#6579=CARTESIAN_POINT('Ctrl Pts',(45.545755609382,6.97348523780594,2.22191475475594));
#6580=CARTESIAN_POINT('Ctrl Pts',(43.852721728943,7.20490243520256,2.29966274874627));
#6581=CARTESIAN_POINT('Ctrl Pts',(42.7166381275595,5.8811586357966,2.37903225838226));
#6582=CARTESIAN_POINT('Ctrl Pts',(43.2123324344343,4.20865430100777,2.45840176801825));
#6583=CARTESIAN_POINT('Ctrl Pts',(44.8862438598554,3.71773258054605,2.53777127765423));
#6584=CARTESIAN_POINT('Ctrl Pts',(45.9254485152838,4.6147748030419,2.60023344711857));
#6585=CARTESIAN_POINT('Ctrl Pts',(46.042411818602,5.31331721642676,2.63623911337092));
#6586=CARTESIAN_POINT('Ctrl Pts',(46.0412532549135,5.49895375534401,2.64578827641127));
#6587=CARTESIAN_POINT('Ctrl Pts',(46.0404708662721,5.49996233869887,2.10421172358872));
#6588=CARTESIAN_POINT('Ctrl Pts',(46.0404143243217,5.75989375777858,2.11756565691327));
#6589=CARTESIAN_POINT('Ctrl Pts',(45.8546787379281,6.53518278860667,2.15739210287439));
#6590=CARTESIAN_POINT('Ctrl Pts',(44.6264387548945,7.31962403319034,2.22369106147209));
#6591=CARTESIAN_POINT('Ctrl Pts',(43.0393470213046,6.59247940784973,2.3031085993818));
#6592=CARTESIAN_POINT('Ctrl Pts',(42.7902356486102,4.86460701653689,2.38252613729152));
#6593=CARTESIAN_POINT('Ctrl Pts',(44.1072944458139,3.71876426925364,2.46194367520124));
#6594=CARTESIAN_POINT('Ctrl Pts',(45.6674814691992,4.17078044893533,2.53583887063364));
#6595=CARTESIAN_POINT('Ctrl Pts',(46.0396337023592,5.09553817444361,2.58326155342947));
#6596=CARTESIAN_POINT('Ctrl Pts',(46.0433844847782,5.50138480394658,2.60421172358873));
#6597=CARTESIAN_POINT('Origin',(44.5,5.5,-1.10421172358874));
#6598=CARTESIAN_POINT('',(46.0435228957401,5.49863344946339,1.60421172358872));
#6599=CARTESIAN_POINT('',(46.0429204697401,5.50140949411414,1.64578827641126));
#6600=CARTESIAN_POINT('',(46.043,5.49999999999979,-1.10421172358874));
#6601=CARTESIAN_POINT('Ctrl Pts',(46.0429204697401,5.50140949411414,1.64578827641126));
#6602=CARTESIAN_POINT('Ctrl Pts',(46.0440381330185,5.62366604329673,1.6520944081603));
#6603=CARTESIAN_POINT('Ctrl Pts',(45.9748934089153,6.25758375341751,1.68485704312133));
#6604=CARTESIAN_POINT('Ctrl Pts',(45.1007173046689,7.2218595155793,1.74407618129437));
#6605=CARTESIAN_POINT('Ctrl Pts',(43.3794301994995,6.93874417354555,1.82344569093035));
#6606=CARTESIAN_POINT('Ctrl Pts',(42.6834655896902,5.33917646342165,1.90281520056634));
#6607=CARTESIAN_POINT('Ctrl Pts',(43.6496317936607,3.88676245175082,1.98218471020233));
#6608=CARTESIAN_POINT('Ctrl Pts',(45.3938857623469,3.91046242015363,2.06155421983831));
#6609=CARTESIAN_POINT('Ctrl Pts',(46.0303760679216,4.92607948981955,2.11608874190796));
#6610=CARTESIAN_POINT('Ctrl Pts',(46.045428805169,5.46812342569427,2.14416676076561));
#6611=CARTESIAN_POINT('Ctrl Pts',(46.0452813216302,5.49943500195203,2.14578827641127));
#6612=CARTESIAN_POINT('Ctrl Pts',(46.0435228957401,5.49863344946339,1.60421172358872));
#6613=CARTESIAN_POINT('Ctrl Pts',(46.0397443530391,5.90894474670319,1.6253972477605));
#6614=CARTESIAN_POINT('Ctrl Pts',(45.6606237122205,6.83813021840533,1.67305528456886));
#6615=CARTESIAN_POINT('Ctrl Pts',(44.0915058535074,7.27768133228674,1.74718583401378));
#6616=CARTESIAN_POINT('Ctrl Pts',(42.7846654094926,6.12019805253305,1.8266033719235));
#6617=CARTESIAN_POINT('Ctrl Pts',(43.0490975615847,4.39460392042277,1.90602090983322));
#6618=CARTESIAN_POINT('Ctrl Pts',(44.6425784299899,3.68156942034402,1.98543844774293));
#6619=CARTESIAN_POINT('Ctrl Pts',(45.859474858434,4.47405411738886,2.0515020523281));
#6620=CARTESIAN_POINT('Ctrl Pts',(46.040526411709,5.24461203448432,2.0910931442767));
#6621=CARTESIAN_POINT('Ctrl Pts',(46.0404708662721,5.49996233869887,2.10421172358872));
#6622=CARTESIAN_POINT('Origin',(44.5,5.5,-1.10421172358874));
#6623=CARTESIAN_POINT('',(46.0449577286492,5.50084812462477,1.10421172358872));
#6624=CARTESIAN_POINT('',(46.0405371654758,5.49968163686745,1.14578827641127));
#6625=CARTESIAN_POINT('',(46.043,5.49999999999979,-1.10421172358874));
#6626=CARTESIAN_POINT('Ctrl Pts',(46.0405371654758,5.49968163686745,1.14578827641127));
#6627=CARTESIAN_POINT('Ctrl Pts',(46.0400260507468,5.77670964753603,1.160022055555));
#6628=CARTESIAN_POINT('Ctrl Pts',(45.8362992812264,6.56935425262732,1.20071233791072));
#6629=CARTESIAN_POINT('Ctrl Pts',(44.5671108690142,7.3224043141022,1.26785912347845));
#6630=CARTESIAN_POINT('Ctrl Pts',(43.005485674311,6.5450303543645,1.34722863311443));
#6631=CARTESIAN_POINT('Ctrl Pts',(42.8113425936557,4.81145250772008,1.42659814275042));
#6632=CARTESIAN_POINT('Ctrl Pts',(44.1623227385289,3.70789634108351,1.5059676523864));
#6633=CARTESIAN_POINT('Ctrl Pts',(45.690389789842,4.20151257878563,1.57903103027336));
#6634=CARTESIAN_POINT('Ctrl Pts',(46.0393491313781,5.11075560709624,1.62563790494831));
#6635=CARTESIAN_POINT('Ctrl Pts',(46.0429204697401,5.50140949411414,1.64578827641126));
#6636=CARTESIAN_POINT('Ctrl Pts',(46.0449577286492,5.50084812462477,1.10421172358872));
#6637=CARTESIAN_POINT('Ctrl Pts',(46.0452828188119,5.55001184276442,1.10675632597116));
#6638=CARTESIAN_POINT('Ctrl Pts',(46.0208433925247,6.11031793999126,1.13577344099018));
#6639=CARTESIAN_POINT('Ctrl Pts',(45.3372334624579,7.12051153782636,1.19126306864576));
#6640=CARTESIAN_POINT('Ctrl Pts',(43.5919231457683,7.08190234075967,1.27068060655548));
#6641=CARTESIAN_POINT('Ctrl Pts',(42.678424813816,5.59424615421278,1.35009814446519));
#6642=CARTESIAN_POINT('Ctrl Pts',(43.4335172003662,4.02025924640528,1.42951568237491));
#6643=CARTESIAN_POINT('Ctrl Pts',(45.1655240008677,3.80173729302401,1.50893322028463));
#6644=CARTESIAN_POINT('Ctrl Pts',(45.9884940679511,4.78216001260782,1.56716523402257));
#6645=CARTESIAN_POINT('Ctrl Pts',(46.0444658562027,5.39623753620248,1.59892473512393));
#6646=CARTESIAN_POINT('Ctrl Pts',(46.0435228957401,5.49863344946339,1.60421172358872));
#6647=CARTESIAN_POINT('Origin',(44.5,5.5,-1.10421172358874));
#6648=CARTESIAN_POINT('',(46.0409453400081,5.50084991750195,0.604211723588723));
#6649=CARTESIAN_POINT('',(46.0440874269185,5.49875945568285,0.645788276411266));
#6650=CARTESIAN_POINT('',(46.043,5.49999999999979,-1.10421172358874));
#6651=CARTESIAN_POINT('Ctrl Pts',(46.0440874269185,5.49875945568285,0.645788276411266));
#6652=CARTESIAN_POINT('Ctrl Pts',(46.0403384720754,5.92756628578607,0.667949702949691));
#6653=CARTESIAN_POINT('Ctrl Pts',(45.6315876938452,6.87456143689605,0.716567632700111));
#6654=CARTESIAN_POINT('Ctrl Pts',(44.0275545948186,7.26137751356701,0.791642065662525));
#6655=CARTESIAN_POINT('Ctrl Pts',(42.7640411446721,6.05866752829012,0.871011575298514));
#6656=CARTESIAN_POINT('Ctrl Pts',(43.0889318867805,4.34477306262171,0.950381084934498));
#6657=CARTESIAN_POINT('Ctrl Pts',(44.7049513248487,3.68791403021827,1.02975059457049));
#6658=CARTESIAN_POINT('Ctrl Pts',(45.8772612149895,4.50956372359815,1.09488632506274));
#6659=CARTESIAN_POINT('Ctrl Pts',(46.0409760660823,5.26179422134762,1.133565552343));
#6660=CARTESIAN_POINT('Ctrl Pts',(46.0405371654758,5.49968163686745,1.14578827641127));
#6661=CARTESIAN_POINT('Ctrl Pts',(46.0409453400082,5.50084991750195,0.604211723588723));
#6662=CARTESIAN_POINT('Ctrl Pts',(46.0419625015393,5.70266771191172,0.614587916818395));
#6663=CARTESIAN_POINT('Ctrl Pts',(45.9112536491262,6.418116486205,0.65143662268464));
#6664=CARTESIAN_POINT('Ctrl Pts',(44.8294751675864,7.29399638702496,0.714757841187455));
#6665=CARTESIAN_POINT('Ctrl Pts',(43.1709265958466,6.74923437760499,0.794175379097175));
#6666=CARTESIAN_POINT('Ctrl Pts',(42.7298173658409,5.0601357374002,0.873592917006889));
#6667=CARTESIAN_POINT('Ctrl Pts',(43.9102286589211,3.773969268914,0.95301045491661));
#6668=CARTESIAN_POINT('Ctrl Pts',(45.5757452735698,4.05941933581017,1.02988339044388));
#6669=CARTESIAN_POINT('Ctrl Pts',(46.0419007762977,5.03854209067504,1.08028381333459));
#6670=CARTESIAN_POINT('Ctrl Pts',(46.0449577286492,5.50084812462477,1.10421172358872));
#6671=CARTESIAN_POINT('Origin',(44.5,5.5,-1.10421172358874));
#6672=CARTESIAN_POINT('',(46.0414610661764,5.4981222089466,0.104211723588722));
#6673=CARTESIAN_POINT('',(46.0444433358127,5.5010737047702,0.145788276411266));
#6674=CARTESIAN_POINT('',(46.043,5.49999999999979,-1.10421172358874));
#6675=CARTESIAN_POINT('',(44.8985138418572,4.00935057178148,0.));
#6676=CARTESIAN_POINT('Ctrl Pts',(44.8985138418572,4.00935057178148,0.));
#6677=CARTESIAN_POINT('Ctrl Pts',(45.3943983561375,4.14192154330731,0.0264725126365724));
#6678=CARTESIAN_POINT('Ctrl Pts',(45.9458230195557,4.66465828648841,0.0612097538328132));
#6679=CARTESIAN_POINT('Ctrl Pts',(46.0426837368977,5.33757012976479,0.095946995029054));
#6680=CARTESIAN_POINT('Ctrl Pts',(46.0414610661764,5.4981222089466,0.104211723588722));
#6681=CARTESIAN_POINT('',(44.1006126286966,4.00669641522015,7.45123593118475E-16));
#6682=CARTESIAN_POINT('Origin',(44.5,5.5,0.));
#6683=CARTESIAN_POINT('Ctrl Pts',(44.1006119270614,4.00669428335197,2.54245409447851E-16));
#6684=CARTESIAN_POINT('Ctrl Pts',(44.5815191848461,3.8790051498967,0.0257721596462158));
#6685=CARTESIAN_POINT('Ctrl Pts',(45.6170944000086,4.11452903388974,0.0743682517833042));
#6686=CARTESIAN_POINT('Ctrl Pts',(46.040845147328,5.05982420249002,0.122964343920393));
#6687=CARTESIAN_POINT('Ctrl Pts',(46.0444433358126,5.5010737047702,0.145788276411266));
#6688=CARTESIAN_POINT('Origin',(44.5,5.5,20.));
#6689=CARTESIAN_POINT('',(45.7632396013249,5.50091734691922,13.3065803263806));
#6690=CARTESIAN_POINT('',(45.7645,5.5,13.3924667772634));
#6691=CARTESIAN_POINT('',(45.7645,5.5,20.));
#6692=CARTESIAN_POINT('',(45.565247917543,6.18132747205015,13.4887013220412));
#6693=CARTESIAN_POINT('Origin',(44.5,5.5,14.0031935529689));
#6694=CARTESIAN_POINT('',(44.7249975565467,4.25567835767917,13.8326550136735));
#6695=CARTESIAN_POINT('Ctrl Pts',(45.5652479175431,6.18132747205009,13.4887013220412));
#6696=CARTESIAN_POINT('Ctrl Pts',(45.3647585140141,6.49479042248136,13.5121180202651));
#6697=CARTESIAN_POINT('Ctrl Pts',(45.0180566504297,6.71251916119558,13.5355347184889));
#6698=CARTESIAN_POINT('Ctrl Pts',(44.6499857571472,6.75650718540684,13.5589514167127));
#6699=CARTESIAN_POINT('Ctrl Pts',(44.2819148638647,6.80049520961811,13.5823681149365));
#6700=CARTESIAN_POINT('Ctrl Pts',(43.8924749408842,6.67074251932641,13.6057848131603));
#6701=CARTESIAN_POINT('Ctrl Pts',(43.6243744457417,6.41417396221027,13.6292015113841));
#6702=CARTESIAN_POINT('Ctrl Pts',(43.3562739505992,6.15760540509413,13.6526182096079));
#6703=CARTESIAN_POINT('Ctrl Pts',(43.2095128832947,5.77422098115357,13.6760349078318));
#6704=CARTESIAN_POINT('Ctrl Pts',(43.2377565378999,5.40421071647047,13.6994516060556));
#6705=CARTESIAN_POINT('Ctrl Pts',(43.2660001925051,5.03420045178739,13.7228683042794));
#6706=CARTESIAN_POINT('Ctrl Pts',(43.4692485690199,4.67756434636179,13.7462850025032));
#6707=CARTESIAN_POINT('Ctrl Pts',(43.7726066124633,4.46452672941597,13.769701700727));
#6708=CARTESIAN_POINT('Ctrl Pts',(44.0444552687968,4.2736170398036,13.7906861383758));
#6709=CARTESIAN_POINT('Ctrl Pts',(44.3966971349247,4.19802431971783,13.8116705760247));
#6710=CARTESIAN_POINT('Ctrl Pts',(44.7249698654189,4.25595429594751,13.8326550136735));
#6711=CARTESIAN_POINT('',(44.9978940140469,4.33764815964516,13.71378573821));
#6712=CARTESIAN_POINT('Ctrl Pts',(44.9978940140469,4.33764815964516,13.71378573821));
#6713=CARTESIAN_POINT('Ctrl Pts',(44.9967848031418,4.3371730285783,13.7142509447521));
#6714=CARTESIAN_POINT('Ctrl Pts',(44.9956750382159,4.33669954047669,13.7147165854239));
#6715=CARTESIAN_POINT('Ctrl Pts',(44.9068497374463,4.29895163037421,13.7520025640807));
#6716=CARTESIAN_POINT('Ctrl Pts',(44.8156152307657,4.27206379580527,13.7916279184618));
#6717=CARTESIAN_POINT('Ctrl Pts',(44.7249975565467,4.25567835767917,13.8326550136735));
#6718=CARTESIAN_POINT('Ctrl Pts',(44.9973121515928,4.33895488124876,13.71378573821));
#6719=CARTESIAN_POINT('Ctrl Pts',(44.6932643397228,4.21140151804008,13.6930423779366));
#6720=CARTESIAN_POINT('Ctrl Pts',(44.3382158611721,4.2017387542372,13.6722990176631));
#6721=CARTESIAN_POINT('Ctrl Pts',(44.0337256647125,4.32250437108271,13.6515556573897));
#6722=CARTESIAN_POINT('Ctrl Pts',(43.6453726806993,4.47653129284725,13.6250991541777));
#6723=CARTESIAN_POINT('Ctrl Pts',(43.3392627022062,4.84272566939835,13.5986426509657));
#6724=CARTESIAN_POINT('Ctrl Pts',(43.2574601952176,5.25322717282104,13.5721861477537));
#6725=CARTESIAN_POINT('Ctrl Pts',(43.1756576882291,5.66372867624372,13.5457296445417));
#6726=CARTESIAN_POINT('Ctrl Pts',(43.3181626527449,6.11853730653799,13.5192731413297));
#6727=CARTESIAN_POINT('Ctrl Pts',(43.6188606176013,6.40969834179233,13.4928166381177));
#6728=CARTESIAN_POINT('Ctrl Pts',(43.9195585824576,6.70085937704668,13.4663601349057));
#6729=CARTESIAN_POINT('Ctrl Pts',(44.3784495476545,6.82837281726107,13.4399036316937));
#6730=CARTESIAN_POINT('Ctrl Pts',(44.7860530519181,6.73384426384351,13.4134471284817));
#6731=CARTESIAN_POINT('Ctrl Pts',(45.1936565561816,6.63931571042595,13.3869906252697));
#6732=CARTESIAN_POINT('Ctrl Pts',(45.5499725995119,6.32274516337643,13.3605341220577));
#6733=CARTESIAN_POINT('Ctrl Pts',(45.6917481065769,5.92899274845601,13.3340776188457));
#6734=CARTESIAN_POINT('Ctrl Pts',(45.7408657412963,5.79257858435714,13.3249118546907));
#6735=CARTESIAN_POINT('Ctrl Pts',(45.7642331032722,5.64690065042189,13.3157460905356));
#6736=CARTESIAN_POINT('Ctrl Pts',(45.7632396013249,5.50091734691922,13.3065803263806));
#6737=CARTESIAN_POINT('Origin',(44.5,5.5,20.));
#6738=CARTESIAN_POINT('',(45.7631315407946,5.4991103413248,12.8065803263806));
#6739=CARTESIAN_POINT('',(45.7665656374777,5.49995924737872,12.9434196736194));
#6740=CARTESIAN_POINT('',(45.7645,5.5,20.));
#6741=CARTESIAN_POINT('',(45.7083067434103,5.12723323132397,13.4196069325923));
#6742=CARTESIAN_POINT('Ctrl Pts',(45.7665656374777,5.49995924737872,12.9434196736194));
#6743=CARTESIAN_POINT('Ctrl Pts',(45.7664286139696,5.9170249521103,12.9697861967609));
#6744=CARTESIAN_POINT('Ctrl Pts',(45.5403658718874,6.33425846516096,12.9961527199023));
#6745=CARTESIAN_POINT('Ctrl Pts',(45.1907567507801,6.56168175499211,13.0225192430438));
#6746=CARTESIAN_POINT('Ctrl Pts',(44.8397422530883,6.79001925256839,13.0489917556804));
#6747=CARTESIAN_POINT('Ctrl Pts',(44.3641861038832,6.82701744210196,13.0754642683169));
#6748=CARTESIAN_POINT('Ctrl Pts',(43.9821039692329,6.65585273228676,13.1019367809535));
#6749=CARTESIAN_POINT('Ctrl Pts',(43.6000218345826,6.48468802247157,13.1284092935901));
#6750=CARTESIAN_POINT('Ctrl Pts',(43.3114137144872,6.10536041330762,13.1548818062266));
#6751=CARTESIAN_POINT('Ctrl Pts',(43.2480615011067,5.69136897516225,13.1813543188632));
#6752=CARTESIAN_POINT('Ctrl Pts',(43.1847092877262,5.27737753701687,13.2078268314998));
#6753=CARTESIAN_POINT('Ctrl Pts',(43.3466129810605,4.82872226989007,13.2342993441363));
#6754=CARTESIAN_POINT('Ctrl Pts',(43.6604241380651,4.55135333196974,13.2607718567729));
#6755=CARTESIAN_POINT('Ctrl Pts',(43.9742352950697,4.27398439404943,13.2872443694095));
#6756=CARTESIAN_POINT('Ctrl Pts',(44.4399539157445,4.16790178533557,13.3137168820461));
#6757=CARTESIAN_POINT('Ctrl Pts',(44.8424703122058,4.28072413580228,13.3401893946826));
#6758=CARTESIAN_POINT('Ctrl Pts',(45.2449867086671,4.393546486269,13.3666619073192));
#6759=CARTESIAN_POINT('Ctrl Pts',(45.5843008809148,4.72527379591631,13.3931344199558));
#6760=CARTESIAN_POINT('Ctrl Pts',(45.7083067434103,5.12723323132407,13.4196069325924));
#6761=CARTESIAN_POINT('Origin',(44.5,5.5,14.0031935529689));
#6762=CARTESIAN_POINT('Ctrl Pts',(45.7632396013249,5.50091734691922,13.3065803263806));
#6763=CARTESIAN_POINT('Ctrl Pts',(45.7613654113903,5.22552741053915,13.2892895873236));
#6764=CARTESIAN_POINT('Ctrl Pts',(45.6727985386572,4.94905075953647,13.2719988482667));
#6765=CARTESIAN_POINT('Ctrl Pts',(45.5068664708706,4.73162762585188,13.2547081092098));
#6766=CARTESIAN_POINT('Ctrl Pts',(45.2529743572997,4.39894920095952,13.2282516059978));
#6767=CARTESIAN_POINT('Ctrl Pts',(44.8179551593583,4.2045266339661,13.2017951027858));
#6768=CARTESIAN_POINT('Ctrl Pts',(44.4007664021034,4.23731609031974,13.1753385995738));
#6769=CARTESIAN_POINT('Ctrl Pts',(43.9835776448484,4.27010554667338,13.1488820963618));
#6770=CARTESIAN_POINT('Ctrl Pts',(43.58421932828,4.5301070263741,13.1224255931498));
#6771=CARTESIAN_POINT('Ctrl Pts',(43.3854312548779,4.89836570727308,13.0959690899378));
#6772=CARTESIAN_POINT('Ctrl Pts',(43.1866431814757,5.26662438817204,13.0695125867258));
#6773=CARTESIAN_POINT('Ctrl Pts',(43.1884253512398,5.74314027026927,13.0430560835138));
#6774=CARTESIAN_POINT('Ctrl Pts',(43.3899452205921,6.10990917914187,13.0165995803018));
#6775=CARTESIAN_POINT('Ctrl Pts',(43.5914650899443,6.47667808801447,12.9901430770898));
#6776=CARTESIAN_POINT('Ctrl Pts',(43.9927226588848,6.73370002366245,12.9636865738778));
#6777=CARTESIAN_POINT('Ctrl Pts',(44.4101513062287,6.76338624191394,12.9372300706658));
#6778=CARTESIAN_POINT('Ctrl Pts',(44.8275799535727,6.79307246016543,12.9107735674538));
#6779=CARTESIAN_POINT('Ctrl Pts',(45.2611796793202,6.59542296102042,12.8843170642418));
#6780=CARTESIAN_POINT('Ctrl Pts',(45.5125737662859,6.26086304942634,12.8578605610298));
#6781=CARTESIAN_POINT('Ctrl Pts',(45.6749982014142,6.04470559992892,12.8407671494801));
#6782=CARTESIAN_POINT('Ctrl Pts',(45.7613629683698,5.77139645847576,12.8236737379303));
#6783=CARTESIAN_POINT('Ctrl Pts',(45.7631315407946,5.4991103413248,12.8065803263806));
#6784=CARTESIAN_POINT('Origin',(44.5,5.5,20.));
#6785=CARTESIAN_POINT('',(45.7664122665878,5.49958717531327,12.3065803263806));
#6786=CARTESIAN_POINT('',(45.7637780635341,5.50110240951288,12.4434196736194));
#6787=CARTESIAN_POINT('',(45.7645,5.5,20.));
#6788=CARTESIAN_POINT('Ctrl Pts',(45.7637780635341,5.50110240951288,12.4434196736194));
#6789=CARTESIAN_POINT('Ctrl Pts',(45.7648035015456,5.6240068382265,12.4511452749715));
#6790=CARTESIAN_POINT('Ctrl Pts',(45.7483312328337,5.74664224718296,12.4588708763236));
#6791=CARTESIAN_POINT('Ctrl Pts',(45.713241594029,5.86369669763281,12.4665964776758));
#6792=CARTESIAN_POINT('Ctrl Pts',(45.5930035873895,6.26479497820277,12.4930689903123));
#6793=CARTESIAN_POINT('Ctrl Pts',(45.2541686439473,6.60036410895783,12.5195415029489));
#6794=CARTESIAN_POINT('Ctrl Pts',(44.8519236634371,6.71670964866544,12.5460140155855));
#6795=CARTESIAN_POINT('Ctrl Pts',(44.4496786829269,6.83305518837305,12.572486528222));
#6796=CARTESIAN_POINT('Ctrl Pts',(43.9840236653485,6.7301771370332,12.5989590408586));
#6797=CARTESIAN_POINT('Ctrl Pts',(43.6682361705537,6.45519678901843,12.6254315534952));
#6798=CARTESIAN_POINT('Ctrl Pts',(43.3524486757589,6.18021644100367,12.6519040661318));
#6799=CARTESIAN_POINT('Ctrl Pts',(43.1865287037475,5.73313379631401,12.6783765787683));
#6800=CARTESIAN_POINT('Ctrl Pts',(43.2464611141581,5.3187115489518,12.7048490914049));
#6801=CARTESIAN_POINT('Ctrl Pts',(43.3063935245686,4.9042893015896,12.7313216040415));
#6802=CARTESIAN_POINT('Ctrl Pts',(43.5921783174011,4.52252745155486,12.757794116678));
#6803=CARTESIAN_POINT('Ctrl Pts',(43.9729388321084,4.34828462684312,12.7842666293146));
#6804=CARTESIAN_POINT('Ctrl Pts',(44.3536993468157,4.17404180213136,12.8107391419512));
#6805=CARTESIAN_POINT('Ctrl Pts',(44.829435583398,4.20731800274263,12.8372116545878));
#6806=CARTESIAN_POINT('Ctrl Pts',(45.1822278884972,4.4328555101856,12.8636841672243));
#6807=CARTESIAN_POINT('Ctrl Pts',(45.5350201935964,4.65839301762856,12.8901566798609));
#6808=CARTESIAN_POINT('Ctrl Pts',(45.7648685672127,5.07619183190323,12.9166291924975));
#6809=CARTESIAN_POINT('Ctrl Pts',(45.7665563309315,5.49492964185005,12.943101705134));
#6810=CARTESIAN_POINT('Ctrl Pts',(45.7665630883265,5.49660616608761,12.9432076946292));
#6811=CARTESIAN_POINT('Ctrl Pts',(45.7665661882918,5.49828270537734,12.9433136841243));
#6812=CARTESIAN_POINT('Ctrl Pts',(45.7665656374777,5.49995924737872,12.9434196736194));
#6813=CARTESIAN_POINT('Ctrl Pts',(45.7631315407946,5.4991103413248,12.8065803263806));
#6814=CARTESIAN_POINT('Ctrl Pts',(45.7641002944969,5.34996282528787,12.7972172347183));
#6815=CARTESIAN_POINT('Ctrl Pts',(45.7396866952285,5.20112225880204,12.7878541430561));
#6816=CARTESIAN_POINT('Ctrl Pts',(45.6884877588427,5.06214969764246,12.7784910513938));
#6817=CARTESIAN_POINT('Ctrl Pts',(45.5438192162499,4.66946658149584,12.7520345481818));
#6818=CARTESIAN_POINT('Ctrl Pts',(45.1852936828804,4.35557067324576,12.7255780449699));
#6819=CARTESIAN_POINT('Ctrl Pts',(44.7769355273369,4.26406965934809,12.6991215417579));
#6820=CARTESIAN_POINT('Ctrl Pts',(44.3685773717934,4.17256864545042,12.6726650385459));
#6821=CARTESIAN_POINT('Ctrl Pts',(43.910386594076,4.30346252590515,12.6462085353339));
#6822=CARTESIAN_POINT('Ctrl Pts',(43.6119863502769,4.59686720651378,12.6197520321219));
#6823=CARTESIAN_POINT('Ctrl Pts',(43.3135861064778,4.89027188712241,12.5932955289099));
#6824=CARTESIAN_POINT('Ctrl Pts',(43.1749763965972,5.34618736788493,12.5668390256979));
#6825=CARTESIAN_POINT('Ctrl Pts',(43.2595708983717,5.7560321273638,12.5403825224859));
#6826=CARTESIAN_POINT('Ctrl Pts',(43.3441654001463,6.16587688684268,12.5139260192739));
#6827=CARTESIAN_POINT('Ctrl Pts',(43.6519641135761,6.52965092503788,12.4874695160619));
#6828=CARTESIAN_POINT('Ctrl Pts',(44.0421491457015,6.68092741542758,12.4610130128499));
#6829=CARTESIAN_POINT('Ctrl Pts',(44.4323341778269,6.83220390581727,12.4345565096379));
#6830=CARTESIAN_POINT('Ctrl Pts',(44.9049055286478,6.77098284840146,12.4081000064259));
#6831=CARTESIAN_POINT('Ctrl Pts',(45.243661477461,6.52527291863424,12.3816435032139));
#6832=CARTESIAN_POINT('Ctrl Pts',(45.5640376244943,6.29289441469224,12.3566224442695));
#6833=CARTESIAN_POINT('Ctrl Pts',(45.7647252257465,5.89550347934667,12.331601385325));
#6834=CARTESIAN_POINT('Ctrl Pts',(45.7664122665878,5.49958717531327,12.3065803263806));
#6835=CARTESIAN_POINT('Origin',(44.5,5.5,20.));
#6836=CARTESIAN_POINT('',(45.7643458921192,5.50115488632715,11.8065803263806));
#6837=CARTESIAN_POINT('',(45.7626870809837,5.4994180405684,11.9434196736194));
#6838=CARTESIAN_POINT('',(45.7645,5.5,20.));
#6839=CARTESIAN_POINT('Ctrl Pts',(45.7626870809837,5.4994180405684,11.9434196736194));
#6840=CARTESIAN_POINT('Ctrl Pts',(45.7616572344682,5.74745168093038,11.9589768658188));
#6841=CARTESIAN_POINT('Ctrl Pts',(45.6911103731991,5.99602598082808,11.9745340580181));
#6842=CARTESIAN_POINT('Ctrl Pts',(45.5549202511013,6.20098116376141,11.9900912502174));
#6843=CARTESIAN_POINT('Ctrl Pts',(45.3231756867857,6.54973809885686,12.016563762854));
#6844=CARTESIAN_POINT('Ctrl Pts',(44.9013591679094,6.77219462301949,12.0430362754906));
#6845=CARTESIAN_POINT('Ctrl Pts',(44.4826658298759,6.76646393140141,12.0695087881272));
#6846=CARTESIAN_POINT('Ctrl Pts',(44.0639724918424,6.76073323978332,12.0959813007637));
#6847=CARTESIAN_POINT('Ctrl Pts',(43.6484023346516,6.52681533238454,12.1224538134003));
#6848=CARTESIAN_POINT('Ctrl Pts',(43.4262897309702,6.17184643690312,12.1489263260369));
#6849=CARTESIAN_POINT('Ctrl Pts',(43.2041771272887,5.81687754142169,12.1753988386735));
#6850=CARTESIAN_POINT('Ctrl Pts',(43.1755220771166,5.3408576578576,12.20187135131));
#6851=CARTESIAN_POINT('Ctrl Pts',(43.3534486610364,4.96180742706567,12.2283438639466));
#6852=CARTESIAN_POINT('Ctrl Pts',(43.5313752449562,4.58275719627374,12.2548163765832));
#6853=CARTESIAN_POINT('Ctrl Pts',(43.9158834629679,4.30067661825395,12.2812888892197));
#6854=CARTESIAN_POINT('Ctrl Pts',(44.3308659152009,4.24476091525388,12.3077614018563));
#6855=CARTESIAN_POINT('Ctrl Pts',(44.7458483674339,4.18884521225382,12.3342339144929));
#6856=CARTESIAN_POINT('Ctrl Pts',(45.1913050538881,4.35909438427347,12.3607064271295));
#6857=CARTESIAN_POINT('Ctrl Pts',(45.4632128621967,4.67753268547573,12.387178939766));
#6858=CARTESIAN_POINT('Ctrl Pts',(45.655768500186,4.90303959765172,12.4059258510505));
#6859=CARTESIAN_POINT('Ctrl Pts',(45.76128974003,5.20286304709325,12.4246727623349));
#6860=CARTESIAN_POINT('Ctrl Pts',(45.7637780635341,5.50110240951288,12.4434196736194));
#6861=CARTESIAN_POINT('Ctrl Pts',(45.7664122665878,5.49958717531327,12.3065803263806));
#6862=CARTESIAN_POINT('Ctrl Pts',(45.7665090511848,5.4768736766433,12.305144882113));
#6863=CARTESIAN_POINT('Ctrl Pts',(45.7659508745442,5.4541650313584,12.3037094378455));
#6864=CARTESIAN_POINT('Ctrl Pts',(45.7647227611799,5.43149267510815,12.3022739935779));
#6865=CARTESIAN_POINT('Ctrl Pts',(45.7420875492802,5.01362116346791,12.2758174903659));
#6866=CARTESIAN_POINT('Ctrl Pts',(45.4918765786754,4.60807694230605,12.2493609871539));
#6867=CARTESIAN_POINT('Ctrl Pts',(45.1285614701724,4.40039669982105,12.2229044839419));
#6868=CARTESIAN_POINT('Ctrl Pts',(44.7652463616695,4.19271645733604,12.1964479807299));
#6869=CARTESIAN_POINT('Ctrl Pts',(44.2888271152683,4.1829001935279,12.1699914775179));
#6870=CARTESIAN_POINT('Ctrl Pts',(43.9172657884885,4.37543885251264,12.1435349743059));
#6871=CARTESIAN_POINT('Ctrl Pts',(43.5457044617087,4.56797751149737,12.117078471094));
#6872=CARTESIAN_POINT('Ctrl Pts',(43.2790010545501,4.96287109327496,12.0906219678819));
#6873=CARTESIAN_POINT('Ctrl Pts',(43.239172503511,5.37945558623577,12.0641654646699));
#6874=CARTESIAN_POINT('Ctrl Pts',(43.1993439524718,5.79604007919659,12.037708961458));
#6875=CARTESIAN_POINT('Ctrl Pts',(43.3863902575521,6.23431548334061,12.011252458246));
#6876=CARTESIAN_POINT('Ctrl Pts',(43.7147376434142,6.49377058029952,11.984795955034));
#6877=CARTESIAN_POINT('Ctrl Pts',(44.0430850292762,6.75322567725842,11.958339451822));
#6878=CARTESIAN_POINT('Ctrl Pts',(44.5127334959201,6.83386046703217,11.93188294861));
#6879=CARTESIAN_POINT('Ctrl Pts',(44.908818631756,6.69878449293072,11.905426445398));
#6880=CARTESIAN_POINT('Ctrl Pts',(45.3049037675918,6.56370851882926,11.878969942186));
#6881=CARTESIAN_POINT('Ctrl Pts',(45.6274255726196,6.21292178085257,11.852513438974));
#6882=CARTESIAN_POINT('Ctrl Pts',(45.7288301596338,5.80690938805099,11.826056935762));
#6883=CARTESIAN_POINT('Ctrl Pts',(45.7537139914707,5.70727736544084,11.8195647326349));
#6884=CARTESIAN_POINT('Ctrl Pts',(45.7652828016911,5.60431981805073,11.8130725295077));
#6885=CARTESIAN_POINT('Ctrl Pts',(45.7643458921192,5.50115488632715,11.8065803263806));
#6886=CARTESIAN_POINT('Origin',(44.5,5.5,20.));
#6887=CARTESIAN_POINT('',(45.7625016080978,5.49969189605439,11.3065803263806));
#6888=CARTESIAN_POINT('',(45.7659082822268,5.49918783456899,11.4434196736194));
#6889=CARTESIAN_POINT('',(45.7645,5.5,20.));
#6890=CARTESIAN_POINT('Ctrl Pts',(45.7659082822268,5.49918783456899,11.4434196736194));
#6891=CARTESIAN_POINT('Ctrl Pts',(45.7631414120062,5.86966544231104,11.466808456666));
#6892=CARTESIAN_POINT('Ctrl Pts',(45.5908560120691,6.24238223425677,11.4901972397126));
#6893=CARTESIAN_POINT('Ctrl Pts',(45.3053082721236,6.47760417985643,11.5135860227591));
#6894=CARTESIAN_POINT('Ctrl Pts',(44.9821120571262,6.74383931979027,11.5400585353957));
#6895=CARTESIAN_POINT('Ctrl Pts',(44.5138181156074,6.83393303785574,11.5665310480323));
#6896=CARTESIAN_POINT('Ctrl Pts',(44.1149086359113,6.70662172506589,11.5930035606689));
#6897=CARTESIAN_POINT('Ctrl Pts',(43.7159991562152,6.57931041227603,11.6194760733054));
#6898=CARTESIAN_POINT('Ctrl Pts',(43.3864741383418,6.23459406863085,11.645948585942));
#6899=CARTESIAN_POINT('Ctrl Pts',(43.2772585498152,5.83035540384699,11.6724210985786));
#6900=CARTESIAN_POINT('Ctrl Pts',(43.1680429612887,5.42611673906314,11.6988936112152));
#6901=CARTESIAN_POINT('Ctrl Pts',(43.279136802109,4.96235575314064,11.7253661238517));
#6902=CARTESIAN_POINT('Ctrl Pts',(43.5596582447884,4.65147850532889,11.7518386364883));
#6903=CARTESIAN_POINT('Ctrl Pts',(43.8401796874678,4.34060125751714,11.7783111491249));
#6904=CARTESIAN_POINT('Ctrl Pts',(44.2901287320061,4.18260774781618,11.8047836617614));
#6905=CARTESIAN_POINT('Ctrl Pts',(44.703425297339,4.24986020938139,11.831256174398));
#6906=CARTESIAN_POINT('Ctrl Pts',(45.1167218626719,4.3171126709466,11.8577286870346));
#6907=CARTESIAN_POINT('Ctrl Pts',(45.4933659487993,4.60961110377797,11.8842011996712));
#6908=CARTESIAN_POINT('Ctrl Pts',(45.6608516869856,4.99338899320781,11.9106737123077));
#6909=CARTESIAN_POINT('Ctrl Pts',(45.7299105075844,5.15163081548437,11.921589032745));
#6910=CARTESIAN_POINT('Ctrl Pts',(45.7634096474065,5.32539135059293,11.9325043531822));
#6911=CARTESIAN_POINT('Ctrl Pts',(45.7626870809837,5.4994180405684,11.9434196736194));
#6912=CARTESIAN_POINT('Ctrl Pts',(45.7643458921192,5.50115488632715,11.8065803263806));
#6913=CARTESIAN_POINT('Ctrl Pts',(45.7614647832755,5.18391039861941,11.7866160262957));
#6914=CARTESIAN_POINT('Ctrl Pts',(45.6403250909155,4.86470481007728,11.7666517262109));
#6915=CARTESIAN_POINT('Ctrl Pts',(45.4244608550943,4.63421188413841,11.746687426126));
#6916=CARTESIAN_POINT('Ctrl Pts',(45.1383995945399,4.32876482065388,11.720230922914));
#6917=CARTESIAN_POINT('Ctrl Pts',(44.6859897044307,4.17910874131128,11.693774419702));
#6918=CARTESIAN_POINT('Ctrl Pts',(44.2742089374131,4.25371137769574,11.66731791649));
#6919=CARTESIAN_POINT('Ctrl Pts',(43.8624281703956,4.3283140140802,11.640861413278));
#6920=CARTESIAN_POINT('Ctrl Pts',(43.4912765264697,4.62717536619171,11.614404910066));
#6921=CARTESIAN_POINT('Ctrl Pts',(43.3305560693896,5.01356621505071,11.587948406854));
#6922=CARTESIAN_POINT('Ctrl Pts',(43.1698356123096,5.39995706390973,11.561491903642));
#6923=CARTESIAN_POINT('Ctrl Pts',(43.2195463420753,5.87387740951625,11.53503540043));
#6924=CARTESIAN_POINT('Ctrl Pts',(43.4569455748674,6.21850845524402,11.5085788972181));
#6925=CARTESIAN_POINT('Ctrl Pts',(43.6943448076594,6.56313950097178,11.4821223940061));
#6926=CARTESIAN_POINT('Ctrl Pts',(44.1194325434777,6.7784812468208,11.4556658907941));
#6927=CARTESIAN_POINT('Ctrl Pts',(44.5377309292234,6.76601473569719,11.4292093875821));
#6928=CARTESIAN_POINT('Ctrl Pts',(44.9560293149691,6.75354822457359,11.4027528843701));
#6929=CARTESIAN_POINT('Ctrl Pts',(45.3675383506421,6.51327345647736,11.3762963811581));
#6930=CARTESIAN_POINT('Ctrl Pts',(45.5839924453453,6.15511625873016,11.3498398779461));
#6931=CARTESIAN_POINT('Ctrl Pts',(45.7019685688507,5.95990628659407,11.3354200274242));
#6932=CARTESIAN_POINT('Ctrl Pts',(45.7620000097908,5.72967715558827,11.3210001769024));
#6933=CARTESIAN_POINT('Ctrl Pts',(45.7625016080978,5.49969189605439,11.3065803263806));
#6934=CARTESIAN_POINT('Origin',(44.5,5.5,20.));
#6935=CARTESIAN_POINT('',(45.7654748971411,5.49901093797769,10.8065803263806));
#6936=CARTESIAN_POINT('',(45.7651851639275,5.50107217694954,10.9434196736194));
#6937=CARTESIAN_POINT('',(45.7645,5.5,20.));
#6938=CARTESIAN_POINT('Ctrl Pts',(45.7651851639275,5.50107217694954,10.9434196736194));
#6939=CARTESIAN_POINT('Ctrl Pts',(45.7658651518722,5.57639004050027,10.9481675348767));
#6940=CARTESIAN_POINT('Ctrl Pts',(45.7597180911753,5.65159708836226,10.9529153961339));
#6941=CARTESIAN_POINT('Ctrl Pts',(45.7463476025925,5.72549722717605,10.9576632573911));
#6942=CARTESIAN_POINT('Ctrl Pts',(45.6717981562653,6.1375400929217,10.9841357700277));
#6943=CARTESIAN_POINT('Ctrl Pts',(45.3726860048867,6.50895362924714,11.0106082826643));
#6944=CARTESIAN_POINT('Ctrl Pts',(44.9860067901652,6.66962760990706,11.0370807953008));
#6945=CARTESIAN_POINT('Ctrl Pts',(44.5993275754437,6.83030159056698,11.0635533079374));
#6946=CARTESIAN_POINT('Ctrl Pts',(44.1250812973792,6.78023601556137,11.090025820574));
#6947=CARTESIAN_POINT('Ctrl Pts',(43.7804763605233,6.54236129925386,11.1164983332106));
#6948=CARTESIAN_POINT('Ctrl Pts',(43.4358714236674,6.30448658294636,11.1429708458471));
#6949=CARTESIAN_POINT('Ctrl Pts',(43.22090782802,5.87880272533698,11.1694433584837));
#6950=CARTESIAN_POINT('Ctrl Pts',(43.2340405363803,5.46027617286095,11.1959158711203));
#6951=CARTESIAN_POINT('Ctrl Pts',(43.2471732447406,5.04174962038491,11.2223883837568));
#6952=CARTESIAN_POINT('Ctrl Pts',(43.4884022571085,4.63038037304221,11.2488608963934));
#6953=CARTESIAN_POINT('Ctrl Pts',(43.8472428499088,4.41457867677508,11.27533340903));
#6954=CARTESIAN_POINT('Ctrl Pts',(44.2060834427091,4.19877698050796,11.3018059216666));
#6955=CARTESIAN_POINT('Ctrl Pts',(44.6825356159418,4.1785428353164,11.3282784343031));
#6956=CARTESIAN_POINT('Ctrl Pts',(45.0583806483747,4.36314363375285,11.3547509469397));
#6957=CARTESIAN_POINT('Ctrl Pts',(45.4342256808075,4.5477444321893,11.3812234595763));
#6958=CARTESIAN_POINT('Ctrl Pts',(45.7094635724406,4.93718017425377,11.4076959722128));
#6959=CARTESIAN_POINT('Ctrl Pts',(45.758033274019,5.3530863261871,11.4341684848494));
#6960=CARTESIAN_POINT('Ctrl Pts',(45.7636910605688,5.40153439475493,11.4372522144394));
#6961=CARTESIAN_POINT('Ctrl Pts',(45.7662730844294,5.45034165222803,11.4403359440294));
#6962=CARTESIAN_POINT('Ctrl Pts',(45.7659082822268,5.49918783456899,11.4434196736194));
#6963=CARTESIAN_POINT('Ctrl Pts',(45.7625016080978,5.49969189605439,11.3065803263806));
#6964=CARTESIAN_POINT('Ctrl Pts',(45.7629203062391,5.30771676505868,11.2945436736904));
#6965=CARTESIAN_POINT('Ctrl Pts',(45.7218603483236,5.11591155658348,11.2825070210003));
#6966=CARTESIAN_POINT('Ctrl Pts',(45.6383997829339,4.94478574564131,11.2704703683101));
#6967=CARTESIAN_POINT('Ctrl Pts',(45.4549538720859,4.56865205769782,11.2440138650981));
#6968=CARTESIAN_POINT('Ctrl Pts',(45.0666628966567,4.292424309209,11.2175573618861));
#6969=CARTESIAN_POINT('Ctrl Pts',(44.6511701733196,4.24247683412124,11.1911008586741));
#6970=CARTESIAN_POINT('Ctrl Pts',(44.2356774499826,4.19252935903348,11.1646443554621));
#6971=CARTESIAN_POINT('Ctrl Pts',(43.7929829787378,4.36886215734675,11.1381878522501));
#6972=CARTESIAN_POINT('Ctrl Pts',(43.5256197029659,4.69080288509248,11.1117313490381));
#6973=CARTESIAN_POINT('Ctrl Pts',(43.2582564271939,5.01274361283822,11.0852748458261));
#6974=CARTESIAN_POINT('Ctrl Pts',(43.166224346895,5.48029227001644,11.0588183426141));
#6975=CARTESIAN_POINT('Ctrl Pts',(43.2916281851227,5.87954511067117,11.0323618394021));
#6976=CARTESIAN_POINT('Ctrl Pts',(43.4170320233505,6.2787979513259,11.0059053361901));
#6977=CARTESIAN_POINT('Ctrl Pts',(43.759871780105,6.60975497545714,10.9794488329782));
#6978=CARTESIAN_POINT('Ctrl Pts',(44.1632980941341,6.72100317796879,10.9529923297662));
#6979=CARTESIAN_POINT('Ctrl Pts',(44.5667244081633,6.83225138048044,10.9265358265542));
#6980=CARTESIAN_POINT('Ctrl Pts',(45.0307372794671,6.72379076137249,10.9000793233422));
#6981=CARTESIAN_POINT('Ctrl Pts',(45.3430505859071,6.44524210847025,10.8736228201302));
#6982=CARTESIAN_POINT('Ctrl Pts',(45.6068579722818,6.20995532886436,10.8512753222136));
#6983=CARTESIAN_POINT('Ctrl Pts',(45.7624279811541,5.85331103093627,10.8289278242971));
#6984=CARTESIAN_POINT('Ctrl Pts',(45.7654748971411,5.49901093797769,10.8065803263806));
#6985=CARTESIAN_POINT('Origin',(44.5,5.5,20.));
#6986=CARTESIAN_POINT('',(45.7656024821595,5.50094446773235,10.3065803263806));
#6987=CARTESIAN_POINT('',(45.7624478610477,5.50017166936843,10.4434196736194));
#6988=CARTESIAN_POINT('',(45.7645,5.5,20.));
#6989=CARTESIAN_POINT('Ctrl Pts',(45.7624478610477,5.50017166936843,10.4434196736194));
#6990=CARTESIAN_POINT('Ctrl Pts',(45.7626908647077,5.70082511161301,10.4559991257239));
#6991=CARTESIAN_POINT('Ctrl Pts',(45.7176702969427,5.90137552622007,10.4685785778284));
#6992=CARTESIAN_POINT('Ctrl Pts',(45.6268059204475,6.0783941247916,10.4811580299328));
#6993=CARTESIAN_POINT('Ctrl Pts',(45.4355886611416,6.45091647701158,10.5076305425694));
#6994=CARTESIAN_POINT('Ctrl Pts',(45.0413473136652,6.71922572770435,10.534103055206));
#6995=CARTESIAN_POINT('Ctrl Pts',(44.6246474155046,6.76043419810671,10.5605755678425));
#6996=CARTESIAN_POINT('Ctrl Pts',(44.2079475173441,6.80164266850907,10.5870480804791));
#6997=CARTESIAN_POINT('Ctrl Pts',(43.7687890684993,6.61575035862099,10.6135205931157));
#6998=CARTESIAN_POINT('Ctrl Pts',(43.5083099807213,6.28789736108956,10.6399931057522));
#6999=CARTESIAN_POINT('Ctrl Pts',(43.2478308929432,5.96004436355813,10.6664656183888));
#7000=CARTESIAN_POINT('Ctrl Pts',(43.1660311662318,5.49023067838336,10.6929381310254));
#7001=CARTESIAN_POINT('Ctrl Pts',(43.3003756979516,5.09363454885495,10.719410643662));
#7002=CARTESIAN_POINT('Ctrl Pts',(43.4347202296714,4.69703841932653,10.7458831562985));
#7003=CARTESIAN_POINT('Ctrl Pts',(43.7852090198225,4.37365984544449,10.7723556689351));
#7004=CARTESIAN_POINT('Ctrl Pts',(44.1913155351477,4.27160867509283,10.7988281815717));
#7005=CARTESIAN_POINT('Ctrl Pts',(44.597422050473,4.16955750474118,10.8253006942083));
#7006=CARTESIAN_POINT('Ctrl Pts',(45.0591462909724,4.28883373791991,10.8517732068448));
#7007=CARTESIAN_POINT('Ctrl Pts',(45.3650150405841,4.5748079520922,10.8782457194814));
#7008=CARTESIAN_POINT('Ctrl Pts',(45.6160260437471,4.80949251685812,10.8999703708607));
#7009=CARTESIAN_POINT('Ctrl Pts',(45.7620737627634,5.15644240795952,10.9216950222401));
#7010=CARTESIAN_POINT('Ctrl Pts',(45.7651851639275,5.50107217694954,10.9434196736194));
#7011=CARTESIAN_POINT('Ctrl Pts',(45.7654748971411,5.49901093797769,10.8065803263806));
#7012=CARTESIAN_POINT('Ctrl Pts',(45.7660351296097,5.43386624197679,10.8024713210851));
#7013=CARTESIAN_POINT('Ctrl Pts',(45.7614389075257,5.36880079814786,10.7983623157896));
#7014=CARTESIAN_POINT('Ctrl Pts',(45.7514109430344,5.30458355832357,10.7942533104942));
#7015=CARTESIAN_POINT('Ctrl Pts',(45.6868442521456,4.89111034777563,10.7677968072822));
#7016=CARTESIAN_POINT('Ctrl Pts',(45.3970971287918,4.51280061337627,10.7413403040702));
#7017=CARTESIAN_POINT('Ctrl Pts',(45.0147290277246,4.34273124899989,10.7148838008582));
#7018=CARTESIAN_POINT('Ctrl Pts',(44.6323609266573,4.17266188462351,10.6884272976462));
#7019=CARTESIAN_POINT('Ctrl Pts',(44.1573718478766,4.21083289027011,10.6619707944342));
#7020=CARTESIAN_POINT('Ctrl Pts',(43.8070695339657,4.43978101164658,10.6355142912222));
#7021=CARTESIAN_POINT('Ctrl Pts',(43.4567672200548,4.66872913302306,10.6090577880102));
#7022=CARTESIAN_POINT('Ctrl Pts',(43.2311516710137,5.08845437012942,10.5826012847982));
#7023=CARTESIAN_POINT('Ctrl Pts',(43.2334421140712,5.50693221576018,10.5561447815862));
#7024=CARTESIAN_POINT('Ctrl Pts',(43.2357325571287,5.92541006139093,10.5296882783742));
#7025=CARTESIAN_POINT('Ctrl Pts',(43.4659289922848,6.34264051554607,10.5032317751622));
#7026=CARTESIAN_POINT('Ctrl Pts',(43.8187164346078,6.56774043547583,10.4767752719502));
#7027=CARTESIAN_POINT('Ctrl Pts',(44.1715038769307,6.79284035540559,10.4503187687382));
#7028=CARTESIAN_POINT('Ctrl Pts',(44.6468823264205,6.82580974110998,10.4238622655262));
#7029=CARTESIAN_POINT('Ctrl Pts',(45.0273659031985,6.6515650820372,10.3974057623142));
#7030=CARTESIAN_POINT('Ctrl Pts',(45.4078494799764,6.4773204229644,10.3709492591022));
#7031=CARTESIAN_POINT('Ctrl Pts',(45.6934381840426,6.09586171911439,10.3444927558903));
#7032=CARTESIAN_POINT('Ctrl Pts',(45.7534750395623,5.68170651947001,10.3180362526783));
#7033=CARTESIAN_POINT('Ctrl Pts',(45.7621405560198,5.62192876016825,10.314217610579));
#7034=CARTESIAN_POINT('Ctrl Pts',(45.7661071376848,5.56146983286598,10.3103989684798));
#7035=CARTESIAN_POINT('Ctrl Pts',(45.7656024821595,5.50094446773235,10.3065803263806));
#7036=CARTESIAN_POINT('Origin',(44.5,5.5,20.));
#7037=CARTESIAN_POINT('',(45.7625392911352,5.50038070731579,9.80658032638059));
#7038=CARTESIAN_POINT('',(45.7645544438912,5.49884443385296,9.94341967361942));
#7039=CARTESIAN_POINT('',(45.7645,5.5,20.));
#7040=CARTESIAN_POINT('Ctrl Pts',(45.7645544438912,5.49884443385296,9.94341967361942));
#7041=CARTESIAN_POINT('Ctrl Pts',(45.7615662642116,5.82305111373205,9.96383071657112));
#7042=CARTESIAN_POINT('Ctrl Pts',(45.6343824542565,6.1493402616074,9.98424175952281));
#7043=CARTESIAN_POINT('Ctrl Pts',(45.4097530855185,6.38123814564425,10.0046528024745));
#7044=CARTESIAN_POINT('Ctrl Pts',(45.1184155082798,6.68200276997473,10.0311253151111));
#7045=CARTESIAN_POINT('Ctrl Pts',(44.6631616901908,6.82398887909341,10.0575978277477));
#7046=CARTESIAN_POINT('Ctrl Pts',(44.2525013446087,6.74216575445005,10.0840703403842));
#7047=CARTESIAN_POINT('Ctrl Pts',(43.8418409990267,6.6603426298067,10.1105428530208));
#7048=CARTESIAN_POINT('Ctrl Pts',(43.4757741259517,6.35471027140129,10.1370153656574));
#7049=CARTESIAN_POINT('Ctrl Pts',(43.3219621391746,5.96525062537405,10.1634878782939));
#7050=CARTESIAN_POINT('Ctrl Pts',(43.1681501523976,5.57579097934681,10.1899603909305));
#7051=CARTESIAN_POINT('Ctrl Pts',(43.2265930519185,5.10250404569771,10.2164329035671));
#7052=CARTESIAN_POINT('Ctrl Pts',(43.4705235449818,4.76215884195032,10.2429054162037));
#7053=CARTESIAN_POINT('Ctrl Pts',(43.7144540380451,4.42181363820291,10.2693779288402));
#7054=CARTESIAN_POINT('Ctrl Pts',(44.1438721246508,4.21441016435718,10.2958504414768));
#7055=CARTESIAN_POINT('Ctrl Pts',(44.5621010530815,4.23494078986195,10.3223229541134));
#7056=CARTESIAN_POINT('Ctrl Pts',(44.9803299815123,4.25547141536672,10.34879546675));
#7057=CARTESIAN_POINT('Ctrl Pts',(45.3873697517681,4.50393614022197,10.3752679793865));
#7058=CARTESIAN_POINT('Ctrl Pts',(45.5967930513284,4.86653622952319,10.4017404920231));
#7059=CARTESIAN_POINT('Ctrl Pts',(45.7067006606879,5.05683267243246,10.4156335525552));
#7060=CARTESIAN_POINT('Ctrl Pts',(45.7621794817472,5.27856500510908,10.4295266130873));
#7061=CARTESIAN_POINT('Ctrl Pts',(45.7624478610477,5.50017166936843,10.4434196736194));
#7062=CARTESIAN_POINT('Ctrl Pts',(45.7656024821595,5.50094446773235,10.3065803263806));
#7063=CARTESIAN_POINT('Ctrl Pts',(45.7626107585587,5.14213503388288,10.2839424652678));
#7064=CARTESIAN_POINT('Ctrl Pts',(45.6024812674298,4.78099069985797,10.261304604155));
#7065=CARTESIAN_POINT('Ctrl Pts',(45.3326532530885,4.54558630869797,10.2386667430423));
#7066=CARTESIAN_POINT('Ctrl Pts',(45.0173096041216,4.27047299300896,10.2122102398303));
#7067=CARTESIAN_POINT('Ctrl Pts',(44.5521372992145,4.16709805706967,10.1857537366183));
#7068=CARTESIAN_POINT('Ctrl Pts',(44.149952901963,4.2827555860964,10.1592972334063));
#7069=CARTESIAN_POINT('Ctrl Pts',(43.7477685047114,4.39841311512312,10.1328407301943));
#7070=CARTESIAN_POINT('Ctrl Pts',(43.4085720151155,4.73310310911587,10.1063842269823));
#7071=CARTESIAN_POINT('Ctrl Pts',(43.287545997868,5.13370472738814,10.0799277237703));
#7072=CARTESIAN_POINT('Ctrl Pts',(43.1665199806205,5.53430634566042,10.0534712205583));
#7073=CARTESIAN_POINT('Ctrl Pts',(43.2636644357215,6.00081958821223,10.0270147173463));
#7074=CARTESIAN_POINT('Ctrl Pts',(43.5345357260737,6.31981441180045,10.0005582141343));
#7075=CARTESIAN_POINT('Ctrl Pts',(43.805407016426,6.63880923538867,9.97410171092231));
#7076=CARTESIAN_POINT('Ctrl Pts',(44.2500051420294,6.81028564001331,9.94764520771032));
#7077=CARTESIAN_POINT('Ctrl Pts',(44.6649262366737,6.75579308426202,9.92118870449832));
#7078=CARTESIAN_POINT('Ctrl Pts',(45.079847331318,6.70130052851072,9.89473220128632));
#7079=CARTESIAN_POINT('Ctrl Pts',(45.4650913950033,6.42083901238352,9.86827569807433));
#7080=CARTESIAN_POINT('Ctrl Pts',(45.644409074717,6.04271982065259,9.84181919486233));
#7081=CARTESIAN_POINT('Ctrl Pts',(45.724023427393,5.87484058681405,9.83007290536842));
#7082=CARTESIAN_POINT('Ctrl Pts',(45.7630450268282,5.68771081377119,9.8183266158745));
#7083=CARTESIAN_POINT('Ctrl Pts',(45.7625392911352,5.50038070731579,9.80658032638059));
#7084=CARTESIAN_POINT('Origin',(44.5,5.5,20.));
#7085=CARTESIAN_POINT('',(45.7642083597274,5.49884983920195,9.30658032638059));
#7086=CARTESIAN_POINT('',(45.7663377294663,5.5005036046445,9.44341967361942));
#7087=CARTESIAN_POINT('',(45.7645,5.5,20.));
#7088=CARTESIAN_POINT('Ctrl Pts',(45.7663377294663,5.5005036046445,9.44341967361942));
#7089=CARTESIAN_POINT('Ctrl Pts',(45.766479473107,5.52851720163343,9.44518979478178));
#7090=CARTESIAN_POINT('Ctrl Pts',(45.7656304969743,5.5565220522321,9.44695991594413));
#7091=CARTESIAN_POINT('Ctrl Pts',(45.7637634455494,5.58445886360828,9.44873003710649));
#7092=CARTESIAN_POINT('Ctrl Pts',(45.735841321636,6.00225941190389,9.47520254974306));
#7093=CARTESIAN_POINT('Ctrl Pts',(45.4802185648628,6.40484244717368,9.50167506237963));
#7094=CARTESIAN_POINT('Ctrl Pts',(45.1139723432285,6.60782187543821,9.52814757501621));
#7095=CARTESIAN_POINT('Ctrl Pts',(44.7477261215943,6.81080130370273,9.55462008765278));
#7096=CARTESIAN_POINT('Ctrl Pts',(44.2708564350989,6.81417712496199,9.58109260028935));
#7097=CARTESIAN_POINT('Ctrl Pts',(43.9017732293358,6.61640318738781,9.60756511292592));
#7098=CARTESIAN_POINT('Ctrl Pts',(43.5326900235727,6.41862924981364,9.6340376255625));
#7099=CARTESIAN_POINT('Ctrl Pts',(43.2713932985419,6.01970555340607,9.66051013819907));
#7100=CARTESIAN_POINT('Ctrl Pts',(43.2375589428852,5.60234218709651,9.68698265083564));
#7101=CARTESIAN_POINT('Ctrl Pts',(43.2037245872284,5.18497882078692,9.71345516347221));
#7102=CARTESIAN_POINT('Ctrl Pts',(43.3973526009459,4.74917578457536,9.73992767610878));
#7103=CARTESIAN_POINT('Ctrl Pts',(43.7297598801644,4.49453418569075,9.76640018874536));
#7104=CARTESIAN_POINT('Ctrl Pts',(44.0621671593829,4.23989258680616,9.79287270138193));
#7105=CARTESIAN_POINT('Ctrl Pts',(44.5333537041025,4.16641242524851,9.8193452140185));
#7106=CARTESIAN_POINT('Ctrl Pts',(44.9275124909142,4.30774817422608,9.84581772665507));
#7107=CARTESIAN_POINT('Ctrl Pts',(45.321671277726,4.44908392320364,9.87229023929165));
#7108=CARTESIAN_POINT('Ctrl Pts',(45.6388023066299,4.80523558271644,9.89876275192822));
#7109=CARTESIAN_POINT('Ctrl Pts',(45.7336571528877,5.21308298224398,9.92523526456479));
#7110=CARTESIAN_POINT('Ctrl Pts',(45.7553762765292,5.30646870207462,9.93129673424967));
#7111=CARTESIAN_POINT('Ctrl Pts',(45.7654418439414,5.40256474023944,9.93735820393454));
#7112=CARTESIAN_POINT('Ctrl Pts',(45.7645544438912,5.49884443385296,9.94341967361942));
#7113=CARTESIAN_POINT('Ctrl Pts',(45.7625392911352,5.50038070731579,9.80658032638059));
#7114=CARTESIAN_POINT('Ctrl Pts',(45.7619059438868,5.26578186627604,9.79187011266251));
#7115=CARTESIAN_POINT('Ctrl Pts',(45.6992808174986,5.03086883697585,9.77715989894443));
#7116=CARTESIAN_POINT('Ctrl Pts',(45.5767564575323,4.83305737489184,9.76244968522635));
#7117=CARTESIAN_POINT('Ctrl Pts',(45.3563948648918,4.47729098819669,9.73599318201435));
#7118=CARTESIAN_POINT('Ctrl Pts',(44.9422803838688,4.24153508214107,9.70953667880235));
#7119=CARTESIAN_POINT('Ctrl Pts',(44.5238705979369,4.23364810239105,9.68308017559036));
#7120=CARTESIAN_POINT('Ctrl Pts',(44.105460812005,4.22576112264102,9.65662367237836));
#7121=CARTESIAN_POINT('Ctrl Pts',(43.6827557211643,4.44574306919656,9.63016716916637));
#7122=CARTESIAN_POINT('Ctrl Pts',(43.4491431172032,4.79295209080124,9.60371066595437));
#7123=CARTESIAN_POINT('Ctrl Pts',(43.2155305132422,5.14016111240594,9.57725416274238));
#7124=CARTESIAN_POINT('Ctrl Pts',(43.1710103961609,5.61459720905978,9.55079765953038));
#7125=CARTESIAN_POINT('Ctrl Pts',(43.335950741929,5.99920562778075,9.52434115631839));
#7126=CARTESIAN_POINT('Ctrl Pts',(43.5008910876971,6.38381404650171,9.49788465310639));
#7127=CARTESIAN_POINT('Ctrl Pts',(43.8752918963146,6.6785947872898,9.47142814989439));
#7128=CARTESIAN_POINT('Ctrl Pts',(44.2878646094196,6.74868551288424,9.4449716466824));
#7129=CARTESIAN_POINT('Ctrl Pts',(44.7004373225246,6.81877623847868,9.4185151434704));
#7130=CARTESIAN_POINT('Ctrl Pts',(45.151181940117,6.66417694887947,9.39205864025841));
#7131=CARTESIAN_POINT('Ctrl Pts',(45.4338825728082,6.35561689688129,9.36560213704642));
#7132=CARTESIAN_POINT('Ctrl Pts',(45.6441081782622,6.12616136601561,9.34592820015781));
#7133=CARTESIAN_POINT('Ctrl Pts',(45.7614070580949,5.81156699764665,9.3262542632692));
#7134=CARTESIAN_POINT('Ctrl Pts',(45.7642083597274,5.49884983920195,9.30658032638059));
#7135=CARTESIAN_POINT('Origin',(44.5,5.5,20.));
#7136=CARTESIAN_POINT('',(45.7664699989172,5.5003324673665,8.80658032638059));
#7137=CARTESIAN_POINT('',(45.7630493325671,5.50085177648193,8.94341967361942));
#7138=CARTESIAN_POINT('',(45.7645,5.5,20.));
#7139=CARTESIAN_POINT('Ctrl Pts',(45.7630493325671,5.50085177648193,8.94341967361942));
#7140=CARTESIAN_POINT('Ctrl Pts',(45.763995904586,5.65382517101714,8.95302138562901));
#7141=CARTESIAN_POINT('Ctrl Pts',(45.7382895024589,5.80649125233956,8.9626230976386));
#7142=CARTESIAN_POINT('Ctrl Pts',(45.6845066010577,5.9485258721632,8.97222480964818));
#7143=CARTESIAN_POINT('Ctrl Pts',(45.5362238223664,6.34012408551913,8.99869732228476));
#7144=CARTESIAN_POINT('Ctrl Pts',(45.1745206415918,6.65090842084656,9.02516983492133));
#7145=CARTESIAN_POINT('Ctrl Pts',(44.7650598682418,6.73853728736629,9.0516423475579));
#7146=CARTESIAN_POINT('Ctrl Pts',(44.3555990948917,6.82616615388601,9.07811486019447));
#7147=CARTESIAN_POINT('Ctrl Pts',(43.8983807289661,6.69063955159804,9.10458737283105));
#7148=CARTESIAN_POINT('Ctrl Pts',(43.6028142616826,6.39402969576458,9.13105988546762));
#7149=CARTESIAN_POINT('Ctrl Pts',(43.3072477943992,6.09741983993113,9.15753239810419));
#7150=CARTESIAN_POINT('Ctrl Pts',(43.1733332257579,5.63972673055222,9.18400491074076));
#7151=CARTESIAN_POINT('Ctrl Pts',(43.2624044473424,5.23057729496004,9.21047742337733));
#7152=CARTESIAN_POINT('Ctrl Pts',(43.351475668927,4.82142785936786,9.23694993601391));
#7153=CARTESIAN_POINT('Ctrl Pts',(43.6635326807374,4.46082209756242,9.26342244865048));
#7154=CARTESIAN_POINT('Ctrl Pts',(44.0556509964797,4.31392019281184,9.28989496128706));
#7155=CARTESIAN_POINT('Ctrl Pts',(44.4477693122221,4.16701828806125,9.31636747392363));
#7156=CARTESIAN_POINT('Ctrl Pts',(44.9199489318963,4.2338202403655,9.34283998656021));
#7157=CARTESIAN_POINT('Ctrl Pts',(45.2559279962065,4.48373024717835,9.36931249919678));
#7158=CARTESIAN_POINT('Ctrl Pts',(45.569441355806,4.71692967582218,9.39401489067099));
#7159=CARTESIAN_POINT('Ctrl Pts',(45.7643596688804,5.10956830928824,9.41871728214521));
#7160=CARTESIAN_POINT('Ctrl Pts',(45.7663377294663,5.5005036046445,9.44341967361942));
#7161=CARTESIAN_POINT('Ctrl Pts',(45.7642083597274,5.49884983920195,9.30658032638059));
#7162=CARTESIAN_POINT('Ctrl Pts',(45.7651741051307,5.39104097107245,9.2997977600572));
#7163=CARTESIAN_POINT('Ctrl Pts',(45.7525316139385,5.28345521261208,9.29301519373381));
#7164=CARTESIAN_POINT('Ctrl Pts',(45.7253970421129,5.17965795904299,9.28623262741043));
#7165=CARTESIAN_POINT('Ctrl Pts',(45.6195542309363,4.77477988760002,9.25977612419843));
#7166=CARTESIAN_POINT('Ctrl Pts',(45.2932119607929,4.42754455911123,9.23331962098644));
#7167=CARTESIAN_POINT('Ctrl Pts',(44.8956719845071,4.29681231110857,9.20686311777444));
#7168=CARTESIAN_POINT('Ctrl Pts',(44.4981320082213,4.16608006310591,9.18040661456245));
#7169=CARTESIAN_POINT('Ctrl Pts',(44.0293943257931,4.25185089558937,9.15395011135045));
#7170=CARTESIAN_POINT('Ctrl Pts',(43.7039066628285,4.51488460953306,9.12749360813846));
#7171=CARTESIAN_POINT('Ctrl Pts',(43.378418999864,4.77791832347676,9.10103710492646));
#7172=CARTESIAN_POINT('Ctrl Pts',(43.196181356363,5.21821491888071,9.07458060171447));
#7173=CARTESIAN_POINT('Ctrl Pts',(43.2405675459396,5.63433848176561,9.04812409850247));
#7174=CARTESIAN_POINT('Ctrl Pts',(43.2849537355162,6.05046204465051,9.02166759529048));
#7175=CARTESIAN_POINT('Ctrl Pts',(43.5559637581703,6.44241257501637,8.99521109207847));
#7176=CARTESIAN_POINT('Ctrl Pts',(43.9296103921503,6.63087250796928,8.96875458886648));
#7177=CARTESIAN_POINT('Ctrl Pts',(44.3032570261302,6.81933244092219,8.94229808565448));
#7178=CARTESIAN_POINT('Ctrl Pts',(44.779540271436,6.80430177646215,8.91584158244249));
#7179=CARTESIAN_POINT('Ctrl Pts',(45.1405603036477,6.59265705114391,8.8893850792305));
#7180=CARTESIAN_POINT('Ctrl Pts',(45.5015803358593,6.38101232582568,8.8629285760185));
#7181=CARTESIAN_POINT('Ctrl Pts',(45.7473371549769,5.97275353964924,8.83647207280651));
#7182=CARTESIAN_POINT('Ctrl Pts',(45.7653968925755,5.55465929274907,8.81001556959451));
#7183=CARTESIAN_POINT('Ctrl Pts',(45.7661785477894,5.53656348453468,8.8088704885232));
#7184=CARTESIAN_POINT('Ctrl Pts',(45.7665336578117,5.51844925154097,8.8077254074519));
#7185=CARTESIAN_POINT('Ctrl Pts',(45.7664699989172,5.5003324673665,8.80658032638059));
#7186=CARTESIAN_POINT('Origin',(44.5,5.5,20.));
#7187=CARTESIAN_POINT('',(45.7632341127495,5.50093673343434,8.30658032638059));
#7188=CARTESIAN_POINT('',(45.7632450616318,5.49905424223251,8.44341967361942));
#7189=CARTESIAN_POINT('',(45.7645,5.5,20.));
#7190=CARTESIAN_POINT('Ctrl Pts',(45.7632450616318,5.49905424223251,8.44341967361942));
#7191=CARTESIAN_POINT('Ctrl Pts',(45.7613177605498,5.77669150665762,8.46085297647624));
#7192=CARTESIAN_POINT('Ctrl Pts',(45.6712082652289,6.05546611562778,8.47828627933306));
#7193=CARTESIAN_POINT('Ctrl Pts',(45.5027453216363,6.27377849923953,8.49571958218987));
#7194=CARTESIAN_POINT('Ctrl Pts',(45.2469339335319,6.60528638282007,8.52219209482645));
#7195=CARTESIAN_POINT('Ctrl Pts',(44.8104512772896,6.79737746763931,8.54866460746303));
#7196=CARTESIAN_POINT('Ctrl Pts',(44.3932097312846,6.76207257495623,8.5751371200996));
#7197=CARTESIAN_POINT('Ctrl Pts',(43.9759681852797,6.72676768227316,8.60160963273617));
#7198=CARTESIAN_POINT('Ctrl Pts',(43.5779677495121,6.4640668120878,8.62808214537274));
#7199=CARTESIAN_POINT('Ctrl Pts',(43.3814956525138,6.09428896220894,8.65455465800931));
#7200=CARTESIAN_POINT('Ctrl Pts',(43.1850235555154,5.72451111233007,8.68102717064588));
#7201=CARTESIAN_POINT('Ctrl Pts',(43.1900797972864,5.24765628275767,8.70749968328246));
#7202=CARTESIAN_POINT('Ctrl Pts',(43.3943485806154,4.88212761450134,8.73397219591904));
#7203=CARTESIAN_POINT('Ctrl Pts',(43.5986173639444,4.51659894624501,8.76044470855561));
#7204=CARTESIAN_POINT('Ctrl Pts',(44.0020986888315,4.26239643930474,8.78691722119218));
#7205=CARTESIAN_POINT('Ctrl Pts',(44.4199950378161,4.23594677644693,8.81338973382875));
#7206=CARTESIAN_POINT('Ctrl Pts',(44.8378913868007,4.20949711358912,8.83986224646532));
#7207=CARTESIAN_POINT('Ctrl Pts',(45.2702027598829,4.41080029481379,8.86633475910189));
#7208=CARTESIAN_POINT('Ctrl Pts',(45.51892725812,4.74765793111834,8.89280727173847));
#7209=CARTESIAN_POINT('Ctrl Pts',(45.6774381436718,4.96233562717959,8.90967807236545));
#7210=CARTESIAN_POINT('Ctrl Pts',(45.7613861471067,5.2320680806306,8.92654887299244));
#7211=CARTESIAN_POINT('Ctrl Pts',(45.7630493325671,5.50085177648193,8.94341967361942));
#7212=CARTESIAN_POINT('Ctrl Pts',(45.7664699989172,5.5003324673665,8.80658032638059));
#7213=CARTESIAN_POINT('Ctrl Pts',(45.7650628521294,5.09987036598134,8.7812689042399));
#7214=CARTESIAN_POINT('Ctrl Pts',(45.5590418392556,4.69816173712411,8.75595748209921));
#7215=CARTESIAN_POINT('Ctrl Pts',(45.2323940511592,4.46664822647357,8.73064605995852));
#7216=CARTESIAN_POINT('Ctrl Pts',(44.8909688160647,4.22466111472214,8.70418955674652));
#7217=CARTESIAN_POINT('Ctrl Pts',(44.4177556897961,4.16861659884318,8.67773305353453));
#7218=CARTESIAN_POINT('Ctrl Pts',(44.0292499157686,4.32415507305607,8.65127655032254));
#7219=CARTESIAN_POINT('Ctrl Pts',(43.6407441417411,4.47969354726895,8.62482004711054));
#7220=CARTESIAN_POINT('Ctrl Pts',(43.3369457199549,4.84681501157367,8.59836354389855));
#7221=CARTESIAN_POINT('Ctrl Pts',(43.2568425812654,5.25756121129468,8.57190704068655));
#7222=CARTESIAN_POINT('Ctrl Pts',(43.176739442576,5.6683074110157,8.54545053747455));
#7223=CARTESIAN_POINT('Ctrl Pts',(43.3203315869834,6.12267834615301,8.51899403426255));
#7224=CARTESIAN_POINT('Ctrl Pts',(43.6219255361577,6.41279908521631,8.49253753105056));
#7225=CARTESIAN_POINT('Ctrl Pts',(43.923519485332,6.70291982427961,8.46608102783856));
#7226=CARTESIAN_POINT('Ctrl Pts',(44.3831152392731,6.82879036726889,8.43962452462657));
#7227=CARTESIAN_POINT('Ctrl Pts',(44.7904475092585,6.73282487742146,8.41316802141458));
#7228=CARTESIAN_POINT('Ctrl Pts',(45.1977797792439,6.63685938757402,8.38671151820258));
#7229=CARTESIAN_POINT('Ctrl Pts',(45.5528485652737,6.31905786488986,8.36025501499059));
#7230=CARTESIAN_POINT('Ctrl Pts',(45.6932097190487,5.92481466593254,8.33379851177859));
#7231=CARTESIAN_POINT('Ctrl Pts',(45.7413437685552,5.78961684840367,8.32472578331259));
#7232=CARTESIAN_POINT('Ctrl Pts',(45.7642279900476,5.64542941481534,8.31565305484659));
#7233=CARTESIAN_POINT('Ctrl Pts',(45.7632341127495,5.50093673343434,8.30658032638059));
#7234=CARTESIAN_POINT('Origin',(44.5,5.5,20.));
#7235=CARTESIAN_POINT('',(45.7630996030219,5.49912628873387,7.80658032638059));
#7236=CARTESIAN_POINT('',(45.7664640320945,5.49964912643334,7.94341967361943));
#7237=CARTESIAN_POINT('',(45.7645,5.5,20.));
#7238=CARTESIAN_POINT('Ctrl Pts',(45.7664640320945,5.49964912643334,7.94341967361943));
#7239=CARTESIAN_POINT('Ctrl Pts',(45.7649910648831,5.89938031467713,7.96868456732348));
#7240=CARTESIAN_POINT('Ctrl Pts',(45.5598465510729,6.3004133088039,7.99394946102752));
#7241=CARTESIAN_POINT('Ctrl Pts',(45.2342088039168,6.5320701420931,8.01921435473157));
#7242=CARTESIAN_POINT('Ctrl Pts',(44.8930061264975,6.77479977786488,8.04568686736815));
#7243=CARTESIAN_POINT('Ctrl Pts',(44.4195161844863,6.83157449830991,8.07215938000473));
#7244=CARTESIAN_POINT('Ctrl Pts',(44.0306009747815,6.67639104938492,8.0986318926413));
#7245=CARTESIAN_POINT('Ctrl Pts',(43.6416857650768,6.52120760045992,8.12510440527787));
#7246=CARTESIAN_POINT('Ctrl Pts',(43.3373452876784,6.15406598216491,8.15157691791444));
#7247=CARTESIAN_POINT('Ctrl Pts',(43.2569697973937,5.74311984978081,8.17804943055101));
#7248=CARTESIAN_POINT('Ctrl Pts',(43.176594307109,5.33217371739671,8.20452194318758));
#7249=CARTESIAN_POINT('Ctrl Pts',(43.3201838039378,4.87742307092353,8.23099445582415));
#7250=CARTESIAN_POINT('Ctrl Pts',(43.6219732055564,4.58714716728927,8.25746696846073));
#7251=CARTESIAN_POINT('Ctrl Pts',(43.9237626071749,4.29687126365503,8.2839394810973));
#7252=CARTESIAN_POINT('Ctrl Pts',(44.3837519135831,4.1710701028597,8.31041199373387));
#7253=CARTESIAN_POINT('Ctrl Pts',(44.7912625217343,4.2673615739472,8.33688450637045));
#7254=CARTESIAN_POINT('Ctrl Pts',(45.1987731298855,4.3636530450347,8.36335701900702));
#7255=CARTESIAN_POINT('Ctrl Pts',(45.5538050397797,4.68203714800503,8.38982953164359));
#7256=CARTESIAN_POINT('Ctrl Pts',(45.6937509347435,5.07669154066112,8.41630204428016));
#7257=CARTESIAN_POINT('Ctrl Pts',(45.7415363610746,5.21144882247619,8.42534125405992));
#7258=CARTESIAN_POINT('Ctrl Pts',(45.7642443719135,5.35509864779196,8.43438046383967));
#7259=CARTESIAN_POINT('Ctrl Pts',(45.7632450616318,5.49905424223251,8.44341967361942));
#7260=CARTESIAN_POINT('Ctrl Pts',(45.7632341127495,5.50093673343434,8.30658032638059));
#7261=CARTESIAN_POINT('Ctrl Pts',(45.7613297970699,5.22408195540534,8.28919655163459));
#7262=CARTESIAN_POINT('Ctrl Pts',(45.6717633370437,4.94610654058287,8.2718127768886));
#7263=CARTESIAN_POINT('Ctrl Pts',(45.5041838349291,4.72809860753412,8.2544290021426));
#7264=CARTESIAN_POINT('Ctrl Pts',(45.2491432755143,4.39631062332352,8.22797249893061));
#7265=CARTESIAN_POINT('Ctrl Pts',(44.8134086351645,4.20341953013277,8.20151599571861));
#7266=CARTESIAN_POINT('Ctrl Pts',(44.3963287311259,4.23767310017028,8.17505949250661));
#7267=CARTESIAN_POINT('Ctrl Pts',(43.9792488270873,4.27192667020779,8.14860298929462));
#7268=CARTESIAN_POINT('Ctrl Pts',(43.58082365936,4.53332490347356,8.12214648608263));
#7269=CARTESIAN_POINT('Ctrl Pts',(43.383332942689,4.90227797669823,8.09568998287063));
#7270=CARTESIAN_POINT('Ctrl Pts',(43.185842226018,5.2712310499229,8.06923347965864));
#7271=CARTESIAN_POINT('Ctrl Pts',(43.1892859604033,5.74773896310646,8.04277697644664));
#7272=CARTESIAN_POINT('Ctrl Pts',(43.3920886356307,6.11379910616189,8.01632047323464));
#7273=CARTESIAN_POINT('Ctrl Pts',(43.5948913108581,6.47985924921732,7.98986397002264));
#7274=CARTESIAN_POINT('Ctrl Pts',(43.9970529269276,6.73547162214462,7.96340746681065));
#7275=CARTESIAN_POINT('Ctrl Pts',(44.4145843420969,6.76369343569105,7.93695096359866));
#7276=CARTESIAN_POINT('Ctrl Pts',(44.8321157572662,6.79191524923747,7.91049446038666));
#7277=CARTESIAN_POINT('Ctrl Pts',(45.2650169715354,6.59274650340302,7.88403795717466));
#7278=CARTESIAN_POINT('Ctrl Pts',(45.5152354615162,6.25730699963986,7.85758145396267));
#7279=CARTESIAN_POINT('Ctrl Pts',(45.6760204429207,6.04176084084467,7.84058107810197));
#7280=CARTESIAN_POINT('Ctrl Pts',(45.7613744632396,5.76994754306041,7.82358070224128));
#7281=CARTESIAN_POINT('Ctrl Pts',(45.7630996030219,5.49912628873387,7.80658032638059));
#7282=CARTESIAN_POINT('Origin',(44.5,5.5,20.));
#7283=CARTESIAN_POINT('',(45.7663914565228,5.49956194064382,7.30658032638059));
#7284=CARTESIAN_POINT('',(45.7642846986502,5.50115713955065,7.44341967361942));
#7285=CARTESIAN_POINT('',(45.7645,5.5,20.));
#7286=CARTESIAN_POINT('Ctrl Pts',(45.7642846986502,5.50115713955065,7.44341967361942));
#7287=CARTESIAN_POINT('Ctrl Pts',(45.7652373739103,5.6064288952732,7.45004364553413));
#7288=CARTESIAN_POINT('Ctrl Pts',(45.7531891717575,5.71148561623569,7.45666761744885));
#7289=CARTESIAN_POINT('Ctrl Pts',(45.7272959244434,5.8130112774223,7.46329158936356));
#7290=CARTESIAN_POINT('Ctrl Pts',(45.6238143086471,6.21875565304831,7.48976410200013));
#7291=CARTESIAN_POINT('Ctrl Pts',(45.2992026548789,6.5681027130119,7.5162366146367));
#7292=CARTESIAN_POINT('Ctrl Pts',(44.9021355709956,6.701048845172,7.54270912727327));
#7293=CARTESIAN_POINT('Ctrl Pts',(44.5050684871122,6.83399497733212,7.56918163990984));
#7294=CARTESIAN_POINT('Ctrl Pts',(44.0355459731137,6.75054018168872,7.59565415254642));
#7295=CARTESIAN_POINT('Ctrl Pts',(43.7086129136748,6.48890738977251,7.62212666518299));
#7296=CARTESIAN_POINT('Ctrl Pts',(43.3816798542359,6.2272745978563,7.64859917781956));
#7297=CARTESIAN_POINT('Ctrl Pts',(43.1973362493565,5.7874638096673,7.67507169045613));
#7298=CARTESIAN_POINT('Ctrl Pts',(43.2400128730037,5.37091171334076,7.70154420309271));
#7299=CARTESIAN_POINT('Ctrl Pts',(43.2826894966509,4.95435961701421,7.72801671572928));
#7300=CARTESIAN_POINT('Ctrl Pts',(43.5523863488246,4.56106621255013,7.75448922836586));
#7301=CARTESIAN_POINT('Ctrl Pts',(43.925580218723,4.37116287232095,7.78096174100243));
#7302=CARTESIAN_POINT('Ctrl Pts',(44.2987740886215,4.18125953209178,7.807434253639));
#7303=CARTESIAN_POINT('Ctrl Pts',(44.7754649762446,4.1947462560975,7.83390676627556));
#7304=CARTESIAN_POINT('Ctrl Pts',(45.1373248272433,4.40544602210387,7.86037927891214));
#7305=CARTESIAN_POINT('Ctrl Pts',(45.499184678242,4.61614578811025,7.88685179154871));
#7306=CARTESIAN_POINT('Ctrl Pts',(45.7462134926164,5.02405859611729,7.91332430418529));
#7307=CARTESIAN_POINT('Ctrl Pts',(45.7652701933899,5.44235727567006,7.93979681682186));
#7308=CARTESIAN_POINT('Ctrl Pts',(45.7661395189791,5.46143915927558,7.94100443575438));
#7309=CARTESIAN_POINT('Ctrl Pts',(45.766534437421,5.48054265575125,7.94221205468691));
#7310=CARTESIAN_POINT('Ctrl Pts',(45.7664640320945,5.49964912643334,7.94341967361943));
#7311=CARTESIAN_POINT('Ctrl Pts',(45.7630996030219,5.49912628873387,7.80658032638059));
#7312=CARTESIAN_POINT('Ctrl Pts',(45.7640591783639,5.34848725043636,7.79712419902929));
#7313=CARTESIAN_POINT('Ctrl Pts',(45.7391446173994,5.19815514280063,7.78766807167799));
#7314=CARTESIAN_POINT('Ctrl Pts',(45.6869451118013,5.05798389667937,7.77821194432669));
#7315=CARTESIAN_POINT('Ctrl Pts',(45.5409005064131,4.66581055917391,7.75175544111469));
#7316=CARTESIAN_POINT('Ctrl Pts',(45.1812755299444,4.35317414585487,7.72529893790269));
#7317=CARTESIAN_POINT('Ctrl Pts',(44.7725987901132,4.26310597315191,7.69884243469069));
#7318=CARTESIAN_POINT('Ctrl Pts',(44.3639220502819,4.17303780044895,7.6723859314787));
#7319=CARTESIAN_POINT('Ctrl Pts',(43.9061935470881,4.30553786836209,7.6459294282667));
#7320=CARTESIAN_POINT('Ctrl Pts',(43.6088243010975,4.59998732913958,7.61947292505471));
#7321=CARTESIAN_POINT('Ctrl Pts',(43.311455055107,4.89443678991706,7.59301642184271));
#7322=CARTESIAN_POINT('Ctrl Pts',(43.1744450663197,5.35083564355886,7.56655991863072));
#7323=CARTESIAN_POINT('Ctrl Pts',(43.260476473557,5.76038118483836,7.54010341541873));
#7324=CARTESIAN_POINT('Ctrl Pts',(43.3465078807942,6.16992672611786,7.51364691220673));
#7325=CARTESIAN_POINT('Ctrl Pts',(43.6555806840561,6.53261895503504,7.48719040899474));
#7326=CARTESIAN_POINT('Ctrl Pts',(44.0462939203075,6.68252599433319,7.46073390578274));
#7327=CARTESIAN_POINT('Ctrl Pts',(44.4370071565588,6.83243303363134,7.43427740257074));
#7328=CARTESIAN_POINT('Ctrl Pts',(44.9093608257997,6.76955488331045,7.40782089935874));
#7329=CARTESIAN_POINT('Ctrl Pts',(45.2472528866374,6.52265832878616,7.38136439614675));
#7330=CARTESIAN_POINT('Ctrl Pts',(45.5656238022071,6.29002580726434,7.35643637289136));
#7331=CARTESIAN_POINT('Ctrl Pts',(45.7646208956596,5.89402338030603,7.33150834963598));
#7332=CARTESIAN_POINT('Ctrl Pts',(45.7663914565228,5.49956194064382,7.30658032638059));
#7333=CARTESIAN_POINT('Origin',(44.5,5.5,20.));
#7334=CARTESIAN_POINT('',(45.7643902931126,5.50115526572223,6.80658032638059));
#7335=CARTESIAN_POINT('',(45.7624994448681,5.49968408853186,6.94341967361942));
#7336=CARTESIAN_POINT('',(45.7645,5.5,20.));
#7337=CARTESIAN_POINT('Ctrl Pts',(45.7624994448681,5.49968408853186,6.94341967361942));
#7338=CARTESIAN_POINT('Ctrl Pts',(45.7619843912598,5.73023965795433,6.95787523638137));
#7339=CARTESIAN_POINT('Ctrl Pts',(45.7016446347017,5.96104623216567,6.97233079914331));
#7340=CARTESIAN_POINT('Ctrl Pts',(45.5831143324528,6.15657801424063,6.98678636190525));
#7341=CARTESIAN_POINT('Ctrl Pts',(45.3660494574443,6.51465591525865,7.01325887454182));
#7342=CARTESIAN_POINT('Ctrl Pts',(44.9538326971463,6.75443380539185,7.0397313871784));
#7343=CARTESIAN_POINT('Ctrl Pts',(44.5352624649178,6.76609158614883,7.06620389981497));
#7344=CARTESIAN_POINT('Ctrl Pts',(44.1166922326894,6.77774936690582,7.09267641245155));
#7345=CARTESIAN_POINT('Ctrl Pts',(43.6917685285305,6.56128703828659,7.11914892508811));
#7346=CARTESIAN_POINT('Ctrl Pts',(43.4551096427937,6.21584599416791,7.14562143772469));
#7347=CARTESIAN_POINT('Ctrl Pts',(43.2184507570569,5.87040495004925,7.17209395036126));
#7348=CARTESIAN_POINT('Ctrl Pts',(43.1700566897423,5.39598519043116,7.19856646299783));
#7349=CARTESIAN_POINT('Ctrl Pts',(43.332092291979,5.00987457575223,7.2250389756344));
#7350=CARTESIAN_POINT('Ctrl Pts',(43.4941278942157,4.62376396107328,7.25151148827098));
#7351=CARTESIAN_POINT('Ctrl Pts',(43.8665931660038,4.3259624913335,7.27798400090755));
#7352=CARTESIAN_POINT('Ctrl Pts',(44.2788961782473,4.25286550606789,7.30445651354412));
#7353=CARTESIAN_POINT('Ctrl Pts',(44.6911991904907,4.17976852080228,7.33092902618069));
#7354=CARTESIAN_POINT('Ctrl Pts',(45.1433399431896,4.33137602001082,7.35740153881726));
#7355=CARTESIAN_POINT('Ctrl Pts',(45.4282345306268,4.63825061525931,7.38387405145384));
#7356=CARTESIAN_POINT('Ctrl Pts',(45.6418425812799,4.8683388197269,7.4037225921757));
#7357=CARTESIAN_POINT('Ctrl Pts',(45.7614300347209,5.18571336091985,7.42357113289756));
#7358=CARTESIAN_POINT('Ctrl Pts',(45.7642846986502,5.50115713955065,7.44341967361942));
#7359=CARTESIAN_POINT('Ctrl Pts',(45.7663914565228,5.49956194064382,7.30658032638059));
#7360=CARTESIAN_POINT('Ctrl Pts',(45.7665000197555,5.47537524930446,7.30505184642398));
#7361=CARTESIAN_POINT('Ctrl Pts',(45.7658670864065,5.45119435148992,7.30352336646737));
#7362=CARTESIAN_POINT('Ctrl Pts',(45.7644747095749,5.42705726308155,7.30199488651077));
#7363=CARTESIAN_POINT('Ctrl Pts',(45.7403740192399,5.00926771062897,7.27553838329877));
#7364=CARTESIAN_POINT('Ctrl Pts',(45.4887421861355,4.60460356445152,7.24908188008678));
#7365=CARTESIAN_POINT('Ctrl Pts',(45.124700900542,4.39819887507511,7.22262537687478));
#7366=CARTESIAN_POINT('Ctrl Pts',(44.7606596149485,4.19179418569868,7.19616887366278));
#7367=CARTESIAN_POINT('Ctrl Pts',(44.2842088768659,4.18364895312331,7.16971237045078));
#7368=CARTESIAN_POINT('Ctrl Pts',(43.9133251387439,4.37748962535136,7.14325586723879));
#7369=CARTESIAN_POINT('Ctrl Pts',(43.5424414006219,4.57133029757941,7.11679936402679));
#7370=CARTESIAN_POINT('Ctrl Pts',(43.2771246624605,4.96715687461087,7.0903428608148));
#7371=CARTESIAN_POINT('Ctrl Pts',(43.2387574654907,5.38387849825168,7.06388635760281));
#7372=CARTESIAN_POINT('Ctrl Pts',(43.200390268521,5.80060012189249,7.03742985439081));
#7373=CARTESIAN_POINT('Ctrl Pts',(43.3889726127429,6.23821679214266,7.01097335117881));
#7374=CARTESIAN_POINT('Ctrl Pts',(43.7182279807697,6.49651866212943,6.98451684796681));
#7375=CARTESIAN_POINT('Ctrl Pts',(44.0474833487965,6.75482053211621,6.95806034475482));
#7376=CARTESIAN_POINT('Ctrl Pts',(44.5174117406283,6.83380760183961,6.93160384154283));
#7377=CARTESIAN_POINT('Ctrl Pts',(44.9130206805076,6.69734324715043,6.90514733833083));
#7378=CARTESIAN_POINT('Ctrl Pts',(45.3086296203869,6.56087889246125,6.87869083511884));
#7379=CARTESIAN_POINT('Ctrl Pts',(45.6299191083137,6.20896311335951,6.85223433190684));
#7380=CARTESIAN_POINT('Ctrl Pts',(45.7298990418706,5.80259755588803,6.82577782869484));
#7381=CARTESIAN_POINT('Ctrl Pts',(45.7540816910345,5.704307875559,6.81937866125676));
#7382=CARTESIAN_POINT('Ctrl Pts',(45.7653169502979,5.60283269104984,6.81297949381867));
#7383=CARTESIAN_POINT('Ctrl Pts',(45.7643902931126,5.50115526572223,6.80658032638059));
#7384=CARTESIAN_POINT('Origin',(44.5,5.5,20.));
#7385=CARTESIAN_POINT('',(45.7624912328151,5.49971544743384,6.30658032638059));
#7386=CARTESIAN_POINT('',(45.7654444894461,5.49899722662531,6.44341967361942));
#7387=CARTESIAN_POINT('',(45.7645,5.5,20.));
#7388=CARTESIAN_POINT('Ctrl Pts',(45.7654444894461,5.49899722662531,6.44341967361942));
#7389=CARTESIAN_POINT('Ctrl Pts',(45.7623786739949,5.85236264378142,6.46570682722859));
#7390=CARTESIAN_POINT('Ctrl Pts',(45.6077600830092,6.20807936638456,6.48799398083777));
#7391=CARTESIAN_POINT('Ctrl Pts',(45.3452025556638,6.44332602309507,6.51028113444694));
#7392=CARTESIAN_POINT('Ctrl Pts',(45.0333387087875,6.72275022421498,6.53675364708352));
#7393=CARTESIAN_POINT('Ctrl Pts',(44.5691891176946,6.83220912588886,6.5632261597201));
#7394=CARTESIAN_POINT('Ctrl Pts',(44.1653378274789,6.72156971812189,6.58969867235667));
#7395=CARTESIAN_POINT('Ctrl Pts',(43.7614865372631,6.61093031035491,6.61617118499324));
#7396=CARTESIAN_POINT('Ctrl Pts',(43.4179335479245,6.2801925931471,6.64264369762981));
#7397=CARTESIAN_POINT('Ctrl Pts',(43.2920287431625,5.88083695803246,6.66911621026638));
#7398=CARTESIAN_POINT('Ctrl Pts',(43.1661239384005,5.48148132291783,6.69558872290295));
#7399=CARTESIAN_POINT('Ctrl Pts',(43.2578673182152,5.01350776989636,6.72206123553953));
#7400=CARTESIAN_POINT('Ctrl Pts',(43.5252397164459,4.69125174772708,6.7485337481761));
#7401=CARTESIAN_POINT('Ctrl Pts',(43.7926121146765,4.36899572555781,6.77500626081267));
#7402=CARTESIAN_POINT('Ctrl Pts',(44.2356135313231,4.19245723424071,6.80147877344924));
#7403=CARTESIAN_POINT('Ctrl Pts',(44.6513459461347,4.24249224633104,6.82795128608581));
#7404=CARTESIAN_POINT('Ctrl Pts',(45.0670783609463,4.29252725842137,6.85442379872238));
#7405=CARTESIAN_POINT('Ctrl Pts',(45.4555417739229,4.56913577391912,6.88089631135896));
#7406=CARTESIAN_POINT('Ctrl Pts',(45.6388169855517,4.94562898761943,6.90736882399554));
#7407=CARTESIAN_POINT('Ctrl Pts',(45.7220130561945,5.1165345657671,6.91938577387017));
#7408=CARTESIAN_POINT('Ctrl Pts',(45.7629276103776,5.30802259691836,6.9314027237448));
#7409=CARTESIAN_POINT('Ctrl Pts',(45.7624994448681,5.49968408853186,6.94341967361942));
#7410=CARTESIAN_POINT('Ctrl Pts',(45.7643902931126,5.50115526572223,6.80658032638059));
#7411=CARTESIAN_POINT('Ctrl Pts',(45.7614858099133,5.18246095428962,6.78652299060668));
#7412=CARTESIAN_POINT('Ctrl Pts',(45.6390995814626,4.86177977787139,6.76646565483277));
#7413=CARTESIAN_POINT('Ctrl Pts',(45.4214185420135,4.63097479641993,6.74640831905886));
#7414=CARTESIAN_POINT('Ctrl Pts',(45.1342877294124,4.32653293026449,6.71995181584687));
#7415=CARTESIAN_POINT('Ctrl Pts',(44.6813557250232,4.17846453379483,6.69349531263487));
#7416=CARTESIAN_POINT('Ctrl Pts',(44.2698391487949,4.25451097291216,6.66703880942287));
#7417=CARTESIAN_POINT('Ctrl Pts',(43.8583225725665,4.3305574120295,6.64058230621087));
#7418=CARTESIAN_POINT('Ctrl Pts',(43.4882214244989,4.63071868673381,6.61412580299888));
#7419=CARTESIAN_POINT('Ctrl Pts',(43.3288571660887,5.01767086278987,6.58766929978689));
#7420=CARTESIAN_POINT('Ctrl Pts',(43.1694929076785,5.40462303884592,6.56121279657489));
#7421=CARTESIAN_POINT('Ctrl Pts',(43.2208655389257,5.87836611625371,6.53475629336289));
#7422=CARTESIAN_POINT('Ctrl Pts',(43.4594720551811,6.22216239868506,6.50829979015089));
#7423=CARTESIAN_POINT('Ctrl Pts',(43.6980785714364,6.5659586811164,6.4818432869389));
#7424=CARTESIAN_POINT('Ctrl Pts',(44.1239189727001,6.77980816857131,6.45538678372691));
#7425=CARTESIAN_POINT('Ctrl Pts',(44.542171061087,6.76587461291807,6.42893028051491));
#7426=CARTESIAN_POINT('Ctrl Pts',(44.9604231494739,6.75194105726484,6.40247377730292));
#7427=CARTESIAN_POINT('Ctrl Pts',(45.3710869249841,6.51022445850345,6.37601727409092));
#7428=CARTESIAN_POINT('Ctrl Pts',(45.5862835036526,6.15131028221264,6.34956077087892));
#7429=CARTESIAN_POINT('Ctrl Pts',(45.702817480593,5.95694986718066,6.33523395604614));
#7430=CARTESIAN_POINT('Ctrl Pts',(45.7620311785094,5.72822154820636,6.32090714121337));
#7431=CARTESIAN_POINT('Ctrl Pts',(45.7624912328151,5.49971544743384,6.30658032638059));
#7432=CARTESIAN_POINT('Origin',(44.5,5.5,20.));
#7433=CARTESIAN_POINT('',(45.7654331837576,5.49899771971495,5.80658032638059));
#7434=CARTESIAN_POINT('',(45.7656803828929,5.50091817304399,5.94341967361942));
#7435=CARTESIAN_POINT('',(45.7645,5.5,20.));
#7436=CARTESIAN_POINT('Ctrl Pts',(45.7656803828929,5.50091817304399,5.94341967361942));
#7437=CARTESIAN_POINT('Ctrl Pts',(45.7661526693636,5.55870157054596,5.94706590543926));
#7438=CARTESIAN_POINT('Ctrl Pts',(45.7625382428868,5.61642555400862,5.95071213725909));
#7439=CARTESIAN_POINT('Ctrl Pts',(45.7546352301315,5.67355628845408,5.95435836907893));
#7440=CARTESIAN_POINT('Ctrl Pts',(45.697257472663,6.08833904618136,5.9808308817155));
#7441=CARTESIAN_POINT('Ctrl Pts',(45.4138237733843,6.47185101754673,6.00730339435207));
#7442=CARTESIAN_POINT('Ctrl Pts',(45.0341489236144,6.64844080097777,6.03377590698864));
#7443=CARTESIAN_POINT('Ctrl Pts',(44.6544740738446,6.82503058440882,6.06024841962521));
#7444=CARTESIAN_POINT('Ctrl Pts',(44.1785580735837,6.79469817990553,6.08672093226179));
#7445=CARTESIAN_POINT('Ctrl Pts',(43.8243740728716,6.57133605957273,6.11319344489836));
#7446=CARTESIAN_POINT('Ctrl Pts',(43.4701900721596,6.34797393923995,6.13966595753493));
#7447=CARTESIAN_POINT('Ctrl Pts',(43.2377380709964,5.93158210307768,6.16613847017151));
#7448=CARTESIAN_POINT('Ctrl Pts',(43.2334828549721,5.51287118096488,6.19261098280808));
#7449=CARTESIAN_POINT('Ctrl Pts',(43.2292276389479,5.09416025885208,6.21908349544465));
#7450=CARTESIAN_POINT('Ctrl Pts',(43.4531692080626,4.67313025078876,6.24555600808122));
#7451=CARTESIAN_POINT('Ctrl Pts',(43.8027406193724,4.44261610468301,6.27202852071779));
#7452=CARTESIAN_POINT('Ctrl Pts',(44.1523120306821,4.21210195857726,6.29850103335437));
#7453=CARTESIAN_POINT('Ctrl Pts',(44.6275132841869,4.17210367442907,6.32497354599094));
#7454=CARTESIAN_POINT('Ctrl Pts',(45.0106985893006,4.34094077078204,6.35144605862751));
#7455=CARTESIAN_POINT('Ctrl Pts',(45.3938838944143,4.50977786713502,6.37791857126409));
#7456=CARTESIAN_POINT('Ctrl Pts',(45.6850532511368,4.88745034398917,6.40439108390066));
#7457=CARTESIAN_POINT('Ctrl Pts',(45.7508488781683,5.30098133269921,6.43086359653723));
#7458=CARTESIAN_POINT('Ctrl Pts',(45.7612513029528,5.3663614377337,6.43504895556463));
#7459=CARTESIAN_POINT('Ctrl Pts',(45.7660202264199,5.43263787160855,6.43923431459202));
#7460=CARTESIAN_POINT('Ctrl Pts',(45.7654444894461,5.49899722662531,6.44341967361942));
#7461=CARTESIAN_POINT('Ctrl Pts',(45.7624912328151,5.49971544743384,6.30658032638059));
#7462=CARTESIAN_POINT('Ctrl Pts',(45.76288073428,5.30625250207778,6.29445063800137));
#7463=CARTESIAN_POINT('Ctrl Pts',(45.7211554305531,5.11294884346043,6.28232094962216));
#7464=CARTESIAN_POINT('Ctrl Pts',(45.6364454470184,4.94079638773082,6.27019126124294));
#7465=CARTESIAN_POINT('Ctrl Pts',(45.4516814298888,4.56530842336005,6.24373475803094));
#7466=CARTESIAN_POINT('Ctrl Pts',(45.0624240138028,4.29044424843879,6.21727825481894));
#7467=CARTESIAN_POINT('Ctrl Pts',(44.6467586625159,4.24195436132062,6.19082175160695));
#7468=CARTESIAN_POINT('Ctrl Pts',(44.2310933112291,4.19346447420245,6.16436524839495));
#7469=CARTESIAN_POINT('Ctrl Pts',(43.7890200247414,4.37134887488735,6.13790874518296));
#7470=CARTESIAN_POINT('Ctrl Pts',(43.5227875540971,4.69422536054055,6.11145224197097));
#7471=CARTESIAN_POINT('Ctrl Pts',(43.2565550834527,5.01710184619375,6.08499573875897));
#7472=CARTESIAN_POINT('Ctrl Pts',(43.1661634286517,5.48497041681525,6.05853923554697));
#7473=CARTESIAN_POINT('Ctrl Pts',(43.2929668172557,5.88378096588798,6.03208273233497));
#7474=CARTESIAN_POINT('Ctrl Pts',(43.4197702058597,6.28259151496071,6.00562622912298));
#7475=CARTESIAN_POINT('Ctrl Pts',(43.7637686378687,6.61234404248467,5.97916972591099));
#7476=CARTESIAN_POINT('Ctrl Pts',(44.1675826575192,6.72217660116764,5.952713222699));
#7477=CARTESIAN_POINT('Ctrl Pts',(44.5713966771697,6.83200915985061,5.926256719487));
#7478=CARTESIAN_POINT('Ctrl Pts',(45.0350262844618,6.72192174969261,5.899800216275));
#7479=CARTESIAN_POINT('Ctrl Pts',(45.3463607007348,6.44227941624309,5.87334371306301));
#7480=CARTESIAN_POINT('Ctrl Pts',(45.6082464061714,6.20705219452419,5.85108925083553));
#7481=CARTESIAN_POINT('Ctrl Pts',(45.7623726250539,5.85185301995256,5.82883478860806));
#7482=CARTESIAN_POINT('Ctrl Pts',(45.7654331837576,5.49899771971495,5.80658032638059));
#7483=CARTESIAN_POINT('Origin',(44.5,5.5,20.));
#7484=CARTESIAN_POINT('',(45.7656424458044,5.50092912687545,5.30658032638059));
#7485=CARTESIAN_POINT('',(45.7625772534381,5.50044952623946,5.44341967361942));
#7486=CARTESIAN_POINT('',(45.7645,5.5,20.));
#7487=CARTESIAN_POINT('Ctrl Pts',(45.7625772534381,5.50044952623946,5.44341967361942));
#7488=CARTESIAN_POINT('Ctrl Pts',(45.7631612141149,5.68348417036973,5.45489749628649));
#7489=CARTESIAN_POINT('Ctrl Pts',(45.7259780146207,5.8662927599442,5.46637531895356));
#7490=CARTESIAN_POINT('Ctrl Pts',(45.6498483793852,6.03111208833381,5.47785314162062));
#7491=CARTESIAN_POINT('Ctrl Pts',(45.4742625745467,6.4112522839185,5.5043256542572));
#7492=CARTESIAN_POINT('Ctrl Pts',(45.0915009690464,6.69569849574466,5.53079816689376));
#7493=CARTESIAN_POINT('Ctrl Pts',(44.6768712911801,6.75417219404085,5.55727067953034));
#7494=CARTESIAN_POINT('Ctrl Pts',(44.2622416133138,6.81264589233703,5.58374319216691));
#7495=CARTESIAN_POINT('Ctrl Pts',(43.8157438630814,6.64514707710324,5.61021570480349));
#7496=CARTESIAN_POINT('Ctrl Pts',(43.5418774081246,6.32839148045283,5.63668821744006));
#7497=CARTESIAN_POINT('Ctrl Pts',(43.2680109531678,6.01163588380243,5.66316073007663));
#7498=CARTESIAN_POINT('Ctrl Pts',(43.1667757934866,5.54562350573541,5.6896332427132));
#7499=CARTESIAN_POINT('Ctrl Pts',(43.284538402657,5.14379156195628,5.71610575534977));
#7500=CARTESIAN_POINT('Ctrl Pts',(43.4023010118275,4.74195961817714,5.74257826798634));
#7501=CARTESIAN_POINT('Ctrl Pts',(43.7390613898498,4.40430810868588,5.76905078062292));
#7502=CARTESIAN_POINT('Ctrl Pts',(44.1405807207016,4.28548399449922,5.79552329325949));
#7503=CARTESIAN_POINT('Ctrl Pts',(44.5421000515535,4.16665988031256,5.82199580589607));
#7504=CARTESIAN_POINT('Ctrl Pts',(45.0083783352349,4.26666316143048,5.84846831853263));
#7505=CARTESIAN_POINT('Ctrl Pts',(45.3258565692466,4.53969157403404,5.8749408311692));
#7506=CARTESIAN_POINT('Ctrl Pts',(45.5996064554867,4.77511400267147,5.89776711198594));
#7507=CARTESIAN_POINT('Ctrl Pts',(45.7627237569465,5.13918032336854,5.92059339280268));
#7508=CARTESIAN_POINT('Ctrl Pts',(45.7656803828929,5.50091817304399,5.94341967361942));
#7509=CARTESIAN_POINT('Ctrl Pts',(45.7654331837576,5.49899771971495,5.80658032638059));
#7510=CARTESIAN_POINT('Ctrl Pts',(45.766011072047,5.43237232036587,5.80237828539606));
#7511=CARTESIAN_POINT('Ctrl Pts',(45.7612031368903,5.36583048529822,5.79817624441154));
#7512=CARTESIAN_POINT('Ctrl Pts',(45.7507178509055,5.30019561704025,5.79397420342702));
#7513=CARTESIAN_POINT('Ctrl Pts',(45.6847013595493,4.88695140802799,5.76751770021502));
#7514=CARTESIAN_POINT('Ctrl Pts',(45.3936291515829,4.50966024674453,5.74106119700302));
#7515=CARTESIAN_POINT('Ctrl Pts',(45.0106669086348,4.34093302935116,5.71460469379103));
#7516=CARTESIAN_POINT('Ctrl Pts',(44.6277046656867,4.17220581195779,5.68814819057904));
#7517=CARTESIAN_POINT('Ctrl Pts',(44.1528523877569,4.21204253845451,5.66169168736705));
#7518=CARTESIAN_POINT('Ctrl Pts',(43.8033552309707,4.44221788642098,5.63523518415505));
#7519=CARTESIAN_POINT('Ctrl Pts',(43.4538580741844,4.67239323438745,5.60877868094305));
#7520=CARTESIAN_POINT('Ctrl Pts',(43.2297160385417,5.0929072038237,5.58232217773105));
#7521=CARTESIAN_POINT('Ctrl Pts',(43.2334742181499,5.51137444208637,5.55586567451905));
#7522=CARTESIAN_POINT('Ctrl Pts',(43.2372323977582,5.92984168034903,5.52940917130706));
#7523=CARTESIAN_POINT('Ctrl Pts',(43.4688907926174,6.34626218743812,5.50295266809507));
#7524=CARTESIAN_POINT('Ctrl Pts',(43.8224655704959,6.57012337179419,5.47649616488308));
#7525=CARTESIAN_POINT('Ctrl Pts',(44.1760403483744,6.79398455615028,5.45003966167108));
#7526=CARTESIAN_POINT('Ctrl Pts',(44.6515315092722,6.82528641777334,5.42358315845908));
#7527=CARTESIAN_POINT('Ctrl Pts',(45.0314016077848,6.64970833921798,5.39712665524709));
#7528=CARTESIAN_POINT('Ctrl Pts',(45.4112717062974,6.47413026066262,5.37067015203509));
#7529=CARTESIAN_POINT('Ctrl Pts',(45.6955207424247,6.09167224192883,5.34421364882309));
#7530=CARTESIAN_POINT('Ctrl Pts',(45.7541046390884,5.67730901906168,5.3177571456111));
#7531=CARTESIAN_POINT('Ctrl Pts',(45.7623544270212,5.61895836452194,5.31403153920093));
#7532=CARTESIAN_POINT('Ctrl Pts',(45.7661292098567,5.55997502054036,5.31030593279076));
#7533=CARTESIAN_POINT('Ctrl Pts',(45.7656424458044,5.50092912687545,5.30658032638059));
#7534=CARTESIAN_POINT('Origin',(44.5,5.5,20.));
#7535=CARTESIAN_POINT('',(45.7625530499381,5.50040364624791,4.80658032638059));
#7536=CARTESIAN_POINT('',(45.7640320762322,5.49886021795175,4.94341967361943));
#7537=CARTESIAN_POINT('',(45.7645,5.5,20.));
#7538=CARTESIAN_POINT('Ctrl Pts',(45.7640320762322,5.49886021795175,4.94341967361943));
#7539=CARTESIAN_POINT('Ctrl Pts',(45.7613414102389,5.80589199470798,4.96272908713372));
#7540=CARTESIAN_POINT('Ctrl Pts',(45.6487703126502,6.11469109732226,4.98203850064802));
#7541=CARTESIAN_POINT('Ctrl Pts',(45.4455563352711,6.34270668846139,5.00134791416232));
#7542=CARTESIAN_POINT('Ctrl Pts',(45.1669572685459,6.65530787716639,5.02782042679889));
#7543=CARTESIAN_POINT('Ctrl Pts',(44.7179910522533,6.81607301858461,5.05429293943546));
#7544=CARTESIAN_POINT('Ctrl Pts',(44.3042876302766,6.75137045445632,5.08076545207203));
#7545=CARTESIAN_POINT('Ctrl Pts',(43.8905842083,6.68666789032802,5.10723796470861));
#7546=CARTESIAN_POINT('Ctrl Pts',(43.5121435806393,6.39649762065319,5.13371047734518));
#7547=CARTESIAN_POINT('Ctrl Pts',(43.3422944348553,6.01375983726045,5.16018298998175));
#7548=CARTESIAN_POINT('Ctrl Pts',(43.1724452890712,5.63102205386771,5.18665550261833));
#7549=CARTESIAN_POINT('Ctrl Pts',(43.2111876251637,5.15571675675707,5.2131280152549));
#7550=CARTESIAN_POINT('Ctrl Pts',(43.440777158357,4.805537389278,5.23960052789147));
#7551=CARTESIAN_POINT('Ctrl Pts',(43.6703666915504,4.45535802179893,5.26607304052804));
#7552=CARTESIAN_POINT('Ctrl Pts',(44.0908034218445,4.23030458395144,5.29254555316461));
#7553=CARTESIAN_POINT('Ctrl Pts',(44.5095241270647,4.23345326302082,5.31901806580119));
#7554=CARTESIAN_POINT('Ctrl Pts',(44.9282448322848,4.23660194209019,5.34549057843776));
#7555=CARTESIAN_POINT('Ctrl Pts',(45.3452495124311,4.46795273807642,5.37196309107433));
#7556=CARTESIAN_POINT('Ctrl Pts',(45.5695468504158,4.82154522574114,5.3984356037109));
#7557=CARTESIAN_POINT('Ctrl Pts',(45.6965944446596,5.02182881048685,5.41343029368041));
#7558=CARTESIAN_POINT('Ctrl Pts',(45.7618143640332,5.26133207147279,5.42842498364992));
#7559=CARTESIAN_POINT('Ctrl Pts',(45.7625772534381,5.50044952623946,5.44341967361942));
#7560=CARTESIAN_POINT('Ctrl Pts',(45.7656424458044,5.50092912687545,5.30658032638059));
#7561=CARTESIAN_POINT('Ctrl Pts',(45.7626725713139,5.14067472324202,5.28384942957876));
#7562=CARTESIAN_POINT('Ctrl Pts',(45.60106497391,4.77809188357446,5.26111853277694));
#7563=CARTESIAN_POINT('Ctrl Pts',(45.3293006633543,4.54267176800022,5.23838763597511));
#7564=CARTESIAN_POINT('Ctrl Pts',(45.0129940337564,4.26866616680643,5.21193113276312));
#7565=CARTESIAN_POINT('Ctrl Pts',(44.5474620173606,4.16692339141935,5.18547462955112));
#7566=CARTESIAN_POINT('Ctrl Pts',(44.1456857459497,4.28399081278125,5.15901812633913));
#7567=CARTESIAN_POINT('Ctrl Pts',(43.7439094745388,4.40105823414315,5.13256162312713));
#7568=CARTESIAN_POINT('Ctrl Pts',(43.4058889481128,4.73693585225403,5.10610511991513));
#7569=CARTESIAN_POINT('Ctrl Pts',(43.2862687276227,5.13795948779568,5.07964861670314));
#7570=CARTESIAN_POINT('Ctrl Pts',(43.1666485071326,5.53898312333733,5.05319211349114));
#7571=CARTESIAN_POINT('Ctrl Pts',(43.2654285925782,6.00515277630975,5.02673561027915));
#7572=CARTESIAN_POINT('Ctrl Pts',(43.5374170451566,6.32319559587531,5.00027910706715));
#7573=CARTESIAN_POINT('Ctrl Pts',(43.8094054977349,6.64123841544086,4.97382260385516));
#7574=CARTESIAN_POINT('Ctrl Pts',(44.2546023174458,6.81115440159954,4.94736610064316));
#7575=CARTESIAN_POINT('Ctrl Pts',(44.6693297352237,6.7552069051725,4.92090959743117));
#7576=CARTESIAN_POINT('Ctrl Pts',(45.0840571530016,6.69925940874546,4.89445309421917));
#7577=CARTESIAN_POINT('Ctrl Pts',(45.4683151688463,6.41744842973269,4.86799659100718));
#7578=CARTESIAN_POINT('Ctrl Pts',(45.6463055471287,6.03870263285563,4.84154008779518));
#7579=CARTESIAN_POINT('Ctrl Pts',(45.7247046853795,5.87187707532946,4.82988683399032));
#7580=CARTESIAN_POINT('Ctrl Pts',(45.7630853407367,5.68624495950684,4.81823358018545));
#7581=CARTESIAN_POINT('Ctrl Pts',(45.7625530499381,5.50040364624791,4.80658032638059));
#7582=CARTESIAN_POINT('Origin',(44.5,5.5,20.));
#7583=CARTESIAN_POINT('',(45.7641646905099,5.49885247956292,4.30658032638059));
#7584=CARTESIAN_POINT('',(45.7665448806571,5.50019678464186,4.44341967361942));
#7585=CARTESIAN_POINT('',(45.7645,5.5,20.));
#7586=CARTESIAN_POINT('Ctrl Pts',(45.7665448806571,5.50019678464186,4.44341967361942));
#7587=CARTESIAN_POINT('Ctrl Pts',(45.7665677790092,5.51077158949198,4.44408816534438));
#7588=CARTESIAN_POINT('Ctrl Pts',(45.7664468046188,5.52134585698693,4.44475665706934));
#7589=CARTESIAN_POINT('Ctrl Pts',(45.7661803527511,5.53191645744842,4.4454251487943));
#7590=CARTESIAN_POINT('Ctrl Pts',(45.7556287629987,5.9505160359404,4.47189766143087));
#7591=CARTESIAN_POINT('Ctrl Pts',(45.5169410702031,6.36336501483619,4.49837017406744));
#7592=CARTESIAN_POINT('Ctrl Pts',(45.1594380541784,6.58137541984751,4.52484268670402));
#7593=CARTESIAN_POINT('Ctrl Pts',(44.8019350381537,6.79938582485882,4.55131519934059));
#7594=CARTESIAN_POINT('Ctrl Pts',(44.3256166988998,6.82255765598567,4.57778771197716));
#7595=CARTESIAN_POINT('Ctrl Pts',(43.9486404607775,6.64027803822459,4.60426022461373));
#7596=CARTESIAN_POINT('Ctrl Pts',(43.5716642226552,6.45799842046351,4.6307327372503));
#7597=CARTESIAN_POINT('Ctrl Pts',(43.2940300856645,6.07026735381449,4.65720524988688));
#7598=CARTESIAN_POINT('Ctrl Pts',(43.2428965974595,5.65466861759896,4.68367776252345));
#7599=CARTESIAN_POINT('Ctrl Pts',(43.1917631092544,5.23906988138343,4.71015027516002));
#7600=CARTESIAN_POINT('Ctrl Pts',(43.367130269835,4.79560347560139,4.73662278779659));
#7601=CARTESIAN_POINT('Ctrl Pts',(43.6886785850376,4.52738038906649,4.76309530043317));
#7602=CARTESIAN_POINT('Ctrl Pts',(44.0102269002403,4.25915730253159,4.78956781306974));
#7603=CARTESIAN_POINT('Ctrl Pts',(44.4779563700649,4.16617753524384,4.81604032570631));
#7604=CARTESIAN_POINT('Ctrl Pts',(44.8776433377144,4.29102652823608,4.84251283834288));
#7605=CARTESIAN_POINT('Ctrl Pts',(45.2773303053638,4.41587552122832,4.86898535097945));
#7606=CARTESIAN_POINT('Ctrl Pts',(45.608974770838,4.75855327450056,4.89545786361603));
#7607=CARTESIAN_POINT('Ctrl Pts',(45.7206810449961,5.16211076913258,4.9219303762526));
#7608=CARTESIAN_POINT('Ctrl Pts',(45.7509072318851,5.27130789655568,4.92909347537488));
#7609=CARTESIAN_POINT('Ctrl Pts',(45.7650302167091,5.38496245254504,4.93625657449715));
#7610=CARTESIAN_POINT('Ctrl Pts',(45.7640320762322,5.49886021795175,4.94341967361943));
#7611=CARTESIAN_POINT('Ctrl Pts',(45.7625530499381,5.50040364624791,4.80658032638059));
#7612=CARTESIAN_POINT('Ctrl Pts',(45.761876875405,5.26432749478093,4.79177707697345));
#7613=CARTESIAN_POINT('Ctrl Pts',(45.6984073274848,5.02791376381851,4.77697382756632));
#7614=CARTESIAN_POINT('Ctrl Pts',(45.5744106296403,4.82928490926501,4.76217057815919));
#7615=CARTESIAN_POINT('Ctrl Pts',(45.3528025931493,4.47429359729276,4.7357140749472));
#7616=CARTESIAN_POINT('Ctrl Pts',(44.9378637794473,4.2399915880896,4.7092575717352));
#7617=CARTESIAN_POINT('Ctrl Pts',(44.5194289046234,4.23357216877992,4.6828010685232));
#7618=CARTESIAN_POINT('Ctrl Pts',(44.1009940297995,4.22715274947024,4.65634456531121));
#7619=CARTESIAN_POINT('Ctrl Pts',(43.6790630938538,4.448615920054,4.62988806209921));
#7620=CARTESIAN_POINT('Ctrl Pts',(43.4466697123207,4.79664216853645,4.60343155888722));
#7621=CARTESIAN_POINT('Ctrl Pts',(43.2142763307876,5.1446684170189,4.57697505567522));
#7622=CARTESIAN_POINT('Ctrl Pts',(43.1714205036672,5.61925774340003,4.55051855246323));
#7623=CARTESIAN_POINT('Ctrl Pts',(43.3377087934345,6.00328529202046,4.52406204925123));
#7624=CARTESIAN_POINT('Ctrl Pts',(43.5039970832017,6.3873128406409,4.49760554603924));
#7625=CARTESIAN_POINT('Ctrl Pts',(43.8794294898568,6.68077861150065,4.47114904282724));
#7626=CARTESIAN_POINT('Ctrl Pts',(44.2922454984162,6.7494218667429,4.44469253961524));
#7627=CARTESIAN_POINT('Ctrl Pts',(44.7050615069756,6.81806512198515,4.41823603640325));
#7628=CARTESIAN_POINT('Ctrl Pts',(45.1552611174393,6.66188586160993,4.39177953319126));
#7629=CARTESIAN_POINT('Ctrl Pts',(45.4368777814545,6.35233617583706,4.36532302997926));
#7630=CARTESIAN_POINT('Ctrl Pts',(45.6453069918473,6.12323326813592,4.3457421287797));
#7631=CARTESIAN_POINT('Ctrl Pts',(45.7613910487752,5.81011821229817,4.32616122758014));
#7632=CARTESIAN_POINT('Ctrl Pts',(45.7641646905099,5.49885247956292,4.30658032638059));
#7633=CARTESIAN_POINT('Origin',(44.5,5.5,20.));
#7634=CARTESIAN_POINT('',(45.7664860820833,5.50030625728016,3.80658032638058));
#7635=CARTESIAN_POINT('',(45.7634522827262,5.50102137593915,3.94341967361942));
#7636=CARTESIAN_POINT('',(45.7645,5.5,20.));
#7637=CARTESIAN_POINT('Ctrl Pts',(45.7634522827262,5.50102137593915,3.94341967361942));
#7638=CARTESIAN_POINT('Ctrl Pts',(45.7644783379683,5.63633507313318,3.95191975619161));
#7639=CARTESIAN_POINT('Ctrl Pts',(45.7444580838905,5.77135318249202,3.9604198387638));
#7640=CARTESIAN_POINT('Ctrl Pts',(45.7021073698479,5.89896017007517,3.96891992133599));
#7641=CARTESIAN_POINT('Ctrl Pts',(45.5702110261195,6.29637720251219,3.99539243397257));
#7642=CARTESIAN_POINT('Ctrl Pts',(45.2217230331837,6.62191093785604,4.02186494660914));
#7643=CARTESIAN_POINT('Ctrl Pts',(44.816253543945,6.72646444787088,4.04833745924571));
#7644=CARTESIAN_POINT('Ctrl Pts',(44.4107840547062,6.83101795788571,4.07480997188228));
#7645=CARTESIAN_POINT('Ctrl Pts',(43.9483330691645,6.71459124257152,4.10128248451886));
#7646=CARTESIAN_POINT('Ctrl Pts',(43.640706658144,6.43050862359838,4.12775499715543));
#7647=CARTESIAN_POINT('Ctrl Pts',(43.3330802471236,6.14642600462524,4.154227509792));
#7648=CARTESIAN_POINT('Ctrl Pts',(43.1802784106244,5.69468748199315,4.18070002242857));
#7649=CARTESIAN_POINT('Ctrl Pts',(43.2522855526492,5.28219273698738,4.20717253506514));
#7650=CARTESIAN_POINT('Ctrl Pts',(43.324292694674,4.86969799198159,4.23364504770171));
#7651=CARTESIAN_POINT('Ctrl Pts',(43.6211088152228,4.49644702460213,4.26011756033829));
#7652=CARTESIAN_POINT('Ctrl Pts',(44.006789872189,4.33339161850531,4.28659007297486));
#7653=CARTESIAN_POINT('Ctrl Pts',(44.3924709291552,4.1703362124085,4.31306258561143));
#7654=CARTESIAN_POINT('Ctrl Pts',(44.8670169225388,4.21747636759432,4.33953509824801));
#7655=CARTESIAN_POINT('Ctrl Pts',(45.2130821758759,4.4532215342313,4.36600761088458));
#7656=CARTESIAN_POINT('Ctrl Pts',(45.5504084870004,4.68301359413983,4.39181163179619));
#7657=CARTESIAN_POINT('Ctrl Pts',(45.7656609960348,5.09200551569908,4.41761565270781));
#7658=CARTESIAN_POINT('Ctrl Pts',(45.7665448806571,5.50019678464186,4.44341967361942));
#7659=CARTESIAN_POINT('Ctrl Pts',(45.7641646905099,5.49885247956292,4.30658032638059));
#7660=CARTESIAN_POINT('Ctrl Pts',(45.7651386220209,5.38955519663471,4.29970472436815));
#7661=CARTESIAN_POINT('Ctrl Pts',(45.7521416035185,5.28048593158624,4.29282912235571));
#7662=CARTESIAN_POINT('Ctrl Pts',(45.724265951483,5.17536202615344,4.28595352034327));
#7663=CARTESIAN_POINT('Ctrl Pts',(45.6170037399295,4.77085767341319,4.25949701713128));
#7664=CARTESIAN_POINT('Ctrl Pts',(45.2894455992557,4.42476907910321,4.23304051391928));
#7665=CARTESIAN_POINT('Ctrl Pts',(44.8914495436657,4.29543194929154,4.20658401070729));
#7666=CARTESIAN_POINT('Ctrl Pts',(44.4934534880756,4.16609481947987,4.18012750749529));
#7667=CARTESIAN_POINT('Ctrl Pts',(44.0250195175693,4.2535091541665,4.15367100428329));
#7668=CARTESIAN_POINT('Ctrl Pts',(43.7004564093956,4.5176828512405,4.1272145010713));
#7669=CARTESIAN_POINT('Ctrl Pts',(43.3758933012218,4.7818565483145,4.1007579978593));
#7670=CARTESIAN_POINT('Ctrl Pts',(43.1952010553807,5.22278960777586,4.07430149464731));
#7671=CARTESIAN_POINT('Ctrl Pts',(43.2410464652789,5.63875493301873,4.04784499143532));
#7672=CARTESIAN_POINT('Ctrl Pts',(43.2868918751772,6.05472025826161,4.02138848822332));
#7673=CARTESIAN_POINT('Ctrl Pts',(43.5592749408149,6.44571784928599,3.99493198501132));
#7674=CARTESIAN_POINT('Ctrl Pts',(43.9335802725844,6.63286611142627,3.96847548179933));
#7675=CARTESIAN_POINT('Ctrl Pts',(44.3078856043538,6.82001437356656,3.94201897858733));
#7676=CARTESIAN_POINT('Ctrl Pts',(44.784113202255,6.80331330682275,3.91556247537534));
#7677=CARTESIAN_POINT('Ctrl Pts',(45.1443887005836,6.59040365763506,3.88910597216334));
#7678=CARTESIAN_POINT('Ctrl Pts',(45.5046641989122,6.37749400844736,3.86264946895135));
#7679=CARTESIAN_POINT('Ctrl Pts',(45.7489875976682,5.96837577681577,3.83619296573935));
#7680=CARTESIAN_POINT('Ctrl Pts',(45.7655808189636,5.55022075960302,3.80973646252735));
#7681=CARTESIAN_POINT('Ctrl Pts',(45.7662406499964,5.53359278532384,3.8086844171451));
#7682=CARTESIAN_POINT('Ctrl Pts',(45.766540379763,5.51695052151146,3.80763237176284));
#7683=CARTESIAN_POINT('Ctrl Pts',(45.7664860820833,5.50030625728016,3.80658032638058));
#7684=CARTESIAN_POINT('Origin',(44.5,5.5,20.));
#7685=CARTESIAN_POINT('',(45.7632682591295,5.50095097424987,3.30658032638058));
#7686=CARTESIAN_POINT('',(45.7628836651477,5.49925123022789,3.44341967361942));
#7687=CARTESIAN_POINT('',(45.7645,5.5,20.));
#7688=CARTESIAN_POINT('Ctrl Pts',(45.7628836651477,5.49925123022789,3.44341967361942));
#7689=CARTESIAN_POINT('Ctrl Pts',(45.7614797330378,5.75953123868936,3.45975134703884));
#7690=CARTESIAN_POINT('Ctrl Pts',(45.6831970869416,6.02058581177458,3.47608302045827));
#7691=CARTESIAN_POINT('Ctrl Pts',(45.5340068225892,6.23147880132504,3.49241469387769));
#7692=CARTESIAN_POINT('Ctrl Pts',(45.2921797264373,6.57332174585756,3.51888720651426));
#7693=CARTESIAN_POINT('Ctrl Pts',(44.8640487704024,6.78336930845235,3.54535971915083));
#7694=CARTESIAN_POINT('Ctrl Pts',(44.4457011906048,6.76541810689085,3.5718322317874));
#7695=CARTESIAN_POINT('Ctrl Pts',(44.0273536108073,6.74746690532936,3.59830474442398));
#7696=CARTESIAN_POINT('Ctrl Pts',(43.618789407247,6.50151693961159,3.62477725706055));
#7697=CARTESIAN_POINT('Ctrl Pts',(43.4071340944999,6.14021516581876,3.65124976969712));
#7698=CARTESIAN_POINT('Ctrl Pts',(43.1954787817527,5.77891339202593,3.6777222823337));
#7699=CARTESIAN_POINT('Ctrl Pts',(43.1807323598185,5.30225981015804,3.70419479497027));
#7700=CARTESIAN_POINT('Ctrl Pts',(43.3696488021696,4.92856538824441,3.73066730760684));
#7701=CARTESIAN_POINT('Ctrl Pts',(43.5585652445207,4.55487096633079,3.75713982024341));
#7702=CARTESIAN_POINT('Ctrl Pts',(43.9511445511571,4.28413570437142,3.78361233287999));
#7703=CARTESIAN_POINT('Ctrl Pts',(44.367582411946,4.24035841275268,3.81008484551656));
#7704=CARTESIAN_POINT('Ctrl Pts',(44.784020272735,4.19658112113395,3.83655735815313));
#7705=CARTESIAN_POINT('Ctrl Pts',(45.2243166876765,4.37976179985584,3.8630298707897));
#7706=CARTESIAN_POINT('Ctrl Pts',(45.4868125478868,4.70600230398188,3.88950238342627));
#7707=CARTESIAN_POINT('Ctrl Pts',(45.6650233794231,4.92748995515685,3.90747481349065));
#7708=CARTESIAN_POINT('Ctrl Pts',(45.761282808968,5.21491639532063,3.92544724355504));
#7709=CARTESIAN_POINT('Ctrl Pts',(45.7634522827262,5.50102137593915,3.94341967361942));
#7710=CARTESIAN_POINT('Ctrl Pts',(45.7664860820833,5.50030625728016,3.80658032638058));
#7711=CARTESIAN_POINT('Ctrl Pts',(45.7651749189555,5.09838584975538,3.78117586855084));
#7712=CARTESIAN_POINT('Ctrl Pts',(45.5574266104288,4.69529897681628,3.75577141072111));
#7713=CARTESIAN_POINT('Ctrl Pts',(45.2287652141693,4.46408581598641,3.73036695289137));
#7714=CARTESIAN_POINT('Ctrl Pts',(44.8864933442449,4.22329769237646,3.70391044967937));
#7715=CARTESIAN_POINT('Ctrl Pts',(44.4130865605613,4.16891324795047,3.67745394646738));
#7716=CARTESIAN_POINT('Ctrl Pts',(44.0251287048988,4.32581339340264,3.65099744325538));
#7717=CARTESIAN_POINT('Ctrl Pts',(43.6371708492363,4.48271353885481,3.62454094004338));
#7718=CARTESIAN_POINT('Ctrl Pts',(43.3346619215948,4.85089827418514,3.59808443683139));
#7719=CARTESIAN_POINT('Ctrl Pts',(43.2559999086098,5.26192289768876,3.57162793361939));
#7720=CARTESIAN_POINT('Ctrl Pts',(43.1773378956248,5.67294752119238,3.5451714304074));
#7721=CARTESIAN_POINT('Ctrl Pts',(43.3225227972962,6.1268120328693,3.5187149271954));
#7722=CARTESIAN_POINT('Ctrl Pts',(43.6251324480443,6.41587319021721,3.49225842398341));
#7723=CARTESIAN_POINT('Ctrl Pts',(43.9277420987923,6.70493434756511,3.46580192077141));
#7724=CARTESIAN_POINT('Ctrl Pts',(44.3877764986169,6.82919215058401,3.43934541755942));
#7725=CARTESIAN_POINT('Ctrl Pts',(44.7947696780832,6.73179859185924,3.41288891434742));
#7726=CARTESIAN_POINT('Ctrl Pts',(45.2017628575495,6.63440503313447,3.38643241113543));
#7727=CARTESIAN_POINT('Ctrl Pts',(45.5557148166574,6.31536011266604,3.35997590792343));
#7728=CARTESIAN_POINT('Ctrl Pts',(45.6946923559867,5.92062704212958,3.33351940471143));
#7729=CARTESIAN_POINT('Ctrl Pts',(45.741863200753,5.78664933260701,3.32453971193448));
#7730=CARTESIAN_POINT('Ctrl Pts',(45.7642686734366,5.64395223590982,3.31556001915753));
#7731=CARTESIAN_POINT('Ctrl Pts',(45.7632682591295,5.50095097424987,3.30658032638058));
#7732=CARTESIAN_POINT('Origin',(44.5,5.5,20.));
#7733=CARTESIAN_POINT('',(45.7630685293831,5.49914259470683,2.80658032638058));
#7734=CARTESIAN_POINT('',(45.7661817998517,5.49936050427562,2.94341967361942));
#7735=CARTESIAN_POINT('',(45.7645,5.5,20.));
#7736=CARTESIAN_POINT('Ctrl Pts',(45.7661817998517,5.49936050427562,2.94341967361942));
#7737=CARTESIAN_POINT('Ctrl Pts',(45.7638172607378,5.88188838417076,2.96758293788607));
#7738=CARTESIAN_POINT('Ctrl Pts',(45.5783974360298,6.26640166347765,2.99174620215273));
#7739=CARTESIAN_POINT('Ctrl Pts',(45.2764257397488,6.50069696542189,3.01590946641938));
#7740=CARTESIAN_POINT('Ctrl Pts',(44.9455950433052,6.75738353197852,3.04238197905596));
#7741=CARTESIAN_POINT('Ctrl Pts',(44.4748705772389,6.83376789630753,3.06885449169253));
#7742=CARTESIAN_POINT('Ctrl Pts',(44.079847729419,6.69486543822917,3.0953270043291));
#7743=CARTESIAN_POINT('Ctrl Pts',(43.6848248815991,6.5559629801508,3.12179951696567));
#7744=CARTESIAN_POINT('Ctrl Pts',(43.3655036520256,6.20177369966507,3.14827202960224));
#7745=CARTESIAN_POINT('Ctrl Pts',(43.2681355940117,5.79451898276351,3.17474454223882));
#7746=CARTESIAN_POINT('Ctrl Pts',(43.1707675359979,5.38726426586195,3.20121705487539));
#7747=CARTESIAN_POINT('Ctrl Pts',(43.2953526495436,4.92694411254456,3.22768956751196));
#7748=CARTESIAN_POINT('Ctrl Pts',(43.5848300045001,4.62438865626031,3.25416208014854));
#7749=CARTESIAN_POINT('Ctrl Pts',(43.8743073594565,4.32183319997605,3.28063459278511));
#7750=CARTESIAN_POINT('Ctrl Pts',(44.3286769558237,4.17704244072492,3.30710710542168));
#7751=CARTESIAN_POINT('Ctrl Pts',(44.739834060522,4.25633164816238,3.33357961805825));
#7752=CARTESIAN_POINT('Ctrl Pts',(45.1509911652203,4.33562085559985,3.36005213069482));
#7753=CARTESIAN_POINT('Ctrl Pts',(45.5189357782498,4.6389900297259,3.3865246433314));
#7754=CARTESIAN_POINT('Ctrl Pts',(45.67514646663,5.02749378002406,3.41299715596797));
#7755=CARTESIAN_POINT('Ctrl Pts',(45.7349861764683,5.17631811419741,3.42313799518512));
#7756=CARTESIAN_POINT('Ctrl Pts',(45.7637554098509,5.33763535355312,3.43327883440227));
#7757=CARTESIAN_POINT('Ctrl Pts',(45.7628836651477,5.49925123022789,3.44341967361942));
#7758=CARTESIAN_POINT('Ctrl Pts',(45.7632682591295,5.50095097424987,3.30658032638058));
#7759=CARTESIAN_POINT('Ctrl Pts',(45.7613211934964,5.22263344111349,3.28910351594554));
#7760=CARTESIAN_POINT('Ctrl Pts',(45.6707143786854,4.94316375384944,3.27162670551049));
#7761=CARTESIAN_POINT('Ctrl Pts',(45.5014703256898,4.72458132548506,3.25414989507545));
#7762=CARTESIAN_POINT('Ctrl Pts',(45.2452676365131,4.39368989998147,3.22769339186345));
#7763=CARTESIAN_POINT('Ctrl Pts',(44.8088591386092,4.20232826957878,3.20123688865146));
#7764=CARTESIAN_POINT('Ctrl Pts',(44.3919019393945,4.23804447649016,3.17478038543946));
#7765=CARTESIAN_POINT('Ctrl Pts',(43.9749447401797,4.27376068340153,3.14832388222746));
#7766=CARTESIAN_POINT('Ctrl Pts',(43.577438839654,4.53655472762697,3.12186737901547));
#7767=CARTESIAN_POINT('Ctrl Pts',(43.3812433873553,4.90619820168058,3.09541087580347));
#7768=CARTESIAN_POINT('Ctrl Pts',(43.1850479350565,5.2758416757342,3.06895437259148));
#7769=CARTESIAN_POINT('Ctrl Pts',(43.1901629309847,5.75233457961599,3.04249786937948));
#7770=CARTESIAN_POINT('Ctrl Pts',(43.3942482619284,6.11768117000209,3.01604136616749));
#7771=CARTESIAN_POINT('Ctrl Pts',(43.5983335928721,6.48302776038819,2.98958486295549));
#7772=CARTESIAN_POINT('Ctrl Pts',(44.0013892588314,6.7372280372786,2.9631283597435));
#7773=CARTESIAN_POINT('Ctrl Pts',(44.4190170897897,6.76398524606801,2.9366718565315));
#7774=CARTESIAN_POINT('Ctrl Pts',(44.836644920748,6.79074245485742,2.91021535331951));
#7775=CARTESIAN_POINT('Ctrl Pts',(45.2688449167053,6.59005659554583,2.88375885010751));
#7776=CARTESIAN_POINT('Ctrl Pts',(45.5178853620038,6.25374154976486,2.85730234689551));
#7777=CARTESIAN_POINT('Ctrl Pts',(45.6770375935523,6.03881545623324,2.84039500672387));
#7778=CARTESIAN_POINT('Ctrl Pts',(45.7613874709772,5.76849840766109,2.82348766655223));
#7779=CARTESIAN_POINT('Ctrl Pts',(45.7630685293831,5.49914259470683,2.80658032638058));
#7780=CARTESIAN_POINT('Origin',(44.5,5.5,20.));
#7781=CARTESIAN_POINT('',(45.7663695600786,5.49953697988885,2.30658032638058));
#7782=CARTESIAN_POINT('',(45.7648150881413,5.50113485715527,2.44341967361942));
#7783=CARTESIAN_POINT('',(45.7645,5.5,20.));
#7784=CARTESIAN_POINT('Ctrl Pts',(45.7648150881413,5.50113485715527,2.44341967361942));
#7785=CARTESIAN_POINT('Ctrl Pts',(45.7656253223235,5.58880478177172,2.44894201609673));
#7786=CARTESIAN_POINT('Ctrl Pts',(45.757287605906,5.67632162091006,2.45446435857405));
#7787=CARTESIAN_POINT('Ctrl Pts',(45.7392334328975,5.76178587574085,2.45998670105136));
#7788=CARTESIAN_POINT('Ctrl Pts',(45.6526869492133,6.17147679499786,2.48645921368793));
#7789=CARTESIAN_POINT('Ctrl Pts',(45.3428595675694,6.53400001860046,2.51293172632451));
#7790=CARTESIAN_POINT('Ctrl Pts',(44.9516545866744,6.68331715118367,2.53940423896108));
#7791=CARTESIAN_POINT('Ctrl Pts',(44.5604496057794,6.83263428376689,2.56587675159765));
#7792=CARTESIAN_POINT('Ctrl Pts',(44.0878670256333,6.76874532533072,2.59234926423423));
#7793=CARTESIAN_POINT('Ctrl Pts',(43.7503532644952,6.52091190506128,2.6188217768708));
#7794=CARTESIAN_POINT('Ctrl Pts',(43.4128395033571,6.27307848479184,2.64529428950737));
#7795=CARTESIAN_POINT('Ctrl Pts',(43.210394561227,5.84130060268913,2.67176680214394));
#7796=CARTESIAN_POINT('Ctrl Pts',(43.2357397622912,5.42333581476682,2.69823931478051));
#7797=CARTESIAN_POINT('Ctrl Pts',(43.2610849633555,5.00537102684451,2.72471182741709));
#7798=CARTESIAN_POINT('Ctrl Pts',(43.5142203076141,4.6012193331026,2.75118434005366));
#7799=CARTESIAN_POINT('Ctrl Pts',(43.8792078809305,4.39598528503906,2.77765685269023));
#7800=CARTESIAN_POINT('Ctrl Pts',(44.244195454247,4.19075123697552,2.80412936532681));
#7801=CARTESIAN_POINT('Ctrl Pts',(44.7210352566212,4.18443483459035,2.83060187796338));
#7802=CARTESIAN_POINT('Ctrl Pts',(45.0913310296147,4.37992903824636,2.85707439059995));
#7803=CARTESIAN_POINT('Ctrl Pts',(45.4616268026083,4.57542324190236,2.88354690323652));
#7804=CARTESIAN_POINT('Ctrl Pts',(45.7253785462211,4.97272805159954,2.91001941587309));
#7805=CARTESIAN_POINT('Ctrl Pts',(45.7617859546171,5.38987484084026,2.93649192850967));
#7806=CARTESIAN_POINT('Ctrl Pts',(45.7649618431187,5.42626336036974,2.93880117687958));
#7807=CARTESIAN_POINT('Ctrl Pts',(45.7664077754498,5.46280286564917,2.9411104252495));
#7808=CARTESIAN_POINT('Ctrl Pts',(45.7661817998517,5.49936050427562,2.94341967361942));
#7809=CARTESIAN_POINT('Ctrl Pts',(45.7630685293831,5.49914259470683,2.80658032638058));
#7810=CARTESIAN_POINT('Ctrl Pts',(45.7640179809607,5.34701206751247,2.79703116334023));
#7811=CARTESIAN_POINT('Ctrl Pts',(45.7385967258004,5.19518816696266,2.78748200029988));
#7812=CARTESIAN_POINT('Ctrl Pts',(45.6853875034702,5.05382357677687,2.77793283725953));
#7813=CARTESIAN_POINT('Ctrl Pts',(45.5379683049985,4.6621648818202,2.75147633404753));
#7814=CARTESIAN_POINT('Ctrl Pts',(45.1772490134153,4.35079172415717,2.72501983083554));
#7815=CARTESIAN_POINT('Ctrl Pts',(44.7682588861542,4.26215748011977,2.69856332762354));
#7816=CARTESIAN_POINT('Ctrl Pts',(44.3592687588931,4.17352323608237,2.67210682441155));
#7817=CARTESIAN_POINT('Ctrl Pts',(43.9020077959541,4.30762790567059,2.64565032119955));
#7818=CARTESIAN_POINT('Ctrl Pts',(43.6056731180012,4.60311853505753,2.61919381798756));
#7819=CARTESIAN_POINT('Ctrl Pts',(43.3093384400483,4.89860916444447,2.59273731477556));
#7820=CARTESIAN_POINT('Ctrl Pts',(43.1739300470815,5.35548575363013,2.56628081156357));
#7821=CARTESIAN_POINT('Ctrl Pts',(43.2613973470282,5.76472703313859,2.53982430835157));
#7822=CARTESIAN_POINT('Ctrl Pts',(43.3488646469748,6.17396831264705,2.51336780513957));
#7823=CARTESIAN_POINT('Ctrl Pts',(43.659207639835,6.5355742824783,2.48691130192758));
#7824=CARTESIAN_POINT('Ctrl Pts',(44.0504442501932,6.68411002944935,2.46045479871558));
#7825=CARTESIAN_POINT('Ctrl Pts',(44.4416808605513,6.8326457764204,2.43399829550359));
#7826=CARTESIAN_POINT('Ctrl Pts',(44.9138110884076,6.76811130053124,2.40754179229159));
#7827=CARTESIAN_POINT('Ctrl Pts',(45.2508351169149,6.52003115698772,2.3810852890796));
#7828=CARTESIAN_POINT('Ctrl Pts',(45.5672029864882,6.28715581322102,2.35625030151326));
#7829=CARTESIAN_POINT('Ctrl Pts',(45.7645184200967,5.89254430227367,2.33141531394692));
#7830=CARTESIAN_POINT('Ctrl Pts',(45.7663695600786,5.49953697988885,2.30658032638058));
#7831=CARTESIAN_POINT('Origin',(44.5,5.5,20.));
#7832=CARTESIAN_POINT('',(45.7644348243592,5.50115509093163,1.80658032638058));
#7833=CARTESIAN_POINT('',(45.7624273560603,5.49996913628311,1.94341967361942));
#7834=CARTESIAN_POINT('',(45.7645,5.5,20.));
#7835=CARTESIAN_POINT('Ctrl Pts',(45.7624273560603,5.49996913628311,1.94341967361942));
#7836=CARTESIAN_POINT('Ctrl Pts',(45.7623810195105,5.71298487149131,1.95677360694396));
#7837=CARTESIAN_POINT('Ctrl Pts',(45.7113439558601,5.9260214595901,1.97012754026851));
#7838=CARTESIAN_POINT('Ctrl Pts',(45.6094405440214,6.11104257232052,1.98348147359306));
#7839=CARTESIAN_POINT('Ctrl Pts',(45.4074296988232,6.47782392622958,2.00995398622963));
#7840=CARTESIAN_POINT('Ctrl Pts',(45.0055236004045,6.73450969155587,2.0364264988662));
#7841=CARTESIAN_POINT('Ctrl Pts',(44.5877983004796,6.76353583423812,2.06289901150277));
#7842=CARTESIAN_POINT('Ctrl Pts',(44.1700730005547,6.79256197692036,2.08937152413935));
#7843=CARTESIAN_POINT('Ctrl Pts',(43.7365284991236,6.59392849695856,2.11584403677592));
#7844=CARTESIAN_POINT('Ctrl Pts',(43.4857314773158,6.2586110398881,2.14231654941249));
#7845=CARTESIAN_POINT('Ctrl Pts',(43.234934455508,5.92329358281764,2.16878906204907));
#7846=CARTESIAN_POINT('Ctrl Pts',(43.1668849133236,5.45129214863853,2.19526157468564));
#7847=CARTESIAN_POINT('Ctrl Pts',(43.3127500589589,5.05878698631894,2.22173408732221));
#7848=CARTESIAN_POINT('Ctrl Pts',(43.4586152045943,4.66628182399935,2.24820659995878));
#7849=CARTESIAN_POINT('Ctrl Pts',(43.8183950380494,4.35327293353928,2.27467911259536));
#7850=CARTESIAN_POINT('Ctrl Pts',(44.2273076575313,4.2631207689062,2.30115162523193));
#7851=CARTESIAN_POINT('Ctrl Pts',(44.6362202770133,4.17296860427312,2.3276241378685));
#7852=CARTESIAN_POINT('Ctrl Pts',(45.094265682522,4.30567316546703,2.35409665050507));
#7853=CARTESIAN_POINT('Ctrl Pts',(45.3916555924141,4.6004547535197,2.38056916314164));
#7854=CARTESIAN_POINT('Ctrl Pts',(45.6270079860995,4.83374293867625,2.4015193333009));
#7855=CARTESIAN_POINT('Ctrl Pts',(45.7617412939944,5.1685405194971,2.42246950346016));
#7856=CARTESIAN_POINT('Ctrl Pts',(45.7648150881413,5.50113485715527,2.44341967361942));
#7857=CARTESIAN_POINT('Ctrl Pts',(45.7663695600786,5.49953697988885,2.30658032638058));
#7858=CARTESIAN_POINT('Ctrl Pts',(45.7664904239379,5.47387690977998,2.30495881073493));
#7859=CARTESIAN_POINT('Ctrl Pts',(45.7657780253162,5.44822367831216,2.30333729508927));
#7860=CARTESIAN_POINT('Ctrl Pts',(45.7642110959345,5.42262274921778,2.30171577944361));
#7861=CARTESIAN_POINT('Ctrl Pts',(45.7386452172882,5.00492029618921,2.27525927623161));
#7862=CARTESIAN_POINT('Ctrl Pts',(45.4855956308371,4.60114120132994,2.24880277301962));
#7863=CARTESIAN_POINT('Ctrl Pts',(45.1208326497304,4.39601460377659,2.22234626980762));
#7864=CARTESIAN_POINT('Ctrl Pts',(44.7560696686237,4.19088800622325,2.19588976659563));
#7865=CARTESIAN_POINT('Ctrl Pts',(44.2795932928614,4.18441390597582,2.16943326338363));
#7866=CARTESIAN_POINT('Ctrl Pts',(43.9093917041463,4.37955420708971,2.14297676017164));
#7867=CARTESIAN_POINT('Ctrl Pts',(43.5391901154312,4.5746945082036,2.11652025695964));
#7868=CARTESIAN_POINT('Ctrl Pts',(43.2752633137633,4.97144921067881,2.09006375374764));
#7869=CARTESIAN_POINT('Ctrl Pts',(43.2383579437248,5.38830283859083,2.06360725053565));
#7870=CARTESIAN_POINT('Ctrl Pts',(43.2014525736863,5.80515646650285,2.03715074732365));
#7871=CARTESIAN_POINT('Ctrl Pts',(43.3915686352771,6.24210901985166,2.01069424411166));
#7872=CARTESIAN_POINT('Ctrl Pts',(43.7217279346496,6.49925448533593,1.98423774089966));
#7873=CARTESIAN_POINT('Ctrl Pts',(44.0518872340221,6.75639995082021,1.95778123768767));
#7874=CARTESIAN_POINT('Ctrl Pts',(44.5220897711762,6.83373832843992,1.93132473447567));
#7875=CARTESIAN_POINT('Ctrl Pts',(44.9172176487178,6.69588727198593,1.90486823126367));
#7876=CARTESIAN_POINT('Ctrl Pts',(45.3123455262594,6.55803621553194,1.87841172805168));
#7877=CARTESIAN_POINT('Ctrl Pts',(45.6323987441883,6.20499572500424,1.85195522483968));
#7878=CARTESIAN_POINT('Ctrl Pts',(45.7309527942603,5.79828200157709,1.82549872162769));
#7879=CARTESIAN_POINT('Ctrl Pts',(45.7544439873017,5.70133833885943,1.81919258987865));
#7880=CARTESIAN_POINT('Ctrl Pts',(45.7653507577459,5.60134524416645,1.81288645812962));
#7881=CARTESIAN_POINT('Ctrl Pts',(45.7644348243592,5.50115509093163,1.80658032638058));
#7882=CARTESIAN_POINT('Origin',(44.5,5.5,20.));
#7883=CARTESIAN_POINT('',(45.7624816887518,5.49973909904021,1.30658032638058));
#7884=CARTESIAN_POINT('',(45.7649285169562,5.49888010165044,1.44341967361942));
#7885=CARTESIAN_POINT('',(45.7645,5.5,20.));
#7886=CARTESIAN_POINT('Ctrl Pts',(45.7649285169562,5.49888010165044,1.44341967361942));
#7887=CARTESIAN_POINT('Ctrl Pts',(45.7618319730512,5.8351332677941,1.4646051977912));
#7888=CARTESIAN_POINT('Ctrl Pts',(45.6237193406861,6.17363304236456,1.48579072196297));
#7889=CARTESIAN_POINT('Ctrl Pts',(45.3836392609705,6.40742107093946,1.50697624613475));
#7890=CARTESIAN_POINT('Ctrl Pts',(45.0836456005574,6.69955245700036,1.53344875877133));
#7891=CARTESIAN_POINT('Ctrl Pts',(44.6244408014972,6.82818777894625,1.5599212714079));
#7892=CARTESIAN_POINT('Ctrl Pts',(44.2163441546721,6.73441107750307,1.58639378404447));
#7893=CARTESIAN_POINT('Ctrl Pts',(43.808247507847,6.64063437605988,1.61286629668104));
#7894=CARTESIAN_POINT('Ctrl Pts',(43.451259013257,6.32444565122762,1.63933880931762));
#7895=CARTESIAN_POINT('Ctrl Pts',(43.3088821192047,5.93066174678799,1.66581132195419));
#7896=CARTESIAN_POINT('Ctrl Pts',(43.1665052251524,5.53687784234838,1.69228383459076));
#7897=CARTESIAN_POINT('Ctrl Pts',(43.2387399316378,5.06549875830141,1.71875634722733));
#7898=CARTESIAN_POINT('Ctrl Pts',(43.4925021928625,4.73241970176619,1.74522885986391));
#7899=CARTESIAN_POINT('Ctrl Pts',(43.7462644540873,4.39934064523098,1.77170137250048));
#7900=CARTESIAN_POINT('Ctrl Pts',(44.1815542700515,4.20456161620752,1.79817388513705));
#7901=CARTESIAN_POINT('Ctrl Pts',(44.5990055925601,4.23729289273641,1.82464639777362));
#7902=CARTESIAN_POINT('Ctrl Pts',(45.0164569150687,4.2700241692653,1.8511189104102));
#7903=CARTESIAN_POINT('Ctrl Pts',(45.4160697441218,4.53026575134655,1.87759142304677));
#7904=CARTESIAN_POINT('Ctrl Pts',(45.6148183626595,4.89882501363309,1.90406393568334));
#7905=CARTESIAN_POINT('Ctrl Pts',(45.7133091841103,5.08146630574859,1.91718251499536));
#7906=CARTESIAN_POINT('Ctrl Pts',(45.7624728759599,5.29070765884997,1.93030109430739));
#7907=CARTESIAN_POINT('Ctrl Pts',(45.7624273560603,5.49996913628311,1.94341967361942));
#7908=CARTESIAN_POINT('Ctrl Pts',(45.7644348243592,5.50115509093163,1.80658032638058));
#7909=CARTESIAN_POINT('Ctrl Pts',(45.7615080859544,5.18101131897169,1.78642995491762));
#7910=CARTESIAN_POINT('Ctrl Pts',(45.6378675691818,4.85885551309079,1.76627958345466));
#7911=CARTESIAN_POINT('Ctrl Pts',(45.4183648941129,4.62774839856807,1.7461292119917));
#7912=CARTESIAN_POINT('Ctrl Pts',(45.1301680616786,4.3243154753128,1.71967270877971));
#7913=CARTESIAN_POINT('Ctrl Pts',(44.6767195145949,4.17783658512889,1.69321620556771));
#7914=CARTESIAN_POINT('Ctrl Pts',(44.2654721914536,4.2553258905999,1.66675970235572));
#7915=CARTESIAN_POINT('Ctrl Pts',(43.8542248683122,4.33281519607091,1.64030319914372));
#7916=CARTESIAN_POINT('Ctrl Pts',(43.4851787691132,4.63427269719684,1.61384669593173));
#7917=CARTESIAN_POINT('Ctrl Pts',(43.3271726697717,5.02178144204387,1.58739019271973));
#7918=CARTESIAN_POINT('Ctrl Pts',(43.1691665704302,5.4092901868909,1.56093368950773));
#7919=CARTESIAN_POINT('Ctrl Pts',(43.2222004709463,5.88285017545903,1.53447718629574));
#7920=CARTESIAN_POINT('Ctrl Pts',(43.4620113355165,6.22580746204039,1.50802068308374));
#7921=CARTESIAN_POINT('Ctrl Pts',(43.7018222000867,6.56876474862175,1.48156417987175));
#7922=CARTESIAN_POINT('Ctrl Pts',(44.128410028711,6.78111933321633,1.45510767665975));
#7923=CARTESIAN_POINT('Ctrl Pts',(44.5466106743929,6.76571891083406,1.42865117344776));
#7924=CARTESIAN_POINT('Ctrl Pts',(44.9648113200747,6.7503184884518,1.40219467023576));
#7925=CARTESIAN_POINT('Ctrl Pts',(45.374624782814,6.50716305909268,1.37573816702377));
#7926=CARTESIAN_POINT('Ctrl Pts',(45.5885611985512,6.14749630713466,1.34928166381177));
#7927=CARTESIAN_POINT('Ctrl Pts',(45.7036604491213,5.95399314189431,1.33504788466804));
#7928=CARTESIAN_POINT('Ctrl Pts',(45.7620628264221,5.72676561847661,1.32081410552431));
#7929=CARTESIAN_POINT('Ctrl Pts',(45.7624816887518,5.49973909904021,1.30658032638058));
#7930=CARTESIAN_POINT('Origin',(44.5,5.5,20.));
#7931=CARTESIAN_POINT('',(45.7653911544643,5.49898336468641,0.806580326380583));
#7932=CARTESIAN_POINT('',(45.766104373219,5.50069504445118,0.943419673619418));
#7933=CARTESIAN_POINT('',(45.7645,5.5,20.));
#7934=CARTESIAN_POINT('Ctrl Pts',(45.766104373219,5.50069504445118,0.943419673619418));
#7935=CARTESIAN_POINT('Ctrl Pts',(45.7663707870302,5.54098507788445,0.945964276001856));
#7936=CARTESIAN_POINT('Ctrl Pts',(45.7646144429044,5.58125158459321,0.948508878384294));
#7937=CARTESIAN_POINT('Ctrl Pts',(45.7607592535556,5.62131612872627,0.951053480766732));
#7938=CARTESIAN_POINT('Ctrl Pts',(45.7206521824247,6.03812354750451,0.977525993403304));
#7939=CARTESIAN_POINT('Ctrl Pts',(45.4533856224107,6.43307241522388,1.00399850603988));
#7940=CARTESIAN_POINT('Ctrl Pts',(45.0813698736789,6.62527342829173,1.03047101867645));
#7941=CARTESIAN_POINT('Ctrl Pts',(44.7093541249471,6.81747444135958,1.05694353131302));
#7942=CARTESIAN_POINT('Ctrl Pts',(44.2325891874976,6.8069275997759,1.08341604394959));
#7943=CARTESIAN_POINT('Ctrl Pts',(43.869436936881,6.59846329025124,1.10988855658617));
#7944=CARTESIAN_POINT('Ctrl Pts',(43.5062846862645,6.38999898072657,1.13636106922274));
#7945=CARTESIAN_POINT('Ctrl Pts',(43.256745122481,5.9836172032609,1.16283358185931));
#7946=CARTESIAN_POINT('Ctrl Pts',(43.2351093136712,5.56544398087905,1.18930609449588));
#7947=CARTESIAN_POINT('Ctrl Pts',(43.2134735048614,5.14727075849721,1.21577860713246));
#7948=CARTESIAN_POINT('Ctrl Pts',(43.4197414510254,4.71730609119918,1.24225111976903));
#7949=CARTESIAN_POINT('Ctrl Pts',(43.7594408377209,4.47247702930966,1.2687236324056));
#7950=CARTESIAN_POINT('Ctrl Pts',(44.0991402244164,4.22764796742014,1.29519614504217));
#7951=CARTESIAN_POINT('Ctrl Pts',(44.5722710516435,4.16795451093912,1.32166865767875));
#7952=CARTESIAN_POINT('Ctrl Pts',(44.9621358129312,4.32073673771005,1.34814117031532));
#7953=CARTESIAN_POINT('Ctrl Pts',(45.3520005742189,4.47351896448099,1.37461368295189));
#7954=CARTESIAN_POINT('Ctrl Pts',(45.6585992695672,4.83877687450387,1.40108619558846));
#7955=CARTESIAN_POINT('Ctrl Pts',(45.7415073563584,5.24921955460326,1.42755870822504));
#7956=CARTESIAN_POINT('Ctrl Pts',(45.7580654407579,5.33119158895208,1.43284569668983));
#7957=CARTESIAN_POINT('Ctrl Pts',(45.7657012800832,5.41496588757495,1.43813268515462));
#7958=CARTESIAN_POINT('Ctrl Pts',(45.7649285169562,5.49888010165044,1.44341967361942));
#7959=CARTESIAN_POINT('Ctrl Pts',(45.7624816887518,5.49973909904021,1.30658032638058));
#7960=CARTESIAN_POINT('Ctrl Pts',(45.7628413710701,5.30478858904353,1.29435760231232));
#7961=CARTESIAN_POINT('Ctrl Pts',(45.7204447541256,5.10998629680118,1.28213487824405));
#7962=CARTESIAN_POINT('Ctrl Pts',(45.6344771318011,4.93681388270789,1.26991215417578));
#7963=CARTESIAN_POINT('Ctrl Pts',(45.4483972805787,4.56197628479604,1.24345565096379));
#7964=CARTESIAN_POINT('Ctrl Pts',(45.0581782093986,4.28847916352926,1.21699914775179));
#7965=CARTESIAN_POINT('Ctrl Pts',(44.6423453448566,4.24144741500152,1.1905426445398));
#7966=CARTESIAN_POINT('Ctrl Pts',(44.2265124803146,4.19441566647378,1.1640861413278));
#7967=CARTESIAN_POINT('Ctrl Pts',(43.7850658224107,4.37384929068509,1.13762963811581));
#7968=CARTESIAN_POINT('Ctrl Pts',(43.5199674293632,4.69765765083975,1.11117313490381));
#7969=CARTESIAN_POINT('Ctrl Pts',(43.2548690363158,5.02146601099442,1.08471663169181));
#7970=CARTESIAN_POINT('Ctrl Pts',(43.1661189081248,5.48964910709243,1.05826012847982));
#7971=CARTESIAN_POINT('Ctrl Pts',(43.294320292259,5.88801228793282,1.03180362526782));
#7972=CARTESIAN_POINT('Ctrl Pts',(43.4225216763932,6.28637546877321,1.00534712205583));
#7973=CARTESIAN_POINT('Ctrl Pts',(43.7676745728525,6.61491873435598,0.978890618843832));
#7974=CARTESIAN_POINT('Ctrl Pts',(44.1718713208604,6.72333462720536,0.952434115631837));
#7975=CARTESIAN_POINT('Ctrl Pts',(44.5760680688684,6.83175052005474,0.925977612419841));
#7976=CARTESIAN_POINT('Ctrl Pts',(45.0393086684251,6.72003904017072,0.899521109207846));
#7977=CARTESIAN_POINT('Ctrl Pts',(45.3496603833573,6.43930583150852,0.873064605995851));
#7978=CARTESIAN_POINT('Ctrl Pts',(45.6096281000443,6.20414820955029,0.850903179457428));
#7979=CARTESIAN_POINT('Ctrl Pts',(45.7623188580294,5.8503937578591,0.828741752919006));
#7980=CARTESIAN_POINT('Ctrl Pts',(45.7653911544643,5.49898336468641,0.806580326380583));
#7981=CARTESIAN_POINT('Origin',(44.5,5.5,20.));
#7982=CARTESIAN_POINT('',(45.7656828244556,5.50087990906162,0.306580326380583));
#7983=CARTESIAN_POINT('',(45.7628161908233,5.50069651372739,0.443419673619418));
#7984=CARTESIAN_POINT('',(45.7645,5.5,20.));
#7985=CARTESIAN_POINT('',(43.5418838472776,6.32521129893649,0.));
#7986=CARTESIAN_POINT('Ctrl Pts',(45.7656828244556,5.50087990906162,0.306580326380583));
#7987=CARTESIAN_POINT('Ctrl Pts',(45.7627340821751,5.13927265330444,0.283756393889708));
#7988=CARTESIAN_POINT('Ctrl Pts',(45.5996346263541,4.77543346584724,0.260932461398833));
#7989=CARTESIAN_POINT('Ctrl Pts',(45.3259344380239,4.53990105282846,0.238108528907958));
#7990=CARTESIAN_POINT('Ctrl Pts',(45.008673163501,4.26688219229461,0.211652025695962));
#7991=CARTESIAN_POINT('Ctrl Pts',(44.5428039743212,4.166261848055,0.185195522483967));
#7992=CARTESIAN_POINT('Ctrl Pts',(44.1414256886431,4.28499940002588,0.158739019271971));
#7993=CARTESIAN_POINT('Ctrl Pts',(43.740047402965,4.40373695199675,0.132282516059976));
#7994=CARTESIAN_POINT('Ctrl Pts',(43.4031600207886,4.74183240017811,0.10582601284798));
#7995=CARTESIAN_POINT('Ctrl Pts',(43.2850312358305,5.14256663004194,0.0793695096359845));
#7996=CARTESIAN_POINT('Ctrl Pts',(43.1669024508724,5.54330085990576,0.052913006423989));
#7997=CARTESIAN_POINT('Ctrl Pts',(43.2675322631326,6.00667387145205,0.0264565032119935));
#7998=CARTESIAN_POINT('Ctrl Pts',(43.5418838472776,6.32521129893651,-1.94289029309402E-15));
#7999=CARTESIAN_POINT('',(45.4599346041012,6.32661737262268,5.06068543464212E-15));
#8000=CARTESIAN_POINT('Origin',(44.5,5.5,0.));
#8001=CARTESIAN_POINT('Ctrl Pts',(45.4599358701893,6.32661835159476,3.36536354339501E-15));
#8002=CARTESIAN_POINT('Ctrl Pts',(45.1928424941646,6.63572333639039,0.0258201879199493));
#8003=CARTESIAN_POINT('Ctrl Pts',(44.7621859562461,6.80470944139074,0.0516403758398952));
#8004=CARTESIAN_POINT('Ctrl Pts',(44.3563396244369,6.75830591914642,0.0774605637598411));
#8005=CARTESIAN_POINT('Ctrl Pts',(43.9402399360598,6.71073005204573,0.103933076396414));
#8006=CARTESIAN_POINT('Ctrl Pts',(43.5502199063634,6.43674381426232,0.130405589032986));
#8007=CARTESIAN_POINT('Ctrl Pts',(43.3646606797884,6.06144141760344,0.156878101669559));
#8008=CARTESIAN_POINT('Ctrl Pts',(43.1791014532133,5.68613902094456,0.183350614306131));
#8009=CARTESIAN_POINT('Ctrl Pts',(43.1980030297596,5.20952046541022,0.209823126942703));
#8010=CARTESIAN_POINT('Ctrl Pts',(43.4128379946094,4.85008322712339,0.236295639579276));
#8011=CARTESIAN_POINT('Ctrl Pts',(43.6276729594591,4.49064598883657,0.262768152215848));
#8012=CARTESIAN_POINT('Ctrl Pts',(44.0384413126122,4.24839006779725,0.289240664852421));
#8013=CARTESIAN_POINT('Ctrl Pts',(44.4569408567608,4.2341656671831,0.315713177488993));
#8014=CARTESIAN_POINT('Ctrl Pts',(44.8754404009094,4.21994126656894,0.342185690125566));
#8015=CARTESIAN_POINT('Ctrl Pts',(45.3016711360535,4.43374838637993,0.368658202762138));
#8016=CARTESIAN_POINT('Ctrl Pts',(45.5404509571128,4.77771608087422,0.39513071539871));
#8017=CARTESIAN_POINT('Ctrl Pts',(45.6856383943787,4.98686184471784,0.411227034805613));
#8018=CARTESIAN_POINT('Ctrl Pts',(45.7615230930463,5.24412945596412,0.427323354212515));
#8019=CARTESIAN_POINT('Ctrl Pts',(45.7628161908233,5.50069651372739,0.443419673619418));
#8020=CARTESIAN_POINT('Origin',(54.,61.,5.50071541457847));
#8021=CARTESIAN_POINT('',(59.,61.,0.));
#8022=CARTESIAN_POINT('',(54.,66.,0.));
#8023=CARTESIAN_POINT('Origin',(54.,61.,0.));
#8024=CARTESIAN_POINT('',(54.,66.,3.86226300478226));
#8025=CARTESIAN_POINT('',(54.,66.,5.50071541457847));
#8026=CARTESIAN_POINT('',(59.,61.,3.86226300478226));
#8027=CARTESIAN_POINT('Origin',(54.,61.,3.86226300478226));
#8028=CARTESIAN_POINT('',(59.,61.,5.50071541457847));
#8029=CARTESIAN_POINT('Origin',(10.4812885148872,61.,26.));
#8030=CARTESIAN_POINT('',(-5.6916153134837,66.,26.));
#8031=CARTESIAN_POINT('',(-5.69161531348369,61.,31.));
#8032=CARTESIAN_POINT('Origin',(-5.6916153134837,61.,26.));
#8033=CARTESIAN_POINT('',(-4.42218689039744,61.,31.));
#8034=CARTESIAN_POINT('',(10.4812885148872,61.,31.));
#8035=CARTESIAN_POINT('',(-4.42218689039744,66.,26.));
#8036=CARTESIAN_POINT('Origin',(-4.42218689039744,61.,26.));
#8037=CARTESIAN_POINT('',(10.4812885148872,66.,26.));
#8038=CARTESIAN_POINT('Origin',(-4.42218689039746,61.,-29.));
#8039=CARTESIAN_POINT('',(21.6724070537068,61.,25.028438501333));
#8040=CARTESIAN_POINT('',(19.4978575583648,66.,20.5260686262219));
#8041=CARTESIAN_POINT('Origin',(19.4978575583648,61.,20.5260686262219));
#8042=CARTESIAN_POINT('Origin',(-4.42218689039746,66.,-29.));
#8043=CARTESIAN_POINT('Origin',(-4.42218689039746,61.,-29.));
#8044=CARTESIAN_POINT('Origin',(19.4529465133619,61.,20.5477597117958));
#8045=CARTESIAN_POINT('',(56.174549495342,61.,8.36463287989335));
#8046=CARTESIAN_POINT('Origin',(54.,61.,3.86226300478226));
#8047=CARTESIAN_POINT('',(19.4529465133619,66.,20.5477597117958));
#8048=CARTESIAN_POINT('',(21.6274960087039,61.,25.0501295869069));
#8049=CARTESIAN_POINT('Origin',(-4.87909182612572,4.69989766948425,26.));
#8050=CARTESIAN_POINT('',(-7.42396149862035,0.3096933261414,26.));
#8051=CARTESIAN_POINT('',(-5.69161531348371,5.,31.));
#8052=CARTESIAN_POINT('Origin',(-5.69161531348371,5.,26.));
#8053=CARTESIAN_POINT('',(-46.290643861219,19.9950903246723,31.));
#8054=CARTESIAN_POINT('',(-4.87909182612572,4.69989766948425,31.));
#8055=CARTESIAN_POINT('',(-48.0229900463556,15.3047836508137,26.));
#8056=CARTESIAN_POINT('Origin',(-46.290643861219,19.9950903246723,26.));
#8057=CARTESIAN_POINT('',(-6.61143801126236,0.00959099562565124,26.));
#8058=CARTESIAN_POINT('Origin',(-41.4873320032405,33.,26.));
#8059=CARTESIAN_POINT('',(-46.290643861219,46.0049096753277,31.));
#8060=CARTESIAN_POINT('',(-48.0229900463556,50.6952163491864,26.));
#8061=CARTESIAN_POINT('Origin',(-46.290643861219,46.0049096753277,26.));
#8062=CARTESIAN_POINT('Origin',(-41.4873320032405,33.,26.));
#8063=CARTESIAN_POINT('Origin',(-41.4873320032405,33.,31.));
#8064=CARTESIAN_POINT('Origin',(-35.9039161331188,49.8412064053718,26.));
#8065=CARTESIAN_POINT('',(-7.42396149862035,65.6903066738586,26.));
#8066=CARTESIAN_POINT('Origin',(-5.69161531348371,61.,26.));
#8067=CARTESIAN_POINT('',(-37.6362623182554,54.5315130792304,26.));
#8068=CARTESIAN_POINT('',(-35.9039161331188,49.8412064053718,31.));
#8069=CARTESIAN_POINT('Origin',(19.4529465133619,5.,20.5477597117958));
#8070=CARTESIAN_POINT('',(43.4569399623659,4.36295349352337,14.4617168139877));
#8071=CARTESIAN_POINT('',(43.3146911032107,5.00000002862631,14.5756726994704));
#8072=CARTESIAN_POINT('Ctrl Pts',(43.4570238709915,4.36303303109785,14.4617168139877));
#8073=CARTESIAN_POINT('Ctrl Pts',(43.4447717440226,4.40830940358056,14.4741115251433));
#8074=CARTESIAN_POINT('Ctrl Pts',(43.4327610260089,4.45389101004562,14.4857320309929));
#8075=CARTESIAN_POINT('Ctrl Pts',(43.4211171555652,4.49975020575979,14.49650177786));
#8076=CARTESIAN_POINT('Ctrl Pts',(43.4097654351005,4.54445877349914,14.5070013069041));
#8077=CARTESIAN_POINT('Ctrl Pts',(43.3987613096376,4.5894302317181,14.5166922332425));
#8078=CARTESIAN_POINT('Ctrl Pts',(43.3881883216406,4.63467433545644,14.525503622128));
#8079=CARTESIAN_POINT('Ctrl Pts',(43.3802971958447,4.66844217045446,14.5320799823917));
#8080=CARTESIAN_POINT('Ctrl Pts',(43.3726453697105,4.70236250027837,14.5381664095428));
#8081=CARTESIAN_POINT('Ctrl Pts',(43.3652616432892,4.73645755220045,14.5437334130428));
#8082=CARTESIAN_POINT('Ctrl Pts',(43.3557975788146,4.78015876094579,14.5508688995231));
#8083=CARTESIAN_POINT('Ctrl Pts',(43.3468141210616,4.82398402458211,14.5571264785802));
#8084=CARTESIAN_POINT('Ctrl Pts',(43.3383845327683,4.86795282541635,14.5624638068441));
#8085=CARTESIAN_POINT('Ctrl Pts',(43.329954944475,4.91192162625059,14.5678011351081));
#8086=CARTESIAN_POINT('Ctrl Pts',(43.3220774149429,4.95603336210646,14.5722182125789));
#8087=CARTESIAN_POINT('Ctrl Pts',(43.3148188078978,5.0003614952654,14.5756726958866));
#8088=CARTESIAN_POINT('',(21.6724070537068,5.,25.028438501333));
#8089=CARTESIAN_POINT('',(21.6274960087039,5.,25.0501295869069));
#8090=CARTESIAN_POINT('',(19.4978575583648,0.,20.5260686262219));
#8091=CARTESIAN_POINT('Origin',(19.4978575583648,5.,20.5260686262219));
#8092=CARTESIAN_POINT('',(54.,0.,3.86226300478226));
#8093=CARTESIAN_POINT('',(19.4529465133619,0.,20.5477597117958));
#8094=CARTESIAN_POINT('',(56.174549495342,5.,8.36463287989335));
#8095=CARTESIAN_POINT('Origin',(54.,5.,3.86226300478226));
#8096=CARTESIAN_POINT('',(45.6914557785232,5.00000004047748,13.4277455924998));
#8097=CARTESIAN_POINT('',(21.6274960087039,5.,25.0501295869069));
#8098=CARTESIAN_POINT('Ctrl Pts',(45.6911023836766,5.00019904513398,13.4277455975439));
#8099=CARTESIAN_POINT('Ctrl Pts',(45.6833150733104,4.95332335127183,13.4313758274865));
#8100=CARTESIAN_POINT('Ctrl Pts',(45.6733588690808,4.90692832903989,13.4352794864145));
#8101=CARTESIAN_POINT('Ctrl Pts',(45.6614194851581,4.86105087793928,13.4394589083964));
#8102=CARTESIAN_POINT('Ctrl Pts',(45.6489903144192,4.81329140588596,13.4438097819204));
#8103=CARTESIAN_POINT('Ctrl Pts',(45.6344117791565,4.76609241211872,13.4484595077103));
#8104=CARTESIAN_POINT('Ctrl Pts',(45.6178355299655,4.71949417470829,13.4534107190297));
#8105=CARTESIAN_POINT('Ctrl Pts',(45.6026297570089,4.67674854449488,13.4579525785491));
#8106=CARTESIAN_POINT('Ctrl Pts',(45.585742026062,4.63450816739752,13.4627481325039));
#8107=CARTESIAN_POINT('Ctrl Pts',(45.5672511169926,4.59280796134738,13.467799413537));
#8108=CARTESIAN_POINT('Ctrl Pts',(45.5455216925375,4.54380434158335,13.4737353807303));
#8109=CARTESIAN_POINT('Ctrl Pts',(45.5217124095739,4.49581235091273,13.4800005131846));
#8110=CARTESIAN_POINT('Ctrl Pts',(45.4960425099881,4.44888959654134,13.4866107435446));
#8111=CARTESIAN_POINT('Ctrl Pts',(45.4693207865251,4.40004418278187,13.493491828027));
#8112=CARTESIAN_POINT('Ctrl Pts',(45.4405827892313,4.35235701739325,13.5007468705837));
#8113=CARTESIAN_POINT('Ctrl Pts',(45.410019794177,4.30588029046278,13.5083938437255));
#8114=CARTESIAN_POINT('Ctrl Pts',(45.3882931858027,4.27284093542756,13.5138299206024));
#8115=CARTESIAN_POINT('Ctrl Pts',(45.3656431155809,4.24041299242991,13.5194640595002));
#8116=CARTESIAN_POINT('Ctrl Pts',(45.3421225266626,4.20861328124544,13.5253027169141));
#8117=CARTESIAN_POINT('Ctrl Pts',(45.2480291715828,4.15115794190202,13.5610788298771));
#8118=CARTESIAN_POINT('Ctrl Pts',(45.208549474956,4.18016267691715,13.5856592667586));
#8119=CARTESIAN_POINT('Ctrl Pts',(45.1689213238933,4.2093891778303,13.6100582558689));
#8120=CARTESIAN_POINT('Ctrl Pts',(45.1294209445685,4.23885342065617,13.6341364403045));
#8121=CARTESIAN_POINT('Ctrl Pts',(45.0905296904457,4.26786330296263,13.6578433212435));
#8122=CARTESIAN_POINT('Ctrl Pts',(45.0515670029864,4.29724957151558,13.6813584049619));
#8123=CARTESIAN_POINT('Ctrl Pts',(45.0128449760156,4.32699356174052,13.7045102766526));
#8124=CARTESIAN_POINT('Ctrl Pts',(45.009703169641,4.32940691314295,13.7063887603931));
#8125=CARTESIAN_POINT('Ctrl Pts',(45.0065629749287,4.33182262524474,13.7082648530052));
#8126=CARTESIAN_POINT('Ctrl Pts',(45.0034245725938,4.33424069014748,13.7101384629276));
#8127=CARTESIAN_POINT('Ctrl Pts',(45.0013866653138,4.3358108495926,13.7113550830079));
#8128=CARTESIAN_POINT('Ctrl Pts',(44.9993491747219,4.33738224839937,13.7125708509286));
#8129=CARTESIAN_POINT('Ctrl Pts',(44.9973121515928,4.33895488124875,13.71378573821));
#8130=CARTESIAN_POINT('',(44.3209824857296,3.96741991087433,13.9699583760019));
#8131=CARTESIAN_POINT('Ctrl Pts',(44.724969865419,4.25595429594751,13.8326550136735));
#8132=CARTESIAN_POINT('Ctrl Pts',(44.684921449829,4.220352971613,13.8460024632198));
#8133=CARTESIAN_POINT('Ctrl Pts',(44.6435106678227,4.18646819366997,13.8598377331717));
#8134=CARTESIAN_POINT('Ctrl Pts',(44.6010380410075,4.15416304690546,13.8741173460683));
#8135=CARTESIAN_POINT('Ctrl Pts',(44.5754434107592,4.13469548983267,13.8827224510403));
#8136=CARTESIAN_POINT('Ctrl Pts',(44.5494621903422,4.11580177245058,13.8914889167107));
#8137=CARTESIAN_POINT('Ctrl Pts',(44.5231512150206,4.0974538583789,13.9004072286363));
#8138=CARTESIAN_POINT('Ctrl Pts',(44.4746533737522,4.06363397092208,13.9168459531937));
#8139=CARTESIAN_POINT('Ctrl Pts',(44.4249670671845,4.03161817419578,13.9338253136798));
#8140=CARTESIAN_POINT('Ctrl Pts',(44.3744226626517,4.00127173486067,13.9512812260128));
#8141=CARTESIAN_POINT('Ctrl Pts',(44.3565653210359,3.99055033574562,13.9574484010468));
#8142=CARTESIAN_POINT('Ctrl Pts',(44.3386004003376,3.98003732637587,13.9636750597297));
#8143=CARTESIAN_POINT('Ctrl Pts',(44.3205409046834,3.96972685781584,13.9699583760019));
#8144=CARTESIAN_POINT('',(44.2477822475895,3.97775323768812,14.0077219628909));
#8145=CARTESIAN_POINT('Ctrl Pts',(44.3209824857296,3.96741991087433,13.9699583760019));
#8146=CARTESIAN_POINT('Ctrl Pts',(44.2965947883638,3.97026858742453,13.9824048318086));
#8147=CARTESIAN_POINT('Ctrl Pts',(44.2721708494854,3.97371234332926,13.9950055154102));
#8148=CARTESIAN_POINT('Ctrl Pts',(44.2477822475895,3.97775323768812,14.0077219628909));
#8149=CARTESIAN_POINT('',(44.0764622995461,4.30854036312839,14.1544009078556));
#8150=CARTESIAN_POINT('Ctrl Pts',(44.2479178513038,3.97843171301557,14.0077219628909));
#8151=CARTESIAN_POINT('Ctrl Pts',(44.2202077479034,4.03152450972633,14.0333977832632));
#8152=CARTESIAN_POINT('Ctrl Pts',(44.1921584720127,4.08499310240384,14.0583257366418));
#8153=CARTESIAN_POINT('Ctrl Pts',(44.1642342423765,4.13877017752644,14.0822494968316));
#8154=CARTESIAN_POINT('Ctrl Pts',(44.1348935247971,4.19527515524541,14.1073868166542));
#8155=CARTESIAN_POINT('Ctrl Pts',(44.1055188517025,4.25245022446895,14.1315616702097));
#8156=CARTESIAN_POINT('Ctrl Pts',(44.0767116899265,4.31013891524974,14.1544009078556));
#8157=CARTESIAN_POINT('',(43.855648214158,4.41198757999635,14.2758707578816));
#8158=CARTESIAN_POINT('Ctrl Pts',(44.0764622995461,4.30854036312839,14.1544009078556));
#8159=CARTESIAN_POINT('Ctrl Pts',(44.0509862279212,4.31759654636674,14.1681096251618));
#8160=CARTESIAN_POINT('Ctrl Pts',(44.0257572219355,4.32748609266463,14.1818002923402));
#8161=CARTESIAN_POINT('Ctrl Pts',(43.9509867234311,4.35960969065557,14.2226766963784));
#8162=CARTESIAN_POINT('Ctrl Pts',(43.9023990556949,4.38430040687216,14.2496498593316));
#8163=CARTESIAN_POINT('Ctrl Pts',(43.855648214158,4.41198757999635,14.2758707578816));
#8164=CARTESIAN_POINT('',(43.5180144139631,4.30980954935115,14.424316058676));
#8165=CARTESIAN_POINT('Ctrl Pts',(43.8557224500551,4.41208855699451,14.2758707578816));
#8166=CARTESIAN_POINT('Ctrl Pts',(43.810166805076,4.3953845494333,14.2956929972779));
#8167=CARTESIAN_POINT('Ctrl Pts',(43.7641974207648,4.37993732684859,14.3157915573027));
#8168=CARTESIAN_POINT('Ctrl Pts',(43.7180353382602,4.36563092399688,14.3360780211801));
#8169=CARTESIAN_POINT('Ctrl Pts',(43.7075944779398,4.3623951264384,14.3406663786424));
#8170=CARTESIAN_POINT('Ctrl Pts',(43.6971435683177,4.35921777619888,14.3452643486296));
#8171=CARTESIAN_POINT('Ctrl Pts',(43.6866848333637,4.35609770687425,14.3498709081138));
#8172=CARTESIAN_POINT('Ctrl Pts',(43.6363621485541,4.34108534965338,14.372035581184));
#8173=CARTESIAN_POINT('Ctrl Pts',(43.5856813869673,4.32734204973334,14.3944794405702));
#8174=CARTESIAN_POINT('Ctrl Pts',(43.5348768607754,4.31474769931049,14.4171031798185));
#8175=CARTESIAN_POINT('Ctrl Pts',(43.5294821762403,4.31341036674293,14.4195054842075));
#8176=CARTESIAN_POINT('Ctrl Pts',(43.5240860531167,4.31208601163318,14.4219098167921));
#8177=CARTESIAN_POINT('Ctrl Pts',(43.5186887413967,4.31077450793765,14.424316058676));
#8178=CARTESIAN_POINT('Ctrl Pts',(43.5180144139631,4.30980954935115,14.424316058676));
#8179=CARTESIAN_POINT('Ctrl Pts',(43.4971491162358,4.32702479553749,14.4370580740086));
#8180=CARTESIAN_POINT('Ctrl Pts',(43.4767770574977,4.34475610135259,14.4495399859873));
#8181=CARTESIAN_POINT('Ctrl Pts',(43.4569399623659,4.36295349352337,14.4617168139877));
#8182=CARTESIAN_POINT('Origin',(-4.42218689039746,5.,-29.));
#8183=CARTESIAN_POINT('',(-4.42218689039744,5.,31.));
#8184=CARTESIAN_POINT('',(-4.42218689039744,0.,26.));
#8185=CARTESIAN_POINT('Origin',(-4.42218689039744,5.,26.));
#8186=CARTESIAN_POINT('Origin',(-4.42218689039746,0.,-29.));
#8187=CARTESIAN_POINT('Origin',(-4.42218689039746,5.,-29.));
#8188=CARTESIAN_POINT('Origin',(10.4812885148872,5.,26.));
#8189=CARTESIAN_POINT('',(-5.6916153134837,0.,26.));
#8190=CARTESIAN_POINT('Origin',(-5.6916153134837,5.,26.));
#8191=CARTESIAN_POINT('',(10.4812885148872,0.,26.));
#8192=CARTESIAN_POINT('',(10.4812885148872,5.,31.));
#8193=CARTESIAN_POINT('Origin',(54.,5.,5.50071541457847));
#8194=CARTESIAN_POINT('',(54.,0.,0.));
#8195=CARTESIAN_POINT('',(59.,5.,0.));
#8196=CARTESIAN_POINT('Origin',(54.,5.,0.));
#8197=CARTESIAN_POINT('',(59.,5.,3.86226300478226));
#8198=CARTESIAN_POINT('',(59.,5.,5.50071541457847));
#8199=CARTESIAN_POINT('Origin',(54.,5.,3.86226300478226));
#8200=CARTESIAN_POINT('',(54.,0.,5.50071541457847));
#8201=CARTESIAN_POINT('Origin',(54.,5.,3.86226300478226));
#8202=CARTESIAN_POINT('Origin',(54.,5.,3.86226300478226));
#8203=CARTESIAN_POINT('Origin',(-5.69161531348371,5.,26.));
#8204=CARTESIAN_POINT('Origin',(-5.69161531348371,5.,26.));
#8205=CARTESIAN_POINT('Origin',(-5.69161531348371,61.,26.));
#8206=CARTESIAN_POINT('Origin',(-5.69161531348371,61.,26.));
#8207=CARTESIAN_POINT('Origin',(54.,61.,3.86226300478226));
#8208=CARTESIAN_POINT('Origin',(54.,61.,3.86226300478226));
#8209=CARTESIAN_POINT('Origin',(-5.6916153134837,0.,31.));
#8210=CARTESIAN_POINT('',(-4.42218689039744,0.,31.));
#8211=CARTESIAN_POINT('',(-38.2123320032405,33.,31.));
#8212=CARTESIAN_POINT('Origin',(-41.4873320032405,33.,31.));
#8213=CARTESIAN_POINT('Ctrl Pts',(43.9898828681716,6.6570396543832,14.464624471822));
#8214=CARTESIAN_POINT('Ctrl Pts',(43.7258089817345,6.54061441949191,14.4827866256465));
#8215=CARTESIAN_POINT('Ctrl Pts',(43.2813595478749,6.12057021089987,14.5191109332956));
#8216=CARTESIAN_POINT('Ctrl Pts',(43.1636434986163,5.20958092448774,14.5735973947691));
#8217=CARTESIAN_POINT('Ctrl Pts',(43.4867229216549,4.69035831053608,14.6099217024182));
#8218=CARTESIAN_POINT('Ctrl Pts',(43.712528736749,4.51063188875227,14.6280838562427));
#8219=CARTESIAN_POINT('Ctrl Pts',(43.9524325923803,6.74198378084839,14.4110271218322));
#8220=CARTESIAN_POINT('Ctrl Pts',(43.668971707822,6.61701118127615,14.4291892756567));
#8221=CARTESIAN_POINT('Ctrl Pts',(43.1918929956364,6.16612940524167,14.4655135833058));
#8222=CARTESIAN_POINT('Ctrl Pts',(43.0655348164928,5.188259792939,14.5200000447794));
#8223=CARTESIAN_POINT('Ctrl Pts',(43.4123331321942,4.63091842375192,14.5563243524284));
#8224=CARTESIAN_POINT('Ctrl Pts',(43.6547164929595,4.43799737735581,14.5744865062529));
#8225=CARTESIAN_POINT('Ctrl Pts',(43.9149823165891,6.82692790731359,14.3574297718424));
#8226=CARTESIAN_POINT('Ctrl Pts',(43.6121344339095,6.69340794306038,14.375591925667));
#8227=CARTESIAN_POINT('Ctrl Pts',(43.1024264433979,6.21168859958347,14.411916233316));
#8228=CARTESIAN_POINT('Ctrl Pts',(42.9674261343693,5.16693866139025,14.4664026947896));
#8229=CARTESIAN_POINT('Ctrl Pts',(43.3379433427336,4.57147853696776,14.5027270024386));
#8230=CARTESIAN_POINT('Ctrl Pts',(43.5969042491701,4.36536286595934,14.5208891562632));
#8231=CARTESIAN_POINT('Ctrl Pts',(43.8775320407978,6.91187203377878,14.3038324218527));
#8232=CARTESIAN_POINT('Ctrl Pts',(43.555297159997,6.76980470484462,14.3219945756772));
#8233=CARTESIAN_POINT('Ctrl Pts',(43.0129598911593,6.25724779392527,14.3583188833262));
#8234=CARTESIAN_POINT('Ctrl Pts',(42.8693174522459,5.14561752984151,14.4128053447998));
#8235=CARTESIAN_POINT('Ctrl Pts',(43.2635535532729,4.51203865018361,14.4491296524489));
#8236=CARTESIAN_POINT('Ctrl Pts',(43.5390920053806,4.29272835456287,14.4672918062734));
#8237=CARTESIAN_POINT('',(43.8775320407978,6.91187203377878,14.3038324218527));
#8238=CARTESIAN_POINT('Ctrl Pts',(43.8775320407978,6.91187203377878,14.3038324218527));
#8239=CARTESIAN_POINT('Ctrl Pts',(43.555297159997,6.76980470484462,14.3219945756772));
#8240=CARTESIAN_POINT('Ctrl Pts',(43.0129598911593,6.25724779392527,14.3583188833262));
#8241=CARTESIAN_POINT('Ctrl Pts',(42.8742165621481,5.18353110799868,14.4109470140379));
#8242=CARTESIAN_POINT('Ctrl Pts',(43.2244982319505,4.57714709413261,14.4454129909251));
#8243=CARTESIAN_POINT('Ctrl Pts',(43.4570238709915,4.36303303109788,14.4617168139877));
#8244=CARTESIAN_POINT('',(43.4520892717513,6.20770287241273,14.5093122878764));
#8245=CARTESIAN_POINT('Ctrl Pts',(43.4519717156915,6.20750387286427,14.5093122878764));
#8246=CARTESIAN_POINT('Ctrl Pts',(43.4528009009019,6.20953592052589,14.5089136344604));
#8247=CARTESIAN_POINT('Ctrl Pts',(43.4536328352605,6.21156661309139,14.5085136718942));
#8248=CARTESIAN_POINT('Ctrl Pts',(43.4544675059569,6.21359595338759,14.5081124040279));
#8249=CARTESIAN_POINT('Ctrl Pts',(43.473152722394,6.25902544171277,14.4991294878151));
#8250=CARTESIAN_POINT('Ctrl Pts',(43.4931666426178,6.30370358787217,14.4895043396295));
#8251=CARTESIAN_POINT('Ctrl Pts',(43.5143933192278,6.3476783854237,14.4792847514132));
#8252=CARTESIAN_POINT('Ctrl Pts',(43.5372594153136,6.39504952903911,14.4682758643224));
#8253=CARTESIAN_POINT('Ctrl Pts',(43.5615347363004,6.44160404246056,14.4565771694502));
#8254=CARTESIAN_POINT('Ctrl Pts',(43.5870910192027,6.48734170881548,14.4442484094823));
#8255=CARTESIAN_POINT('Ctrl Pts',(43.6159834519396,6.53905002859543,14.4303102374303));
#8256=CARTESIAN_POINT('Ctrl Pts',(43.6465160126702,6.58971318327832,14.4155667643215));
#8257=CARTESIAN_POINT('Ctrl Pts',(43.6784836216387,6.63926804811301,14.4001043166323));
#8258=CARTESIAN_POINT('Ctrl Pts',(43.7123566408993,6.69177660115045,14.3837202389584));
#8259=CARTESIAN_POINT('Ctrl Pts',(43.7478352808869,6.74301234973476,14.3665427244563));
#8260=CARTESIAN_POINT('Ctrl Pts',(43.7847655010874,6.79292276412686,14.3486765868475));
#8261=CARTESIAN_POINT('Ctrl Pts',(43.8147634160265,6.83346431403844,14.3341641665757));
#8262=CARTESIAN_POINT('Ctrl Pts',(43.845719127844,6.87312929955137,14.3191973864664));
#8263=CARTESIAN_POINT('Ctrl Pts',(43.8775320407978,6.91187203377878,14.3038324218527));
#8264=CARTESIAN_POINT('',(43.3009701460912,5.09839365115139,14.5822996317766));
#8265=CARTESIAN_POINT('Ctrl Pts',(43.3008675899359,5.0985840813845,14.5822996317766));
#8266=CARTESIAN_POINT('Ctrl Pts',(43.2861266276022,5.1422059995708,14.5793988861074));
#8267=CARTESIAN_POINT('Ctrl Pts',(43.2737992737706,5.18662548559527,14.5764981404383));
#8268=CARTESIAN_POINT('Ctrl Pts',(43.2640326959191,5.23160681873517,14.5735973947691));
#8269=CARTESIAN_POINT('Ctrl Pts',(43.2028821817025,5.51324401995845,14.5554352409446));
#8270=CARTESIAN_POINT('Ctrl Pts',(43.2421208647887,5.81690711542917,14.5372730871201));
#8271=CARTESIAN_POINT('Ctrl Pts',(43.3728525647967,6.07374971531254,14.5191109332956));
#8272=CARTESIAN_POINT('Ctrl Pts',(43.3963628743081,6.11993934658488,14.5158447181558));
#8273=CARTESIAN_POINT('Ctrl Pts',(43.4228321692328,6.16461475121843,14.5125785030161));
#8274=CARTESIAN_POINT('Ctrl Pts',(43.4519717156915,6.20750387286433,14.5093122878764));
#8275=CARTESIAN_POINT('Ctrl Pts',(43.3148188103758,5.00036149555394,14.5756726973119));
#8276=CARTESIAN_POINT('Ctrl Pts',(43.3094839649186,5.03294705767447,14.5782126111621));
#8277=CARTESIAN_POINT('Ctrl Pts',(43.3048199163173,5.06568500845559,14.5804250840483));
#8278=CARTESIAN_POINT('Ctrl Pts',(43.3008675899359,5.0985840813845,14.5822996317766));
#8279=CARTESIAN_POINT('Origin',(44.5,5.5,-1.10421172358874));
#8280=CARTESIAN_POINT('',(43.9748087600369,6.95086979480105,14.2568498223334));
#8281=CARTESIAN_POINT('Ctrl Pts',(43.9751219556697,6.94968986065627,14.2568498223334));
#8282=CARTESIAN_POINT('Ctrl Pts',(43.6733196939034,6.83893224579745,14.2734196237326));
#8283=CARTESIAN_POINT('Ctrl Pts',(43.0404599439704,6.35733886234966,14.3125050166365));
#8284=CARTESIAN_POINT('Ctrl Pts',(42.8347140920583,5.18965707629078,14.3683270954173));
#8285=CARTESIAN_POINT('Ctrl Pts',(43.2691562645994,4.51854381612622,14.407579372799));
#8286=CARTESIAN_POINT('Ctrl Pts',(43.5186887413967,4.31077450793765,14.424316058676));
#8287=CARTESIAN_POINT('Origin',(44.5,5.5,14.0031935529689));
#8288=CARTESIAN_POINT('Ctrl Pts',(44.3104448130752,7.03131245378267,14.2390124520172));
#8289=CARTESIAN_POINT('Ctrl Pts',(43.8771763891669,6.97767984805307,14.2615280435218));
#8290=CARTESIAN_POINT('Ctrl Pts',(43.0623745999138,6.48171242495147,14.3065592265311));
#8291=CARTESIAN_POINT('Ctrl Pts',(42.8134145294579,5.06877438986811,14.374106001045));
#8292=CARTESIAN_POINT('Ctrl Pts',(43.4096299286827,4.32418535001096,14.4191371840542));
#8293=CARTESIAN_POINT('Ctrl Pts',(43.7984744334179,4.12569622010571,14.4416527755588));
#8294=CARTESIAN_POINT('Ctrl Pts',(44.3218492459027,6.93918229211093,14.1854151020274));
#8295=CARTESIAN_POINT('Ctrl Pts',(43.9146480624477,6.88877644825121,14.207930693532));
#8296=CARTESIAN_POINT('Ctrl Pts',(43.148868156605,6.42264849962225,14.2529618765413));
#8297=CARTESIAN_POINT('Ctrl Pts',(42.9148865652207,5.09471872610093,14.3205086510552));
#8298=CARTESIAN_POINT('Ctrl Pts',(43.4752311524593,4.39492727699777,14.3655398340644));
#8299=CARTESIAN_POINT('Ctrl Pts',(43.8406811455141,4.20838008329443,14.3880554255691));
#8300=CARTESIAN_POINT('Ctrl Pts',(44.3332536787302,6.8470521304392,14.1318177520376));
#8301=CARTESIAN_POINT('Ctrl Pts',(43.9521197357286,6.79987304844936,14.1543333435423));
#8302=CARTESIAN_POINT('Ctrl Pts',(43.2353617132964,6.36358457429302,14.1993645265515));
#8303=CARTESIAN_POINT('Ctrl Pts',(43.0163586009835,5.12066306233375,14.2669113010654));
#8304=CARTESIAN_POINT('Ctrl Pts',(43.5408323762359,4.46566920398458,14.3119424840747));
#8305=CARTESIAN_POINT('Ctrl Pts',(43.8828878576103,4.29106394648314,14.3344580755793));
#8306=CARTESIAN_POINT('Ctrl Pts',(44.3446581115577,6.75492196876746,14.0782204020479));
#8307=CARTESIAN_POINT('Ctrl Pts',(43.9895914090094,6.71096964864751,14.1007359935525));
#8308=CARTESIAN_POINT('Ctrl Pts',(43.3218552699876,6.3045206489638,14.1457671765618));
#8309=CARTESIAN_POINT('Ctrl Pts',(43.1178306367463,5.14660739856657,14.2133139510756));
#8310=CARTESIAN_POINT('Ctrl Pts',(43.6064336000125,4.53641113097139,14.2583451340849));
#8311=CARTESIAN_POINT('Ctrl Pts',(43.9250945697064,4.37374780967186,14.2808607255895));
#8312=CARTESIAN_POINT('',(44.3446581115577,6.75492196876745,14.0782204020479));
#8313=CARTESIAN_POINT('Ctrl Pts',(44.3446581115577,6.75492196876745,14.0782204020479));
#8314=CARTESIAN_POINT('Ctrl Pts',(43.9895914090094,6.7109696486475,14.1007359935525));
#8315=CARTESIAN_POINT('Ctrl Pts',(43.6557233394985,6.50774514880563,14.1232515850571));
#8316=CARTESIAN_POINT('Ctrl Pts',(43.4547851992029,6.21314735715185,14.1457671765618));
#8317=CARTESIAN_POINT('Ctrl Pts',(43.2538470589072,5.91854956549806,14.1682827680664));
#8318=CARTESIAN_POINT('Ctrl Pts',(43.1858388478268,5.53257848203235,14.190798359571));
#8319=CARTESIAN_POINT('Ctrl Pts',(43.2739854831031,5.18704387340069,14.2133139510756));
#8320=CARTESIAN_POINT('Ctrl Pts',(43.3556203512853,4.86703537688098,14.234166220011));
#8321=CARTESIAN_POINT('Ctrl Pts',(43.5711906200013,4.58170960446127,14.2550184889463));
#8322=CARTESIAN_POINT('Ctrl Pts',(43.8557224500551,4.41208855699451,14.2758707578816));
#8323=CARTESIAN_POINT('Ctrl Pts',(43.9751219556696,6.94968986065624,14.2568498223334));
#8324=CARTESIAN_POINT('Ctrl Pts',(43.9765459286204,6.94904994428919,14.2561614592383));
#8325=CARTESIAN_POINT('Ctrl Pts',(43.977969546727,6.9484090862073,14.2554732640632));
#8326=CARTESIAN_POINT('Ctrl Pts',(43.979392805996,6.94776728500537,14.2547852388222));
#8327=CARTESIAN_POINT('Ctrl Pts',(44.0294963765764,6.92517369821517,14.2305644085237));
#8328=CARTESIAN_POINT('Ctrl Pts',(44.079219984908,6.90138204900908,14.2065217449223));
#8329=CARTESIAN_POINT('Ctrl Pts',(44.1283784993873,6.87632094381904,14.1827543356487));
#8330=CARTESIAN_POINT('Ctrl Pts',(44.1397500701524,6.87052369518088,14.1772563506237));
#8331=CARTESIAN_POINT('Ctrl Pts',(44.1510912592777,6.8646583465597,14.1717730947449));
#8332=CARTESIAN_POINT('Ctrl Pts',(44.1623995335615,6.85872371617822,14.1663057698035));
#8333=CARTESIAN_POINT('Ctrl Pts',(44.2091497752788,6.83418899073087,14.1437029609094));
#8334=CARTESIAN_POINT('Ctrl Pts',(44.2554649586786,6.80840791625226,14.1213116689952));
#8335=CARTESIAN_POINT('Ctrl Pts',(44.301154687412,6.78128232004947,14.0992358626568));
#8336=CARTESIAN_POINT('Ctrl Pts',(44.315721770855,6.77263396878363,14.0921975167984));
#8337=CARTESIAN_POINT('Ctrl Pts',(44.3302251031067,6.76384858876054,14.0851912400985));
#8338=CARTESIAN_POINT('Ctrl Pts',(44.3446581115577,6.75492196876746,14.0782204020479));
#8339=CARTESIAN_POINT('Origin',(44.5,5.5,20.));
#8340=CARTESIAN_POINT('',(44.6705667801766,6.75294342390238,13.9208134029494));
#8341=CARTESIAN_POINT('Ctrl Pts',(44.0767116899265,4.31013891524976,14.1544009078556));
#8342=CARTESIAN_POINT('Ctrl Pts',(43.8585705265556,4.38844922264466,14.1398314618634));
#8343=CARTESIAN_POINT('Ctrl Pts',(43.6610967486957,4.52512382353196,14.1252620158712));
#8344=CARTESIAN_POINT('Ctrl Pts',(43.5160093575881,4.70451168336387,14.1106925698791));
#8345=CARTESIAN_POINT('Ctrl Pts',(43.2863366336202,4.98848190365571,14.0876291987468));
#8346=CARTESIAN_POINT('Ctrl Pts',(43.1879376756133,5.37948623539802,14.0645658276146));
#8347=CARTESIAN_POINT('Ctrl Pts',(43.2567719368813,5.73841949302363,14.0415024564824));
#8348=CARTESIAN_POINT('Ctrl Pts',(43.3256061981493,6.09735275064926,14.0184390853501));
#8349=CARTESIAN_POINT('Ctrl Pts',(43.5616736786922,6.42421493415819,13.9953757142179));
#8350=CARTESIAN_POINT('Ctrl Pts',(43.8801050365689,6.6030727449137,13.9723123430856));
#8351=CARTESIAN_POINT('Ctrl Pts',(44.1171168960925,6.73619852310379,13.9551460297069));
#8352=CARTESIAN_POINT('Ctrl Pts',(44.3997582105366,6.78733011800364,13.9379797163281));
#8353=CARTESIAN_POINT('Ctrl Pts',(44.6703565910449,6.75187708267883,13.9208134029494));
#8354=CARTESIAN_POINT('Origin',(44.5,5.5,14.0031935529689));
#8355=CARTESIAN_POINT('Ctrl Pts',(44.9426269838464,6.68450057119911,13.9031222296889));
#8356=CARTESIAN_POINT('Ctrl Pts',(44.5993316296563,6.81278399367128,13.9261856008211));
#8357=CARTESIAN_POINT('Ctrl Pts',(43.7977411592351,6.75107711766714,13.9723123430856));
#8358=CARTESIAN_POINT('Ctrl Pts',(43.0895387176065,5.77049056714031,14.0415024564824));
#8359=CARTESIAN_POINT('Ctrl Pts',(43.384735591627,4.59747757191338,14.1106925698791));
#8360=CARTESIAN_POINT('Ctrl Pts',(44.1066285714853,4.2436053542306,14.1568193121436));
#8361=CARTESIAN_POINT('Ctrl Pts',(44.4730261989863,4.23578772982585,14.1798826832758));
#8362=CARTESIAN_POINT('Ctrl Pts',(44.9751224669099,6.77146074230204,13.8495248796991));
#8363=CARTESIAN_POINT('Ctrl Pts',(44.606624066419,6.90916209891378,13.8725882508314));
#8364=CARTESIAN_POINT('Ctrl Pts',(43.7461847898788,6.84292500939517,13.9187149930959));
#8365=CARTESIAN_POINT('Ctrl Pts',(42.9859896291271,5.79034864620939,13.9879051064926));
#8366=CARTESIAN_POINT('Ctrl Pts',(43.3028583970226,4.53121884086761,14.0570952198893));
#8367=CARTESIAN_POINT('Ctrl Pts',(44.0777491875809,4.1513670759001,14.1032219621538));
#8368=CARTESIAN_POINT('Ctrl Pts',(44.4710459159806,4.14297552019266,14.126285333286));
#8369=CARTESIAN_POINT('Ctrl Pts',(45.0076179499733,6.85842091340496,13.7959275297094));
#8370=CARTESIAN_POINT('Ctrl Pts',(44.6139165031817,7.00554020415629,13.8189909008416));
#8371=CARTESIAN_POINT('Ctrl Pts',(43.6946284205225,6.93477290112321,13.8651176431061));
#8372=CARTESIAN_POINT('Ctrl Pts',(42.8824405406477,5.81020672527848,13.9343077565028));
#8373=CARTESIAN_POINT('Ctrl Pts',(43.2209812024182,4.46496010982184,14.0034978698995));
#8374=CARTESIAN_POINT('Ctrl Pts',(44.0488698036765,4.05912879756959,14.049624612164));
#8375=CARTESIAN_POINT('Ctrl Pts',(44.4690656329748,4.05016331055947,14.0726879832963));
#8376=CARTESIAN_POINT('Ctrl Pts',(45.0401134330368,6.94538108450789,13.7423301797196));
#8377=CARTESIAN_POINT('Ctrl Pts',(44.6212089399444,7.1019183093988,13.7653935508518));
#8378=CARTESIAN_POINT('Ctrl Pts',(43.6430720511662,7.02662079285124,13.8115202931163));
#8379=CARTESIAN_POINT('Ctrl Pts',(42.7788914521683,5.83006480434757,13.880710406513));
#8380=CARTESIAN_POINT('Ctrl Pts',(43.1391040078138,4.39870137877607,13.9499005199098));
#8381=CARTESIAN_POINT('Ctrl Pts',(44.0199904197721,3.96689051923908,13.9960272621743));
#8382=CARTESIAN_POINT('Ctrl Pts',(44.4670853499691,3.95735110092629,14.0190906333065));
#8383=CARTESIAN_POINT('',(45.0401134330368,6.94538108450791,13.7423301797196));
#8384=CARTESIAN_POINT('Ctrl Pts',(45.0401134330368,6.94538108450789,13.7423301797196));
#8385=CARTESIAN_POINT('Ctrl Pts',(44.6212089399444,7.1019183093988,13.7653935508518));
#8386=CARTESIAN_POINT('Ctrl Pts',(43.6430720511662,7.02662079285124,13.8115202931163));
#8387=CARTESIAN_POINT('Ctrl Pts',(42.7788914521683,5.83006480434757,13.880710406513));
#8388=CARTESIAN_POINT('Ctrl Pts',(43.1193750917223,4.47709744930992,13.9461109631046));
#8389=CARTESIAN_POINT('Ctrl Pts',(43.8795761306263,4.04136777745808,13.9884481485639));
#8390=CARTESIAN_POINT('Ctrl Pts',(44.2479178513038,3.97843171301557,14.0077219628909));
#8391=CARTESIAN_POINT('Ctrl Pts',(44.6703565910449,6.75187708267884,13.9208134029494));
#8392=CARTESIAN_POINT('Ctrl Pts',(44.6724010022755,6.75312709470052,13.9198269119398));
#8393=CARTESIAN_POINT('Ctrl Pts',(44.6744467211497,6.75437450535591,13.9188397870942));
#8394=CARTESIAN_POINT('Ctrl Pts',(44.6764937257104,6.75561931429173,13.9178520388685));
#8395=CARTESIAN_POINT('Ctrl Pts',(44.7276229768352,6.78671164789253,13.8931804636072));
#8396=CARTESIAN_POINT('Ctrl Pts',(44.7796414832553,6.81623188970574,13.8680789308702));
#8397=CARTESIAN_POINT('Ctrl Pts',(44.8322369034563,6.84417615380676,13.8426929274489));
#8398=CARTESIAN_POINT('Ctrl Pts',(44.8424866492829,6.84962190560896,13.8377457270724));
#8399=CARTESIAN_POINT('Ctrl Pts',(44.8527584583136,6.85500776754521,13.8327877231119));
#8400=CARTESIAN_POINT('Ctrl Pts',(44.8630502572199,6.86033364164453,13.8278199923279));
#8401=CARTESIAN_POINT('Ctrl Pts',(44.9147995732266,6.88711324978546,13.8028412036323));
#8402=CARTESIAN_POINT('Ctrl Pts',(44.9672013463987,6.91245584359495,13.777543180084));
#8403=CARTESIAN_POINT('Ctrl Pts',(45.020013253512,6.936360987876,13.7520378304493));
#8404=CARTESIAN_POINT('Ctrl Pts',(45.0267068024646,6.93939080183671,13.7488052013764));
#8405=CARTESIAN_POINT('Ctrl Pts',(45.0334070068098,6.94239750731351,13.7455692418517));
#8406=CARTESIAN_POINT('Ctrl Pts',(45.0401134330368,6.94538108450791,13.7423301797196));
#8407=CARTESIAN_POINT('Origin',(44.5,5.5,-1.10421172358874));
#8408=CARTESIAN_POINT('',(45.1374442103614,6.90517396740645,13.6953214712875));
#8409=CARTESIAN_POINT('Ctrl Pts',(45.1355832550447,6.90439881075158,13.6953214712875));
#8410=CARTESIAN_POINT('Ctrl Pts',(44.9921470270525,6.97030420726492,13.703462136419));
#8411=CARTESIAN_POINT('Ctrl Pts',(44.3990871390655,7.14196542235404,13.7350194997743));
#8412=CARTESIAN_POINT('Ctrl Pts',(43.2834583097075,6.77026279652082,13.7899935613534));
#8413=CARTESIAN_POINT('Ctrl Pts',(42.7462048652219,5.36679383770629,13.8602436560249));
#8414=CARTESIAN_POINT('Ctrl Pts',(43.3815575468048,4.25195243126129,13.9202319275744));
#8415=CARTESIAN_POINT('Ctrl Pts',(44.0668581454233,3.99969294358267,13.9568035009001));
#8416=CARTESIAN_POINT('Ctrl Pts',(44.3205409046833,3.96972685781585,13.9699583760019));
#8417=CARTESIAN_POINT('Origin',(44.5,5.5,14.0031935529689));
#8418=CARTESIAN_POINT('Ctrl Pts',(45.7998636115215,6.33138654754708,13.6494933720106));
#8419=CARTESIAN_POINT('Ctrl Pts',(45.5552173879982,6.71388819445531,13.6729100702344));
#8420=CARTESIAN_POINT('Ctrl Pts',(44.7090948486377,7.24525307201331,13.719743466682));
#8421=CARTESIAN_POINT('Ctrl Pts',(43.2834583097075,6.77026279652082,13.7899935613534));
#8422=CARTESIAN_POINT('Ctrl Pts',(42.7462048652219,5.36679383770629,13.8602436560249));
#8423=CARTESIAN_POINT('Ctrl Pts',(43.4902434060578,4.06124339720403,13.9304937506963));
#8424=CARTESIAN_POINT('Ctrl Pts',(44.4749024445775,3.89177787688282,13.977327147144));
#8425=CARTESIAN_POINT('Ctrl Pts',(44.912429980068,4.01314072234757,14.0007438453678));
#8426=CARTESIAN_POINT('Ctrl Pts',(45.7216583801954,6.28136685571475,13.5958960220208));
#8427=CARTESIAN_POINT('Ctrl Pts',(45.4917310966702,6.64085560379732,13.6193127202446));
#8428=CARTESIAN_POINT('Ctrl Pts',(44.6965148280402,7.1402513479788,13.6661461166922));
#8429=CARTESIAN_POINT('Ctrl Pts',(43.3566505457729,6.69383847402545,13.7363962113637));
#8430=CARTESIAN_POINT('Ctrl Pts',(42.851720515478,5.37480807754185,13.8066463060351));
#8431=CARTESIAN_POINT('Ctrl Pts',(43.5509945858835,4.14780501178141,13.8768964007066));
#8432=CARTESIAN_POINT('Ctrl Pts',(44.4764124184779,3.98853524592325,13.9237297971542));
#8433=CARTESIAN_POINT('Ctrl Pts',(44.8876164675493,4.10259639502552,13.947146495378));
#8434=CARTESIAN_POINT('Ctrl Pts',(45.6434531488692,6.23134716388242,13.542298672031));
#8435=CARTESIAN_POINT('Ctrl Pts',(45.4282448053421,6.56782301313934,13.5657153702548));
#8436=CARTESIAN_POINT('Ctrl Pts',(44.6839348074428,7.0352496239443,13.6125487667025));
#8437=CARTESIAN_POINT('Ctrl Pts',(43.4298427818382,6.61741415153009,13.6827988613739));
#8438=CARTESIAN_POINT('Ctrl Pts',(42.9572361657342,5.38282231737741,13.7530489560454));
#8439=CARTESIAN_POINT('Ctrl Pts',(43.6117457657091,4.23436662635878,13.8232990507168));
#8440=CARTESIAN_POINT('Ctrl Pts',(44.4779223923784,4.08529261496367,13.8701324471644));
#8441=CARTESIAN_POINT('Ctrl Pts',(44.8628029550307,4.19205206770346,13.8935491453882));
#8442=CARTESIAN_POINT('Ctrl Pts',(45.5652479175431,6.18132747205009,13.4887013220412));
#8443=CARTESIAN_POINT('Ctrl Pts',(45.3647585140141,6.49479042248136,13.5121180202651));
#8444=CARTESIAN_POINT('Ctrl Pts',(44.6713547868453,6.9302478999098,13.5589514167127));
#8445=CARTESIAN_POINT('Ctrl Pts',(43.5030350179036,6.54098982903472,13.6292015113841));
#8446=CARTESIAN_POINT('Ctrl Pts',(43.0627518159903,5.39083655721297,13.6994516060556));
#8447=CARTESIAN_POINT('Ctrl Pts',(43.6724969455348,4.32092824093616,13.769701700727));
#8448=CARTESIAN_POINT('Ctrl Pts',(44.4794323662788,4.1820499840041,13.8165350971747));
#8449=CARTESIAN_POINT('Ctrl Pts',(44.837989442512,4.2815077403814,13.8399517953985));
#8450=CARTESIAN_POINT('Ctrl Pts',(45.1374442103614,6.90517396740645,13.6953214712875));
#8451=CARTESIAN_POINT('Ctrl Pts',(45.1388795337344,6.90340428941794,13.6946282404329));
#8452=CARTESIAN_POINT('Ctrl Pts',(45.1403131196563,6.90163287222977,13.6939358487304));
#8453=CARTESIAN_POINT('Ctrl Pts',(45.2140067221062,6.81037233902207,13.6583433962082));
#8454=CARTESIAN_POINT('Ctrl Pts',(45.2818632240251,6.71639678373957,13.6255701398795));
#8455=CARTESIAN_POINT('Ctrl Pts',(45.4304183549474,6.48067411613955,13.5538211512495));
#8456=CARTESIAN_POINT('Ctrl Pts',(45.5054059609318,6.33507393858249,13.5176037223679));
#8457=CARTESIAN_POINT('Ctrl Pts',(45.565247917543,6.18132747205015,13.4887013220413));
#8458=CARTESIAN_POINT('Origin',(44.5,5.5,20.));
#8459=CARTESIAN_POINT('Ctrl Pts',(45.7628161908233,5.50069651372739,0.443419673619418));
#8460=CARTESIAN_POINT('Ctrl Pts',(45.7636497622789,5.66608770039693,0.453795866849088));
#8461=CARTESIAN_POINT('Ctrl Pts',(45.733486818813,5.8311877722998,0.464172060078758));
#8462=CARTESIAN_POINT('Ctrl Pts',(45.6709105991835,5.982918361822,0.474548253308428));
#8463=CARTESIAN_POINT('Ctrl Pts',(45.5112615132206,6.37002467909792,0.501020765945));
#8464=CARTESIAN_POINT('Ctrl Pts',(45.1406344343203,6.67010904447218,0.527493278581573));
#8465=CARTESIAN_POINT('Ctrl Pts',(44.7287887422491,6.74574513935292,0.553965791218145));
#8466=CARTESIAN_POINT('Ctrl Pts',(44.316943050178,6.82138123423367,0.580438303854718));
#8467=CARTESIAN_POINT('Ctrl Pts',(43.863878744936,6.67256905862089,0.606910816491291));
#8468=CARTESIAN_POINT('Ctrl Pts',(43.5770978753846,6.36745815006067,0.633383329127863));
#8469=CARTESIAN_POINT('Ctrl Pts',(43.2903170058332,6.06234724150045,0.659855841764435));
#8470=CARTESIAN_POINT('Ctrl Pts',(43.1698195719723,5.60093759999279,0.686328354401008));
#8471=CARTESIAN_POINT('Ctrl Pts',(43.2707968304253,5.19456227811552,0.71280086703758));
#8472=CARTESIAN_POINT('Ctrl Pts',(43.3717740888783,4.78818695623825,0.739273379674152));
#8473=CARTESIAN_POINT('Ctrl Pts',(43.6942260396451,4.43684595399137,0.765745892310725));
#8474=CARTESIAN_POINT('Ctrl Pts',(44.0904659314902,4.30145408928948,0.792218404947297));
#8475=CARTESIAN_POINT('Ctrl Pts',(44.4867058233352,4.1660622245876,0.81869091758387));
#8476=CARTESIAN_POINT('Ctrl Pts',(44.9567336562584,4.24661949743071,0.845163430220442));
#8477=CARTESIAN_POINT('Ctrl Pts',(45.2852737815962,4.50623111877082,0.871635942857015));
#8478=CARTESIAN_POINT('Ctrl Pts',(45.5822338300015,4.74088823884239,0.895563853111149));
#8479=CARTESIAN_POINT('Ctrl Pts',(45.7635991779835,5.12183180405618,0.919491763365283));
#8480=CARTESIAN_POINT('Ctrl Pts',(45.766104373219,5.50069504445118,0.943419673619418));
#8481=CARTESIAN_POINT('Ctrl Pts',(45.7653911544643,5.49898336468641,0.806580326380583));
#8482=CARTESIAN_POINT('Ctrl Pts',(45.76598659216,5.43087698263784,0.80228524970701));
#8483=CARTESIAN_POINT('Ctrl Pts',(45.7609620908564,5.36285864765076,0.797990173033437));
#8484=CARTESIAN_POINT('Ctrl Pts',(45.7500094127552,5.29580878556278,0.793695096359864));
#8485=CARTESIAN_POINT('Ctrl Pts',(45.6825438969129,4.88279988571965,0.767238593147868));
#8486=CARTESIAN_POINT('Ctrl Pts',(45.3901500349206,4.50653702347379,0.740782089935873));
#8487=CARTESIAN_POINT('Ctrl Pts',(45.0065984308049,4.33915166796264,0.714325586723878));
#8488=CARTESIAN_POINT('Ctrl Pts',(44.6230468266892,4.17176631245148,0.687869083511882));
#8489=CARTESIAN_POINT('Ctrl Pts',(44.14833748045,4.21325846367503,0.661412580299886));
#8490=CARTESIAN_POINT('Ctrl Pts',(43.7996496457806,4.44466275952529,0.634956077087891));
#8491=CARTESIAN_POINT('Ctrl Pts',(43.4509618111112,4.67606705537555,0.608499573875895));
#8492=CARTESIAN_POINT('Ctrl Pts',(43.2282954880115,5.09738349585251,0.5820430706639));
#8493=CARTESIAN_POINT('Ctrl Pts',(43.2335216171741,5.5158261982645,0.555586567451904));
#8494=CARTESIAN_POINT('Ctrl Pts',(43.2387477463366,5.93426890067649,0.529130064239909));
#8495=CARTESIAN_POINT('Ctrl Pts',(43.4718663277614,6.34983786502351,0.502673561027913));
#8496=CARTESIAN_POINT('Ctrl Pts',(43.8262235909222,6.57247449670735,0.476217057815918));
#8497=CARTESIAN_POINT('Ctrl Pts',(44.180580854083,6.79511112839119,0.449760554603922));
#8498=CARTESIAN_POINT('Ctrl Pts',(44.65617679898,6.82481542741186,0.423304051391926));
#8499=CARTESIAN_POINT('Ctrl Pts',(45.0354297194955,6.64787340035319,0.396847548179931));
#8500=CARTESIAN_POINT('Ctrl Pts',(45.414682640011,6.47093137329453,0.370391044967935));
#8501=CARTESIAN_POINT('Ctrl Pts',(45.6975925361451,6.08734302015653,0.34393454175594));
#8502=CARTESIAN_POINT('Ctrl Pts',(45.7547208042791,5.67284015517347,0.317478038543945));
#8503=CARTESIAN_POINT('Ctrl Pts',(45.7625647159445,5.61592745741093,0.313845467822824));
#8504=CARTESIAN_POINT('Ctrl Pts',(45.7661521351179,5.55843195143352,0.310212897101704));
#8505=CARTESIAN_POINT('Ctrl Pts',(45.7656828244556,5.50087990906162,0.306580326380583));
#8506=CARTESIAN_POINT('Ctrl Pts',(43.5418838472776,6.32521129893651,-1.94289029309402E-15));
#8507=CARTESIAN_POINT('Ctrl Pts',(43.2675322631326,6.00667387145205,0.0264565032119936));
#8508=CARTESIAN_POINT('Ctrl Pts',(43.0662726386122,5.07992784835947,0.0793695096359846));
#8509=CARTESIAN_POINT('Ctrl Pts',(44.0769347851414,4.0656415038154,0.158739019271971));
#8510=CARTESIAN_POINT('Ctrl Pts',(45.4745423526807,4.36750253653422,0.238108528907957));
#8511=CARTESIAN_POINT('Ctrl Pts',(45.9805024322792,5.70375466701853,0.317478038543945));
#8512=CARTESIAN_POINT('Ctrl Pts',(45.1317727438769,6.85451972643253,0.39684754817993));
#8513=CARTESIAN_POINT('Ctrl Pts',(43.7049849091861,6.76540682937053,0.476217057815918));
#8514=CARTESIAN_POINT('Ctrl Pts',(43.0056291649118,5.51869993632947,0.555586567451904));
#8515=CARTESIAN_POINT('Ctrl Pts',(43.6736281342108,4.25475061489858,0.63495607708789));
#8516=CARTESIAN_POINT('Ctrl Pts',(45.0977561729283,4.13027416122793,0.714325586723878));
#8517=CARTESIAN_POINT('Ctrl Pts',(45.9749377589052,5.25906274796551,0.793695096359864));
#8518=CARTESIAN_POINT('Ctrl Pts',(45.5025492679817,6.60832756028671,0.873064605995851));
#8519=CARTESIAN_POINT('Ctrl Pts',(44.1128274693117,6.94346199993875,0.952434115631836));
#8520=CARTESIAN_POINT('Ctrl Pts',(43.0773687799339,5.95783220319045,1.03180362526782));
#8521=CARTESIAN_POINT('Ctrl Pts',(43.3436191645068,4.5532829148964,1.11117313490381));
#8522=CARTESIAN_POINT('Ctrl Pts',(44.6679591382185,4.01498204226248,1.1905426445398));
#8523=CARTESIAN_POINT('Ctrl Pts',(45.8386163517587,4.83547340606282,1.26991215417578));
#8524=CARTESIAN_POINT('Ctrl Pts',(45.7844382455533,6.26400762973356,1.34928166381177));
#8525=CARTESIAN_POINT('Ctrl Pts',(44.5549978573354,6.99347391781091,1.42865117344776));
#8526=CARTESIAN_POINT('Ctrl Pts',(43.2752343714623,6.35641016402716,1.50802068308374));
#8527=CARTESIAN_POINT('Ctrl Pts',(43.1161326699142,4.93573019832277,1.58739019271973));
#8528=CARTESIAN_POINT('Ctrl Pts',(44.2232709675112,4.03135769494498,1.66675970235572));
#8529=CARTESIAN_POINT('Ctrl Pts',(45.5836166087623,4.47079436549672,1.7461292119917));
#8530=CARTESIAN_POINT('Ctrl Pts',(45.9524519621172,5.85195523447655,1.82549872162769));
#8531=CARTESIAN_POINT('Ctrl Pts',(44.9922923083304,6.91107670605964,1.90486823126367));
#8532=CARTESIAN_POINT('Ctrl Pts',(43.5816846968679,6.67906157320049,1.98423774089967));
#8533=CARTESIAN_POINT('Ctrl Pts',(43.0113365120955,5.36820391315403,2.06360725053565));
#8534=CARTESIAN_POINT('Ctrl Pts',(43.8031169170991,4.17793980572839,2.14297676017164));
#8535=CARTESIAN_POINT('Ctrl Pts',(45.2325460443861,4.19736210647068,2.22234626980762));
#8536=CARTESIAN_POINT('Ctrl Pts',(45.9916948037393,5.40869939104848,2.30171577944361));
#8537=CARTESIAN_POINT('Ctrl Pts',(45.3859413162638,6.70357682464207,2.38108528907959));
#8538=CARTESIAN_POINT('Ctrl Pts',(43.9695506326951,6.89718025230956,2.46045479871558));
#8539=CARTESIAN_POINT('Ctrl Pts',(43.0385216541147,5.8123623428158,2.53982430835157));
#8540=CARTESIAN_POINT('Ctrl Pts',(43.4447468330151,4.4417325752588,2.61919381798756));
#8541=CARTESIAN_POINT('Ctrl Pts',(44.8165297218322,4.03941856649415,2.69856332762354));
#8542=CARTESIAN_POINT('Ctrl Pts',(45.8986875965817,4.97353803948322,2.77793283725953));
#8543=CARTESIAN_POINT('Ctrl Pts',(45.7010449126627,6.38937073623423,2.85730234689552));
#8544=CARTESIAN_POINT('Ctrl Pts',(44.4044449247907,6.99142831416902,2.9366718565315));
#8545=CARTESIAN_POINT('Ctrl Pts',(43.1952779269128,6.22882748349778,3.01604136616749));
#8546=CARTESIAN_POINT('Ctrl Pts',(43.1799329391283,4.79934877185241,3.09541087580347));
#8547=CARTESIAN_POINT('Ctrl Pts',(44.3724506407054,4.01096663917609,3.17478038543946));
#8548=CARTESIAN_POINT('Ctrl Pts',(45.681676134417,4.58505153038416,3.25414989507545));
#8549=CARTESIAN_POINT('Ctrl Pts',(45.9096667757654,5.9963151921976,3.33351940471143));
#8550=CARTESIAN_POINT('Ctrl Pts',(44.8478108984415,6.95344995360291,3.41288891434742));
#8551=CARTESIAN_POINT('Ctrl Pts',(43.4677076989677,6.58067654454622,3.49225842398341));
#8552=CARTESIAN_POINT('Ctrl Pts',(43.0321529939533,5.21908300951546,3.57162793361939));
#8553=CARTESIAN_POINT('Ctrl Pts',(43.9396797768778,4.11452880352449,3.65099744325538));
#8554=CARTESIAN_POINT('Ctrl Pts',(45.3599001279284,4.27768213680245,3.73036695289137));
#8555=CARTESIAN_POINT('Ctrl Pts',(45.9933109964242,5.55925754518419,3.80973646252735));
#8556=CARTESIAN_POINT('Ctrl Pts',(45.2603408001562,6.78661224007894,3.88910597216335));
#8557=CARTESIAN_POINT('Ctrl Pts',(43.8316580064527,6.83671544031037,3.96847548179932));
#8558=CARTESIAN_POINT('Ctrl Pts',(43.0145088095395,5.66372266723722,4.04784499143532));
#8559=CARTESIAN_POINT('Ctrl Pts',(43.556585547063,4.34092348885314,4.1272145010713));
#8560=CARTESIAN_POINT('Ctrl Pts',(44.961887458582,4.07868048479323,4.20658401070729));
#8561=CARTESIAN_POINT('Ctrl Pts',(45.9445618806032,5.11694626772316,4.28595352034327));
#8562=CARTESIAN_POINT('Ctrl Pts',(45.605460727903,6.5057066012347,4.36532302997927));
#8563=CARTESIAN_POINT('Ctrl Pts',(44.2548618965118,6.97424438236038,4.44469253961524));
#8564=CARTESIAN_POINT('Ctrl Pts',(43.1285646765467,6.09384706978116,4.52406204925123));
#8565=CARTESIAN_POINT('Ctrl Pts',(43.2571321579081,4.67007909063777,4.60343155888722));
#8566=CARTESIAN_POINT('Ctrl Pts',(44.5229249657452,4.00568957888645,4.6828010685232));
#8567=CARTESIAN_POINT('Ctrl Pts',(45.7677414068514,4.70859560649591,4.76217057815919));
#8568=CARTESIAN_POINT('Ctrl Pts',(45.852573184691,6.13563745071991,4.84154008779518));
#8569=CARTESIAN_POINT('Ctrl Pts',(44.6997991371568,6.98107038775823,4.92090959743116));
#8570=CARTESIAN_POINT('Ctrl Pts',(43.3642086780239,6.47132242928217,5.00027910706715));
#8571=CARTESIAN_POINT('Ctrl Pts',(43.0678684216869,5.07281347036491,5.07964861670314));
#8572=CARTESIAN_POINT('Ctrl Pts',(44.0819300009647,4.06518061603227,5.15901812633913));
#8573=CARTESIAN_POINT('Ctrl Pts',(45.4785260501522,4.37040894219351,5.23838763597511));
#8574=CARTESIAN_POINT('Ctrl Pts',(45.979769778552,5.70921422319503,5.3177571456111));
#8575=CARTESIAN_POINT('Ctrl Pts',(45.1270226701701,6.85658827939641,5.39712665524708));
#8576=CARTESIAN_POINT('Ctrl Pts',(43.7005491874765,6.76268269452721,5.47649616488308));
#8577=CARTESIAN_POINT('Ctrl Pts',(43.005574002899,5.51342117325992,5.55586567451904));
#8578=CARTESIAN_POINT('Ctrl Pts',(43.6780001098272,4.25187926495122,5.63523518415506));
#8579=CARTESIAN_POINT('Ctrl Pts',(45.1025569436164,4.13236908546107,5.71460469379103));
#8580=CARTESIAN_POINT('Ctrl Pts',(45.9757735675157,5.26424256931144,5.79397420342702));
#8581=CARTESIAN_POINT('Ctrl Pts',(45.4986558917538,6.6118343395346,5.873343713063));
#8582=CARTESIAN_POINT('Ctrl Pts',(44.1077670698777,6.94209657000862,5.952713222699));
#8583=CARTESIAN_POINT('Ctrl Pts',(43.0757717738507,5.95283898743676,6.03208273233497));
#8584=CARTESIAN_POINT('Ctrl Pts',(43.3469467382537,4.54923327557225,6.11145224197097));
#8585=CARTESIAN_POINT('Ctrl Pts',(44.6731665977168,4.01558007351755,6.19082175160694));
#8586=CARTESIAN_POINT('Ctrl Pts',(45.8409388459748,4.8401725982813,6.27019126124294));
#8587=CARTESIAN_POINT('Ctrl Pts',(45.7817507004943,6.26850785974205,6.34956077087892));
#8588=CARTESIAN_POINT('Ctrl Pts',(44.5497593739637,6.99365765602622,6.42893028051492));
#8589=CARTESIAN_POINT('Ctrl Pts',(43.2722381701728,6.3521091936615,6.50829979015089));
#8590=CARTESIAN_POINT('Ctrl Pts',(43.1181202764314,4.93087996143813,6.58766929978689));
#8591=CARTESIAN_POINT('Ctrl Pts',(44.2284237206341,4.03039613732517,6.66703880942287));
#8592=CARTESIAN_POINT('Ctrl Pts',(45.5872197338015,4.47460132673414,6.74640831905886));
#8593=CARTESIAN_POINT('Ctrl Pts',(45.9512085962405,5.85704733425776,6.82577782869484));
#8594=CARTESIAN_POINT('Ctrl Pts',(44.98734013246,6.912794671563,6.90514733833084));
#8595=CARTESIAN_POINT('Ctrl Pts',(43.5775549569647,6.67583346239281,6.98451684796681));
#8596=CARTESIAN_POINT('Ctrl Pts',(43.0118079242991,5.36298345164234,7.06388635760282));
#8597=CARTESIAN_POINT('Ctrl Pts',(43.8077581387833,4.17550372054794,7.14325586723878));
#8598=CARTESIAN_POINT('Ctrl Pts',(45.237110353031,4.19993941827405,7.22262537687478));
#8599=CARTESIAN_POINT('Ctrl Pts',(45.9920058523444,5.41393185680642,7.30199488651076));
#8600=CARTESIAN_POINT('Ctrl Pts',(45.3817144950406,6.70667673298956,7.38136439614675));
#8601=CARTESIAN_POINT('Ctrl Pts',(43.964653487318,6.89531118395223,7.46073390578274));
#8602=CARTESIAN_POINT('Ctrl Pts',(43.0374350775324,5.8072344972007,7.54010341541873));
#8603=CARTESIAN_POINT('Ctrl Pts',(43.4484650438942,4.43803793627521,7.61947292505471));
#8604=CARTESIAN_POINT('Ctrl Pts',(44.8216505534758,4.04053773253582,7.69884243469069));
#8605=CARTESIAN_POINT('Ctrl Pts',(45.9005254828818,4.97844697249295,7.77821194432669));
#8606=CARTESIAN_POINT('Ctrl Pts',(45.6979181858047,6.39357775756858,7.85758145396266));
#8607=CARTESIAN_POINT('Ctrl Pts',(44.399214542997,6.99108399507192,7.93695096359866));
#8608=CARTESIAN_POINT('Ctrl Pts',(43.1927296947887,6.22424687629002,8.01632047323464));
#8609=CARTESIAN_POINT('Ctrl Pts',(43.1823984916326,4.79472313673932,8.09568998287064));
#8610=CARTESIAN_POINT('Ctrl Pts',(44.3776739948147,4.01052843694202,8.17505949250661));
#8611=CARTESIAN_POINT('Ctrl Pts',(45.6848779158642,4.58920171651427,8.2544290021426));
#8612=CARTESIAN_POINT('Ctrl Pts',(45.9079173513034,6.00125634220568,8.33379851177859));
#8613=CARTESIAN_POINT('Ctrl Pts',(44.8427109932142,6.95466091025818,8.41316802141458));
#8614=CARTESIAN_POINT('Ctrl Pts',(43.4639237313908,6.57704928129031,8.49253753105056));
#8615=CARTESIAN_POINT('Ctrl Pts',(43.0331472981686,5.21393647587839,8.57190704068655));
#8616=CARTESIAN_POINT('Ctrl Pts',(43.9445425635274,4.11257208296423,8.65127655032254));
#8617=CARTESIAN_POINT('Ctrl Pts',(45.3641819423334,4.2807056306011,8.73064605995851));
#8618=CARTESIAN_POINT('Ctrl Pts',(45.9930939740945,5.5644947534728,8.81001556959451));
#8619=CARTESIAN_POINT('Ctrl Pts',(45.2558235167418,6.78927111200212,8.8893850792305));
#8620=CARTESIAN_POINT('Ctrl Pts',(43.8269737808244,6.83436310538222,8.96875458886647));
#8621=CARTESIAN_POINT('Ctrl Pts',(43.0139437128621,5.65851151428466,9.04812409850248));
#8622=CARTESIAN_POINT('Ctrl Pts',(43.5606566433649,4.33762172807284,9.12749360813845));
#8623=CARTESIAN_POINT('Ctrl Pts',(44.9668696906495,4.08030923062245,9.20686311777445));
#8624=CARTESIAN_POINT('Ctrl Pts',(45.9458965010797,5.1220152160888,9.28623262741042));
#8625=CARTESIAN_POINT('Ctrl Pts',(45.6019265577094,6.50957765928026,9.36560213704642));
#8626=CARTESIAN_POINT('Ctrl Pts',(44.2496927049322,6.97337552807789,9.4449716466824));
#8627=CARTESIAN_POINT('Ctrl Pts',(43.1264902790795,6.08903330571363,9.52434115631839));
#8628=CARTESIAN_POINT('Ctrl Pts',(43.2600506303235,4.66572501575209,9.60371066595437));
#8629=CARTESIAN_POINT('Ctrl Pts',(44.5281659028458,4.00577917608547,9.68308017559036));
#8630=CARTESIAN_POINT('Ctrl Pts',(45.7705093459148,4.71304689425232,9.76244968522634));
#8631=CARTESIAN_POINT('Ctrl Pts',(45.8503354586885,6.14037749625632,9.84181919486234));
#8632=CARTESIAN_POINT('Ctrl Pts',(44.6946032676328,6.98176204463793,9.92118870449832));
#8633=CARTESIAN_POINT('Ctrl Pts',(43.3608088908226,6.46733283076404,10.0005582141343));
#8634=CARTESIAN_POINT('Ctrl Pts',(43.0693755255195,5.06779310310861,10.0799277237703));
#8635=CARTESIAN_POINT('Ctrl Pts',(44.0869649943074,4.06372312113038,10.1592972334063));
#8636=CARTESIAN_POINT('Ctrl Pts',(45.4824819090288,4.37384792894825,10.2386667430423));
#8637=CARTESIAN_POINT('Ctrl Pts',(45.9790268881087,5.71440301526442,10.3180362526783));
#8638=CARTESIAN_POINT('Ctrl Pts',(45.1222607759103,6.85877912681437,10.3974057623142));
#8639=CARTESIAN_POINT('Ctrl Pts',(43.6961254274409,6.75987096970121,10.4767752719502));
#8640=CARTESIAN_POINT('Ctrl Pts',(43.0055361219727,5.50817960723577,10.5561447815862));
#8641=CARTESIAN_POINT('Ctrl Pts',(43.6823827690959,4.2490038959167,10.6355142912222));
#8642=CARTESIAN_POINT('Ctrl Pts',(45.1073500054381,4.13449087897691,10.7148838008582));
#8643=CARTESIAN_POINT('Ctrl Pts',(45.9765913754993,5.26942008217499,10.7942533104942));
#8644=CARTESIAN_POINT('Ctrl Pts',(45.494750150771,6.61533014226453,10.8736228201302));
#8645=CARTESIAN_POINT('Ctrl Pts',(44.1027115368595,6.94071199958839,10.9529923297662));
#8646=CARTESIAN_POINT('Ctrl Pts',(43.074192266596,5.94784092719464,11.0323618394021));
#8647=CARTESIAN_POINT('Ctrl Pts',(43.3502885074929,4.54519495566006,11.1117313490381));
#8648=CARTESIAN_POINT('Ctrl Pts',(44.6783719212275,4.01619656072019,11.1911008586741));
#8649=CARTESIAN_POINT('Ctrl Pts',(45.8432448475152,4.84487980618664,11.2704703683101));
#8650=CARTESIAN_POINT('Ctrl Pts',(45.7790473863152,6.27299868838113,11.3498398779461));
#8651=CARTESIAN_POINT('Ctrl Pts',(44.544520279296,6.99382299266981,11.4292093875821));
#8652=CARTESIAN_POINT('Ctrl Pts',(43.2692570718411,6.34779775512276,11.5085788972181));
#8653=CARTESIAN_POINT('Ctrl Pts',(43.1201248825438,4.92603671830322,11.587948406854));
#8654=CARTESIAN_POINT('Ctrl Pts',(44.2335798143215,4.02945266196869,11.66731791649));
#8655=CARTESIAN_POINT('Ctrl Pts',(45.5908094846491,4.47842089999647,11.746687426126));
#8656=CARTESIAN_POINT('Ctrl Pts',(45.9499473776474,5.86213504287589,11.826056935762));
#8657=CARTESIAN_POINT('Ctrl Pts',(44.9823819625641,6.91449525680592,11.905426445398));
#8658=CARTESIAN_POINT('Ctrl Pts',(43.5734365626324,6.67259088748469,11.984795955034));
#8659=CARTESIAN_POINT('Ctrl Pts',(43.0122976473915,5.35776467505254,12.0641654646699));
#8660=CARTESIAN_POINT('Ctrl Pts',(43.8124078688673,4.17308392971974,12.143534974306));
#8661=CARTESIAN_POINT('Ctrl Pts',(45.2416656080706,4.2025327211442,12.2229044839419));
#8662=CARTESIAN_POINT('Ctrl Pts',(45.992298519885,5.41916538462976,12.3022739935779));
#8663=CARTESIAN_POINT('Ctrl Pts',(45.3774768794687,6.70976179098565,12.3816435032139));
#8664=CARTESIAN_POINT('Ctrl Pts',(43.959762827006,6.89342496323308,12.4610130128499));
#8665=CARTESIAN_POINT('Ctrl Pts',(43.0363666867165,5.80210284864748,12.5403825224859));
#8666=CARTESIAN_POINT('Ctrl Pts',(43.4521958163585,4.43435640635988,12.6197520321219));
#8667=CARTESIAN_POINT('Ctrl Pts',(44.8267681495108,4.04167476499569,12.6991215417579));
#8668=CARTESIAN_POINT('Ctrl Pts',(45.9023447496195,4.98336248974591,12.7784910513938));
#8669=CARTESIAN_POINT('Ctrl Pts',(45.6947794050677,6.39777346187542,12.8578605610298));
#8670=CARTESIAN_POINT('Ctrl Pts',(44.3939802278252,6.99072195931044,12.9372300706658));
#8671=CARTESIAN_POINT('Ctrl Pts',(43.1902075210039,6.21965615236649,13.0165995803018));
#8672=CARTESIAN_POINT('Ctrl Pts',(43.1848610117117,4.79010850607483,13.0959690899378));
#8673=CARTESIAN_POINT('Ctrl Pts',(44.3829359614168,4.01010406697266,13.1753385995738));
#8674=CARTESIAN_POINT('Ctrl Pts',(45.6879935552412,4.59337176795297,13.2547081092098));
#8675=CARTESIAN_POINT('Ctrl Pts',(45.9062886428421,6.00617461632692,13.3340776188457));
#8676=CARTESIAN_POINT('Ctrl Pts',(44.8373405128514,6.95588625747545,13.4134471284817));
#8677=CARTESIAN_POINT('Ctrl Pts',(43.4606676172608,6.5733459368323,13.4928166381177));
#8678=CARTESIAN_POINT('Ctrl Pts',(43.0331527237132,5.20892004594945,13.5721861477537));
#8679=CARTESIAN_POINT('Ctrl Pts',(43.9514826591923,4.11033691629616,13.6515556573897));
#8680=CARTESIAN_POINT('Ctrl Pts',(44.8926746382591,4.22661798234017,13.7044686638137));
#8681=CARTESIAN_POINT('Ctrl Pts',(45.2348070071454,4.47091355453002,13.7309251670257));
#8682=CARTESIAN_POINT('Ctrl Pts',(43.4715437000434,6.3857942294107,-0.0535973499897722));
#8683=CARTESIAN_POINT('Ctrl Pts',(43.1770505800648,6.04387136010353,-0.0271408467777767));
#8684=CARTESIAN_POINT('Ctrl Pts',(42.961015469732,5.04908822947667,0.0257721596462143));
#8685=CARTESIAN_POINT('Ctrl Pts',(44.0458754303668,3.96033800014138,0.105141669282201));
#8686=CARTESIAN_POINT('Ctrl Pts',(45.54608843024,4.28436017629295,0.184511178918187));
#8687=CARTESIAN_POINT('Ctrl Pts',(46.0891935954241,5.71871332650573,0.263880688554174));
#8688=CARTESIAN_POINT('Ctrl Pts',(45.1781543727604,6.95396186266857,0.343250198190161));
#8689=CARTESIAN_POINT('Ctrl Pts',(43.6466188349034,6.85830673762931,0.422619707826147));
#8690=CARTESIAN_POINT('Ctrl Pts',(42.8959198522528,5.52007279312867,0.501989217462134));
#8691=CARTESIAN_POINT('Ctrl Pts',(43.6129600006607,4.16333056646027,0.58135872709812));
#8692=CARTESIAN_POINT('Ctrl Pts',(45.1416404734846,4.0297156674628,0.660728236734108));
#8693=CARTESIAN_POINT('Ctrl Pts',(46.0832203912645,5.24137432706354,0.740097746370093));
#8694=CARTESIAN_POINT('Ctrl Pts',(45.5761514746861,6.68969548582773,0.819467256006081));
#8695=CARTESIAN_POINT('Ctrl Pts',(44.084403177814,7.04943383781484,0.898836765642066));
#8696=CARTESIAN_POINT('Ctrl Pts',(42.9729262348466,5.99144397822367,0.978206275278053));
#8697=CARTESIAN_POINT('Ctrl Pts',(43.2587234052647,4.48377963080483,1.05757578491404));
#8698=CARTESIAN_POINT('Ctrl Pts',(44.6802898670952,3.90595937158108,1.13694529455003));
#8699=CARTESIAN_POINT('Ctrl Pts',(45.9368909409152,4.78668715157185,1.21631480418601));
#8700=CARTESIAN_POINT('Ctrl Pts',(45.8787353462219,6.32009728964678,1.295684313822));
#8701=CARTESIAN_POINT('Ctrl Pts',(44.559035527895,7.10311738324134,1.37505382345799));
#8702=CARTESIAN_POINT('Ctrl Pts',(43.1853181390786,6.41928356080627,1.45442333309397));
#8703=CARTESIAN_POINT('Ctrl Pts',(43.014535977828,4.89430430145521,1.53379284272996));
#8704=CARTESIAN_POINT('Ctrl Pts',(44.2029548911838,3.92353724365782,1.61316235236595));
#8705=CARTESIAN_POINT('Ctrl Pts',(45.6631703785106,4.39523518025639,1.69253186200193));
#8706=CARTESIAN_POINT('Ctrl Pts',(46.0590837985347,5.8777940463394,1.77190137163792));
#8707=CARTESIAN_POINT('Ctrl Pts',(45.0284339737766,7.01467097589952,1.85127088127391));
#8708=CARTESIAN_POINT('Ctrl Pts',(43.5142665310784,6.76562243998218,1.93064039090989));
#8709=CARTESIAN_POINT('Ctrl Pts',(42.9020462046271,5.35852809657657,2.01000990054588));
#8710=CARTESIAN_POINT('Ctrl Pts',(43.7519552092862,4.08088068773587,2.08937941018187));
#8711=CARTESIAN_POINT('Ctrl Pts',(45.2863259503731,4.10172887769833,2.16874891981785));
#8712=CARTESIAN_POINT('Ctrl Pts',(46.1012076554175,5.40199655208895,2.24811842945384));
#8713=CARTESIAN_POINT('Ctrl Pts',(45.4509827441219,6.79193747988467,2.32748793908983));
#8714=CARTESIAN_POINT('Ctrl Pts',(43.9306076647777,6.9997543132739,2.40685744872581));
#8715=CARTESIAN_POINT('Ctrl Pts',(42.931227145263,5.83529444047606,2.4862269583618));
#8716=CARTESIAN_POINT('Ctrl Pts',(43.3672753668215,4.36403981717512,2.56559646799778));
#8717=CARTESIAN_POINT('Ctrl Pts',(44.8397677678399,3.93218990451146,2.64496597763377));
#8718=CARTESIAN_POINT('Ctrl Pts',(46.0013723193042,4.93488780724282,2.72433548726975));
#8719=CARTESIAN_POINT('Ctrl Pts',(45.7892196874555,6.45466393513796,2.80370499690575));
#8720=CARTESIAN_POINT('Ctrl Pts',(44.3974297439694,7.10092160150157,2.88307450654173));
#8721=CARTESIAN_POINT('Ctrl Pts',(43.0994916879897,6.28233439114352,2.96244401617773));
#8722=CARTESIAN_POINT('Ctrl Pts',(43.0830201471282,4.74791042546013,3.0418135258137));
#8723=CARTESIAN_POINT('Ctrl Pts',(44.3630865978521,3.90164917746805,3.12118303544969));
#8724=CARTESIAN_POINT('Ctrl Pts',(45.7684289493465,4.51788054085258,3.20055254508567));
#8725=CARTESIAN_POINT('Ctrl Pts',(46.0131575354993,6.03275219787233,3.27992205472167));
#8726=CARTESIAN_POINT('Ctrl Pts',(44.8733454536586,7.06015505761725,3.35929156435765));
#8727=CARTESIAN_POINT('Ctrl Pts',(43.3919219059434,6.66001446932705,3.43866107399364));
#8728=CARTESIAN_POINT('Ctrl Pts',(42.9243909295844,5.19845947403374,3.51803058362963));
#8729=CARTESIAN_POINT('Ctrl Pts',(43.8985438385255,4.01281436350381,3.59740009326561));
#8730=CARTESIAN_POINT('Ctrl Pts',(45.423029740589,4.18794560723858,3.6767696029016));
#8731=CARTESIAN_POINT('Ctrl Pts',(46.1029425009727,5.56360794094899,3.75613911253758));
#8732=CARTESIAN_POINT('Ctrl Pts',(45.3161612595849,6.88106894466889,3.83550862217357));
#8733=CARTESIAN_POINT('Ctrl Pts',(43.7825916442007,6.93485047395383,3.91487813180956));
#8734=CARTESIAN_POINT('Ctrl Pts',(42.9054513964531,5.67574237537629,3.99424764144554));
#8735=CARTESIAN_POINT('Ctrl Pts',(43.4873247258838,4.2558298264426,4.07361715108153));
#8736=CARTESIAN_POINT('Ctrl Pts',(44.995796950401,3.97433423858654,4.15298666071752));
#8737=CARTESIAN_POINT('Ctrl Pts',(46.0506144662755,5.08882435802523,4.2323561703535));
#8738=CARTESIAN_POINT('Ctrl Pts',(45.6866181847954,6.57954060372419,4.31172567998949));
#8739=CARTESIAN_POINT('Ctrl Pts',(44.2368650698816,7.08247611044457,4.39109518962547));
#8740=CARTESIAN_POINT('Ctrl Pts',(43.0278806808748,6.13744438332645,4.47046469926146));
#8741=CARTESIAN_POINT('Ctrl Pts',(43.1658869505738,4.60915040386899,4.54983420889745));
#8742=CARTESIAN_POINT('Ctrl Pts',(44.524608003299,3.89598470152251,4.62920371853343));
#8743=CARTESIAN_POINT('Ctrl Pts',(45.8608127082374,4.65049461174414,4.70857322816943));
#8744=CARTESIAN_POINT('Ctrl Pts',(45.9518724154638,6.18230280725752,4.78794273780541));
#8745=CARTESIAN_POINT('Ctrl Pts',(44.7144674012133,7.0898032473841,4.8673122474414));
#8746=CARTESIAN_POINT('Ctrl Pts',(43.2808244989886,6.54263211599762,4.94668175707738));
#8747=CARTESIAN_POINT('Ctrl Pts',(42.9627284073044,5.04145154905125,5.02605126671336));
#8748=CARTESIAN_POINT('Ctrl Pts',(44.0512373702196,3.95984327625765,5.10542077634936));
#8749=CARTESIAN_POINT('Ctrl Pts',(45.5503645910689,4.28747995587504,5.18479028598534));
#8750=CARTESIAN_POINT('Ctrl Pts',(46.0884071538852,5.72457369628317,5.26415979562133));
#8751=CARTESIAN_POINT('Ctrl Pts',(45.1730555721452,6.95618227855599,5.34352930525731));
#8752=CARTESIAN_POINT('Ctrl Pts',(43.6418574644535,6.85538261028465,5.42289881489331));
#8753=CARTESIAN_POINT('Ctrl Pts',(42.8958606405179,5.51440648939353,5.50226832452928));
#8754=CARTESIAN_POINT('Ctrl Pts',(43.6176529450945,4.16024841620704,5.58163783416528));
#8755=CARTESIAN_POINT('Ctrl Pts',(45.1467936930028,4.03196439066758,5.66100734380126));
#8756=CARTESIAN_POINT('Ctrl Pts',(46.0841175608077,5.24693442526327,5.74037685343724));
#8757=CARTESIAN_POINT('Ctrl Pts',(45.5719722660397,6.69345971545667,5.81974636307324));
#8758=CARTESIAN_POINT('Ctrl Pts',(44.0789712688921,7.0479681647753,5.89911587270922));
#8759=CARTESIAN_POINT('Ctrl Pts',(42.9712119844787,5.98608418527546,5.9784853823452));
#8760=CARTESIAN_POINT('Ctrl Pts',(43.2622952730116,4.47943268699886,6.0578548919812));
#8761=CARTESIAN_POINT('Ctrl Pts',(44.6858796325036,3.90660130733188,6.13722440161718));
#8762=CARTESIAN_POINT('Ctrl Pts',(45.939383941165,4.79173133523169,6.21659391125317));
#8763=CARTESIAN_POINT('Ctrl Pts',(45.8758504949025,6.32492790427564,6.29596342088915));
#8764=CARTESIAN_POINT('Ctrl Pts',(44.5534124609939,7.10331461060729,6.37533293052514));
#8765=CARTESIAN_POINT('Ctrl Pts',(43.1821019715154,6.41466683447731,6.45470244016113));
#8766=CARTESIAN_POINT('Ctrl Pts',(43.0166695045811,4.88909798417716,6.53407194979711));
#8767=CARTESIAN_POINT('Ctrl Pts',(44.2084859339455,3.92250509323531,6.61344145943311));
#8768=CARTESIAN_POINT('Ctrl Pts',(45.6670380271622,4.39932162975126,6.69281096906909));
#8769=CARTESIAN_POINT('Ctrl Pts',(46.0577491508875,5.88325998289116,6.77218047870507));
#8770=CARTESIAN_POINT('Ctrl Pts',(45.0231182336568,7.01651506592975,6.85154998834107));
#8771=CARTESIAN_POINT('Ctrl Pts',(43.5098336061054,6.76215733725149,6.93091949797703));
#8772=CARTESIAN_POINT('Ctrl Pts',(42.902552225582,5.3529243746112,7.01028900761305));
#8773=CARTESIAN_POINT('Ctrl Pts',(43.7569371665022,4.07826575723507,7.08965851724901));
#8774=CARTESIAN_POINT('Ctrl Pts',(45.2912253479746,4.10449540298193,7.16902802688501));
#8775=CARTESIAN_POINT('Ctrl Pts',(46.1015415396723,5.40761315959291,7.24839753652098));
#8776=CARTESIAN_POINT('Ctrl Pts',(45.4464456105984,6.79526496816488,7.32776704615699));
#8777=CARTESIAN_POINT('Ctrl Pts',(43.9253509952178,6.99774802716581,7.40713655579296));
#8778=CARTESIAN_POINT('Ctrl Pts',(42.9300607976043,5.82979013380815,7.48650606542895));
#8779=CARTESIAN_POINT('Ctrl Pts',(43.3712665503459,4.36007393607821,7.56587557506494));
#8780=CARTESIAN_POINT('Ctrl Pts',(44.8452645456052,3.93339123418633,7.64524508470092));
#8781=CARTESIAN_POINT('Ctrl Pts',(46.0033451341227,4.94015712982505,7.72461459433692));
#8782=CARTESIAN_POINT('Ctrl Pts',(45.7858634117824,6.45917981516257,7.8039841039729));
#8783=CARTESIAN_POINT('Ctrl Pts',(44.3918153734239,7.10055200420005,7.88335361360888));
#8784=CARTESIAN_POINT('Ctrl Pts',(43.0967563772715,6.27741749841912,7.96272312324487));
#8785=CARTESIAN_POINT('Ctrl Pts',(43.0856667082979,4.7429451991044,8.04209263288086));
#8786=CARTESIAN_POINT('Ctrl Pts',(44.3686934247754,3.90117880459415,8.12146214251684));
#8787=CARTESIAN_POINT('Ctrl Pts',(45.7718657897453,4.52233541311352,8.20083165215284));
#8788=CARTESIAN_POINT('Ctrl Pts',(46.0112796769494,6.03805610266547,8.28020116178881));
#8789=CARTESIAN_POINT('Ctrl Pts',(44.8678711386234,7.06145491671843,8.35957067142482));
#8790=CARTESIAN_POINT('Ctrl Pts',(43.3878601381899,6.65612091035037,8.43894018106078));
#8791=CARTESIAN_POINT('Ctrl Pts',(42.9254582306953,5.19293510736176,8.51830969069678));
#8792=CARTESIAN_POINT('Ctrl Pts',(43.9037636269101,4.01071399020174,8.59767920033276));
#8793=CARTESIAN_POINT('Ctrl Pts',(45.4276259046215,4.19119107099188,8.67704870996876));
#8794=CARTESIAN_POINT('Ctrl Pts',(46.1027095459372,5.56922963915678,8.75641821960473));
#8795=CARTESIAN_POINT('Ctrl Pts',(45.3113123395735,6.88392301781274,8.83578772924073));
#8796=CARTESIAN_POINT('Ctrl Pts',(43.7775635259042,6.93232544223446,8.9151572388767));
#8797=CARTESIAN_POINT('Ctrl Pts',(42.9048448131736,5.67014864535841,8.9945267485127));
#8798=CARTESIAN_POINT('Ctrl Pts',(43.4916947019328,4.25228566672271,9.07389625814868));
#8799=CARTESIAN_POINT('Ctrl Pts',(45.0011449532949,3.9760825588756,9.15326576778467));
#8800=CARTESIAN_POINT('Ctrl Pts',(46.0520470679838,5.09426544349905,9.23263527742066));
#8801=CARTESIAN_POINT('Ctrl Pts',(45.6828245533129,6.58369585569768,9.31200478705665));
#8802=CARTESIAN_POINT('Ctrl Pts',(44.2313163818332,7.08154346917971,9.39137429669263));
#8803=CARTESIAN_POINT('Ctrl Pts',(43.0256539914095,6.13227721651926,9.47074380632863));
#8804=CARTESIAN_POINT('Ctrl Pts',(43.1690196827935,4.6044766743489,9.5501133159646));
#8805=CARTESIAN_POINT('Ctrl Pts',(44.5302337040696,3.89608087650455,9.6294828256006));
#8806=CARTESIAN_POINT('Ctrl Pts',(45.8637838556914,4.65527269102293,9.70885233523657));
#8807=CARTESIAN_POINT('Ctrl Pts',(45.9494704066903,6.18739084348378,9.78822184487258));
#8808=CARTESIAN_POINT('Ctrl Pts',(44.7088900766577,7.09054568228963,9.86759135450854));
#8809=CARTESIAN_POINT('Ctrl Pts',(43.2771751162328,6.53834962089658,9.94696086414455));
#8810=CARTESIAN_POINT('Ctrl Pts',(42.9643461552434,5.03606261127146,10.0263303737805));
#8811=CARTESIAN_POINT('Ctrl Pts',(44.0566420078607,3.95827877929166,10.1056998834165));
#8812=CARTESIAN_POINT('Ctrl Pts',(45.5546108695308,4.29117141602143,10.1850693930525));
#8813=CARTESIAN_POINT('Ctrl Pts',(46.0876097241014,5.73014342379246,10.2644389026885));
#8814=CARTESIAN_POINT('Ctrl Pts',(45.1679440831704,6.95853396715121,10.3438084123245));
#8815=CARTESIAN_POINT('Ctrl Pts',(43.6371089338446,6.85236446253415,10.4231779219605));
#8816=CARTESIAN_POINT('Ctrl Pts',(42.8958199785614,5.50878011352684,10.5025474315964));
#8817=CARTESIAN_POINT('Ctrl Pts',(43.6223573575217,4.15716195180515,10.5819169412324));
#8818=CARTESIAN_POINT('Ctrl Pts',(45.1519386377076,4.03424195576485,10.6612864508684));
#8819=CARTESIAN_POINT('Ctrl Pts',(46.084995408207,5.25249204550325,10.7406559605044));
#8820=CARTESIAN_POINT('Ctrl Pts',(45.5677797848792,6.69721216272602,10.8200254701404));
#8821=CARTESIAN_POINT('Ctrl Pts',(44.0735445836541,7.04648194604559,10.8993949797764));
#8822=CARTESIAN_POINT('Ctrl Pts',(42.9695165176168,5.98071919218046,10.9787644894124));
#8823=CARTESIAN_POINT('Ctrl Pts',(43.2658823784133,4.47509789362008,11.0581339990483));
#8824=CARTESIAN_POINT('Ctrl Pts',(44.691467105111,3.90726305397459,11.1375035086843));
#8825=CARTESIAN_POINT('Ctrl Pts',(45.9418592379284,4.79678412305048,11.2168730183203));
#8826=CARTESIAN_POINT('Ctrl Pts',(45.8729487167723,6.32974842733306,11.2962425279563));
#8827=CARTESIAN_POINT('Ctrl Pts',(44.5477887379184,7.10349208544919,11.3756120375923));
#8828=CARTESIAN_POINT('Ctrl Pts',(43.1789020156944,6.41003887145377,11.4549815472283));
#8829=CARTESIAN_POINT('Ctrl Pts',(43.0188212789557,4.88389917409535,11.5343510568643));
#8830=CARTESIAN_POINT('Ctrl Pts',(44.2140205625193,3.9214923525864,11.6137205665003));
#8831=CARTESIAN_POINT('Ctrl Pts',(45.6708913197552,4.4034216171835,11.6930900761362));
#8832=CARTESIAN_POINT('Ctrl Pts',(46.0563953398657,5.88872120590237,11.7724595857722));
#8833=CARTESIAN_POINT('Ctrl Pts',(45.0177960594598,7.01834049972681,11.8518290954082));
#8834=CARTESIAN_POINT('Ctrl Pts',(43.5054128596386,6.75867670853768,11.9311986050442));
#8835=CARTESIAN_POINT('Ctrl Pts',(42.903077901721,5.34732246126636,12.0105681146802));
#8836=CARTESIAN_POINT('Ctrl Pts',(43.7619282567621,4.07566831733724,12.0899376243162));
#8837=CARTESIAN_POINT('Ctrl Pts',(45.2961150273004,4.10727909331729,12.1693071339521));
#8838=CARTESIAN_POINT('Ctrl Pts',(46.1018556934154,5.41323090713389,12.2486766435882));
#8839=CARTESIAN_POINT('Ctrl Pts',(45.4418968902589,6.79857651585436,12.3280461532241));
#8840=CARTESIAN_POINT('Ctrl Pts',(43.9201012868242,6.99572332945436,12.4074156628601));
#8841=CARTESIAN_POINT('Ctrl Pts',(42.9289139708212,5.82428174500923,12.4867851724961));
#8842=CARTESIAN_POINT('Ctrl Pts',(43.3752712176648,4.35612212645247,12.5661546821321));
#8843=CARTESIAN_POINT('Ctrl Pts',(44.8507578502197,3.93461174194344,12.6455241917681));
#8844=CARTESIAN_POINT('Ctrl Pts',(46.0052979624226,4.94543352003305,12.7248937014041));
#8845=CARTESIAN_POINT('Ctrl Pts',(45.7824941972942,6.46368354731954,12.8042632110401));
#8846=CARTESIAN_POINT('Ctrl Pts',(44.3861967807313,7.10016338956429,12.883632720676));
#8847=CARTESIAN_POINT('Ctrl Pts',(43.094049037967,6.27248974625974,12.963002230312));
#8848=CARTESIAN_POINT('Ctrl Pts',(43.0883100144168,4.73799178508941,13.042371739948));
#8849=CARTESIAN_POINT('Ctrl Pts',(44.3743416989296,3.9007232794814,13.121741249584));
#8850=CARTESIAN_POINT('Ctrl Pts',(45.7752101639494,4.52681160909568,13.20111075922));
#8851=CARTESIAN_POINT('Ctrl Pts',(46.0095313967717,6.04333545213741,13.280480268856));
#8852=CARTESIAN_POINT('Ctrl Pts',(44.8621063841652,7.06277022286543,13.359849778492));
#8853=CARTESIAN_POINT('Ctrl Pts',(43.3843649762716,6.65214568466618,13.4392192881279));
#8854=CARTESIAN_POINT('Ctrl Pts',(42.9254640545565,5.18755039596841,13.5185887977639));
#8855=CARTESIAN_POINT('Ctrl Pts',(43.9112132300596,4.00831472865637,13.5979583073999));
#8856=CARTESIAN_POINT('Ctrl Pts',(44.9215028672706,4.13313257521792,13.6508713138239));
#8857=CARTESIAN_POINT('Ctrl Pts',(45.288752901831,4.39536311955878,13.6773278170359));
#8858=CARTESIAN_POINT('Ctrl Pts',(43.4012035528091,6.44637715988488,-0.107194699979542));
#8859=CARTESIAN_POINT('Ctrl Pts',(43.086568896997,6.08106884875501,-0.080738196767547));
#8860=CARTESIAN_POINT('Ctrl Pts',(42.855758300852,5.01824861059387,-0.0278251903435558));
#8861=CARTESIAN_POINT('Ctrl Pts',(44.0148160755921,3.85503449646735,0.0515443192924308));
#8862=CARTESIAN_POINT('Ctrl Pts',(45.6176345077993,4.20121781605169,0.130913828928417));
#8863=CARTESIAN_POINT('Ctrl Pts',(46.1978847585689,5.73367198599291,0.210283338564404));
#8864=CARTESIAN_POINT('Ctrl Pts',(45.2245360016439,7.05340399890463,0.28965284820039));
#8865=CARTESIAN_POINT('Ctrl Pts',(43.5882527606206,6.95120664588809,0.369022357836377));
#8866=CARTESIAN_POINT('Ctrl Pts',(42.7862105395938,5.52144564992788,0.448391867472363));
#8867=CARTESIAN_POINT('Ctrl Pts',(43.5522918671106,4.07191051802195,0.52776137710835));
#8868=CARTESIAN_POINT('Ctrl Pts',(45.185524774041,3.92915717369767,0.607130886744337));
#8869=CARTESIAN_POINT('Ctrl Pts',(46.1915030236239,5.22368590616158,0.686500396380323));
#8870=CARTESIAN_POINT('Ctrl Pts',(45.6497536813904,6.77106341136875,0.765869906016311));
#8871=CARTESIAN_POINT('Ctrl Pts',(44.0559788863163,7.15540567569093,0.845239415652295));
#8872=CARTESIAN_POINT('Ctrl Pts',(42.8684836897594,6.02505575325689,0.924608925288285));
#8873=CARTESIAN_POINT('Ctrl Pts',(43.1738276460226,4.41427634671327,1.00397843492427));
#8874=CARTESIAN_POINT('Ctrl Pts',(44.6926205959719,3.79693670089967,1.08334794456026));
#8875=CARTESIAN_POINT('Ctrl Pts',(46.0351655300716,4.73790089708087,1.16271745419624));
#8876=CARTESIAN_POINT('Ctrl Pts',(45.9730324468905,6.37618694955999,1.24208696383223));
#8877=CARTESIAN_POINT('Ctrl Pts',(44.5630731984546,7.21276084867178,1.32145647346822));
#8878=CARTESIAN_POINT('Ctrl Pts',(43.0954019066948,6.48215695758538,1.4008259831042));
#8879=CARTESIAN_POINT('Ctrl Pts',(42.9129392857419,4.85287840458765,1.48019549274019));
#8880=CARTESIAN_POINT('Ctrl Pts',(44.1826388148564,3.81571679237067,1.55956500237618));
#8881=CARTESIAN_POINT('Ctrl Pts',(45.742724148259,4.31967599501607,1.63893451201216));
#8882=CARTESIAN_POINT('Ctrl Pts',(46.1657156349521,5.90363285820225,1.71830402164815));
#8883=CARTESIAN_POINT('Ctrl Pts',(45.0645756392229,7.11826524573941,1.79767353128413));
#8884=CARTESIAN_POINT('Ctrl Pts',(43.4468483652889,6.85218330676386,1.87704304092012));
#8885=CARTESIAN_POINT('Ctrl Pts',(42.7927558971588,5.34885227999911,1.95641255055611));
#8886=CARTESIAN_POINT('Ctrl Pts',(43.7007935014733,3.98382156974334,2.0357820601921));
#8887=CARTESIAN_POINT('Ctrl Pts',(45.3401058563601,4.00609564892598,2.11515156982808));
#8888=CARTESIAN_POINT('Ctrl Pts',(46.2107205070957,5.3952937131294,2.19452107946407));
#8889=CARTESIAN_POINT('Ctrl Pts',(45.5160241719799,6.88029813512728,2.27389058910005));
#8890=CARTESIAN_POINT('Ctrl Pts',(43.8916646968604,7.10232837423823,2.35326009873604));
#8891=CARTESIAN_POINT('Ctrl Pts',(42.8239326364113,5.85822653813632,2.43262960837203));
#8892=CARTESIAN_POINT('Ctrl Pts',(43.289803900628,4.28634705909145,2.51199911800802));
#8893=CARTESIAN_POINT('Ctrl Pts',(44.8630058138476,3.82496124252874,2.591368627644));
#8894=CARTESIAN_POINT('Ctrl Pts',(46.1040570420268,4.89623757500244,2.67073813727999));
#8895=CARTESIAN_POINT('Ctrl Pts',(45.8773944622483,6.51995713404165,2.75010764691598));
#8896=CARTESIAN_POINT('Ctrl Pts',(44.390414563148,7.21041488883414,2.82947715655196));
#8897=CARTESIAN_POINT('Ctrl Pts',(43.0037054490665,6.33584129878926,2.90884666618795));
#8898=CARTESIAN_POINT('Ctrl Pts',(42.986107355128,4.69647207906786,2.98821617582393));
#8899=CARTESIAN_POINT('Ctrl Pts',(44.353722554999,3.79233171576001,3.06758568545992));
#8900=CARTESIAN_POINT('Ctrl Pts',(45.855181764276,4.45070955132101,3.14695519509591));
#8901=CARTESIAN_POINT('Ctrl Pts',(46.1166482952333,6.06918920354703,3.22632470473189));
#8902=CARTESIAN_POINT('Ctrl Pts',(44.8988800088756,7.1668601616316,3.30569421436788));
#8903=CARTESIAN_POINT('Ctrl Pts',(43.3161361129192,6.73935239410789,3.38506372400387));
#8904=CARTESIAN_POINT('Ctrl Pts',(42.8166288652152,5.17783593855201,3.46443323363985));
#8905=CARTESIAN_POINT('Ctrl Pts',(43.8574079001732,3.91109992348313,3.54380274327584));
#8906=CARTESIAN_POINT('Ctrl Pts',(45.4861593532496,4.09820907767472,3.62317225291183));
#8907=CARTESIAN_POINT('Ctrl Pts',(46.212574005521,5.5679583367138,3.70254176254781));
#8908=CARTESIAN_POINT('Ctrl Pts',(45.3719817190138,6.97552564925886,3.7819112721838));
#8909=CARTESIAN_POINT('Ctrl Pts',(43.7335252819488,7.03298550759727,3.86128078181978));
#8910=CARTESIAN_POINT('Ctrl Pts',(42.7963939833667,5.68776208351537,3.94065029145577));
#8911=CARTESIAN_POINT('Ctrl Pts',(43.4180639047047,4.17073616403205,4.02001980109176));
#8912=CARTESIAN_POINT('Ctrl Pts',(45.0297064422199,3.86998799237986,4.09938931072775));
#8913=CARTESIAN_POINT('Ctrl Pts',(46.1566670519478,5.0607024483273,4.17875882036373));
#8914=CARTESIAN_POINT('Ctrl Pts',(45.7677756416877,6.65337460621367,4.25812832999972));
#8915=CARTESIAN_POINT('Ctrl Pts',(44.2188682432515,7.19070783852876,4.33749783963571));
#8916=CARTESIAN_POINT('Ctrl Pts',(42.9271966852027,6.18104169687173,4.41686734927169));
#8917=CARTESIAN_POINT('Ctrl Pts',(43.0746417432395,4.54822171710021,4.49623685890768));
#8918=CARTESIAN_POINT('Ctrl Pts',(44.5262910408527,3.78627982415856,4.57560636854366));
#8919=CARTESIAN_POINT('Ctrl Pts',(45.9538840096235,4.59239361699235,4.65497587817965));
#8920=CARTESIAN_POINT('Ctrl Pts',(46.0511716462366,6.22896816379516,4.73434538781564));
#8921=CARTESIAN_POINT('Ctrl Pts',(44.7291356652698,7.19853610700994,4.81371489745163));
#8922=CARTESIAN_POINT('Ctrl Pts',(43.1974403199533,6.61394180271309,4.89308440708761));
#8923=CARTESIAN_POINT('Ctrl Pts',(42.8575883929219,5.01008962773758,4.97245391672359));
#8924=CARTESIAN_POINT('Ctrl Pts',(44.0205447394745,3.85450593648304,5.05182342635959));
#8925=CARTESIAN_POINT('Ctrl Pts',(45.6222031319856,4.20455096955658,5.13119293599556));
#8926=CARTESIAN_POINT('Ctrl Pts',(46.1970445292185,5.7399331693713,5.21056244563156));
#8927=CARTESIAN_POINT('Ctrl Pts',(45.2190884741203,7.05577627771557,5.28993195526754));
#8928=CARTESIAN_POINT('Ctrl Pts',(43.5831657414305,6.94808252604209,5.36930146490353));
#8929=CARTESIAN_POINT('Ctrl Pts',(42.7861472781369,5.51539180552715,5.44867097453952));
#8930=CARTESIAN_POINT('Ctrl Pts',(43.5573057803619,4.06861756746285,5.5280404841755));
#8931=CARTESIAN_POINT('Ctrl Pts',(45.1910304423892,3.93155969587409,5.60740999381149));
#8932=CARTESIAN_POINT('Ctrl Pts',(46.1924615540997,5.22962628121509,5.68677950344748));
#8933=CARTESIAN_POINT('Ctrl Pts',(45.6452886403256,6.77508509137875,5.76614901308346));
#8934=CARTESIAN_POINT('Ctrl Pts',(44.0501754679064,7.15383975954198,5.84551852271945));
#8935=CARTESIAN_POINT('Ctrl Pts',(42.8666521951069,6.01932938311418,5.92488803235543));
#8936=CARTESIAN_POINT('Ctrl Pts',(43.1776438077692,4.40963209842547,6.00425754199143));
#8937=CARTESIAN_POINT('Ctrl Pts',(44.6985926672906,3.7976225411462,6.08362705162741));
#8938=CARTESIAN_POINT('Ctrl Pts',(46.0378290363551,4.74329007218208,6.1629965612634));
#8939=CARTESIAN_POINT('Ctrl Pts',(45.9699502893108,6.38134794880924,6.24236607089938));
#8940=CARTESIAN_POINT('Ctrl Pts',(44.5570655480239,7.21297156518835,6.32173558053538));
#8941=CARTESIAN_POINT('Ctrl Pts',(43.0919657728581,6.47722447529311,6.40110509017135));
#8942=CARTESIAN_POINT('Ctrl Pts',(42.9152187327308,4.84731600691619,6.48047459980734));
#8943=CARTESIAN_POINT('Ctrl Pts',(44.1885481472568,3.81461404914544,6.55984410944333));
#8944=CARTESIAN_POINT('Ctrl Pts',(45.746856320523,4.32404193276837,6.63921361907931));
#8945=CARTESIAN_POINT('Ctrl Pts',(46.1642897055343,5.90947263152456,6.71858312871531));
#8946=CARTESIAN_POINT('Ctrl Pts',(45.0588963348537,7.12023546029651,6.79795263835129));
#8947=CARTESIAN_POINT('Ctrl Pts',(43.4421122552458,6.84848121211017,6.87732214798727));
#8948=CARTESIAN_POINT('Ctrl Pts',(42.7932965268653,5.34286529758006,6.95669165762327));
#8949=CARTESIAN_POINT('Ctrl Pts',(43.7061161942208,3.98102779392219,7.03606116725925));
#8950=CARTESIAN_POINT('Ctrl Pts',(45.3453403429185,4.0090513876898,7.11543067689524));
#8951=CARTESIAN_POINT('Ctrl Pts',(46.2110772269999,5.40129446237942,7.19480018653122));
#8952=CARTESIAN_POINT('Ctrl Pts',(45.5111767261564,6.8838532033402,7.27416969616722));
#8953=CARTESIAN_POINT('Ctrl Pts',(43.8860485031177,7.10018487037939,7.35353920580319));
#8954=CARTESIAN_POINT('Ctrl Pts',(42.8226865176762,5.85234577041562,7.43290871543919));
#8955=CARTESIAN_POINT('Ctrl Pts',(43.2940680567977,4.28210993588119,7.51227822507517));
#8956=CARTESIAN_POINT('Ctrl Pts',(44.8688785377346,3.82624473583685,7.59164773471115));
#8957=CARTESIAN_POINT('Ctrl Pts',(46.1061647853637,4.90186728715714,7.67101724434715));
#8958=CARTESIAN_POINT('Ctrl Pts',(45.8738086377602,6.52478187275658,7.75038675398312));
#8959=CARTESIAN_POINT('Ctrl Pts',(44.3844162038509,7.21002001332817,7.82975626361912));
#8960=CARTESIAN_POINT('Ctrl Pts',(43.0007830597544,6.33058812054823,7.90912577325509));
#8961=CARTESIAN_POINT('Ctrl Pts',(42.9889349249631,4.69116726146947,7.9884952828911));
#8962=CARTESIAN_POINT('Ctrl Pts',(44.3597128547361,3.79182917224628,8.06786479252706));
#8963=CARTESIAN_POINT('Ctrl Pts',(45.8588536636265,4.45546910971276,8.14723430216307));
#8964=CARTESIAN_POINT('Ctrl Pts',(46.1146420025954,6.07485586312529,8.22660381179904));
#8965=CARTESIAN_POINT('Ctrl Pts',(44.8930312840327,7.16824892317867,8.30597332143504));
#8966=CARTESIAN_POINT('Ctrl Pts',(43.311796544989,6.73519253941043,8.38534283107101));
#8967=CARTESIAN_POINT('Ctrl Pts',(42.817769163222,5.17193373884513,8.46471234070701));
#8968=CARTESIAN_POINT('Ctrl Pts',(43.8629846902928,3.90885589743926,8.544081850343));
#8969=CARTESIAN_POINT('Ctrl Pts',(45.4910698669095,4.10167651138266,8.62345135997899));
#8970=CARTESIAN_POINT('Ctrl Pts',(46.21232511778,5.57396452484074,8.70282086961496));
#8971=CARTESIAN_POINT('Ctrl Pts',(45.3668011624054,6.97857492362337,8.78219037925096));
#8972=CARTESIAN_POINT('Ctrl Pts',(43.7281532709838,7.03028777908669,8.86155988888693));
#8973=CARTESIAN_POINT('Ctrl Pts',(42.7957459134853,5.68178577643216,8.94092939852293));
#8974=CARTESIAN_POINT('Ctrl Pts',(43.4227327605006,4.16694960537258,9.02029890815891));
#8975=CARTESIAN_POINT('Ctrl Pts',(45.0354202159405,3.87185588712876,9.0996684177949));
#8976=CARTESIAN_POINT('Ctrl Pts',(46.158197634888,5.06651567090927,9.17903792743089));
#8977=CARTESIAN_POINT('Ctrl Pts',(45.7637225489164,6.65781405211514,9.25840743706687));
#8978=CARTESIAN_POINT('Ctrl Pts',(44.2129400587341,7.1897114102815,9.33777694670286));
#8979=CARTESIAN_POINT('Ctrl Pts',(42.9248177037394,6.17552112732493,9.41714645633884));
#8980=CARTESIAN_POINT('Ctrl Pts',(43.0779887352636,4.54322833294569,9.49651596597483));
#8981=CARTESIAN_POINT('Ctrl Pts',(44.5323015052934,3.78638257692364,9.57588547561082));
#8982=CARTESIAN_POINT('Ctrl Pts',(45.957058365468,4.59749848779352,9.6552549852468));
#8983=CARTESIAN_POINT('Ctrl Pts',(46.048605354692,6.23440419071125,9.7346244948828));
#8984=CARTESIAN_POINT('Ctrl Pts',(44.7231768856825,7.19932931994131,9.81399400451877));
#8985=CARTESIAN_POINT('Ctrl Pts',(43.1935413416432,6.60936641102913,9.89336351415477));
#8986=CARTESIAN_POINT('Ctrl Pts',(42.8593167849671,5.0043321194343,9.97273302379075));
#8987=CARTESIAN_POINT('Ctrl Pts',(44.026319021414,3.85283443745294,10.0521025334267));
#8988=CARTESIAN_POINT('Ctrl Pts',(45.6267398300329,4.20849490309461,10.1314720430627));
#8989=CARTESIAN_POINT('Ctrl Pts',(46.1961925600941,5.74588383232051,10.2108415526987));
#8990=CARTESIAN_POINT('Ctrl Pts',(45.2136273904304,7.05828880748805,10.2902110623347));
#8991=CARTESIAN_POINT('Ctrl Pts',(43.5780924402482,6.9448579553671,10.3695805719707));
#8992=CARTESIAN_POINT('Ctrl Pts',(42.7861038351502,5.50938061981791,10.4489500816067));
#8993=CARTESIAN_POINT('Ctrl Pts',(43.5623319459474,4.06532000769359,10.5283195912427));
#8994=CARTESIAN_POINT('Ctrl Pts',(45.1965272699772,3.93399303255281,10.6076891008787));
#8995=CARTESIAN_POINT('Ctrl Pts',(46.1933994409147,5.23556400883149,10.6870586105146));
#8996=CARTESIAN_POINT('Ctrl Pts',(45.6408094189874,6.77909418318753,10.7664281201506));
#8997=CARTESIAN_POINT('Ctrl Pts',(44.0443776304487,7.15225189250277,10.8457976297866));
#8998=CARTESIAN_POINT('Ctrl Pts',(42.8648407686374,6.01359745716629,10.9251671394226));
#8999=CARTESIAN_POINT('Ctrl Pts',(43.1814762493338,4.40500083158009,11.0045366490586));
#9000=CARTESIAN_POINT('Ctrl Pts',(44.7045622889944,3.79832954722899,11.0839061586946));
#9001=CARTESIAN_POINT('Ctrl Pts',(46.0404736283418,4.74868843991431,11.1632756683306));
#9002=CARTESIAN_POINT('Ctrl Pts',(45.9668500472292,6.386498166285,11.2426451779665));
#9003=CARTESIAN_POINT('Ctrl Pts',(44.5510571965407,7.21316117822855,11.3220146876026));
#9004=CARTESIAN_POINT('Ctrl Pts',(43.0885469595478,6.47227998778478,11.4013841972385));
#9005=CARTESIAN_POINT('Ctrl Pts',(42.9175176753676,4.84176162988748,11.4807537068745));
#9006=CARTESIAN_POINT('Ctrl Pts',(44.1944613107171,3.81353204320411,11.5601232165105));
#9007=CARTESIAN_POINT('Ctrl Pts',(45.7509731548613,4.32842233437054,11.6394927261465));
#9008=CARTESIAN_POINT('Ctrl Pts',(46.1628433020838,5.91530736892884,11.7188622357825));
#9009=CARTESIAN_POINT('Ctrl Pts',(45.0532101563556,7.12218574264772,11.7982317454184));
#9010=CARTESIAN_POINT('Ctrl Pts',(43.4373891566448,6.84476252959066,11.8776012550545));
#9011=CARTESIAN_POINT('Ctrl Pts',(42.7938581560504,5.33688024748019,11.9569707646904));
#9012=CARTESIAN_POINT('Ctrl Pts',(43.7114486446571,3.97825270495473,12.0363402743264));
#9013=CARTESIAN_POINT('Ctrl Pts',(45.35056444653,4.0120254654904,12.1157097839624));
#9014=CARTESIAN_POINT('Ctrl Pts',(46.211412866946,5.40729642963801,12.1950792935984));
#9015=CARTESIAN_POINT('Ctrl Pts',(45.5063169010488,6.88739124072309,12.2744488032343));
#9016=CARTESIAN_POINT('Ctrl Pts',(43.8804397466428,7.09802169567564,12.3538183128704));
#9017=CARTESIAN_POINT('Ctrl Pts',(42.8214612549256,5.84646064137099,12.4331878225064));
#9018=CARTESIAN_POINT('Ctrl Pts',(43.2983466189713,4.27788784654505,12.5125573321423));
#9019=CARTESIAN_POINT('Ctrl Pts',(44.8747475509284,3.8275487188912,12.5919268417783));
#9020=CARTESIAN_POINT('Ctrl Pts',(46.1082511752259,4.90750455032018,12.6712963514143));
#9021=CARTESIAN_POINT('Ctrl Pts',(45.8702089895208,6.52959363276367,12.7506658610503));
#9022=CARTESIAN_POINT('Ctrl Pts',(44.3784133336375,7.20960481981813,12.8300353706863));
#9023=CARTESIAN_POINT('Ctrl Pts',(42.9978905549301,6.32532334015299,12.9094048803223));
#9024=CARTESIAN_POINT('Ctrl Pts',(42.9917590171219,4.68587506410401,12.9887743899582));
#9025=CARTESIAN_POINT('Ctrl Pts',(44.3657474364423,3.79134249199013,13.0681438995942));
#9026=CARTESIAN_POINT('Ctrl Pts',(45.8624267726577,4.4602514502384,13.1475134092302));
#9027=CARTESIAN_POINT('Ctrl Pts',(46.1127741507011,6.08049628794788,13.2268829188662));
#9028=CARTESIAN_POINT('Ctrl Pts',(44.8868722554791,7.16965418825543,13.3062524285022));
#9029=CARTESIAN_POINT('Ctrl Pts',(43.3080623352823,6.73094543250005,13.3856219381382));
#9030=CARTESIAN_POINT('Ctrl Pts',(42.8177753853998,5.16618074598737,13.4649914477741));
#9031=CARTESIAN_POINT('Ctrl Pts',(43.8709438009269,3.90629254101658,13.5443609574102));
#9032=CARTESIAN_POINT('Ctrl Pts',(44.9503310962821,4.03964716809566,13.5972739638341));
#9033=CARTESIAN_POINT('Ctrl Pts',(45.3426987965167,4.31981268458754,13.6237304670461));
#9034=CARTESIAN_POINT('Ctrl Pts',(43.3308634055748,6.50696009035907,-0.160792049969313));
#9035=CARTESIAN_POINT('Ctrl Pts',(42.9960872139293,6.11826633740649,-0.134335546757317));
#9036=CARTESIAN_POINT('Ctrl Pts',(42.750501131972,4.98740899171107,-0.0814225403333261));
#9037=CARTESIAN_POINT('Ctrl Pts',(43.9837567208173,3.74973099279333,-0.00205303069733949));
#9038=CARTESIAN_POINT('Ctrl Pts',(45.6891805853588,4.11807545581044,0.077316478938647));
#9039=CARTESIAN_POINT('Ctrl Pts',(46.3065759217137,5.74863064548009,0.156685988574634));
#9040=CARTESIAN_POINT('Ctrl Pts',(45.2709176305274,7.15284613514068,0.23605549821062));
#9041=CARTESIAN_POINT('Ctrl Pts',(43.5298866863379,7.04410655414686,0.315425007846607));
#9042=CARTESIAN_POINT('Ctrl Pts',(42.6765012269347,5.52281850672707,0.394794517482593));
#9043=CARTESIAN_POINT('Ctrl Pts',(43.4916237335606,3.98049046958364,0.47416402711858));
#9044=CARTESIAN_POINT('Ctrl Pts',(45.2294090745973,3.82859867993254,0.553533536754567));
#9045=CARTESIAN_POINT('Ctrl Pts',(46.2997856559832,5.20599748525961,0.632903046390553));
#9046=CARTESIAN_POINT('Ctrl Pts',(45.7233558880947,6.85243133690977,0.71227255602654));
#9047=CARTESIAN_POINT('Ctrl Pts',(44.0275545948186,7.26137751356701,0.791642065662525));
#9048=CARTESIAN_POINT('Ctrl Pts',(42.7640411446721,6.05866752829012,0.871011575298514));
#9049=CARTESIAN_POINT('Ctrl Pts',(43.0889318867805,4.34477306262171,0.950381084934498));
#9050=CARTESIAN_POINT('Ctrl Pts',(44.7049513248487,3.68791403021827,1.02975059457049));
#9051=CARTESIAN_POINT('Ctrl Pts',(46.1334401192279,4.6891146425899,1.10912010420647));
#9052=CARTESIAN_POINT('Ctrl Pts',(46.0673295475593,6.43227660947322,1.18848961384246));
#9053=CARTESIAN_POINT('Ctrl Pts',(44.5671108690142,7.3224043141022,1.26785912347845));
#9054=CARTESIAN_POINT('Ctrl Pts',(43.005485674311,6.5450303543645,1.34722863311443));
#9055=CARTESIAN_POINT('Ctrl Pts',(42.8113425936557,4.81145250772008,1.42659814275042));
#9056=CARTESIAN_POINT('Ctrl Pts',(44.1623227385289,3.70789634108351,1.5059676523864));
#9057=CARTESIAN_POINT('Ctrl Pts',(45.8222779180073,4.24411680977575,1.58533716202239));
#9058=CARTESIAN_POINT('Ctrl Pts',(46.2723474713696,5.9294716700651,1.66470667165838));
#9059=CARTESIAN_POINT('Ctrl Pts',(45.1007173046689,7.2218595155793,1.74407618129437));
#9060=CARTESIAN_POINT('Ctrl Pts',(43.3794301994995,6.93874417354555,1.82344569093035));
#9061=CARTESIAN_POINT('Ctrl Pts',(42.6834655896902,5.33917646342165,1.90281520056634));
#9062=CARTESIAN_POINT('Ctrl Pts',(43.6496317936607,3.88676245175082,1.98218471020233));
#9063=CARTESIAN_POINT('Ctrl Pts',(45.3938857623469,3.91046242015363,2.06155421983831));
#9064=CARTESIAN_POINT('Ctrl Pts',(46.320233358774,5.38859087416987,2.1409237294743));
#9065=CARTESIAN_POINT('Ctrl Pts',(45.5810655998379,6.96865879036989,2.22029323911029));
#9066=CARTESIAN_POINT('Ctrl Pts',(43.852721728943,7.20490243520256,2.29966274874627));
#9067=CARTESIAN_POINT('Ctrl Pts',(42.7166381275595,5.8811586357966,2.37903225838226));
#9068=CARTESIAN_POINT('Ctrl Pts',(43.2123324344343,4.20865430100777,2.45840176801825));
#9069=CARTESIAN_POINT('Ctrl Pts',(44.8862438598554,3.71773258054605,2.53777127765423));
#9070=CARTESIAN_POINT('Ctrl Pts',(46.2067417647492,4.85758734276204,2.61714078729022));
#9071=CARTESIAN_POINT('Ctrl Pts',(45.9655692370411,6.58525033294537,2.6965102969262));
#9072=CARTESIAN_POINT('Ctrl Pts',(44.3833993823267,7.31990817616671,2.77587980656219));
#9073=CARTESIAN_POINT('Ctrl Pts',(42.9079192101434,6.389348206435,2.85524931619818));
#9074=CARTESIAN_POINT('Ctrl Pts',(42.8891945631278,4.64503373267558,2.93461882583417));
#9075=CARTESIAN_POINT('Ctrl Pts',(44.3443585121458,3.68301425405197,3.01398833547015));
#9076=CARTESIAN_POINT('Ctrl Pts',(45.9419345792055,4.38353856178944,3.09335784510613));
#9077=CARTESIAN_POINT('Ctrl Pts',(46.2201390549672,6.10562620922176,3.17272735474213));
#9078=CARTESIAN_POINT('Ctrl Pts',(44.9244145640927,7.27356526564593,3.2520968643781));
#9079=CARTESIAN_POINT('Ctrl Pts',(43.2403503198949,6.81869031888874,3.3314663740141));
#9080=CARTESIAN_POINT('Ctrl Pts',(42.7088668008463,5.15721240307028,3.41083588365008));
#9081=CARTESIAN_POINT('Ctrl Pts',(43.8162719618209,3.80938548346246,3.49020539328607));
#9082=CARTESIAN_POINT('Ctrl Pts',(45.5492889659101,4.00847254811086,3.56957490292205));
#9083=CARTESIAN_POINT('Ctrl Pts',(46.3222055100694,5.5723087324786,3.64894441255805));
#9084=CARTESIAN_POINT('Ctrl Pts',(45.4278021784427,7.0699823538488,3.72831392219403));
#9085=CARTESIAN_POINT('Ctrl Pts',(43.6844589196967,7.13112054124073,3.80768343183002));
#9086=CARTESIAN_POINT('Ctrl Pts',(42.6873365702803,5.69978179165443,3.887052941466));
#9087=CARTESIAN_POINT('Ctrl Pts',(43.3488030835256,4.08564250162151,3.96642245110199));
#9088=CARTESIAN_POINT('Ctrl Pts',(45.0636159340388,3.76564174617315,4.04579196073797));
#9089=CARTESIAN_POINT('Ctrl Pts',(46.2627196376202,5.03258053862937,4.12516147037396));
#9090=CARTESIAN_POINT('Ctrl Pts',(45.8489330985799,6.72720860870316,4.20453098000995));
#9091=CARTESIAN_POINT('Ctrl Pts',(44.2008714166213,7.29893956661295,4.28390048964593));
#9092=CARTESIAN_POINT('Ctrl Pts',(42.8265126895307,6.22463901041702,4.36326999928193));
#9093=CARTESIAN_POINT('Ctrl Pts',(42.9833965359052,4.48729303033143,4.44263950891791));
#9094=CARTESIAN_POINT('Ctrl Pts',(44.5279740784064,3.67657494679462,4.5220090185539));
#9095=CARTESIAN_POINT('Ctrl Pts',(46.0469553110096,4.53429262224057,4.60137852818988));
#9096=CARTESIAN_POINT('Ctrl Pts',(46.1504708770093,6.27563352033279,4.68074803782587));
#9097=CARTESIAN_POINT('Ctrl Pts',(44.7438039293262,7.30726896663579,4.76011754746186));
#9098=CARTESIAN_POINT('Ctrl Pts',(43.114056140918,6.68525148942854,4.83948705709784));
#9099=CARTESIAN_POINT('Ctrl Pts',(42.7524483785394,4.97872770642392,4.91885656673383));
#9100=CARTESIAN_POINT('Ctrl Pts',(43.9898521087295,3.74916859670842,4.99822607636982));
#9101=CARTESIAN_POINT('Ctrl Pts',(45.6940416729023,4.12162198323811,5.0775955860058));
#9102=CARTESIAN_POINT('Ctrl Pts',(46.3056819045518,5.75529264245943,5.15696509564179));
#9103=CARTESIAN_POINT('Ctrl Pts',(45.2651213760954,7.15537027687516,5.23633460527777));
#9104=CARTESIAN_POINT('Ctrl Pts',(43.5244740184074,7.04078244179952,5.31570411491377));
#9105=CARTESIAN_POINT('Ctrl Pts',(42.6764339157559,5.51637712166078,5.39507362454974));
#9106=CARTESIAN_POINT('Ctrl Pts',(43.4969586156292,3.97698671871865,5.47444313418574));
#9107=CARTESIAN_POINT('Ctrl Pts',(45.2352671917756,3.83115500108061,5.55381264382171));
#9108=CARTESIAN_POINT('Ctrl Pts',(46.3008055473916,5.21231813716691,5.63318215345771));
#9109=CARTESIAN_POINT('Ctrl Pts',(45.7186050146115,6.85671046730082,5.71255166309369));
#9110=CARTESIAN_POINT('Ctrl Pts',(44.0213796669207,7.25971135430866,5.79192117272968));
#9111=CARTESIAN_POINT('Ctrl Pts',(42.7620924057348,6.05257458095288,5.87129068236567));
#9112=CARTESIAN_POINT('Ctrl Pts',(43.092992342527,4.33983150985209,5.95066019200165));
#9113=CARTESIAN_POINT('Ctrl Pts',(44.7113057020775,3.68864377496052,6.03002970163764));
#9114=CARTESIAN_POINT('Ctrl Pts',(46.1362741315454,4.69484880913248,6.10939921127363));
#9115=CARTESIAN_POINT('Ctrl Pts',(46.064050083719,6.43776799334283,6.18876872090961));
#9116=CARTESIAN_POINT('Ctrl Pts',(44.5607186350541,7.32262851976943,6.2681382305456));
#9117=CARTESIAN_POINT('Ctrl Pts',(43.0018295742007,6.5397821161089,6.34750774018158));
#9118=CARTESIAN_POINT('Ctrl Pts',(42.8137679608805,4.80553402965523,6.42687724981758));
#9119=CARTESIAN_POINT('Ctrl Pts',(44.1686103605682,3.70672300505556,6.50624675945356));
#9120=CARTESIAN_POINT('Ctrl Pts',(45.8266746138835,4.2487622357855,6.58561626908955));
#9121=CARTESIAN_POINT('Ctrl Pts',(46.2708302601813,5.93568528015796,6.66498577872553));
#9122=CARTESIAN_POINT('Ctrl Pts',(45.0946744360504,7.22395585466326,6.74435528836153));
#9123=CARTESIAN_POINT('Ctrl Pts',(43.3743909043864,6.93480508696885,6.8237247979975));
#9124=CARTESIAN_POINT('Ctrl Pts',(42.6840408281482,5.33280622054893,6.90309430763349));
#9125=CARTESIAN_POINT('Ctrl Pts',(43.6552952219398,3.88378983060932,6.98246381726948));
#9126=CARTESIAN_POINT('Ctrl Pts',(45.3994553378621,3.91360737239767,7.06183332690546));
#9127=CARTESIAN_POINT('Ctrl Pts',(46.3206129143279,5.39497576516592,7.14120283654146));
#9128=CARTESIAN_POINT('Ctrl Pts',(45.5759078417141,6.97244143851552,7.22057234617743));
#9129=CARTESIAN_POINT('Ctrl Pts',(43.8467460110175,7.20262171359296,7.29994185581343));
#9130=CARTESIAN_POINT('Ctrl Pts',(42.7153122377481,5.87490140702308,7.37931136544941));
#9131=CARTESIAN_POINT('Ctrl Pts',(43.2168695632493,4.20414593568418,7.45868087508541));
#9132=CARTESIAN_POINT('Ctrl Pts',(44.8924925298641,3.71909823748737,7.53805038472137));
#9133=CARTESIAN_POINT('Ctrl Pts',(46.2089844366047,4.86357744448922,7.61741989435738));
#9134=CARTESIAN_POINT('Ctrl Pts',(45.961753863738,6.59038393035059,7.69678940399335));
#9135=CARTESIAN_POINT('Ctrl Pts',(44.3770170342778,7.31948802245628,7.77615891362935));
#9136=CARTESIAN_POINT('Ctrl Pts',(42.9048097422373,6.38375874267735,7.85552842326533));
#9137=CARTESIAN_POINT('Ctrl Pts',(42.8922031416284,4.63938932383454,7.93489793290132));
#9138=CARTESIAN_POINT('Ctrl Pts',(44.3507322846968,3.68247953989842,8.0142674425373));
#9139=CARTESIAN_POINT('Ctrl Pts',(45.9458415375076,4.38860280631199,8.0936369521733));
#9140=CARTESIAN_POINT('Ctrl Pts',(46.2180043282414,6.1116556235851,8.17300646180928));
#9141=CARTESIAN_POINT('Ctrl Pts',(44.918191429442,7.27504292963889,8.25237597144526));
#9142=CARTESIAN_POINT('Ctrl Pts',(43.2357329517881,6.8142641684705,8.33174548108126));
#9143=CARTESIAN_POINT('Ctrl Pts',(42.7100800957487,5.15093237032849,8.41111499071723));
#9144=CARTESIAN_POINT('Ctrl Pts',(43.8222057536756,3.80699780467678,8.49048450035323));
#9145=CARTESIAN_POINT('Ctrl Pts',(45.5545138291976,4.01216195177343,8.56985400998921));
#9146=CARTESIAN_POINT('Ctrl Pts',(46.3219406896227,5.57869941052473,8.6492235196252));
#9147=CARTESIAN_POINT('Ctrl Pts',(45.4222899852372,7.07322682943397,8.72859302926118));
#9148=CARTESIAN_POINT('Ctrl Pts',(43.6787430160634,7.12825011593893,8.80796253889718));
#9149=CARTESIAN_POINT('Ctrl Pts',(42.686647013797,5.69342290750591,8.88733204853315));
#9150=CARTESIAN_POINT('Ctrl Pts',(43.3537708190684,4.08161354402245,8.96670155816915));
#9151=CARTESIAN_POINT('Ctrl Pts',(45.0696954785861,3.76762921538192,9.04607106780512));
#9152=CARTESIAN_POINT('Ctrl Pts',(46.264348201792,5.03876589831951,9.12544057744112));
#9153=CARTESIAN_POINT('Ctrl Pts',(45.84462054452,6.73193224853257,9.2048100870771));
#9154=CARTESIAN_POINT('Ctrl Pts',(44.194563735635,7.29787935138331,9.28417959671309));
#9155=CARTESIAN_POINT('Ctrl Pts',(42.8239814160694,6.21876503813058,9.36354910634907));
#9156=CARTESIAN_POINT('Ctrl Pts',(42.9869577877336,4.48197999154249,9.44291861598506));
#9157=CARTESIAN_POINT('Ctrl Pts',(44.5343693065173,3.67668427734272,9.52228812562105));
#9158=CARTESIAN_POINT('Ctrl Pts',(46.0503328752445,4.53972428456413,9.60165763525703));
#9159=CARTESIAN_POINT('Ctrl Pts',(46.1477403026938,6.28141753793871,9.68102714489303));
#9160=CARTESIAN_POINT('Ctrl Pts',(44.7374636947073,7.30811295759299,9.760396654529));
#9161=CARTESIAN_POINT('Ctrl Pts',(43.1099075670535,6.68038320116166,9.839766164165));
#9162=CARTESIAN_POINT('Ctrl Pts',(42.754287414691,4.97260162759714,9.91913567380098));
#9163=CARTESIAN_POINT('Ctrl Pts',(43.9959960349673,3.74739009561422,9.99850518343697));
#9164=CARTESIAN_POINT('Ctrl Pts',(45.698868790535,4.12581839016778,10.077874693073));
#9165=CARTESIAN_POINT('Ctrl Pts',(46.3047753960867,5.76162424084855,10.1572442027089));
#9166=CARTESIAN_POINT('Ctrl Pts',(45.2593106976905,7.15804364782488,10.2366137123449));
#9167=CARTESIAN_POINT('Ctrl Pts',(43.5190759466519,7.03735144820005,10.3159832219809));
#9168=CARTESIAN_POINT('Ctrl Pts',(42.6763876917389,5.50998112610897,10.3953527316169));
#9169=CARTESIAN_POINT('Ctrl Pts',(43.5023065343732,3.97347806358203,10.4747222412529));
#9170=CARTESIAN_POINT('Ctrl Pts',(45.2411159022467,3.83374410934075,10.5540917508889));
#9171=CARTESIAN_POINT('Ctrl Pts',(46.3018034736224,5.21863597215976,10.6334612605249));
#9172=CARTESIAN_POINT('Ctrl Pts',(45.7138390530958,6.86097620364901,10.7128307701608));
#9173=CARTESIAN_POINT('Ctrl Pts',(44.0152106772433,7.25802183895997,10.7922002797968));
#9174=CARTESIAN_POINT('Ctrl Pts',(42.7601650196581,6.0464757221521,10.8715697894328));
#9175=CARTESIAN_POINT('Ctrl Pts',(43.0970701202542,4.33490376954011,10.9509392990688));
#9176=CARTESIAN_POINT('Ctrl Pts',(44.7176574728778,3.68939604048339,11.0303088087048));
#9177=CARTESIAN_POINT('Ctrl Pts',(46.1390880187551,4.70059275677816,11.1096783183408));
#9178=CARTESIAN_POINT('Ctrl Pts',(46.0607513776863,6.44324790523692,11.1890478279768));
#9179=CARTESIAN_POINT('Ctrl Pts',(44.5543256551631,7.32283027100793,11.2684173376128));
#9180=CARTESIAN_POINT('Ctrl Pts',(42.9981919034012,6.53452110411578,11.3477868472487));
#9181=CARTESIAN_POINT('Ctrl Pts',(42.8162140717794,4.79962408567962,11.4271563568847));
#9182=CARTESIAN_POINT('Ctrl Pts',(44.174902058915,3.70557173382181,11.5065258665207));
#9183=CARTESIAN_POINT('Ctrl Pts',(45.8310549899673,4.25342305155757,11.5858953761567));
#9184=CARTESIAN_POINT('Ctrl Pts',(46.2692912643021,5.94189353195531,11.6652648857927));
#9185=CARTESIAN_POINT('Ctrl Pts',(45.0886242532514,7.22603098556863,11.7446343954287));
#9186=CARTESIAN_POINT('Ctrl Pts',(43.369365453651,6.93084835064364,11.8240039050647));
#9187=CARTESIAN_POINT('Ctrl Pts',(42.6846384103798,5.32643803369401,11.9033734147006));
#9188=CARTESIAN_POINT('Ctrl Pts',(43.660969032552,3.88083709257222,11.9827429243366));
#9189=CARTESIAN_POINT('Ctrl Pts',(45.4050138657596,3.9167718376635,12.0621124339726));
#9190=CARTESIAN_POINT('Ctrl Pts',(46.3209700404764,5.40136195214213,12.1414819436086));
#9191=CARTESIAN_POINT('Ctrl Pts',(45.5707369118389,6.97620596559182,12.2208514532446));
#9192=CARTESIAN_POINT('Ctrl Pts',(43.8407782064611,7.20032006189691,12.3002209628806));
#9193=CARTESIAN_POINT('Ctrl Pts',(42.7140085390302,5.86863953773275,12.3795904725166));
#9194=CARTESIAN_POINT('Ctrl Pts',(43.2214220202776,4.19965356663763,12.4589599821526));
#9195=CARTESIAN_POINT('Ctrl Pts',(44.8987372516372,3.72048569583895,12.5383294917885));
#9196=CARTESIAN_POINT('Ctrl Pts',(46.2112043880291,4.86957558060731,12.6176990014245));
#9197=CARTESIAN_POINT('Ctrl Pts',(45.9579237817473,6.5955037182078,12.6970685110605));
#9198=CARTESIAN_POINT('Ctrl Pts',(44.3706298865435,7.31904625007197,12.7764380206965));
#9199=CARTESIAN_POINT('Ctrl Pts',(42.9017320718933,6.37815693404626,12.8558075303325));
#9200=CARTESIAN_POINT('Ctrl Pts',(42.8952080198269,4.63375834311859,12.9351770399685));
#9201=CARTESIAN_POINT('Ctrl Pts',(44.3571531739551,3.68196170449887,13.0145465496044));
#9202=CARTESIAN_POINT('Ctrl Pts',(45.9496433813659,4.39369129138112,13.0939160592404));
#9203=CARTESIAN_POINT('Ctrl Pts',(46.2160169046306,6.11765712375836,13.1732855688764));
#9204=CARTESIAN_POINT('Ctrl Pts',(44.911638126793,7.27653815364541,13.2526550785124));
#9205=CARTESIAN_POINT('Ctrl Pts',(43.2317596942929,6.80974518033392,13.3320245881484));
#9206=CARTESIAN_POINT('Ctrl Pts',(42.7100867162431,5.14481109600633,13.4113940977844));
#9207=CARTESIAN_POINT('Ctrl Pts',(43.8306743717941,3.8042703533768,13.4907636074204));
#9208=CARTESIAN_POINT('Ctrl Pts',(44.9791593252936,3.94616176097341,13.5436766138444));
#9209=CARTESIAN_POINT('Ctrl Pts',(45.3966446912023,4.2442622496163,13.5701331170564));
#9210=CARTESIAN_POINT('Ctrl Pts',(46.0444433358126,5.5010737047702,0.145788276411266));
#9211=CARTESIAN_POINT('Ctrl Pts',(46.045016009875,5.57130130570329,0.149420847132388));
#9212=CARTESIAN_POINT('Ctrl Pts',(46.0087563304115,6.15243457076124,0.179509921065506));
#9213=CARTESIAN_POINT('Ctrl Pts',(45.2709176305274,7.15284613514068,0.23605549821062));
#9214=CARTESIAN_POINT('Ctrl Pts',(43.5298866863379,7.04410655414686,0.315425007846607));
#9215=CARTESIAN_POINT('Ctrl Pts',(42.6765012269347,5.52281850672707,0.394794517482593));
#9216=CARTESIAN_POINT('Ctrl Pts',(43.4916237335606,3.98049046958364,0.47416402711858));
#9217=CARTESIAN_POINT('Ctrl Pts',(45.2294090745973,3.82859867993254,0.553533536754567));
#9218=CARTESIAN_POINT('Ctrl Pts',(46.0009168323553,4.82140241117679,0.610741619852129));
#9219=CARTESIAN_POINT('Ctrl Pts',(46.0448140068825,5.41565297288262,0.641493199737695));
#9220=CARTESIAN_POINT('Ctrl Pts',(46.0440874269185,5.49875945568285,0.645788276411266));
#9221=CARTESIAN_POINT('Ctrl Pts',(43.5418838472776,6.32521129893651,-1.94289029309402E-15));
#9222=CARTESIAN_POINT('Ctrl Pts',(43.5050052932997,6.29077163067863,-1.94625154286664E-15));
#9223=CARTESIAN_POINT('Ctrl Pts',(43.4705080502765,6.2540932004144,-2.00498443910673E-15));
#9224=CARTESIAN_POINT('Ctrl Pts',(43.4383927020584,6.2154960099461,-1.9220736113823E-15));
#9225=CARTESIAN_POINT('Ctrl Pts',(43.4048311281127,6.17516070194336,-1.83542912424605E-15));
#9226=CARTESIAN_POINT('Ctrl Pts',(43.3738701845978,6.132729474779,-1.73504990735225E-15));
#9227=CARTESIAN_POINT('Ctrl Pts',(43.345538663313,6.08851779124997,-1.75554015768853E-15));
#9228=CARTESIAN_POINT('Ctrl Pts',(43.322478851474,6.05253267442493,-1.77221774137839E-15));
#9229=CARTESIAN_POINT('Ctrl Pts',(43.3011614020835,6.01536688491994,-1.98465758673145E-15));
#9230=CARTESIAN_POINT('Ctrl Pts',(43.2816189710302,5.97717165929006,-1.98799310346942E-15));
#9231=CARTESIAN_POINT('Ctrl Pts',(43.2723642235635,5.95908347125069,-1.98957271068393E-15));
#9232=CARTESIAN_POINT('Ctrl Pts',(43.2635078007112,5.94076420014415,-1.66917110561236E-15));
#9233=CARTESIAN_POINT('Ctrl Pts',(43.2550545511547,5.92222892818543,-1.63757896132211E-15));
#9234=CARTESIAN_POINT('Ctrl Pts',(43.2508781544846,5.91307142637854,-1.62197060558468E-15));
#9235=CARTESIAN_POINT('Ctrl Pts',(43.2468038407191,5.90386913981584,-1.59722521286127E-15));
#9236=CARTESIAN_POINT('Ctrl Pts',(43.2428332527373,5.89462779337595,-1.60982338570648E-15));
#9237=CARTESIAN_POINT('Ctrl Pts',(43.2213143894309,5.84454370715994,-1.67810001390648E-15));
#9238=CARTESIAN_POINT('Ctrl Pts',(43.2028242201819,5.79328257787791,-2.19576923841301E-15));
#9239=CARTESIAN_POINT('Ctrl Pts',(43.1873907308601,5.74117540896164,-2.15105711021124E-15));
#9240=CARTESIAN_POINT('Ctrl Pts',(43.1715756208562,5.68777979691162,-2.10523939451017E-15));
#9241=CARTESIAN_POINT('Ctrl Pts',(43.1589695688056,5.63349486650788,-2.00730436198723E-15));
#9242=CARTESIAN_POINT('Ctrl Pts',(43.1496449835446,5.57864213008317,-1.97758476261356E-15));
#9243=CARTESIAN_POINT('Ctrl Pts',(43.1429620872951,5.53932937393693,-1.9562848341306E-15));
#9244=CARTESIAN_POINT('Ctrl Pts',(43.1379655947264,5.49972418053208,-1.88096608220365E-15));
#9245=CARTESIAN_POINT('Ctrl Pts',(43.1346978926616,5.45993861564141,-1.9151347174784E-15));
#9246=CARTESIAN_POINT('Ctrl Pts',(43.1335376323026,5.44581198693172,-1.92726694748115E-15));
#9247=CARTESIAN_POINT('Ctrl Pts',(43.1325954571136,5.43166258872526,-1.78707720759073E-15));
#9248=CARTESIAN_POINT('Ctrl Pts',(43.1318737054063,5.41749536929868,-1.78329573330416E-15));
#9249=CARTESIAN_POINT('Ctrl Pts',(43.131384237913,5.40788764227874,-1.78073126588226E-15));
#9250=CARTESIAN_POINT('Ctrl Pts',(43.130996653649,5.39828154149371,-1.88171594297275E-15));
#9251=CARTESIAN_POINT('Ctrl Pts',(43.1307111227107,5.38867900241301,-1.88737914186277E-15));
#9252=CARTESIAN_POINT('Ctrl Pts',(43.1290223640474,5.33188525824847,-1.9208738526064E-15));
#9253=CARTESIAN_POINT('Ctrl Pts',(43.1308996038605,5.27521509067443,-1.76937942995259E-15));
#9254=CARTESIAN_POINT('Ctrl Pts',(43.1364017543571,5.21900053653085,-1.79023462720806E-15));
#9255=CARTESIAN_POINT('Ctrl Pts',(43.1401877245314,5.18031991056955,-1.80458486259955E-15));
#9256=CARTESIAN_POINT('Ctrl Pts',(43.1456908689821,5.14185435229454,-1.69023408305665E-15));
#9257=CARTESIAN_POINT('Ctrl Pts',(43.1529440755223,5.10370772252967,-1.62370117351429E-15));
#9258=CARTESIAN_POINT('Ctrl Pts',(43.1632186361502,5.04967095160659,-1.52945369702826E-15));
#9259=CARTESIAN_POINT('Ctrl Pts',(43.177002515055,4.99627353599725,-1.79436365853342E-15));
#9260=CARTESIAN_POINT('Ctrl Pts',(43.1940684622505,4.94371748887366,-1.88737914186277E-15));
#9261=CARTESIAN_POINT('Ctrl Pts',(43.1989412494702,4.92871132298031,-1.91393756567665E-15));
#9262=CARTESIAN_POINT('Ctrl Pts',(43.2040819323396,4.91377378821421,-1.75915427986961E-15));
#9263=CARTESIAN_POINT('Ctrl Pts',(43.2094859707556,4.89890972071219,-1.74860126378462E-15));
#9264=CARTESIAN_POINT('Ctrl Pts',(43.2130431939262,4.889125407342,-1.74165471188273E-15));
#9265=CARTESIAN_POINT('Ctrl Pts',(43.2167147627314,4.87937264194945,-1.73854407952285E-15));
#9266=CARTESIAN_POINT('Ctrl Pts',(43.2204935214726,4.86966717226514,-1.73472347597681E-15));
#9267=CARTESIAN_POINT('Ctrl Pts',(43.2410515614447,4.81686532716704,-1.71393778263262E-15));
#9268=CARTESIAN_POINT('Ctrl Pts',(43.264814782501,4.76535892212719,-1.57639898463334E-15));
#9269=CARTESIAN_POINT('Ctrl Pts',(43.2914949520207,4.71535398380272,-1.58206781009085E-15));
#9270=CARTESIAN_POINT('Ctrl Pts',(43.3188192425423,4.66414181060867,-1.58787349410655E-15));
#9271=CARTESIAN_POINT('Ctrl Pts',(43.3492033749365,4.61450358257419,-1.58785618656595E-15));
#9272=CARTESIAN_POINT('Ctrl Pts',(43.3823933407472,4.56666623913748,-1.55431223447522E-15));
#9273=CARTESIAN_POINT('Ctrl Pts',(43.4033911943443,4.53640162423286,-1.53309042909323E-15));
#9274=CARTESIAN_POINT('Ctrl Pts',(43.4255131938766,4.50685797559516,-1.70615566103951E-15));
#9275=CARTESIAN_POINT('Ctrl Pts',(43.4487050328449,4.47809643903631,-1.73472347597681E-15));
#9276=CARTESIAN_POINT('Ctrl Pts',(43.4668049175213,4.45564972855583,-1.7570189979718E-15));
#9277=CARTESIAN_POINT('Ctrl Pts',(43.4855565906595,4.43367944076141,-1.5755611206461E-15));
#9278=CARTESIAN_POINT('Ctrl Pts',(43.5049370946404,4.41221651962941,-1.59594559789866E-15));
#9279=CARTESIAN_POINT('Ctrl Pts',(43.5124343107284,4.40391373463655,-1.60383119421516E-15));
#9280=CARTESIAN_POINT('Ctrl Pts',(43.5200195364394,4.39569369286102,-1.86459728213344E-15));
#9281=CARTESIAN_POINT('Ctrl Pts',(43.5276897152043,4.38755927057224,-1.84574577843932E-15));
#9282=CARTESIAN_POINT('Ctrl Pts',(43.5652751119956,4.34769898846338,-1.75336967246068E-15));
#9283=CARTESIAN_POINT('Ctrl Pts',(43.6049074761525,4.30988270363384,-1.71297910526998E-15));
#9284=CARTESIAN_POINT('Ctrl Pts',(43.6463924458834,4.27429595439955,-1.74860126378462E-15));
#9285=CARTESIAN_POINT('Ctrl Pts',(43.6777439473399,4.24740192440049,-1.77552205369484E-15));
#9286=CARTESIAN_POINT('Ctrl Pts',(43.7101542940439,4.22178139955738,-1.56397199398905E-15));
#9287=CARTESIAN_POINT('Ctrl Pts',(43.7435508259782,4.19752164572055,-1.52655665885959E-15));
#9288=CARTESIAN_POINT('Ctrl Pts',(43.7551546034755,4.18909248348854,-1.51355652984376E-15));
#9289=CARTESIAN_POINT('Ctrl Pts',(43.7668788427273,4.18082676133463,-1.65170025528699E-15));
#9290=CARTESIAN_POINT('Ctrl Pts',(43.7787165828818,4.17273120194505,-1.66533453693773E-15));
#9291=CARTESIAN_POINT('Ctrl Pts',(43.8290305596356,4.13832262550878,-1.72328435853217E-15));
#9292=CARTESIAN_POINT('Ctrl Pts',(43.8812576860927,4.10707631435662,-1.28535614397923E-15));
#9293=CARTESIAN_POINT('Ctrl Pts',(43.9351505184341,4.07925118135288,-8.04911692853238E-16));
#9294=CARTESIAN_POINT('Ctrl Pts',(43.9769507426971,4.05766952106205,-4.32270565444432E-16));
#9295=CARTESIAN_POINT('Ctrl Pts',(44.0197540391583,4.03814632057104,-2.60608352618858E-16));
#9296=CARTESIAN_POINT('Ctrl Pts',(44.0634597952912,4.02081815725451,-1.66533453693773E-16));
#9297=CARTESIAN_POINT('Ctrl Pts',(44.0757732539131,4.01593620025683,-1.4002922455402E-16));
#9298=CARTESIAN_POINT('Ctrl Pts',(44.0881584124532,4.01122857448558,-2.30437126574505E-17));
#9299=CARTESIAN_POINT('Ctrl Pts',(44.1006119270614,4.00669428335197,-2.77555756156289E-17));
#9300=CARTESIAN_POINT('Origin',(44.5,5.5,-1.10421172358874));
#9301=CARTESIAN_POINT('Ctrl Pts',(46.0414610661764,5.4981222089466,0.104211723588722));
#9302=CARTESIAN_POINT('Ctrl Pts',(46.0387674357286,5.85182984371465,0.122419507665626));
#9303=CARTESIAN_POINT('Ctrl Pts',(45.7431240766455,6.72518102274436,0.167099804379103));
#9304=CARTESIAN_POINT('Ctrl Pts',(44.2928755454027,7.31171786097775,0.238252613729152));
#9305=CARTESIAN_POINT('Ctrl Pts',(42.8651153892426,6.30872672242542,0.317670151638869));
#9306=CARTESIAN_POINT('Ctrl Pts',(42.9343090609174,4.56395227120481,0.397087689548587));
#9307=CARTESIAN_POINT('Ctrl Pts',(44.438023340669,3.6771174285864,0.476505227458304));
#9308=CARTESIAN_POINT('Ctrl Pts',(45.7944800328315,4.35754723945299,0.545546572138349));
#9309=CARTESIAN_POINT('Ctrl Pts',(46.0393674437093,5.18777520802889,0.588115404181822));
#9310=CARTESIAN_POINT('Ctrl Pts',(46.0409453400082,5.50084991750195,0.604211723588723));
#9311=CARTESIAN_POINT('Ctrl Pts',(44.8985138418572,4.00935057178148,0.));
#9312=CARTESIAN_POINT('Ctrl Pts',(45.3943983561375,4.14192154330731,0.0264725126365724));
#9313=CARTESIAN_POINT('Ctrl Pts',(46.2348563699441,4.93865464950228,0.0794175379097173));
#9314=CARTESIAN_POINT('Ctrl Pts',(45.911577164644,6.65705205071184,0.158835075819435));
#9315=CARTESIAN_POINT('Ctrl Pts',(44.2928755454027,7.31171786097775,0.238252613729152));
#9316=CARTESIAN_POINT('Ctrl Pts',(42.8651153892426,6.30872672242542,0.317670151638869));
#9317=CARTESIAN_POINT('Ctrl Pts',(42.9343090609174,4.56395227120481,0.397087689548587));
#9318=CARTESIAN_POINT('Ctrl Pts',(44.438023340669,3.6771174285864,0.476505227458304));
#9319=CARTESIAN_POINT('Ctrl Pts',(45.9983413106033,4.45980873551017,0.555922765368021));
#9320=CARTESIAN_POINT('Ctrl Pts',(46.1862428609273,6.19546690713768,0.635340303277739));
#9321=CARTESIAN_POINT('Ctrl Pts',(44.8294751675864,7.29399638702496,0.714757841187455));
#9322=CARTESIAN_POINT('Ctrl Pts',(43.1709265958466,6.74923437760499,0.794175379097175));
#9323=CARTESIAN_POINT('Ctrl Pts',(42.7298173658409,5.0601357374002,0.873592917006889));
#9324=CARTESIAN_POINT('Ctrl Pts',(43.9102286589211,3.773969268914,0.95301045491661));
#9325=CARTESIAN_POINT('Ctrl Pts',(45.6308762181157,4.06886813486162,1.03242799282632));
#9326=CARTESIAN_POINT('Ctrl Pts',(46.3156256382626,5.67470820949662,1.11184553073604));
#9327=CARTESIAN_POINT('Ctrl Pts',(45.3372334624579,7.12051153782636,1.19126306864576));
#9328=CARTESIAN_POINT('Ctrl Pts',(43.5919231457683,7.08190234075967,1.27068060655548));
#9329=CARTESIAN_POINT('Ctrl Pts',(42.678424813816,5.59424615421278,1.35009814446519));
#9330=CARTESIAN_POINT('Ctrl Pts',(43.4335172003662,4.02025924640528,1.42951568237491));
#9331=CARTESIAN_POINT('Ctrl Pts',(45.1655240008677,3.80173729302401,1.50893322028463));
#9332=CARTESIAN_POINT('Ctrl Pts',(46.287900719545,5.13884987941856,1.58835075819435));
#9333=CARTESIAN_POINT('Ctrl Pts',(45.7725331487623,6.80678144672917,1.66776829610406));
#9334=CARTESIAN_POINT('Ctrl Pts',(44.0915058535074,7.27768133228674,1.74718583401378));
#9335=CARTESIAN_POINT('Ctrl Pts',(42.7846654094926,6.12019805253305,1.8266033719235));
#9336=CARTESIAN_POINT('Ctrl Pts',(43.0490975615847,4.39460392042277,1.90602090983322));
#9337=CARTESIAN_POINT('Ctrl Pts',(44.6425784299899,3.68156942034402,1.98543844774293));
#9338=CARTESIAN_POINT('Ctrl Pts',(46.1054552869977,4.6342450102642,2.06485598565265));
#9339=CARTESIAN_POINT('Ctrl Pts',(46.0977106644083,6.37996534778472,2.14427352356237));
#9340=CARTESIAN_POINT('Ctrl Pts',(44.6264387548945,7.31962403319034,2.22369106147209));
#9341=CARTESIAN_POINT('Ctrl Pts',(43.0393470213046,6.59247940784973,2.3031085993818));
#9342=CARTESIAN_POINT('Ctrl Pts',(42.7902356486102,4.86460701653689,2.38252613729152));
#9343=CARTESIAN_POINT('Ctrl Pts',(44.1072944458139,3.71876426925364,2.46194367520124));
#9344=CARTESIAN_POINT('Ctrl Pts',(45.7840775079725,4.20456056325648,2.54136121311095));
#9345=CARTESIAN_POINT('Ctrl Pts',(46.2846260280844,5.87699909898211,2.62077875102068));
#9346=CARTESIAN_POINT('Ctrl Pts',(45.1504299429679,7.20410072180254,2.70019628893039));
#9347=CARTESIAN_POINT('Ctrl Pts',(43.4204301300014,6.97022014560561,2.77961382684011));
#9348=CARTESIAN_POINT('Ctrl Pts',(42.6793327499142,5.3895955380505,2.85903136474982));
#9349=CARTESIAN_POINT('Ctrl Pts',(43.605994282989,3.910103098089,2.93844890265954));
#9350=CARTESIAN_POINT('Ctrl Pts',(45.3515786603637,3.88698041984389,3.01786644056926));
#9351=CARTESIAN_POINT('Ctrl Pts',(46.317104023103,5.34140822853368,3.09728397847898));
#9352=CARTESIAN_POINT('Ctrl Pts',(45.6181344428314,6.94110851378662,3.17670151638869));
#9353=CARTESIAN_POINT('Ctrl Pts',(43.8949366939813,7.2207314655296,3.25611905429841));
#9354=CARTESIAN_POINT('Ctrl Pts',(42.7259861430158,5.92413820387006,3.33553659220813));
#9355=CARTESIAN_POINT('Ctrl Pts',(43.182059287028,4.23902789172602,3.41495413011784));
#9356=CARTESIAN_POINT('Ctrl Pts',(44.8453861842866,3.70898722381499,3.49437166802756));
#9357=CARTESIAN_POINT('Ctrl Pts',(46.192334079671,4.81954151960741,3.57378920593728));
#9358=CARTESIAN_POINT('Ctrl Pts',(45.9890781993314,6.55340614058875,3.653206743847));
#9359=CARTESIAN_POINT('Ctrl Pts',(44.421804023384,7.32233470306501,3.73262428175672));
#9360=CARTESIAN_POINT('Ctrl Pts',(42.9261585522253,6.42197694006973,3.81204181966643));
#9361=CARTESIAN_POINT('Ctrl Pts',(42.8721758024163,4.67707426670757,3.89145935757615));
#9362=CARTESIAN_POINT('Ctrl Pts',(44.3093047944448,3.68598409066176,3.97087689548587));
#9363=CARTESIAN_POINT('Ctrl Pts',(45.921113497303,4.35656009841476,4.05029443339559));
#9364=CARTESIAN_POINT('Ctrl Pts',(46.2311606060912,6.07454446013502,4.1297119713053));
#9365=CARTESIAN_POINT('Ctrl Pts',(44.9554382499822,7.26623735132262,4.20912950921502));
#9366=CARTESIAN_POINT('Ctrl Pts',(43.262527524737,6.84002994508348,4.28854704712474));
#9367=CARTESIAN_POINT('Ctrl Pts',(42.7031604222026,5.18633471276719,4.36796458503445));
#9368=CARTESIAN_POINT('Ctrl Pts',(43.7897257223374,3.81996165780513,4.44738212294417));
#9369=CARTESIAN_POINT('Ctrl Pts',(45.5269130717819,3.99252929588751,4.52679966085389));
#9370=CARTESIAN_POINT('Ctrl Pts',(46.3234324169952,5.54596304390654,4.60621719876361));
#9371=CARTESIAN_POINT('Ctrl Pts',(45.4496599140687,7.05729394411106,4.68563473667332));
#9372=CARTESIAN_POINT('Ctrl Pts',(43.7059844752342,7.14211988818871,4.76505227458305));
#9373=CARTESIAN_POINT('Ctrl Pts',(42.689639342668,5.72273902024226,4.84446981249275));
#9374=CARTESIAN_POINT('Ctrl Pts',(43.331612127427,4.09932581947905,4.92388735040248));
#9375=CARTESIAN_POINT('Ctrl Pts',(45.0438459873069,3.75895148750987,5.00330488831219));
#9376=CARTESIAN_POINT('Ctrl Pts',(46.2579086450215,5.01340409320161,5.08272242622192));
#9377=CARTESIAN_POINT('Ctrl Pts',(45.8617002270509,6.71358595591887,5.16213996413162));
#9378=CARTESIAN_POINT('Ctrl Pts',(44.2181536748812,7.30210461121739,5.24155750204136));
#9379=CARTESIAN_POINT('Ctrl Pts',(42.832782646458,6.23986801309579,5.32097503995105));
#9380=CARTESIAN_POINT('Ctrl Pts',(42.974608090327,4.49990105356616,5.40039257786078));
#9381=CARTESIAN_POINT('Ctrl Pts',(44.5137157412019,3.67603995131548,5.47981011577051));
#9382=CARTESIAN_POINT('Ctrl Pts',(46.0402595643707,4.52295401586291,5.5592276536802));
#9383=CARTESIAN_POINT('Ctrl Pts',(46.1559021825325,6.26485707334003,5.63864519158995));
#9384=CARTESIAN_POINT('Ctrl Pts',(44.7547131972731,7.30613940987092,5.71806272949964));
#9385=CARTESIAN_POINT('Ctrl Pts',(43.120203046363,6.69297055600204,5.79748026740937));
#9386=CARTESIAN_POINT('Ctrl Pts',(42.7496079066522,4.98702251482192,5.87689780531908));
#9387=CARTESIAN_POINT('Ctrl Pts',(43.9823985668852,3.75096965801291,5.95631534322881));
#9388=CARTESIAN_POINT('Ctrl Pts',(45.6893200181796,4.11705521617414,6.03573288113852));
#9389=CARTESIAN_POINT('Ctrl Pts',(46.3068062303725,5.74993924590043,6.11515041904824));
#9390=CARTESIAN_POINT('Ctrl Pts',(45.2692304344364,7.15387512209677,6.19456795695795));
#9391=CARTESIAN_POINT('Ctrl Pts',(43.5270278522238,7.04283621308474,6.27398549486767));
#9392=CARTESIAN_POINT('Ctrl Pts',(42.6760825668268,5.51853584962471,6.35340303277738));
#9393=CARTESIAN_POINT('Ctrl Pts',(43.4958734117712,3.97725636577729,6.43282057068711));
#9394=CARTESIAN_POINT('Ctrl Pts',(45.2354594951825,3.83083322831427,6.51223810859681));
#9395=CARTESIAN_POINT('Ctrl Pts',(46.301353486696,5.2133922598349,6.59165564650655));
#9396=CARTESIAN_POINT('Ctrl Pts',(45.7171802662834,6.85848834375714,6.67107318441625));
#9397=CARTESIAN_POINT('Ctrl Pts',(44.01805139545,7.25918842746486,6.75049072232598));
#9398=CARTESIAN_POINT('Ctrl Pts',(42.7603947820466,6.04844513529006,6.82990826023568));
#9399=CARTESIAN_POINT('Ctrl Pts',(43.0962430265404,4.33531775139424,6.90932579814542));
#9400=CARTESIAN_POINT('Ctrl Pts',(44.7179540250826,3.68905703466281,6.98874333605512));
#9401=CARTESIAN_POINT('Ctrl Pts',(46.1400158192061,4.70164763825246,7.06816087396485));
#9402=CARTESIAN_POINT('Ctrl Pts',(46.0597981605191,6.44554115679601,7.14757841187456));
#9403=CARTESIAN_POINT('Ctrl Pts',(44.5507816453592,7.32330458378423,7.22699594978428));
#9404=CARTESIAN_POINT('Ctrl Pts',(42.995248370111,6.5308932597997,7.306413487694));
#9405=CARTESIAN_POINT('Ctrl Pts',(42.8180904914241,4.79416801877782,7.38583102560371));
#9406=CARTESIAN_POINT('Ctrl Pts',(44.1815873226674,3.70399561591074,7.46524856351343));
#9407=CARTESIAN_POINT('Ctrl Pts',(45.8367550128555,4.25899056556386,7.54466610142314));
#9408=CARTESIAN_POINT('Ctrl Pts',(46.2674347647347,5.95076904636588,7.62408363933287));
#9409=CARTESIAN_POINT('Ctrl Pts',(45.0791173702758,7.22963621961346,7.70350117724258));
#9410=CARTESIAN_POINT('Ctrl Pts',(43.360319649992,6.92413028917985,7.78291871515231));
#9411=CARTESIAN_POINT('Ctrl Pts',(42.685486477207,5.31409933739897,7.86233625306201));
#9412=CARTESIAN_POINT('Ctrl Pts',(43.6727753097196,3.87435622212478,7.94175379097175));
#9413=CARTESIAN_POINT('Ctrl Pts',(45.4178145495832,3.92372755104728,8.02117132888144));
#9414=CARTESIAN_POINT('Ctrl Pts',(46.3221216921207,5.4169884354004,8.10058886679118));
#9415=CARTESIAN_POINT('Ctrl Pts',(45.5573376304538,6.98628917643245,8.18000640470088));
#9416=CARTESIAN_POINT('Ctrl Pts',(43.824016205725,7.19412640928341,8.25942394261061));
#9417=CARTESIAN_POINT('Ctrl Pts',(42.7099062255928,5.85011806520462,8.33884148052031));
#9418=CARTESIAN_POINT('Ctrl Pts',(43.2355493895477,4.18539624430754,8.41825901843005));
#9419=CARTESIAN_POINT('Ctrl Pts',(44.9194485586766,3.7248714729975,8.49767655633975));
#9420=CARTESIAN_POINT('Ctrl Pts',(46.2191264636986,4.89039145136811,8.57709409424948));
#9421=CARTESIAN_POINT('Ctrl Pts',(45.9440583614247,6.6143221390394,8.65651163215918));
#9422=CARTESIAN_POINT('Ctrl Pts',(44.3462108203053,7.3175167864322,8.73592917006891));
#9423=CARTESIAN_POINT('Ctrl Pts',(42.8892365085866,6.35583839332183,8.81534670797862));
#9424=CARTESIAN_POINT('Ctrl Pts',(42.9077460721752,4.61019900534988,8.89476424588835));
#9425=CARTESIAN_POINT('Ctrl Pts',(44.3847844690927,3.67963087199553,8.97418178379806));
#9426=CARTESIAN_POINT('Ctrl Pts',(45.9673620459984,4.41654856743958,9.05359932170778));
#9427=CARTESIAN_POINT('Ctrl Pts',(46.2058136542874,6.14592426614931,9.13301685961749));
#9428=CARTESIAN_POINT('Ctrl Pts',(44.8817139913333,7.28362350555671,9.21243439752721));
#9429=CARTESIAN_POINT('Ctrl Pts',(43.2079585023104,6.78749646562707,9.29185193543693));
#9430=CARTESIAN_POINT('Ctrl Pts',(42.7177326911275,5.112003066406,9.37126947334666));
#9431=CARTESIAN_POINT('Ctrl Pts',(43.8600908624763,3.79192076399609,9.45068701125636));
#9432=CARTESIAN_POINT('Ctrl Pts',(45.5886155437511,4.03646504016562,9.53010454916609));
#9433=CARTESIAN_POINT('Ctrl Pts',(46.3199518173074,5.62162961577415,9.6095220870758));
#9434=CARTESIAN_POINT('Ctrl Pts',(45.3841845250156,7.0953796120287,9.68893962498552));
#9435=CARTESIAN_POINT('Ctrl Pts',(43.6384907497788,7.10773760064797,9.76835716289523));
#9436=CARTESIAN_POINT('Ctrl Pts',(42.6819525606386,5.64738347595776,9.84777470080496));
#9437=CARTESIAN_POINT('Ctrl Pts',(43.3907734981616,4.05202384399001,9.92719223871466));
#9438=CARTESIAN_POINT('Ctrl Pts',(45.1156627947272,3.78303241034006,10.0066097766244));
#9439=CARTESIAN_POINT('Ctrl Pts',(46.276595600418,5.08680942250668,10.0860273145341));
#9440=CARTESIAN_POINT('Ctrl Pts',(45.8101397948495,6.76907529276464,10.1654448524438));
#9441=CARTESIAN_POINT('Ctrl Pts',(44.1435759957713,7.28884887845889,10.2448623903535));
#9442=CARTESIAN_POINT('Ctrl Pts',(42.8035020096392,6.17000966370312,10.3242799282633));
#9443=CARTESIAN_POINT('Ctrl Pts',(43.0174460048011,4.43743139888576,10.403697466173));
#9444=CARTESIAN_POINT('Ctrl Pts',(44.5894320252817,3.67818214587519,10.4831150040827));
#9445=CARTESIAN_POINT('Ctrl Pts',(46.0794969493737,4.58774577684,10.5625325419924));
#9446=CARTESIAN_POINT('Ctrl Pts',(46.1227186265699,6.33294816149458,10.6419500799021));
#9447=CARTESIAN_POINT('Ctrl Pts',(44.6795053426881,7.31515735204964,10.7213676178119));
#9448=CARTESIAN_POINT('Ctrl Pts',(43.0718624326827,6.63465477990898,10.8007851557215));
#9449=CARTESIAN_POINT('Ctrl Pts',(42.7724152717912,4.91479115897258,10.8802026936313));
#9450=CARTESIAN_POINT('Ctrl Pts',(44.0554620172314,3.73098774378874,10.959620231541));
#9451=CARTESIAN_POINT('Ctrl Pts',(45.7457123211239,4.1676264811429,11.0390377694507));
#9452=CARTESIAN_POINT('Ctrl Pts',(46.2948711780896,5.82473964161963,11.1184553073604));
#9453=CARTESIAN_POINT('Ctrl Pts',(45.1999007164596,7.18438634755121,11.1978728452701));
#9454=CARTESIAN_POINT('Ctrl Pts',(43.4638105455141,7.00110952137408,11.2772903831799));
#9455=CARTESIAN_POINT('Ctrl Pts',(42.6768856864776,5.44279352542798,11.3567079210896));
#9456=CARTESIAN_POINT('Ctrl Pts',(43.5599612880997,3.93687953100384,11.4361254589993));
#9457=CARTESIAN_POINT('Ctrl Pts',(45.3041266577273,3.86280767802502,11.515542996909));
#9458=CARTESIAN_POINT('Ctrl Pts',(46.3116997699215,5.28842891172718,11.5949605348187));
#9459=CARTESIAN_POINT('Ctrl Pts',(45.6597283162586,6.90785248197816,11.6743780727285));
#9460=CARTESIAN_POINT('Ctrl Pts',(43.9454280748271,7.23766175119527,11.7537956106382));
#9461=CARTESIAN_POINT('Ctrl Pts',(42.7391241541182,5.97574640541948,11.8332131485479));
#9462=CARTESIAN_POINT('Ctrl Pts',(43.1458093175486,4.27804011531633,11.9126306864576));
#9463=CARTESIAN_POINT('Ctrl Pts',(44.7929537439368,3.69966767055105,11.9920482243673));
#9464=CARTESIAN_POINT('Ctrl Pts',(46.1717481090487,4.77042705811641,12.071465762277));
#9465=CARTESIAN_POINT('Ctrl Pts',(46.019195708451,6.50948633432438,12.1508833001867));
#9466=CARTESIAN_POINT('Ctrl Pts',(44.4750370165744,7.32384082254015,12.2303008380965));
#9467=CARTESIAN_POINT('Ctrl Pts',(42.953744602469,6.46752924219294,12.3097183760062));
#9468=CARTESIAN_POINT('Ctrl Pts',(42.8488460439505,4.724946370688,12.3891359139159));
#9469=CARTESIAN_POINT('Ctrl Pts',(44.2564289155805,3.6923239937377,12.4685534518256));
#9470=CARTESIAN_POINT('Ctrl Pts',(45.8871280073927,4.31556117624377,12.5479709897354));
#9471=CARTESIAN_POINT('Ctrl Pts',(46.247194031691,6.02376076125884,12.627388527645));
#9472=CARTESIAN_POINT('Ctrl Pts',(45.0068089362431,7.25219058036933,12.7068060655548));
#9473=CARTESIAN_POINT('Ctrl Pts',(43.3021690972792,6.8755812488927,12.7862236034645));
#9474=CARTESIAN_POINT('Ctrl Pts',(42.6947799707939,5.23892995409759,12.8656411413742));
#9475=CARTESIAN_POINT('Ctrl Pts',(43.740962498292,3.84140080913053,12.9450586792839));
#9476=CARTESIAN_POINT('Ctrl Pts',(45.4825070132301,3.9632161769672,13.0244762171937));
#9477=CARTESIAN_POINT('Ctrl Pts',(46.3239211069189,5.49266711510674,13.1038937551034));
#9478=CARTESIAN_POINT('Ctrl Pts',(45.4948639262466,7.02899288277003,13.1833112930131));
#9479=CARTESIAN_POINT('Ctrl Pts',(43.7539786635572,7.16443346746827,13.2627288309228));
#9480=CARTESIAN_POINT('Ctrl Pts',(42.6974606818083,5.77581543439593,13.3421463688325));
#9481=CARTESIAN_POINT('Ctrl Pts',(43.2901472744889,4.13340718486655,13.4215639067422));
#9482=CARTESIAN_POINT('Ctrl Pts',(44.9950199475643,3.74506681654986,13.500981444652));
#9483=CARTESIAN_POINT('Ctrl Pts',(45.8231128977869,4.55464410209479,13.5539264699251));
#9484=CARTESIAN_POINT('Ctrl Pts',(45.974430450836,5.04513315613527,13.5803989825617));
#9485=CARTESIAN_POINT('Ctrl Pts',(44.8745375824152,4.09903427576914,-0.0535973499897703));
#9486=CARTESIAN_POINT('Ctrl Pts',(45.3405876103643,4.22362922319258,-0.0271248373531978));
#9487=CARTESIAN_POINT('Ctrl Pts',(46.1304801549884,4.97242753351905,0.025820187919947));
#9488=CARTESIAN_POINT('Ctrl Pts',(45.8266507787392,6.5874389601689,0.105237725829664));
#9489=CARTESIAN_POINT('Ctrl Pts',(44.3053370188538,7.20271733726155,0.184655263739382));
#9490=CARTESIAN_POINT('Ctrl Pts',(42.9634768850508,6.26007034044325,0.264072801649099));
#9491=CARTESIAN_POINT('Ctrl Pts',(43.0285075760469,4.62026881742851,0.343490339558816));
#9492=CARTESIAN_POINT('Ctrl Pts',(44.4417521157011,3.78678966797691,0.422907877468534));
#9493=CARTESIAN_POINT('Ctrl Pts',(45.9081948308014,4.52239099240376,0.502325415378251));
#9494=CARTESIAN_POINT('Ctrl Pts',(46.0847914379919,6.153624709333,0.581742953287969));
#9495=CARTESIAN_POINT('Ctrl Pts',(44.8096525635308,7.18606206129879,0.661160491197685));
#9496=CARTESIAN_POINT('Ctrl Pts',(43.2508892104625,6.67407521273936,0.740578029107404));
#9497=CARTESIAN_POINT('Ctrl Pts',(42.8363189565977,5.08659981109518,0.81999556701712));
#9498=CARTESIAN_POINT('Ctrl Pts',(43.945711769418,3.87781449652416,0.899413104926839));
#9499=CARTESIAN_POINT('Ctrl Pts',(45.5628379751377,4.15497101333235,0.978830642836555));
#9500=CARTESIAN_POINT('Ctrl Pts',(46.2063900063213,5.66419703292613,1.05824818074627));
#9501=CARTESIAN_POINT('Ctrl Pts',(45.286861995771,7.02301478619866,1.13766571865599));
#9502=CARTESIAN_POINT('Ctrl Pts',(43.6465568471948,6.98672847990384,1.21708325656571));
#9503=CARTESIAN_POINT('Ctrl Pts',(42.7880183954432,5.58857591140694,1.29650079447542));
#9504=CARTESIAN_POINT('Ctrl Pts',(43.4976812659739,4.1092866389039,1.37591833238514));
#9505=CARTESIAN_POINT('Ctrl Pts',(45.1254832935354,3.90391188016871,1.45533587029486));
#9506=CARTESIAN_POINT('Ctrl Pts',(46.1803331346686,5.16057818112128,1.53475340820458));
#9507=CARTESIAN_POINT('Ctrl Pts',(45.6959722323807,6.72816000950427,1.61417094611429));
#9508=CARTESIAN_POINT('Ctrl Pts',(44.1160825698173,7.17072858848853,1.69358848402401));
#9509=CARTESIAN_POINT('Ctrl Pts',(42.8878671125508,6.08288434382049,1.77300602193373));
#9510=CARTESIAN_POINT('Ctrl Pts',(43.1363899204309,4.46110917169999,1.85242355984345));
#9511=CARTESIAN_POINT('Ctrl Pts',(44.6340003153318,3.7909738092907,1.93184109775317));
#9512=CARTESIAN_POINT('Ctrl Pts',(46.0088643823901,4.68633245131873,2.01125863566288));
#9513=CARTESIAN_POINT('Ctrl Pts',(46.0015857086861,6.32702295215759,2.0906761735726));
#9514=CARTESIAN_POINT('Ctrl Pts',(44.6188316705916,7.21014784108761,2.17009371148231));
#9515=CARTESIAN_POINT('Ctrl Pts',(43.1272260134339,6.52675127756541,2.24951124939204));
#9516=CARTESIAN_POINT('Ctrl Pts',(42.8931022227864,4.90283491584441,2.32892878730175));
#9517=CARTESIAN_POINT('Ctrl Pts',(44.1309212543775,3.82593086052883,2.40834632521147));
#9518=CARTESIAN_POINT('Ctrl Pts',(45.7068220346585,4.28249961772464,2.48776386312118));
#9519=CARTESIAN_POINT('Ctrl Pts',(46.177255462342,5.85431725645315,2.5671814010309));
#9520=CARTESIAN_POINT('Ctrl Pts',(45.1112973572871,7.10157489526939,2.64659893894062));
#9521=CARTESIAN_POINT('Ctrl Pts',(43.4853815684967,6.88176555270192,2.72601647685034));
#9522=CARTESIAN_POINT('Ctrl Pts',(42.7888717063084,5.39623793222914,2.80543401476005));
#9523=CARTESIAN_POINT('Ctrl Pts',(43.6597814059503,4.00575794517956,2.88485155266978));
#9524=CARTESIAN_POINT('Ctrl Pts',(45.3003441265743,3.98402642396432,2.96426909057949));
#9525=CARTESIAN_POINT('Ctrl Pts',(46.2077794453467,5.35094977278803,3.04368662848921));
#9526=CARTESIAN_POINT('Ctrl Pts',(45.5508627983447,6.8544053984076,3.12310416639892));
#9527=CARTESIAN_POINT('Ctrl Pts',(43.931339833045,7.11720506389857,3.20252170430864));
#9528=CARTESIAN_POINT('Ctrl Pts',(42.8327182361612,5.89862027563982,3.28193924221836));
#9529=CARTESIAN_POINT('Ctrl Pts',(43.2613521123818,4.31489324755974,3.36135678012808));
#9530=CARTESIAN_POINT('Ctrl Pts',(44.8246063069214,3.81674204303459,3.44077431803779));
#9531=CARTESIAN_POINT('Ctrl Pts',(46.0905161835404,4.86048074768893,3.52019185594751));
#9532=CARTESIAN_POINT('Ctrl Pts',(45.899489027045,6.49002882148009,3.59960939385723));
#9533=CARTESIAN_POINT('Ctrl Pts',(44.4265086203785,7.21269542572572,3.67902693176694));
#9534=CARTESIAN_POINT('Ctrl Pts',(43.0208474360458,6.36650695134443,3.75844446967667));
#9535=CARTESIAN_POINT('Ctrl Pts',(42.970112514239,4.72658492056843,3.83786200758638));
#9536=CARTESIAN_POINT('Ctrl Pts',(44.320777815561,3.79512287457852,3.9172795454961));
#9537=CARTESIAN_POINT('Ctrl Pts',(45.8356133657414,4.42535422513576,3.99669708340581));
#9538=CARTESIAN_POINT('Ctrl Pts',(46.1270067437459,6.03997746247945,4.07611462131553));
#9539=CARTESIAN_POINT('Ctrl Pts',(44.9280371800708,7.15997312528172,4.15553215922525));
#9540=CARTESIAN_POINT('Ctrl Pts',(43.3369790443656,6.75940813914142,4.23494969713497));
#9541=CARTESIAN_POINT('Ctrl Pts',(42.8112658061768,5.20520612829847,4.31436723504468));
#9542=CARTESIAN_POINT('Ctrl Pts',(43.8324587934822,3.92103979094432,4.3937847729544));
#9543=CARTESIAN_POINT('Ctrl Pts',(45.4651296864954,4.08322503818505,4.47320231086412));
#9544=CARTESIAN_POINT('Ctrl Pts',(46.2137270965949,5.54319771495256,4.55261984877384));
#9545=CARTESIAN_POINT('Ctrl Pts',(45.3925244018483,6.96360062731805,4.63203738668356));
#9546=CARTESIAN_POINT('Ctrl Pts',(43.7537557700381,7.04332308782997,4.71145492459327));
#9547=CARTESIAN_POINT('Ctrl Pts',(42.7985582113366,5.70933810921668,4.79087246250299));
#9548=CARTESIAN_POINT('Ctrl Pts',(43.4019072284231,4.18359623625914,4.87029000041271));
#9549=CARTESIAN_POINT('Ctrl Pts',(45.0111259381679,3.86370024765861,4.94970753832242));
#9550=CARTESIAN_POINT('Ctrl Pts',(46.1521455087849,5.04267973805868,5.02912507623214));
#9551=CARTESIAN_POINT('Ctrl Pts',(45.7797746463135,6.64057154919529,5.10854261414186));
#9552=CARTESIAN_POINT('Ctrl Pts',(44.2351107285743,7.19368246081254,5.18796015205158));
#9553=CARTESIAN_POINT('Ctrl Pts',(42.9330894152982,6.19535445905665,5.2673776899613));
#9554=CARTESIAN_POINT('Ctrl Pts',(43.0663820473034,4.56007118892625,5.346795227871));
#9555=CARTESIAN_POINT('Ctrl Pts',(44.5128905448474,3.78577701624497,5.42621276578074));
#9556=CARTESIAN_POINT('Ctrl Pts',(45.9475911071062,4.58173718859616,5.50563030369044));
#9557=CARTESIAN_POINT('Ctrl Pts',(46.056276181704,6.21884007292413,5.58504784160017));
#9558=CARTESIAN_POINT('Ctrl Pts',(44.7393885860307,7.19747450910422,5.66446537950988));
#9559=CARTESIAN_POINT('Ctrl Pts',(43.2032174018583,6.62119645795784,5.7438829174196));
#9560=CARTESIAN_POINT('Ctrl Pts',(42.8549188157032,5.01788538577074,5.82330045532931));
#9561=CARTESIAN_POINT('Ctrl Pts',(44.0135396338808,3.85619863840682,5.90271799323903));
#9562=CARTESIAN_POINT('Ctrl Pts',(45.6177655517586,4.20025895829889,5.98213553114874));
#9563=CARTESIAN_POINT('Ctrl Pts',(46.1981012108955,5.73490185553896,6.06155306905847));
#9564=CARTESIAN_POINT('Ctrl Pts',(45.2229503143262,7.05437107770188,6.14097060696818));
#9565=CARTESIAN_POINT('Ctrl Pts',(43.5855659259234,6.95001273385724,6.22038814487791));
#9566=CARTESIAN_POINT('Ctrl Pts',(42.785817067829,5.51742065538827,6.29980568278761));
#9567=CARTESIAN_POINT('Ctrl Pts',(43.5562858669066,4.06887099142667,6.37922322069734));
#9568=CARTESIAN_POINT('Ctrl Pts',(45.1912111760189,3.93125728230314,6.45864075860704));
#9569=CARTESIAN_POINT('Ctrl Pts',(46.1929765270838,5.23063578017103,6.53805829651678));
#9570=CARTESIAN_POINT('Ctrl Pts',(45.6439496108157,6.7767560033518,6.61747583442648));
#9571=CARTESIAN_POINT('Ctrl Pts',(44.0470474391673,7.15334829416415,6.69689337233621));
#9572=CARTESIAN_POINT('Ctrl Pts',(42.8650567075596,6.01544838217314,6.77631091024592));
#9573=CARTESIAN_POINT('Ctrl Pts',(43.180698917037,4.40538990655446,6.85572844815564));
#9574=CARTESIAN_POINT('Ctrl Pts',(44.7048409993783,3.79801093741641,6.93514598606535));
#9575=CARTESIAN_POINT('Ctrl Pts',(46.0413456084373,4.74967985530727,7.01456352397508));
#9576=CARTESIAN_POINT('Ctrl Pts',(45.9659541795935,6.38865344623915,7.09398106188479));
#9577=CARTESIAN_POINT('Ctrl Pts',(44.5477264091889,7.21360695436451,7.17339859979451));
#9578=CARTESIAN_POINT('Ctrl Pts',(43.0857805215312,6.46887040975559,7.25281613770422));
#9579=CARTESIAN_POINT('Ctrl Pts',(42.9192812017586,4.83663382278956,7.33223367561395));
#9580=CARTESIAN_POINT('Ctrl Pts',(44.2007443610423,3.81205075113841,7.41165121352366));
#9581=CARTESIAN_POINT('Ctrl Pts',(45.7563302405331,4.33365488344903,7.49106875143338));
#9582=CARTESIAN_POINT('Ctrl Pts',(46.1610984972949,5.92364889527215,7.5704862893431));
#9583=CARTESIAN_POINT('Ctrl Pts',(45.0442752472208,7.12557407073414,7.64990382725281));
#9584=CARTESIAN_POINT('Ctrl Pts',(43.4288875863664,6.83844865480168,7.72932136516254));
#9585=CARTESIAN_POINT('Ctrl Pts',(42.7946551996304,5.32528389875874,7.80873890307223));
#9586=CARTESIAN_POINT('Ctrl Pts',(43.7225446068125,3.97216175077854,7.88815644098198));
#9587=CARTESIAN_POINT('Ctrl Pts',(45.362594987678,4.01856269406593,7.96757397889167));
#9588=CARTESIAN_POINT('Ctrl Pts',(46.2124952304107,5.42198275830838,8.04699151680141));
#9589=CARTESIAN_POINT('Ctrl Pts',(45.4937237764721,6.89686780342824,8.12640905471112));
#9590=CARTESIAN_POINT('Ctrl Pts',(43.864686217975,7.09220067910725,8.20582659262083));
#9591=CARTESIAN_POINT('Ctrl Pts',(42.8176057538219,5.82905349809304,8.28524413053056));
#9592=CARTESIAN_POINT('Ctrl Pts',(43.3116240266207,4.26448830435514,8.36466166844027));
#9593=CARTESIAN_POINT('Ctrl Pts',(44.8942127791148,3.83167062935312,8.44407920634998));
#9594=CARTESIAN_POINT('Ctrl Pts',(46.1156966256904,4.9270680512372,8.5234967442597));
#9595=CARTESIAN_POINT('Ctrl Pts',(45.8571777708745,6.54727985869322,8.60291428216942));
#9596=CARTESIAN_POINT('Ctrl Pts',(44.3554634205526,7.20816737510764,8.68233182007915));
#9597=CARTESIAN_POINT('Ctrl Pts',(42.9861467769725,6.30434757618203,8.76174935798884));
#9598=CARTESIAN_POINT('Ctrl Pts',(43.0035427278025,4.66373315462835,8.84116689589859));
#9599=CARTESIAN_POINT('Ctrl Pts',(44.3917163173014,3.78915189211851,8.92058443380827));
#9600=CARTESIAN_POINT('Ctrl Pts',(45.8790794083206,4.48173353697254,9.00000197171802));
#9601=CARTESIAN_POINT('Ctrl Pts',(46.1031847705719,6.10706276083011,9.07941950962771));
#9602=CARTESIAN_POINT('Ctrl Pts',(44.8587484811613,7.17631325576247,9.15883704753746));
#9603=CARTESIAN_POINT('Ctrl Pts',(43.2856931225538,6.7100352935214,9.23825458544715));
#9604=CARTESIAN_POINT('Ctrl Pts',(42.8249613464572,5.13534658466176,9.31767212335689));
#9605=CARTESIAN_POINT('Ctrl Pts',(43.8985904725002,3.89468595458305,9.39708966126659));
#9606=CARTESIAN_POINT('Ctrl Pts',(45.5231198796909,4.12451742433367,9.47650719917632));
#9607=CARTESIAN_POINT('Ctrl Pts',(46.2104559043413,5.61431186939413,9.55592473708603));
#9608=CARTESIAN_POINT('Ctrl Pts',(45.3309882860403,6.99939490216696,9.63534227499575));
#9609=CARTESIAN_POINT('Ctrl Pts',(43.6903227493871,7.01100938250572,9.71475981290547));
#9610=CARTESIAN_POINT('Ctrl Pts',(42.7913338982627,5.63851626963799,9.79417735081518));
#9611=CARTESIAN_POINT('Ctrl Pts',(43.4575092036622,4.13914014544794,9.8735948887249));
#9612=CARTESIAN_POINT('Ctrl Pts',(45.0786219460922,3.88633236145699,9.95301242663462));
#9613=CARTESIAN_POINT('Ctrl Pts',(46.1697081787899,5.11166869574752,10.0324299645443));
#9614=CARTESIAN_POINT('Ctrl Pts',(45.7313163053559,6.69272241546179,10.111847502454));
#9615=CARTESIAN_POINT('Ctrl Pts',(44.1650199545481,7.18122424837661,10.1912650403638));
#9616=CARTESIAN_POINT('Ctrl Pts',(42.9055704240517,6.12969908013404,10.2706825782735));
#9617=CARTESIAN_POINT('Ctrl Pts',(43.1066426536805,4.50135996994004,10.3501001161832));
#9618=CARTESIAN_POINT('Ctrl Pts',(44.5840514206066,3.78779032742061,10.4295176540929));
#9619=CARTESIAN_POINT('Ctrl Pts',(45.9844678069238,4.64263080625241,10.5089351920026));
#9620=CARTESIAN_POINT('Ctrl Pts',(46.0250890872527,6.28283451643599,10.5883527299124));
#9621=CARTESIAN_POINT('Ctrl Pts',(44.6687055505217,7.20594989416547,10.6677702678221));
#9622=CARTESIAN_POINT('Ctrl Pts',(43.1577851616733,6.5663892028503,10.7471878057318));
#9623=CARTESIAN_POINT('Ctrl Pts',(42.8763539943676,4.94999977038457,10.8266053436415));
#9624=CARTESIAN_POINT('Ctrl Pts',(44.0822072814788,3.83741891971332,10.9060228815512));
#9625=CARTESIAN_POINT('Ctrl Pts',(45.6707650579065,4.24778764446147,10.9854404194609));
#9626=CARTESIAN_POINT('Ctrl Pts',(46.1868842212743,5.80520194661184,11.0648579573707));
#9627=CARTESIAN_POINT('Ctrl Pts',(45.1577917621425,7.08304662022501,11.1442754952804));
#9628=CARTESIAN_POINT('Ctrl Pts',(43.5261520367809,6.91079649443464,11.2236930331901));
#9629=CARTESIAN_POINT('Ctrl Pts',(42.7865718684427,5.44623530619452,11.3031105710998));
#9630=CARTESIAN_POINT('Ctrl Pts',(43.6165179485586,4.0309233959024,11.3825281090095));
#9631=CARTESIAN_POINT('Ctrl Pts',(45.2557470348764,3.96130801539163,11.4619456469192));
#9632=CARTESIAN_POINT('Ctrl Pts',(46.2027003346388,5.30115791325753,11.541363184829));
#9633=CARTESIAN_POINT('Ctrl Pts',(45.5899542103873,6.82315018856037,11.6207807227387));
#9634=CARTESIAN_POINT('Ctrl Pts',(43.9787934412476,7.13311675277058,11.7001982606484));
#9635=CARTESIAN_POINT('Ctrl Pts',(42.8450658095683,5.94712351194155,11.7796157985581));
#9636=CARTESIAN_POINT('Ctrl Pts',(43.2272830926754,4.35155833261691,11.8590333364678));
#9637=CARTESIAN_POINT('Ctrl Pts',(44.7753284214728,3.80798319307244,11.9384508743776));
#9638=CARTESIAN_POINT('Ctrl Pts',(46.0711687510079,4.81432121761405,12.0178684122873));
#9639=CARTESIAN_POINT('Ctrl Pts',(45.9277945408547,6.44875141444766,12.097285950197));
#9640=CARTESIAN_POINT('Ctrl Pts',(44.4765388940605,7.21411093075413,12.1767034881067));
#9641=CARTESIAN_POINT('Ctrl Pts',(43.046773794133,6.40931863645721,12.2561210260164));
#9642=CARTESIAN_POINT('Ctrl Pts',(42.9481863716151,4.77157683855651,12.3355385639261));
#9643=CARTESIAN_POINT('Ctrl Pts',(44.2710831707135,3.80108134256986,12.4149561018359));
#9644=CARTESIAN_POINT('Ctrl Pts',(45.8036725850425,4.38682196959354,12.4943736397456));
#9645=CARTESIAN_POINT('Ctrl Pts',(46.1420755314046,5.99224912332181,12.5737911776553));
#9646=CARTESIAN_POINT('Ctrl Pts',(44.9763171909971,7.14677146681717,12.653208715565));
#9647=CARTESIAN_POINT('Ctrl Pts',(43.3742356141096,6.79282052782626,12.7326262534747));
#9648=CARTESIAN_POINT('Ctrl Pts',(42.8033895577746,5.25463701993984,12.8120437913844));
#9649=CARTESIAN_POINT('Ctrl Pts',(43.7866293689392,3.94118907326039,12.8914613292941));
#9650=CARTESIAN_POINT('Ctrl Pts',(45.4233952821468,4.05567551909609,12.9708788672039));
#9651=CARTESIAN_POINT('Ctrl Pts',(46.2141863848889,5.49310829213045,13.0502964051136));
#9652=CARTESIAN_POINT('Ctrl Pts',(45.4350087515955,6.93700227619162,13.1297139430233));
#9653=CARTESIAN_POINT('Ctrl Pts',(43.7988624272641,7.06429418885736,13.209131480933));
#9654=CARTESIAN_POINT('Ctrl Pts',(42.8059089860029,5.75922122431184,13.2885490188428));
#9655=CARTESIAN_POINT('Ctrl Pts',(43.3629370744575,4.21562712416546,13.3679665567524));
#9656=CARTESIAN_POINT('Ctrl Pts',(44.9652374771826,3.85065093657381,13.4473840946622));
#9657=CARTESIAN_POINT('Ctrl Pts',(45.7435088921629,4.61152066670197,13.5003291199353));
#9658=CARTESIAN_POINT('Ctrl Pts',(45.8857225483608,5.07249984786487,13.5268016325719));
#9659=CARTESIAN_POINT('Ctrl Pts',(44.8505613229731,4.18871797975679,-0.107194699979541));
#9660=CARTESIAN_POINT('Ctrl Pts',(45.286776864591,4.30533690307785,-0.0807221873429681));
#9661=CARTESIAN_POINT('Ctrl Pts',(46.0261039400329,5.00620041753581,-0.0277771620698232));
#9662=CARTESIAN_POINT('Ctrl Pts',(45.7417243928343,6.51782586962597,0.051640375839894));
#9663=CARTESIAN_POINT('Ctrl Pts',(44.317798492305,7.09371681354535,0.131057913749611));
#9664=CARTESIAN_POINT('Ctrl Pts',(43.0618383808588,6.21141395846108,0.210475451659329));
#9665=CARTESIAN_POINT('Ctrl Pts',(43.1227060911765,4.67658536365219,0.289892989569046));
#9666=CARTESIAN_POINT('Ctrl Pts',(44.4454808907331,3.89646190736743,0.369310527478763));
#9667=CARTESIAN_POINT('Ctrl Pts',(45.8180483509996,4.58497324929734,0.448728065388481));
#9668=CARTESIAN_POINT('Ctrl Pts',(45.9833400150563,6.11178251152833,0.528145603298198));
#9669=CARTESIAN_POINT('Ctrl Pts',(44.7898299594754,7.07812773557261,0.607563141207917));
#9670=CARTESIAN_POINT('Ctrl Pts',(43.3308518250782,6.59891604787374,0.686980679117632));
#9671=CARTESIAN_POINT('Ctrl Pts',(42.9428205473546,5.11306388479015,0.766398217027352));
#9672=CARTESIAN_POINT('Ctrl Pts',(43.981194879915,3.98165972413433,0.845815754937067));
#9673=CARTESIAN_POINT('Ctrl Pts',(45.4947997321597,4.24107389180308,0.925233292846786));
#9674=CARTESIAN_POINT('Ctrl Pts',(46.09715437438,5.65368585635564,1.0046508307565));
#9675=CARTESIAN_POINT('Ctrl Pts',(45.2364905290839,6.92551803457095,1.08406836866622));
#9676=CARTESIAN_POINT('Ctrl Pts',(43.7011905486214,6.89155461904804,1.16348590657594));
#9677=CARTESIAN_POINT('Ctrl Pts',(42.8976119770703,5.58290566860108,1.24290344448565));
#9678=CARTESIAN_POINT('Ctrl Pts',(43.5618453315816,4.19831403140253,1.32232098239537));
#9679=CARTESIAN_POINT('Ctrl Pts',(45.085442586203,4.00608646731341,1.40173852030509));
#9680=CARTESIAN_POINT('Ctrl Pts',(46.072765549792,5.18230648282401,1.4811560582148));
#9681=CARTESIAN_POINT('Ctrl Pts',(45.6194113159992,6.64953857227937,1.56057359612452));
#9682=CARTESIAN_POINT('Ctrl Pts',(44.140659286127,7.06377584469034,1.63999113403424));
#9683=CARTESIAN_POINT('Ctrl Pts',(42.991068815609,6.04557063510792,1.71940867194396));
#9684=CARTESIAN_POINT('Ctrl Pts',(43.2236822792769,4.52761442297722,1.79882620985368));
#9685=CARTESIAN_POINT('Ctrl Pts',(44.6254222006738,3.90037819823738,1.87824374776339));
#9686=CARTESIAN_POINT('Ctrl Pts',(45.9122734777824,4.73841989237327,1.95766128567311));
#9687=CARTESIAN_POINT('Ctrl Pts',(45.9054607529641,6.27408055653043,2.03707882358283));
#9688=CARTESIAN_POINT('Ctrl Pts',(44.6112245862887,7.10067164898489,2.11649636149254));
#9689=CARTESIAN_POINT('Ctrl Pts',(43.2151050055632,6.46102314728108,2.19591389940226));
#9690=CARTESIAN_POINT('Ctrl Pts',(42.9959687969628,4.94106281515192,2.27533143731198));
#9691=CARTESIAN_POINT('Ctrl Pts',(44.154548062941,3.93309745180401,2.3547489752217));
#9692=CARTESIAN_POINT('Ctrl Pts',(45.6295665613446,4.36043867219279,2.43416651313142));
#9693=CARTESIAN_POINT('Ctrl Pts',(46.0698848965997,5.8316354139242,2.51358405104113));
#9694=CARTESIAN_POINT('Ctrl Pts',(45.0721647716063,6.99904906873622,2.59300158895085));
#9695=CARTESIAN_POINT('Ctrl Pts',(43.550333006992,6.79331095979824,2.67241912686057));
#9696=CARTESIAN_POINT('Ctrl Pts',(42.8984106627026,5.40288032640779,2.75183666477028));
#9697=CARTESIAN_POINT('Ctrl Pts',(43.7135685289116,4.10141279227012,2.83125420268));
#9698=CARTESIAN_POINT('Ctrl Pts',(45.2491095927848,4.08107242808475,2.91067174058972));
#9699=CARTESIAN_POINT('Ctrl Pts',(46.0984548675903,5.36049131704238,2.99008927849944));
#9700=CARTESIAN_POINT('Ctrl Pts',(45.4835911538581,6.76770228302854,3.06950681640915));
#9701=CARTESIAN_POINT('Ctrl Pts',(43.9677429721088,7.01367866226757,3.14892435431887));
#9702=CARTESIAN_POINT('Ctrl Pts',(42.9394503293067,5.87310234740957,3.22834189222859));
#9703=CARTESIAN_POINT('Ctrl Pts',(43.3406449377356,4.39075860339347,3.30775943013831));
#9704=CARTESIAN_POINT('Ctrl Pts',(44.803826429556,3.92449686225419,3.38717696804802));
#9705=CARTESIAN_POINT('Ctrl Pts',(45.9886982874099,4.90141997577044,3.46659450595774));
#9706=CARTESIAN_POINT('Ctrl Pts',(45.8098998547585,6.42665150237144,3.54601204386746));
#9707=CARTESIAN_POINT('Ctrl Pts',(44.431213217373,7.10305614838642,3.62542958177717));
#9708=CARTESIAN_POINT('Ctrl Pts',(43.1155363198663,6.31103696261913,3.70484711968689));
#9709=CARTESIAN_POINT('Ctrl Pts',(43.0680492260616,4.77609557442929,3.78426465759661));
#9710=CARTESIAN_POINT('Ctrl Pts',(44.3322508366772,3.90426165849529,3.86368219550633));
#9711=CARTESIAN_POINT('Ctrl Pts',(45.7501132341797,4.49414835185674,3.94309973341604));
#9712=CARTESIAN_POINT('Ctrl Pts',(46.0228528814006,6.0054104648239,4.02251727132576));
#9713=CARTESIAN_POINT('Ctrl Pts',(44.9006361101594,7.05370889924081,4.10193480923548));
#9714=CARTESIAN_POINT('Ctrl Pts',(43.4114305639941,6.67878633319938,4.1813523471452));
#9715=CARTESIAN_POINT('Ctrl Pts',(42.919371190151,5.22407754382976,4.26076988505491));
#9716=CARTESIAN_POINT('Ctrl Pts',(43.8751918646269,4.0221179240835,4.34018742296463));
#9717=CARTESIAN_POINT('Ctrl Pts',(45.4033463012089,4.17392078048259,4.41960496087435));
#9718=CARTESIAN_POINT('Ctrl Pts',(46.1040217761945,5.54043238599858,4.49902249878406));
#9719=CARTESIAN_POINT('Ctrl Pts',(45.3353888896279,6.86990731052501,4.57844003669379));
#9720=CARTESIAN_POINT('Ctrl Pts',(43.8015270648421,6.94452628747124,4.6578575746035));
#9721=CARTESIAN_POINT('Ctrl Pts',(42.9074770800052,5.69593719819109,4.73727511251322));
#9722=CARTESIAN_POINT('Ctrl Pts',(43.4722023294194,4.26786665303923,4.81669265042293));
#9723=CARTESIAN_POINT('Ctrl Pts',(44.9784058890287,3.96844900780736,4.89611018833266));
#9724=CARTESIAN_POINT('Ctrl Pts',(46.0463823725486,5.07195538291574,4.97552772624237));
#9725=CARTESIAN_POINT('Ctrl Pts',(45.697849065576,6.56755714247173,5.0549452641521));
#9726=CARTESIAN_POINT('Ctrl Pts',(44.2520677822675,7.0852603104077,5.1343628020618));
#9727=CARTESIAN_POINT('Ctrl Pts',(43.0333961841384,6.15084090501751,5.21378033997153));
#9728=CARTESIAN_POINT('Ctrl Pts',(43.1581560042799,4.62024132428633,5.29319787788123));
#9729=CARTESIAN_POINT('Ctrl Pts',(44.512065348493,3.89551408117447,5.37261541579096));
#9730=CARTESIAN_POINT('Ctrl Pts',(45.8549226498418,4.6405203613294,5.45203295370067));
#9731=CARTESIAN_POINT('Ctrl Pts',(45.9566501808754,6.17282307250823,5.53145049161039));
#9732=CARTESIAN_POINT('Ctrl Pts',(44.7240639747885,7.08880960833753,5.61086802952011));
#9733=CARTESIAN_POINT('Ctrl Pts',(43.2862317573536,6.54942235991364,5.69028556742983));
#9734=CARTESIAN_POINT('Ctrl Pts',(42.9602297247544,5.04874825671957,5.76970310533954));
#9735=CARTESIAN_POINT('Ctrl Pts',(44.0446807008763,3.96142761880073,5.84912064324926));
#9736=CARTESIAN_POINT('Ctrl Pts',(45.5462110853376,4.28346270042366,5.92853818115898));
#9737=CARTESIAN_POINT('Ctrl Pts',(46.0893961914186,5.71986446517748,6.0079557190687));
#9738=CARTESIAN_POINT('Ctrl Pts',(45.1766701942159,6.95486703330699,6.08737325697841));
#9739=CARTESIAN_POINT('Ctrl Pts',(43.6441039996231,6.85718925462974,6.16679079488813));
#9740=CARTESIAN_POINT('Ctrl Pts',(42.8955515688311,5.51630546115183,6.24620833279785));
#9741=CARTESIAN_POINT('Ctrl Pts',(43.6166983220419,4.16048561707606,6.32562587070756));
#9742=CARTESIAN_POINT('Ctrl Pts',(45.1469628568554,4.03168133629201,6.40504340861728));
#9743=CARTESIAN_POINT('Ctrl Pts',(46.0845995674715,5.24787930050717,6.484460946527));
#9744=CARTESIAN_POINT('Ctrl Pts',(45.5707189553481,6.69502366294645,6.56387848443672));
#9745=CARTESIAN_POINT('Ctrl Pts',(44.0760434828845,7.04750816086345,6.64329602234643));
#9746=CARTESIAN_POINT('Ctrl Pts',(42.9697186330727,5.98245162905619,6.72271356025614));
#9747=CARTESIAN_POINT('Ctrl Pts',(43.2651548075334,4.47546206171469,6.80213109816588));
#9748=CARTESIAN_POINT('Ctrl Pts',(44.691727973674,3.90696484017,6.88154863607558));
#9749=CARTESIAN_POINT('Ctrl Pts',(45.9426753976684,4.79771207236208,6.96096617398531));
#9750=CARTESIAN_POINT('Ctrl Pts',(45.872110198668,6.33176573568229,7.04038371189502));
#9751=CARTESIAN_POINT('Ctrl Pts',(44.5446711730185,7.10390932494479,7.11980124980474));
#9752=CARTESIAN_POINT('Ctrl Pts',(43.1763126729515,6.40684755971147,7.19921878771446));
#9753=CARTESIAN_POINT('Ctrl Pts',(43.0204719120931,4.87909962680131,7.27863632562417));
#9754=CARTESIAN_POINT('Ctrl Pts',(44.2199013994171,3.92010588636607,7.35805386353389));
#9755=CARTESIAN_POINT('Ctrl Pts',(45.6759054682108,4.4083192013342,7.43747140144361));
#9756=CARTESIAN_POINT('Ctrl Pts',(46.0547622298551,5.89652874417841,7.51688893935332));
#9757=CARTESIAN_POINT('Ctrl Pts',(45.0094331241658,7.02151192185482,7.59630647726304));
#9758=CARTESIAN_POINT('Ctrl Pts',(43.4974555227408,6.75276702042351,7.67572401517277));
#9759=CARTESIAN_POINT('Ctrl Pts',(42.9038239220538,5.3364684601185,7.75514155308247));
#9760=CARTESIAN_POINT('Ctrl Pts',(43.7723139039054,4.0699672794323,7.83455909099221));
#9761=CARTESIAN_POINT('Ctrl Pts',(45.3073754257729,4.11339783708458,7.9139766289019));
#9762=CARTESIAN_POINT('Ctrl Pts',(46.1028687687007,5.42697708121634,7.99339416681164));
#9763=CARTESIAN_POINT('Ctrl Pts',(45.4301099224904,6.80744643042405,8.07281170472134));
#9764=CARTESIAN_POINT('Ctrl Pts',(43.9053562302251,6.9902749489311,8.15222924263106));
#9765=CARTESIAN_POINT('Ctrl Pts',(42.925305282051,5.80798893098147,8.23164678054079));
#9766=CARTESIAN_POINT('Ctrl Pts',(43.3876986636937,4.34358036440274,8.3110643184505));
#9767=CARTESIAN_POINT('Ctrl Pts',(44.8689769995531,3.93846978570875,8.39048185636021));
#9768=CARTESIAN_POINT('Ctrl Pts',(46.0122667876822,4.96374465110628,8.46989939426994));
#9769=CARTESIAN_POINT('Ctrl Pts',(45.7702971803243,6.48023757834704,8.54931693217964));
#9770=CARTESIAN_POINT('Ctrl Pts',(44.3647160208,7.09881796378308,8.62873447008938));
#9771=CARTESIAN_POINT('Ctrl Pts',(43.0830570453585,6.25285675904223,8.70815200799908));
#9772=CARTESIAN_POINT('Ctrl Pts',(43.0993393834299,4.71726730390682,8.7875695459088));
#9773=CARTESIAN_POINT('Ctrl Pts',(44.39864816551,3.89867291224148,8.86698708381853));
#9774=CARTESIAN_POINT('Ctrl Pts',(45.7907967706428,4.54691850650549,8.94640462172822));
#9775=CARTESIAN_POINT('Ctrl Pts',(46.0005558868565,6.06820125551091,9.02582215963797));
#9776=CARTESIAN_POINT('Ctrl Pts',(44.8357829709893,7.06900300596823,9.10523969754766));
#9777=CARTESIAN_POINT('Ctrl Pts',(43.3634277427972,6.63257412141574,9.1846572354574));
#9778=CARTESIAN_POINT('Ctrl Pts',(42.9321900017869,5.15869010291752,9.26407477336709));
#9779=CARTESIAN_POINT('Ctrl Pts',(43.9370900825239,3.99745114517003,9.34349231127683));
#9780=CARTESIAN_POINT('Ctrl Pts',(45.4576242156308,4.21256980850171,9.42290984918654));
#9781=CARTESIAN_POINT('Ctrl Pts',(46.1009599913751,5.60699412301412,9.50232738709625));
#9782=CARTESIAN_POINT('Ctrl Pts',(45.277792047065,6.90341019230522,9.58174492500599));
#9783=CARTESIAN_POINT('Ctrl Pts',(43.7421547489952,6.91428116436348,9.66116246291568));
#9784=CARTESIAN_POINT('Ctrl Pts',(42.9007152358869,5.62964906331821,9.74058000082542));
#9785=CARTESIAN_POINT('Ctrl Pts',(43.5242449091627,4.22625644690588,9.81999753873511));
#9786=CARTESIAN_POINT('Ctrl Pts',(45.0415810974571,3.98963231257393,9.89941507664486));
#9787=CARTESIAN_POINT('Ctrl Pts',(46.0628207571619,5.13652796898838,9.97883261455456));
#9788=CARTESIAN_POINT('Ctrl Pts',(45.6524928158624,6.61636953815892,10.0582501524643));
#9789=CARTESIAN_POINT('Ctrl Pts',(44.1864639133249,7.07359961829435,10.137667690374));
#9790=CARTESIAN_POINT('Ctrl Pts',(43.0076388384641,6.08938849656495,10.2170852282837));
#9791=CARTESIAN_POINT('Ctrl Pts',(43.19583930256,4.56528854099434,10.2965027661934));
#9792=CARTESIAN_POINT('Ctrl Pts',(44.5786708159315,3.89739850896603,10.3759203041031));
#9793=CARTESIAN_POINT('Ctrl Pts',(45.8894386644739,4.69751583566483,10.4553378420129));
#9794=CARTESIAN_POINT('Ctrl Pts',(45.9274595479354,6.2327208713774,10.5347553799226));
#9795=CARTESIAN_POINT('Ctrl Pts',(44.6579057583552,7.09674243628131,10.6141729178323));
#9796=CARTESIAN_POINT('Ctrl Pts',(43.243707890664,6.4981236257916,10.693590455742));
#9797=CARTESIAN_POINT('Ctrl Pts',(42.980292716944,4.98520838179657,10.7730079936517));
#9798=CARTESIAN_POINT('Ctrl Pts',(44.1089525457262,3.94385009563788,10.8524255315615));
#9799=CARTESIAN_POINT('Ctrl Pts',(45.5958177946892,4.32794880778005,10.9318430694712));
#9800=CARTESIAN_POINT('Ctrl Pts',(46.078897264459,5.78566425160404,11.0112606073809));
#9801=CARTESIAN_POINT('Ctrl Pts',(45.1156828078253,6.9817068928988,11.0906781452906));
#9802=CARTESIAN_POINT('Ctrl Pts',(43.5884935280478,6.82048346749518,11.1700956832003));
#9803=CARTESIAN_POINT('Ctrl Pts',(42.8962580504077,5.44967708696107,11.24951322111));
#9804=CARTESIAN_POINT('Ctrl Pts',(43.6730746090175,4.12496726080095,11.3289307590198));
#9805=CARTESIAN_POINT('Ctrl Pts',(45.2073674120254,4.05980835275824,11.4083482969295));
#9806=CARTESIAN_POINT('Ctrl Pts',(46.0937008993562,5.31388691478787,11.4877658348392));
#9807=CARTESIAN_POINT('Ctrl Pts',(45.5201801045161,6.73844789514259,11.5671833727489));
#9808=CARTESIAN_POINT('Ctrl Pts',(44.0121588076681,7.0285717543459,11.6466009106586));
#9809=CARTESIAN_POINT('Ctrl Pts',(42.9510074650183,5.91850061846362,11.7260184485683));
#9810=CARTESIAN_POINT('Ctrl Pts',(43.3087568678024,4.4250765499175,11.8054359864781));
#9811=CARTESIAN_POINT('Ctrl Pts',(44.7577030990086,3.91629871559383,11.8848535243878));
#9812=CARTESIAN_POINT('Ctrl Pts',(45.9705893929674,4.8582153771117,11.9642710622975));
#9813=CARTESIAN_POINT('Ctrl Pts',(45.8363933732583,6.38801649457093,12.0436886002072));
#9814=CARTESIAN_POINT('Ctrl Pts',(44.4780407715468,7.10438103896814,12.1231061381169));
#9815=CARTESIAN_POINT('Ctrl Pts',(43.1398029857969,6.35110803072146,12.2025236760266));
#9816=CARTESIAN_POINT('Ctrl Pts',(43.0475266992798,4.81820730642504,12.2819412139364));
#9817=CARTESIAN_POINT('Ctrl Pts',(44.2857374258466,3.90983869140201,12.3613587518461));
#9818=CARTESIAN_POINT('Ctrl Pts',(45.7202171626924,4.45808276294332,12.4407762897558));
#9819=CARTESIAN_POINT('Ctrl Pts',(46.0369570311181,5.96073748538475,12.5201938276655));
#9820=CARTESIAN_POINT('Ctrl Pts',(44.9458254457512,7.04135235326503,12.5996113655752));
#9821=CARTESIAN_POINT('Ctrl Pts',(43.4463021309398,6.71005980675981,12.679028903485));
#9822=CARTESIAN_POINT('Ctrl Pts',(42.9119991447554,5.2703440857821,12.7584464413947));
#9823=CARTESIAN_POINT('Ctrl Pts',(43.8322962395863,4.04097733739026,12.8378639793044));
#9824=CARTESIAN_POINT('Ctrl Pts',(45.3642835510635,4.14813486122498,12.9172815172141));
#9825=CARTESIAN_POINT('Ctrl Pts',(46.1044516628589,5.49354946915417,12.9966990551238));
#9826=CARTESIAN_POINT('Ctrl Pts',(45.3751535769445,6.84501166961321,13.0761165930335));
#9827=CARTESIAN_POINT('Ctrl Pts',(43.8437461909711,6.96415491024645,13.1555341309433));
#9828=CARTESIAN_POINT('Ctrl Pts',(42.9143572901973,5.74262701422774,13.234951668853));
#9829=CARTESIAN_POINT('Ctrl Pts',(43.4357268744263,4.29784706346438,13.3143692067627));
#9830=CARTESIAN_POINT('Ctrl Pts',(44.935455006801,3.95623505659776,13.3937867446724));
#9831=CARTESIAN_POINT('Ctrl Pts',(45.6639048865389,4.66839723130914,13.4467317699456));
#9832=CARTESIAN_POINT('Ctrl Pts',(45.7970146458856,5.09986653959447,13.4732042825821));
#9833=CARTESIAN_POINT('Ctrl Pts',(44.8265850635311,4.27840168374445,-0.160792049969311));
#9834=CARTESIAN_POINT('Ctrl Pts',(45.2329661188178,4.38704458296312,-0.134319537332738));
#9835=CARTESIAN_POINT('Ctrl Pts',(45.9217277250773,5.03997330155258,-0.0813745120595935));
#9836=CARTESIAN_POINT('Ctrl Pts',(45.6567980069295,6.44821277908303,-0.00195697414987625));
#9837=CARTESIAN_POINT('Ctrl Pts',(44.3302599657562,6.98471628982915,0.0774605637598412));
#9838=CARTESIAN_POINT('Ctrl Pts',(43.160199876667,6.16275757647891,0.156878101669558));
#9839=CARTESIAN_POINT('Ctrl Pts',(43.216904606306,4.73290190987588,0.236295639579276));
#9840=CARTESIAN_POINT('Ctrl Pts',(44.4492096657652,4.00613414675794,0.315713177488993));
#9841=CARTESIAN_POINT('Ctrl Pts',(45.7279018711977,4.64755550619093,0.39513071539871));
#9842=CARTESIAN_POINT('Ctrl Pts',(45.8818885921209,6.06994031372365,0.474548253308428));
#9843=CARTESIAN_POINT('Ctrl Pts',(44.77000735542,6.97019340984645,0.553965791218145));
#9844=CARTESIAN_POINT('Ctrl Pts',(43.4108144396941,6.52375688300811,0.633383329127863));
#9845=CARTESIAN_POINT('Ctrl Pts',(43.0493221381114,5.13952795848513,0.71280086703758));
#9846=CARTESIAN_POINT('Ctrl Pts',(44.016677990412,4.08550495174449,0.792218404947297));
#9847=CARTESIAN_POINT('Ctrl Pts',(45.4267614891817,4.32717677027382,0.871635942857015));
#9848=CARTESIAN_POINT('Ctrl Pts',(45.9879187424388,5.64317467978514,0.951053480766732));
#9849=CARTESIAN_POINT('Ctrl Pts',(45.1861190623967,6.82802128294325,1.03047101867645));
#9850=CARTESIAN_POINT('Ctrl Pts',(43.755824250048,6.79638075819222,1.10988855658617));
#9851=CARTESIAN_POINT('Ctrl Pts',(43.0072055586975,5.57723542579524,1.18930609449588));
#9852=CARTESIAN_POINT('Ctrl Pts',(43.6260093971893,4.28734142390115,1.2687236324056));
#9853=CARTESIAN_POINT('Ctrl Pts',(45.0454018788706,4.10826105445811,1.34814117031532));
#9854=CARTESIAN_POINT('Ctrl Pts',(45.9651979649156,5.20403478452674,1.42755870822504));
#9855=CARTESIAN_POINT('Ctrl Pts',(45.5428503996176,6.57091713505446,1.50697624613475));
#9856=CARTESIAN_POINT('Ctrl Pts',(44.1652360024369,6.95682310089215,1.58639378404447));
#9857=CARTESIAN_POINT('Ctrl Pts',(43.0942705186671,6.00825692639536,1.66581132195419));
#9858=CARTESIAN_POINT('Ctrl Pts',(43.3109746381231,4.59411967425443,1.7452288598639));
#9859=CARTESIAN_POINT('Ctrl Pts',(44.6168440860156,4.00978258718406,1.82464639777363));
#9860=CARTESIAN_POINT('Ctrl Pts',(45.8156825731748,4.79050733342779,1.90406393568334));
#9861=CARTESIAN_POINT('Ctrl Pts',(45.8093357972419,6.22113816090329,1.98348147359306));
#9862=CARTESIAN_POINT('Ctrl Pts',(44.6036175019858,6.99119545688216,2.06289901150277));
#9863=CARTESIAN_POINT('Ctrl Pts',(43.3029839976925,6.39529501699676,2.14231654941249));
#9864=CARTESIAN_POINT('Ctrl Pts',(43.0988353711391,4.97929071445942,2.22173408732221));
#9865=CARTESIAN_POINT('Ctrl Pts',(44.1781748715046,4.04026404307921,2.30115162523193));
#9866=CARTESIAN_POINT('Ctrl Pts',(45.5523110880307,4.43837772666093,2.38056916314164));
#9867=CARTESIAN_POINT('Ctrl Pts',(45.9625143308572,5.80895357139526,2.45998670105136));
#9868=CARTESIAN_POINT('Ctrl Pts',(45.0330321859255,6.89652324220306,2.53940423896108));
#9869=CARTESIAN_POINT('Ctrl Pts',(43.6152844454872,6.70485636689455,2.6188217768708));
#9870=CARTESIAN_POINT('Ctrl Pts',(43.0079496190969,5.40952272058643,2.69823931478051));
#9871=CARTESIAN_POINT('Ctrl Pts',(43.7673556518727,4.19706763936069,2.77765685269024));
#9872=CARTESIAN_POINT('Ctrl Pts',(45.1978750589954,4.17811843220518,2.85707439059995));
#9873=CARTESIAN_POINT('Ctrl Pts',(45.9891302898339,5.37003286129672,2.93649192850967));
#9874=CARTESIAN_POINT('Ctrl Pts',(45.4163195093716,6.68099916764951,3.01590946641938));
#9875=CARTESIAN_POINT('Ctrl Pts',(44.0041461111725,6.91015226063653,3.0953270043291));
#9876=CARTESIAN_POINT('Ctrl Pts',(43.0461824224521,5.84758441917934,3.17474454223882));
#9877=CARTESIAN_POINT('Ctrl Pts',(43.4199377630893,4.46662395922718,3.25416208014854));
#9878=CARTESIAN_POINT('Ctrl Pts',(44.7830465521909,4.0322516814738,3.33357961805825));
#9879=CARTESIAN_POINT('Ctrl Pts',(45.8868803912792,4.94235920385196,3.41299715596797));
#9880=CARTESIAN_POINT('Ctrl Pts',(45.7203106824722,6.36327418326278,3.49241469387769));
#9881=CARTESIAN_POINT('Ctrl Pts',(44.4359178143674,6.99341687104713,3.5718322317874));
#9882=CARTESIAN_POINT('Ctrl Pts',(43.2102252036869,6.25556697389382,3.65124976969713));
#9883=CARTESIAN_POINT('Ctrl Pts',(43.1659859378843,4.82560622829016,3.73066730760684));
#9884=CARTESIAN_POINT('Ctrl Pts',(44.3437238577935,4.01340044241205,3.81008484551656));
#9885=CARTESIAN_POINT('Ctrl Pts',(45.664613102618,4.56294247857774,3.88950238342627));
#9886=CARTESIAN_POINT('Ctrl Pts',(45.9186990190553,5.97084346716833,3.968919921336));
#9887=CARTESIAN_POINT('Ctrl Pts',(44.8732350402479,6.9474446731999,4.04833745924571));
#9888=CARTESIAN_POINT('Ctrl Pts',(43.4858820836228,6.59816452725734,4.12775499715543));
#9889=CARTESIAN_POINT('Ctrl Pts',(43.0274765741252,5.24294895936105,4.20717253506514));
#9890=CARTESIAN_POINT('Ctrl Pts',(43.9179249357717,4.12319605722268,4.28659007297486));
#9891=CARTESIAN_POINT('Ctrl Pts',(45.3415629159224,4.26461652278014,4.36600761088458));
#9892=CARTESIAN_POINT('Ctrl Pts',(45.9943164557942,5.5376670570446,4.44542514879429));
#9893=CARTESIAN_POINT('Ctrl Pts',(45.2782533774076,6.77621399373198,4.52484268670402));
#9894=CARTESIAN_POINT('Ctrl Pts',(43.8492983596459,6.84572948711252,4.60426022461373));
#9895=CARTESIAN_POINT('Ctrl Pts',(43.0163959486739,5.68253628716548,4.68367776252345));
#9896=CARTESIAN_POINT('Ctrl Pts',(43.5424974304156,4.35213706981934,4.76309530043317));
#9897=CARTESIAN_POINT('Ctrl Pts',(44.9456858398896,4.07319776795608,4.84251283834288));
#9898=CARTESIAN_POINT('Ctrl Pts',(45.9406192363122,5.10123102777281,4.92193037625261));
#9899=CARTESIAN_POINT('Ctrl Pts',(45.6159234848385,6.49454273574816,5.00134791416232));
#9900=CARTESIAN_POINT('Ctrl Pts',(44.2690248359607,6.97683816000284,5.08076545207203));
#9901=CARTESIAN_POINT('Ctrl Pts',(43.1337029529787,6.10632735097838,5.16018298998176));
#9902=CARTESIAN_POINT('Ctrl Pts',(43.2499299612563,4.68041145964641,5.23960052789147));
#9903=CARTESIAN_POINT('Ctrl Pts',(44.5112401521386,4.00525114610397,5.31901806580119));
#9904=CARTESIAN_POINT('Ctrl Pts',(45.7622541925773,4.69930353406264,5.3984356037109));
#9905=CARTESIAN_POINT('Ctrl Pts',(45.8570241800469,6.12680607209233,5.47785314162063));
#9906=CARTESIAN_POINT('Ctrl Pts',(44.7087393635462,6.98014470757082,5.55727067953033));
#9907=CARTESIAN_POINT('Ctrl Pts',(43.369246112849,6.47764826186945,5.63668821744006));
#9908=CARTESIAN_POINT('Ctrl Pts',(43.0655406338053,5.07961112766839,5.71610575534977));
#9909=CARTESIAN_POINT('Ctrl Pts',(44.075821767872,4.06665659919464,5.7955232932595));
#9910=CARTESIAN_POINT('Ctrl Pts',(45.4746566189164,4.36666644254841,5.8749408311692));
#9911=CARTESIAN_POINT('Ctrl Pts',(45.9806911719417,5.704827074816,5.95435836907893));
#9912=CARTESIAN_POINT('Ctrl Pts',(45.1303900741055,6.8553629889121,6.03377590698863));
#9913=CARTESIAN_POINT('Ctrl Pts',(43.7026420733228,6.76436577540224,6.11319344489836));
#9914=CARTESIAN_POINT('Ctrl Pts',(43.0052860698332,5.51519026691539,6.19261098280808));
#9915=CARTESIAN_POINT('Ctrl Pts',(43.6771107771773,4.25210024272545,6.27202852071779));
#9916=CARTESIAN_POINT('Ctrl Pts',(45.1027145376917,4.13210539028088,6.35144605862751));
#9917=CARTESIAN_POINT('Ctrl Pts',(45.9762226078594,5.2651228208433,6.43086359653723));
#9918=CARTESIAN_POINT('Ctrl Pts',(45.4974882998804,6.6132913225411,6.51028113444694));
#9919=CARTESIAN_POINT('Ctrl Pts',(44.1050395266017,6.94166802756274,6.58969867235667));
#9920=CARTESIAN_POINT('Ctrl Pts',(43.0743805585858,5.94945487593927,6.66911621026637));
#9921=CARTESIAN_POINT('Ctrl Pts',(43.34961069803,4.54553421687492,6.74853374817611));
#9922=CARTESIAN_POINT('Ctrl Pts',(44.6786149479696,4.01591874292361,6.8279512860858));
#9923=CARTESIAN_POINT('Ctrl Pts',(45.8440051868996,4.84574428941688,6.90736882399554));
#9924=CARTESIAN_POINT('Ctrl Pts',(45.7782662177423,6.27487802512544,6.98678636190524));
#9925=CARTESIAN_POINT('Ctrl Pts',(44.5416159368483,6.99421169552505,7.06620389981498));
#9926=CARTESIAN_POINT('Ctrl Pts',(43.2668448243716,6.34482470966736,7.14562143772468));
#9927=CARTESIAN_POINT('Ctrl Pts',(43.1216626224276,4.92156543081305,7.2250389756344));
#9928=CARTESIAN_POINT('Ctrl Pts',(44.2390584377919,4.02816102159374,7.30445651354413));
#9929=CARTESIAN_POINT('Ctrl Pts',(45.5954806958884,4.48298351921937,7.38387405145383));
#9930=CARTESIAN_POINT('Ctrl Pts',(45.9484259624154,5.86940859308468,7.46329158936356));
#9931=CARTESIAN_POINT('Ctrl Pts',(44.9745910011106,6.91744977297551,7.54270912727327));
#9932=CARTESIAN_POINT('Ctrl Pts',(43.5660234591153,6.66708538604532,7.62212666518299));
#9933=CARTESIAN_POINT('Ctrl Pts',(43.0129926444771,5.34765302147828,7.7015442030927));
#9934=CARTESIAN_POINT('Ctrl Pts',(43.8220832009984,4.16777280808606,7.78096174100243));
#9935=CARTESIAN_POINT('Ctrl Pts',(45.2521558638677,4.20823298010323,7.86037927891213));
#9936=CARTESIAN_POINT('Ctrl Pts',(45.9932423069907,5.43197140412431,7.93979681682187));
#9937=CARTESIAN_POINT('Ctrl Pts',(45.3664960685087,6.71802505741985,8.01921435473157));
#9938=CARTESIAN_POINT('Ctrl Pts',(43.9460262424752,6.88834921875495,8.0986318926413));
#9939=CARTESIAN_POINT('Ctrl Pts',(43.0330048102801,5.78692436386988,8.178049430551));
#9940=CARTESIAN_POINT('Ctrl Pts',(43.4637733007667,4.42267242445036,8.25746696846073));
#9941=CARTESIAN_POINT('Ctrl Pts',(44.8437412199913,4.04526894206437,8.33688450637045));
#9942=CARTESIAN_POINT('Ctrl Pts',(45.9088369496739,5.00042125097536,8.41630204428017));
#9943=CARTESIAN_POINT('Ctrl Pts',(45.6834165897742,6.41319529800086,8.49571958218987));
#9944=CARTESIAN_POINT('Ctrl Pts',(44.3739686210473,6.98946855245853,8.57513712009961));
#9945=CARTESIAN_POINT('Ctrl Pts',(43.1799673137445,6.20136594190244,8.6545546580093));
#9946=CARTESIAN_POINT('Ctrl Pts',(43.1951360390573,4.7708014531853,8.73397219591904));
#9947=CARTESIAN_POINT('Ctrl Pts',(44.4055800137185,4.00819393236445,8.81338973382876));
#9948=CARTESIAN_POINT('Ctrl Pts',(45.7025141329651,4.61210347603846,8.89280727173846));
#9949=CARTESIAN_POINT('Ctrl Pts',(45.8979270031409,6.02933975019171,8.97222480964819));
#9950=CARTESIAN_POINT('Ctrl Pts',(44.8128174608173,6.96169275617399,9.0516423475579));
#9951=CARTESIAN_POINT('Ctrl Pts',(43.4411623630405,6.55511294931006,9.13105988546763));
#9952=CARTESIAN_POINT('Ctrl Pts',(43.0394186571165,5.18203362117329,9.21047742337733));
#9953=CARTESIAN_POINT('Ctrl Pts',(43.9755896925478,4.100216335757,9.28989496128705));
#9954=CARTESIAN_POINT('Ctrl Pts',(45.3921285515705,4.30062219266976,9.36931249919678));
#9955=CARTESIAN_POINT('Ctrl Pts',(45.9914640784091,5.59967637663409,9.44873003710648));
#9956=CARTESIAN_POINT('Ctrl Pts',(45.2245958080896,6.80742548244349,9.52814757501621));
#9957=CARTESIAN_POINT('Ctrl Pts',(43.7939867486036,6.81755294622124,9.60756511292592));
#9958=CARTESIAN_POINT('Ctrl Pts',(43.010096573511,5.62078185699843,9.68698265083564));
#9959=CARTESIAN_POINT('Ctrl Pts',(43.5909806146633,4.31337274836382,9.76640018874536));
#9960=CARTESIAN_POINT('Ctrl Pts',(45.0045402488221,4.09293226369086,9.84581772665507));
#9961=CARTESIAN_POINT('Ctrl Pts',(45.9559333355338,5.16138724222923,9.92523526456479));
#9962=CARTESIAN_POINT('Ctrl Pts',(45.5736693263688,6.54001666085605,10.0046528024745));
#9963=CARTESIAN_POINT('Ctrl Pts',(44.2079078721017,6.9659749882121,10.0840703403842));
#9964=CARTESIAN_POINT('Ctrl Pts',(43.1097072528767,6.04907791299585,10.1634878782939));
#9965=CARTESIAN_POINT('Ctrl Pts',(43.2850359514394,4.62921711204863,10.2429054162037));
#9966=CARTESIAN_POINT('Ctrl Pts',(44.5732902112564,4.00700669051145,10.3223229541134));
#9967=CARTESIAN_POINT('Ctrl Pts',(45.794409522024,4.75240086507724,10.4017404920231));
#9968=CARTESIAN_POINT('Ctrl Pts',(45.8298300086181,6.18260722631879,10.4811580299328));
#9969=CARTESIAN_POINT('Ctrl Pts',(44.6471059661888,6.98753497839713,10.5605755678425));
#9970=CARTESIAN_POINT('Ctrl Pts',(43.3296306196546,6.42985804873293,10.6399931057522));
#9971=CARTESIAN_POINT('Ctrl Pts',(43.0842314395204,5.02041699320857,10.719410643662));
#9972=CARTESIAN_POINT('Ctrl Pts',(44.1356978099735,4.05028127156246,10.7988281815717));
#9973=CARTESIAN_POINT('Ctrl Pts',(45.5208705314718,4.40810997109863,10.8782457194814));
#9974=CARTESIAN_POINT('Ctrl Pts',(45.9709103076438,5.76612655659625,10.9576632573911));
#9975=CARTESIAN_POINT('Ctrl Pts',(45.0735738535081,6.8803671655726,11.0370807953008));
#9976=CARTESIAN_POINT('Ctrl Pts',(43.6508350193148,6.73017044055575,11.1164983332106));
#9977=CARTESIAN_POINT('Ctrl Pts',(43.0059442323727,5.4531188677276,11.1959158711203));
#9978=CARTESIAN_POINT('Ctrl Pts',(43.7296312694764,4.21901112569952,11.27533340903));
#9979=CARTESIAN_POINT('Ctrl Pts',(45.1589877891745,4.15830869012484,11.3547509469397));
#9980=CARTESIAN_POINT('Ctrl Pts',(45.9847014640736,5.32661591631823,11.4341684848494));
#9981=CARTESIAN_POINT('Ctrl Pts',(45.4504059986449,6.6537456017248,11.5135860227591));
#9982=CARTESIAN_POINT('Ctrl Pts',(44.0455241740887,6.92402675592121,11.5930035606689));
#9983=CARTESIAN_POINT('Ctrl Pts',(43.0569491204683,5.8898777249857,11.6724210985786));
#9984=CARTESIAN_POINT('Ctrl Pts',(43.3902306429294,4.49859476721808,11.7518386364883));
#9985=CARTESIAN_POINT('Ctrl Pts',(44.7400777765445,4.02461423811523,11.831256174398));
#9986=CARTESIAN_POINT('Ctrl Pts',(45.8700100349267,4.90210953660933,11.9106737123077));
#9987=CARTESIAN_POINT('Ctrl Pts',(45.744992205662,6.32728157469422,11.9900912502174));
#9988=CARTESIAN_POINT('Ctrl Pts',(44.4795426490331,6.99465114718212,12.0695087881272));
#9989=CARTESIAN_POINT('Ctrl Pts',(43.2328321774608,6.29289742498573,12.1489263260369));
#9990=CARTESIAN_POINT('Ctrl Pts',(43.1468670269445,4.86483777429356,12.2283438639466));
#9991=CARTESIAN_POINT('Ctrl Pts',(44.3003916809796,4.01859604023417,12.3077614018563));
#9992=CARTESIAN_POINT('Ctrl Pts',(45.6367617403423,4.52934355629309,12.387178939766));
#9993=CARTESIAN_POINT('Ctrl Pts',(45.9318385308316,5.9292258474477,12.4665964776758));
#9994=CARTESIAN_POINT('Ctrl Pts',(44.9153337005052,6.9359332397129,12.5460140155855));
#9995=CARTESIAN_POINT('Ctrl Pts',(43.5183686477702,6.62729908569334,12.6254315534952));
#9996=CARTESIAN_POINT('Ctrl Pts',(43.0206087317362,5.28605115162437,12.7048490914049));
#9997=CARTESIAN_POINT('Ctrl Pts',(43.8779631102335,4.14076560152012,12.7842666293146));
#9998=CARTESIAN_POINT('Ctrl Pts',(45.3051718199802,4.24059420335388,12.8636841672243));
#9999=CARTESIAN_POINT('Ctrl Pts',(45.9947169408289,5.49399064617788,12.943101705134));
#10000=CARTESIAN_POINT('Ctrl Pts',(45.3152984022934,6.75302106303481,13.0225192430438));
#10001=CARTESIAN_POINT('Ctrl Pts',(43.8886299546781,6.86401563163553,13.1019367809535));
#10002=CARTESIAN_POINT('Ctrl Pts',(43.0228055943918,5.72603280414365,13.1813543188632));
#10003=CARTESIAN_POINT('Ctrl Pts',(43.5085166743949,4.38006700276329,13.2607718567729));
#10004=CARTESIAN_POINT('Ctrl Pts',(44.9056725364193,4.06181917662171,13.3401893946826));
#10005=CARTESIAN_POINT('Ctrl Pts',(45.5843008809148,4.72527379591631,13.3931344199558));
#10006=CARTESIAN_POINT('Ctrl Pts',(45.7083067434103,5.12723323132407,13.4196069325924));
#10007=CARTESIAN_POINT('Ctrl Pts',(45.7083067434103,5.127233231324,13.4196069325924));
#10008=CARTESIAN_POINT('Ctrl Pts',(45.7038477570209,5.08456429352433,13.421760528781));
#10009=CARTESIAN_POINT('Ctrl Pts',(45.6980694600303,5.0422364656686,13.4244809204818));
#10010=CARTESIAN_POINT('Ctrl Pts',(45.6911023801875,5.00019904553965,13.4277455955381));
#10011=CARTESIAN_POINT('Ctrl Pts',(44.8985138418572,4.00935057178148,0.));
#10012=CARTESIAN_POINT('Ctrl Pts',(44.9565893110153,4.03057110917976,1.23563139736605E-17));
#10013=CARTESIAN_POINT('Ctrl Pts',(45.0130638035397,4.05548759179086,2.78260204664278E-16));
#10014=CARTESIAN_POINT('Ctrl Pts',(45.0677341121724,4.08378897659207,2.15105711021124E-16));
#10015=CARTESIAN_POINT('Ctrl Pts',(45.1215019981164,4.11162320083752,1.52993685389932E-16));
#10016=CARTESIAN_POINT('Ctrl Pts',(45.1735254087443,4.14273263333991,-1.01251029989283E-16));
#10017=CARTESIAN_POINT('Ctrl Pts',(45.223578798453,4.17686629297432,-2.42861286636753E-17));
#10018=CARTESIAN_POINT('Ctrl Pts',(45.2618539105538,4.20296781489962,3.45678319413258E-17));
#10019=CARTESIAN_POINT('Ctrl Pts',(45.2989764986217,4.23083874369577,1.80638718845276E-16));
#10020=CARTESIAN_POINT('Ctrl Pts',(45.3348292034532,4.26037911460098,1.87350135405495E-16));
#10021=CARTESIAN_POINT('Ctrl Pts',(45.3543049056849,4.27642586672933,1.90995872905458E-16));
#10022=CARTESIAN_POINT('Ctrl Pts',(45.3734056198975,4.29296539714863,-4.54071451165031E-17));
#10023=CARTESIAN_POINT('Ctrl Pts',(45.3921104411584,4.30998256324176,-8.32667268468867E-17));
#10024=CARTESIAN_POINT('Ctrl Pts',(45.3989200062552,4.31617773071529,-9.70496592114216E-17));
#10025=CARTESIAN_POINT('Ctrl Pts',(45.4056760300616,4.32243532277457,-1.39189881435323E-16));
#10026=CARTESIAN_POINT('Ctrl Pts',(45.4123706146174,4.32874783967012,-1.31838984174237E-16));
#10027=CARTESIAN_POINT('Ctrl Pts',(45.4554582901148,4.36937645184203,-8.4527149785866E-17));
#10028=CARTESIAN_POINT('Ctrl Pts',(45.4960862655493,4.41235174400208,-1.3642279474196E-17));
#10029=CARTESIAN_POINT('Ctrl Pts',(45.5340484733376,4.45743233229973,2.77555756156289E-17));
#10030=CARTESIAN_POINT('Ctrl Pts',(45.5712312282255,4.50158731069875,6.83034359316556E-17));
#10031=CARTESIAN_POINT('Ctrl Pts',(45.6058570015523,4.54776296267399,3.29237228440261E-17));
#10032=CARTESIAN_POINT('Ctrl Pts',(45.6376892293392,4.59575555991811,9.0205620750794E-17));
#10033=CARTESIAN_POINT('Ctrl Pts',(45.6615600173793,4.63174490769408,1.331609568529E-16));
#10034=CARTESIAN_POINT('Ctrl Pts',(45.6838590601147,4.6687565358494,-1.20794081722153E-16));
#10035=CARTESIAN_POINT('Ctrl Pts',(45.7044679913532,4.70670872459833,-9.71445146547012E-17));
#10036=CARTESIAN_POINT('Ctrl Pts',(45.7149485262261,4.72600905769581,-8.51176846599262E-17));
#10037=CARTESIAN_POINT('Ctrl Pts',(45.7249917000939,4.74555266999114,-1.08143375962525E-16));
#10038=CARTESIAN_POINT('Ctrl Pts',(45.7345801736386,4.76532889944152,-1.17961196366423E-16));
#10039=CARTESIAN_POINT('Ctrl Pts',(45.7390088048184,4.77446295252652,-1.2249575604946E-16));
#10040=CARTESIAN_POINT('Ctrl Pts',(45.7433365264531,4.78363864081246,-7.99317903021326E-17));
#10041=CARTESIAN_POINT('Ctrl Pts',(45.7475610752799,4.79285238581204,-6.93889390390723E-17));
#10042=CARTESIAN_POINT('Ctrl Pts',(45.7707780751341,4.84348868452275,-1.14482248296509E-17));
#10043=CARTESIAN_POINT('Ctrl Pts',(45.7908941671672,4.89529672786333,4.67888931782266E-17));
#10044=CARTESIAN_POINT('Ctrl Pts',(45.8076973996628,4.94808590462768,5.55111512312578E-17));
#10045=CARTESIAN_POINT('Ctrl Pts',(45.8202685628231,4.98757957671577,6.20366176341865E-17));
#10046=CARTESIAN_POINT('Ctrl Pts',(45.8309845924788,5.02762283999634,2.29757676588808E-16));
#10047=CARTESIAN_POINT('Ctrl Pts',(45.8397377396207,5.06813855016423,2.4980018054066E-16));
#10048=CARTESIAN_POINT('Ctrl Pts',(45.8514488102324,5.12234560677697,2.75991970732343E-16));
#10049=CARTESIAN_POINT('Ctrl Pts',(45.8596474338391,5.17739944042489,-5.02151820811916E-17));
#10050=CARTESIAN_POINT('Ctrl Pts',(45.8643921420947,5.23297902393301,-8.32667268468867E-17));
#10051=CARTESIAN_POINT('Ctrl Pts',(45.8657428763328,5.24880154501026,-9.26759150898063E-17));
#10052=CARTESIAN_POINT('Ctrl Pts',(45.8668134132051,5.26466658406047,1.51768006617759E-16));
#10053=CARTESIAN_POINT('Ctrl Pts',(45.8676044581737,5.28056646299757,1.52655665885959E-16));
#10054=CARTESIAN_POINT('Ctrl Pts',(45.8681012507043,5.29055191440229,1.53213134186292E-16));
#10055=CARTESIAN_POINT('Ctrl Pts',(45.8684876786515,5.30055062294619,-1.46136459642537E-16));
#10056=CARTESIAN_POINT('Ctrl Pts',(45.868763818071,5.31054693364479,-1.38777878078145E-16));
#10057=CARTESIAN_POINT('Ctrl Pts',(45.8703008571451,5.36618810276855,-9.78187588910108E-17));
#10058=CARTESIAN_POINT('Ctrl Pts',(45.8684314399894,5.42186573502535,-8.07843559870605E-17));
#10059=CARTESIAN_POINT('Ctrl Pts',(45.8632669342842,5.47726220312932,-8.32667268468867E-17));
#10060=CARTESIAN_POINT('Ctrl Pts',(45.8581047042996,5.53263426098142,-8.57480038590366E-17));
#10061=CARTESIAN_POINT('Ctrl Pts',(45.8496498189706,5.58772654813159,2.22116578394965E-16));
#10062=CARTESIAN_POINT('Ctrl Pts',(45.8379641397431,5.64220665375556,2.63677968348475E-16));
#10063=CARTESIAN_POINT('Ctrl Pts',(45.8309234771012,5.67503110810879,2.88718851286589E-16));
#10064=CARTESIAN_POINT('Ctrl Pts',(45.8227090842647,5.70763296186329,1.73034832099564E-16));
#10065=CARTESIAN_POINT('Ctrl Pts',(45.8133268994294,5.73993422880521,2.08166817117217E-16));
#10066=CARTESIAN_POINT('Ctrl Pts',(45.808433442869,5.75678156760764,2.26490570654773E-16));
#10067=CARTESIAN_POINT('Ctrl Pts',(45.8032222177408,5.77354705844198,1.2899369478404E-16));
#10068=CARTESIAN_POINT('Ctrl Pts',(45.7976935104219,5.7902190567971,1.2490009027033E-16));
#10069=CARTESIAN_POINT('Ctrl Pts',(45.79319942702,5.80377111277753,1.21572549303144E-16));
#10070=CARTESIAN_POINT('Ctrl Pts',(45.7884942519251,5.81726449175657,1.62255186735963E-16));
#10071=CARTESIAN_POINT('Ctrl Pts',(45.7835873083185,5.83066860745143,1.66533453693773E-16));
#10072=CARTESIAN_POINT('Ctrl Pts',(45.7651426130378,5.88105329684661,1.82615018246491E-16));
#10073=CARTESIAN_POINT('Ctrl Pts',(45.7438286445853,5.93024876351839,1.24125867382261E-16));
#10074=CARTESIAN_POINT('Ctrl Pts',(45.7196930502233,5.9779410551087,-2.77555756156289E-17));
#10075=CARTESIAN_POINT('Ctrl Pts',(45.7027380038127,6.01144447769759,-1.34450976454827E-16));
#10076=CARTESIAN_POINT('Ctrl Pts',(45.6843896248625,6.04420559315436,7.88020026837943E-17));
#10077=CARTESIAN_POINT('Ctrl Pts',(45.6646538261369,6.07610435314854,2.77555756156289E-17));
#10078=CARTESIAN_POINT('Ctrl Pts',(45.6567135119894,6.08893819781801,7.21804011130693E-18));
#10079=CARTESIAN_POINT('Ctrl Pts',(45.6485471862248,6.10163398238754,4.63300621166449E-16));
#10080=CARTESIAN_POINT('Ctrl Pts',(45.6401680297692,6.11416474990348,4.16333634234434E-16));
#10081=CARTESIAN_POINT('Ctrl Pts',(45.6117024819598,6.15673409011167,2.5677807287556E-16));
#10082=CARTESIAN_POINT('Ctrl Pts',(45.5807533345801,6.19745204782575,-1.27713110261623E-17));
#10083=CARTESIAN_POINT('Ctrl Pts',(45.5473471202777,6.23601797089866,1.38777878078145E-16));
#10084=CARTESIAN_POINT('Ctrl Pts',(45.5266697586316,6.25988902469055,2.32581903937636E-16));
#10085=CARTESIAN_POINT('Ctrl Pts',(45.5050504044698,6.28293488053385,-8.04349071982983E-17));
#10086=CARTESIAN_POINT('Ctrl Pts',(45.4824898769212,6.30507574246273,-8.32667268468867E-17));
#10087=CARTESIAN_POINT('Ctrl Pts',(45.4750728347019,6.31235481460963,-1.12302419828476E-16));
#10088=CARTESIAN_POINT('Ctrl Pts',(45.4675540338566,6.31953601097969,-2.67082068616613E-17));
#10089=CARTESIAN_POINT('Ctrl Pts',(45.4599358701894,6.32661835159472,-2.77555756156289E-17));
#10090=CARTESIAN_POINT('Origin',(-0.691615313483686,0.,-17.9971383416861));
#10091=CARTESIAN_POINT('',(-5.69161531348369,66.,-17.9971383416861));
#10092=CARTESIAN_POINT('',(-0.691615313483686,66.,-22.9971383416861));
#10093=CARTESIAN_POINT('Origin',(-0.691615313483686,66.,-17.9971383416861));
#10094=CARTESIAN_POINT('',(-0.691615313483686,0.,-22.9971383416861));
#10095=CARTESIAN_POINT('',(-0.691615313483686,0.,-22.9971383416861));
#10096=CARTESIAN_POINT('',(-5.69161531348369,0.,-17.9971383416861));
#10097=CARTESIAN_POINT('Origin',(-0.691615313483686,0.,-17.9971383416861));
#10098=CARTESIAN_POINT('',(-5.69161531348369,0.,-17.9971383416861));
#10099=CARTESIAN_POINT('Origin',(26.6541923432582,66.,4.00143082915694));
#10100=CARTESIAN_POINT('',(0.,66.,0.));
#10101=CARTESIAN_POINT('',(0.,66.,0.));
#10102=CARTESIAN_POINT('',(0.,66.,-17.5));
#10103=CARTESIAN_POINT('',(0.,66.,0.));
#10104=CARTESIAN_POINT('',(8.,66.,-17.5));
#10105=CARTESIAN_POINT('',(0.,66.,-17.5));
#10106=CARTESIAN_POINT('',(8.,66.,-22.9971383416861));
#10107=CARTESIAN_POINT('',(8.,66.,-17.5));
#10108=CARTESIAN_POINT('',(8.,66.,-22.9971383416861));
#10109=CARTESIAN_POINT('',(-5.69161531348369,66.,3.00000000000001));
#10110=CARTESIAN_POINT('',(-5.69161531348368,66.,-22.9971383416861));
#10111=CARTESIAN_POINT('',(-5.69161531348368,66.,-22.9971383416861));
#10112=CARTESIAN_POINT('Origin',(-5.69161531348368,0.,-22.9971383416861));
#10113=CARTESIAN_POINT('',(-5.69161531348369,0.,3.00000000000001));
#10114=CARTESIAN_POINT('',(-5.69161531348368,0.,-22.9971383416861));
#10115=CARTESIAN_POINT('',(-5.69161531348369,33.,3.00000000000001));
#10116=CARTESIAN_POINT('',(-5.69161531348369,16.5,3.00000000000001));
#10117=CARTESIAN_POINT('',(-5.69161531348369,16.5,3.00000000000001));
#10118=CARTESIAN_POINT('Origin',(-15.6916153134837,16.5,3.00000000000001));
#10119=CARTESIAN_POINT('',(-7.42396149862034,65.6903066738586,8.6254689046848));
#10120=CARTESIAN_POINT('Ctrl Pts',(-7.42396149862035,65.6903066738586,8.6254689046848));
#10121=CARTESIAN_POINT('Ctrl Pts',(-7.40036361229412,65.699022459669,8.59078750154964));
#10122=CARTESIAN_POINT('Ctrl Pts',(-7.37715233686748,65.7073930717384,8.55620470222829));
#10123=CARTESIAN_POINT('Ctrl Pts',(-6.84970735332962,65.8933783345592,7.75982165960015));
#10124=CARTESIAN_POINT('Ctrl Pts',(-6.409326275168,65.9567458508207,6.85217184723929));
#10125=CARTESIAN_POINT('Ctrl Pts',(-5.83030427203064,66.0065156220458,4.93769654382853));
#10126=CARTESIAN_POINT('Ctrl Pts',(-5.69161531348369,66.,3.93107624652253));
#10127=CARTESIAN_POINT('Ctrl Pts',(-5.69161531348369,66.,3.00000000000001));
#10128=CARTESIAN_POINT('',(-15.6916153134837,50.3205080756887,13.));
#10129=CARTESIAN_POINT('Origin',(-15.6916153134837,50.3205080756887,3.00000000000001));
#10130=CARTESIAN_POINT('',(-15.6916153134837,62.6366814970583,13.));
#10131=CARTESIAN_POINT('',(-15.6916153134837,16.5,13.));
#10132=CARTESIAN_POINT('Origin',(-15.6916153134837,62.6366814970583,3.00000000000001));
#10133=CARTESIAN_POINT('Origin',(-13.6220883104481,33.,13.));
#10134=CARTESIAN_POINT('',(-21.5525613074124,60.4719643175905,13.));
#10135=CARTESIAN_POINT('',(-6.68292443810426,34.7169977698494,13.));
#10136=CARTESIAN_POINT('',(-22.527638745007,60.111823329658,13.));
#10137=CARTESIAN_POINT('Origin',(-15.6916153134837,16.5,3.00000000000001));
#10138=CARTESIAN_POINT('',(-15.6916153134837,15.6794919243113,13.));
#10139=CARTESIAN_POINT('Origin',(-15.6916153134837,15.6794919243113,3.00000000000001));
#10140=CARTESIAN_POINT('',(-7.42396149862035,0.309693326141398,8.62546890468481));
#10141=CARTESIAN_POINT('Ctrl Pts',(-5.69161531348369,1.11022302462516E-15,
3.00000000000001));
#10142=CARTESIAN_POINT('Ctrl Pts',(-5.69161531348369,1.11991398356176E-15,
3.93107624652253));
#10143=CARTESIAN_POINT('Ctrl Pts',(-5.83030427203064,-0.00651562204583441,
4.93769654382853));
#10144=CARTESIAN_POINT('Ctrl Pts',(-6.409326275168,0.0432541491793046,6.85217184723928));
#10145=CARTESIAN_POINT('Ctrl Pts',(-6.84970735332962,0.106621665440851,
7.75982165960015));
#10146=CARTESIAN_POINT('Ctrl Pts',(-7.37715233686748,0.29260692826161,8.55620470222829));
#10147=CARTESIAN_POINT('Ctrl Pts',(-7.40036361229412,0.300977540330984,
8.59078750154964));
#10148=CARTESIAN_POINT('Ctrl Pts',(-7.42396149862035,0.309693326141401,
8.62546890468481));
#10149=CARTESIAN_POINT('',(-15.6916153134837,3.36331850294166,13.));
#10150=CARTESIAN_POINT('Origin',(-15.6916153134837,3.36331850294166,3.00000000000001));
#10151=CARTESIAN_POINT('',(-15.6916153134837,16.5,13.));
#10152=CARTESIAN_POINT('Origin',(-13.6220883104481,33.,13.));
#10153=CARTESIAN_POINT('',(-21.5525613074124,5.52803568240949,13.));
#10154=CARTESIAN_POINT('',(-15.463338840611,3.27900549220795,13.));
#10155=CARTESIAN_POINT('',(-14.6133974350686,17.5470200713553,13.));
#10156=CARTESIAN_POINT('Origin',(54.,0.,3.86226300478226));
#10157=CARTESIAN_POINT('',(56.174549495342,0.,8.36463287989335));
#10158=CARTESIAN_POINT('',(59.,0.,3.86226300478226));
#10159=CARTESIAN_POINT('Origin',(59.,0.,7.));
#10160=CARTESIAN_POINT('',(59.,0.,0.));
#10161=CARTESIAN_POINT('Origin',(26.6541923432582,0.,4.00143082915694));
#10162=CARTESIAN_POINT('',(-5.69161531348368,0.,-22.9971383416861));
#10163=CARTESIAN_POINT('',(8.,0.,-22.9971383416861));
#10164=CARTESIAN_POINT('',(8.,0.,-22.9971383416861));
#10165=CARTESIAN_POINT('',(8.,0.,-17.5));
#10166=CARTESIAN_POINT('',(8.,0.,-17.5));
#10167=CARTESIAN_POINT('',(0.,0.,-17.5));
#10168=CARTESIAN_POINT('',(0.,0.,-17.5));
#10169=CARTESIAN_POINT('',(0.,0.,0.));
#10170=CARTESIAN_POINT('',(0.,0.,0.));
#10171=CARTESIAN_POINT('',(0.,0.,0.));
#10172=CARTESIAN_POINT('Origin',(-4.42218689039746,0.,-29.));
#10173=CARTESIAN_POINT('',(21.6724070537068,0.,25.028438501333));
#10174=CARTESIAN_POINT('Origin',(9.30838468651631,0.,31.));
#10175=CARTESIAN_POINT('Origin',(44.5,5.5,14.0031935529689));
#10176=CARTESIAN_POINT('',(43.9250945697064,44.3737478096719,14.2808607255895));
#10177=CARTESIAN_POINT('',(43.615050273316,44.2359932827545,14.4306055681838));
#10178=CARTESIAN_POINT('Ctrl Pts',(43.9250945697064,44.3737478096719,14.2808607255895));
#10179=CARTESIAN_POINT('Ctrl Pts',(43.8846605057197,44.3531495840229,14.3003895239503));
#10180=CARTESIAN_POINT('Ctrl Pts',(43.8437942457286,44.3335230949059,14.3201400711253));
#10181=CARTESIAN_POINT('Ctrl Pts',(43.8026562557882,44.3148216500195,14.3400314925149));
#10182=CARTESIAN_POINT('Ctrl Pts',(43.7921125810868,44.3100284661131,14.3451296676271));
#10183=CARTESIAN_POINT('Ctrl Pts',(43.7815508313446,44.305296187998,14.3502370967367));
#10184=CARTESIAN_POINT('Ctrl Pts',(43.7709732455853,44.3006243478082,14.3553524182141));
#10185=CARTESIAN_POINT('Ctrl Pts',(43.7266884023949,44.2810649024942,14.3767685725852));
#10186=CARTESIAN_POINT('Ctrl Pts',(43.6820005170901,44.2625039405498,14.3983863362236));
#10187=CARTESIAN_POINT('Ctrl Pts',(43.6370669893244,44.244895892292,14.4201267666553));
#10188=CARTESIAN_POINT('Ctrl Pts',(43.6298540364649,44.2420693610058,14.423616648435));
#10189=CARTESIAN_POINT('Ctrl Pts',(43.6226346647542,44.2392674479032,14.427109691125));
#10190=CARTESIAN_POINT('Ctrl Pts',(43.6154094239755,44.2364900416883,14.4306055681838));
#10191=CARTESIAN_POINT('',(43.5390920053806,44.2927283545629,14.4672918062734));
#10192=CARTESIAN_POINT('Origin',(44.5,45.5,14.0031935529689));
#10193=CARTESIAN_POINT('',(43.3009701460912,45.0983936511514,14.5822996317766));
#10194=CARTESIAN_POINT('Ctrl Pts',(43.5390920053806,44.2927283545629,14.4672918062734));
#10195=CARTESIAN_POINT('Ctrl Pts',(43.5110111031294,44.35181147396,14.4808542885911));
#10196=CARTESIAN_POINT('Ctrl Pts',(43.48489502905,44.4120612431471,14.4935104843023));
#10197=CARTESIAN_POINT('Ctrl Pts',(43.4609030925356,44.4733377682709,14.5051475249952));
#10198=CARTESIAN_POINT('Ctrl Pts',(43.4423141270921,44.5208148532217,14.5141639104451));
#10199=CARTESIAN_POINT('Ctrl Pts',(43.4249990410362,44.5689083221354,14.5225684809517));
#10200=CARTESIAN_POINT('Ctrl Pts',(43.409030028586,44.6175751883728,14.5303087385867));
#10201=CARTESIAN_POINT('Ctrl Pts',(43.3913240675405,44.6715355469422,14.538890903614));
#10202=CARTESIAN_POINT('Ctrl Pts',(43.3753089563219,44.7260767019317,14.5466338787644));
#10203=CARTESIAN_POINT('Ctrl Pts',(43.361107927304,44.7811042249982,14.5534789585222));
#10204=CARTESIAN_POINT('Ctrl Pts',(43.347667838865,44.8331831817875,14.5599572550738));
#10205=CARTESIAN_POINT('Ctrl Pts',(43.3358504822672,44.8856971997852,14.5656313029277));
#10206=CARTESIAN_POINT('Ctrl Pts',(43.3257694790777,44.9386133584311,14.5704513368735));
#10207=CARTESIAN_POINT('Ctrl Pts',(43.3169639282726,44.9848345444189,14.5746615382785));
#10208=CARTESIAN_POINT('Ctrl Pts',(43.3094821351553,45.0313630733204,14.5782201555604));
#10209=CARTESIAN_POINT('Ctrl Pts',(43.303426966061,45.0782125100453,14.5810940234011));
#10210=CARTESIAN_POINT('Ctrl Pts',(43.3025498965817,45.0849984825644,14.5815102928283));
#10211=CARTESIAN_POINT('Ctrl Pts',(43.301702824943,45.0917912480924,14.5819121958826));
#10212=CARTESIAN_POINT('Ctrl Pts',(43.3008861378001,45.098590909375,14.5822996317766));
#10213=CARTESIAN_POINT('',(43.4520892717513,46.2077028724128,14.5093122878764));
#10214=CARTESIAN_POINT('Origin',(44.5,45.5,14.0031935529689));
#10215=CARTESIAN_POINT('',(43.8775320407978,46.9118720337788,14.3038324218527));
#10216=CARTESIAN_POINT('Ctrl Pts',(43.4520892717513,46.2077028724127,14.5093122878764));
#10217=CARTESIAN_POINT('Ctrl Pts',(43.4529146772598,46.2097400386633,14.5089136344601));
#10218=CARTESIAN_POINT('Ctrl Pts',(43.4537427933428,46.2117758475791,14.5085136718937));
#10219=CARTESIAN_POINT('Ctrl Pts',(43.5158589631801,46.3638815790381,14.4785128746427));
#10220=CARTESIAN_POINT('Ctrl Pts',(43.5915820374269,46.5059166955767,14.4419402301043));
#10221=CARTESIAN_POINT('Ctrl Pts',(43.7396807626347,46.7347282080675,14.3704116757885));
#10222=CARTESIAN_POINT('Ctrl Pts',(43.8065544764674,46.8254333943823,14.3381130853647));
#10223=CARTESIAN_POINT('Ctrl Pts',(43.8775320407977,46.9118720337787,14.3038324218527));
#10224=CARTESIAN_POINT('',(43.9748087600369,46.9508697948011,14.2568498223334));
#10225=CARTESIAN_POINT('Origin',(44.5,45.5,14.0031935529689));
#10226=CARTESIAN_POINT('',(44.3446581115577,46.7549219687675,14.0782204020479));
#10227=CARTESIAN_POINT('Ctrl Pts',(43.9751252698568,46.9496804712203,14.2568498223334));
#10228=CARTESIAN_POINT('Ctrl Pts',(43.9765492202228,46.94904061539,14.2561614592349));
#10229=CARTESIAN_POINT('Ctrl Pts',(43.9779728158273,46.948399817655,14.2554732640616));
#10230=CARTESIAN_POINT('Ctrl Pts',(43.979396052688,46.9477580766026,14.2547852388222));
#10231=CARTESIAN_POINT('Ctrl Pts',(44.0294926232624,46.9251694079083,14.230567411199));
#10232=CARTESIAN_POINT('Ctrl Pts',(44.0792094397771,46.9013827343295,14.2065277061012));
#10233=CARTESIAN_POINT('Ctrl Pts',(44.1283614728815,46.8763265604152,14.1827631750554));
#10234=CARTESIAN_POINT('Ctrl Pts',(44.1397390482493,46.8705266272459,14.1772622277704));
#10235=CARTESIAN_POINT('Ctrl Pts',(44.1510862186048,46.8646585017266,14.1717760247783));
#10236=CARTESIAN_POINT('Ctrl Pts',(44.1624004471417,46.858720998269,14.1663057698035));
#10237=CARTESIAN_POINT('Ctrl Pts',(44.2091404337247,46.8341926947226,14.1437077072582));
#10238=CARTESIAN_POINT('Ctrl Pts',(44.2554456837154,46.8084181972657,14.1213210728694));
#10239=CARTESIAN_POINT('Ctrl Pts',(44.3011259621312,46.7812992295155,14.09924976975));
#10240=CARTESIAN_POINT('Ctrl Pts',(44.3157026858927,46.7726454796851,14.0922067459378));
#10241=CARTESIAN_POINT('Ctrl Pts',(44.3302155970572,46.7638544681232,14.0851958313195));
#10242=CARTESIAN_POINT('Ctrl Pts',(44.3446581115577,46.7549219687675,14.0782204020479));
#10243=CARTESIAN_POINT('',(44.6705667801766,46.7529434239024,13.9208134029494));
#10244=CARTESIAN_POINT('Origin',(44.5,45.5,14.0031935529689));
#10245=CARTESIAN_POINT('',(45.0401134330368,46.9453810845079,13.7423301797196));
#10246=CARTESIAN_POINT('Ctrl Pts',(44.6703516381828,46.7518678178601,13.9208134029494));
#10247=CARTESIAN_POINT('Ctrl Pts',(44.6723961030425,46.7531179298367,13.9198269119411));
#10248=CARTESIAN_POINT('Ctrl Pts',(44.6744418751774,46.7543654397723,13.9188397870968));
#10249=CARTESIAN_POINT('Ctrl Pts',(44.6764889326338,46.7556103473093,13.9178520388685));
#10250=CARTESIAN_POINT('Ctrl Pts',(44.7276155199451,46.7867027202594,13.8931823864003));
#10251=CARTESIAN_POINT('Ctrl Pts',(44.7796309914112,46.8162228183898,13.8680828434718));
#10252=CARTESIAN_POINT('Ctrl Pts',(44.8322230199695,46.8441666449429,13.842698862861));
#10253=CARTESIAN_POINT('Ctrl Pts',(44.842477002775,46.8496149139078,13.8377496926568));
#10254=CARTESIAN_POINT('Ctrl Pts',(44.8527530563626,46.855003224796,13.8327897097948));
#10255=CARTESIAN_POINT('Ctrl Pts',(44.8630491046181,46.8603314789648,13.8278199923279));
#10256=CARTESIAN_POINT('Ctrl Pts',(44.914796642541,46.8871110770996,13.8028423857061));
#10257=CARTESIAN_POINT('Ctrl Pts',(44.9671962937815,46.9124532693691,13.7775455744453));
#10258=CARTESIAN_POINT('Ctrl Pts',(45.0200057409049,46.9363575659883,13.7520414514254));
#10259=CARTESIAN_POINT('Ctrl Pts',(45.0267017940561,46.9393885471748,13.7488076178479));
#10260=CARTESIAN_POINT('Ctrl Pts',(45.033404502778,46.9423963933115,13.7455704512462));
#10261=CARTESIAN_POINT('Ctrl Pts',(45.0401134330368,46.9453810845079,13.7423301797196));
#10262=CARTESIAN_POINT('',(45.1374442103614,46.9051739674064,13.6953214712875));
#10263=CARTESIAN_POINT('Origin',(44.5,45.5,14.0031935529689));
#10264=CARTESIAN_POINT('Ctrl Pts',(45.1374442103614,46.9051739674064,13.6953214712875));
#10265=CARTESIAN_POINT('Ctrl Pts',(45.1388795337336,46.903404289419,13.6946282404333));
#10266=CARTESIAN_POINT('Ctrl Pts',(45.1403131196559,46.9016328722303,13.6939358487306));
#10267=CARTESIAN_POINT('Ctrl Pts',(45.2140067221063,46.810372339022,13.6583433962081));
#10268=CARTESIAN_POINT('Ctrl Pts',(45.2818632240252,46.7163967837395,13.6255701398795));
#10269=CARTESIAN_POINT('Ctrl Pts',(45.4304183549474,46.4806741161395,13.5538211512495));
#10270=CARTESIAN_POINT('Ctrl Pts',(45.5054059609318,46.3350739385825,13.5176037223679));
#10271=CARTESIAN_POINT('Ctrl Pts',(45.565247917543,46.1813274720501,13.4887013220413));
#10272=CARTESIAN_POINT('Ctrl Pts',(45.7083067434103,45.127233231324,13.4196069325924));
#10273=CARTESIAN_POINT('Ctrl Pts',(45.7035245530724,45.0814714899207,13.4219166294574));
#10274=CARTESIAN_POINT('Ctrl Pts',(45.6972270180621,45.036101448679,13.424879527323));
#10275=CARTESIAN_POINT('Ctrl Pts',(45.6895712165366,44.9910624652469,13.4284662814135));
#10276=CARTESIAN_POINT('Ctrl Pts',(45.6814048052585,44.9430195711048,13.4322922569118));
#10277=CARTESIAN_POINT('Ctrl Pts',(45.6716916645981,44.8953531993037,13.4368280809237));
#10278=CARTESIAN_POINT('Ctrl Pts',(45.6605776530642,44.8480345305193,13.4420381368423));
#10279=CARTESIAN_POINT('Ctrl Pts',(45.6481795024519,44.7952485512565,13.4478501748972));
#10280=CARTESIAN_POINT('Ctrl Pts',(45.6340364532652,44.7428950553756,13.4545012505652));
#10281=CARTESIAN_POINT('Ctrl Pts',(45.618320177353,44.6909920926403,13.4619419201722));
#10282=CARTESIAN_POINT('Ctrl Pts',(45.6123891158879,44.6714047766674,13.4647499052844));
#10283=CARTESIAN_POINT('Ctrl Pts',(45.606233844846,44.6518821777166,13.4676703429618));
#10284=CARTESIAN_POINT('Ctrl Pts',(45.5998633651635,44.6324270833644,13.4707005757911));
#10285=CARTESIAN_POINT('Ctrl Pts',(45.5822007953365,44.5784865671687,13.4791020936685));
#10286=CARTESIAN_POINT('Ctrl Pts',(45.5629229483994,44.5251934377176,13.4883239575406));
#10287=CARTESIAN_POINT('Ctrl Pts',(45.542183373107,44.4725640430928,13.4982955168634));
#10288=CARTESIAN_POINT('Ctrl Pts',(45.5195804403962,44.4152061344309,13.5091629758744));
#10289=CARTESIAN_POINT('Ctrl Pts',(45.4952395536155,44.3586375520407,13.520920895556));
#10290=CARTESIAN_POINT('Ctrl Pts',(45.4693469032789,44.3029317072032,13.5334778203068));
#10291=CARTESIAN_POINT('Ctrl Pts',(45.3966446912023,44.2442622496163,13.5701331170564));
#10292=CARTESIAN_POINT('Ctrl Pts',(45.3514477067596,44.2613930511911,13.5919623053366));
#10293=CARTESIAN_POINT('Ctrl Pts',(45.3064526355081,44.2795168799751,13.6136838352875));
#10294=CARTESIAN_POINT('Ctrl Pts',(45.2618247990258,44.2986489557134,13.6352189807812));
#10295=CARTESIAN_POINT('Ctrl Pts',(45.2547677073566,44.3016743502417,13.6386243776778));
#10296=CARTESIAN_POINT('Ctrl Pts',(45.2477198951499,44.3047250005155,13.6420251138916));
#10297=CARTESIAN_POINT('Ctrl Pts',(45.2406821260591,44.3078010104651,13.645420878123));
#10298=CARTESIAN_POINT('Ctrl Pts',(45.1993383113649,44.3258712233004,13.665369507485));
#10299=CARTESIAN_POINT('Ctrl Pts',(45.1582257200571,44.3448651634041,13.6852011758339));
#10300=CARTESIAN_POINT('Ctrl Pts',(45.1175091292981,44.3647923943892,13.7048359639872));
#10301=CARTESIAN_POINT('Ctrl Pts',(45.1070294800337,44.3699212715285,13.7098895720962));
#10302=CARTESIAN_POINT('Ctrl Pts',(45.0965763148078,44.3751120740083,13.7149301379493));
#10303=CARTESIAN_POINT('Ctrl Pts',(45.086152969977,44.3803651366606,13.7199562989194));
#10304=CARTESIAN_POINT('',(44.5448628002971,43.9576523319467,13.9815257685683));
#10305=CARTESIAN_POINT('Ctrl Pts',(44.837989442512,44.2815077403814,13.8399517953985));
#10306=CARTESIAN_POINT('Ctrl Pts',(44.8053708802467,44.2393114601501,13.8557058716028));
#10307=CARTESIAN_POINT('Ctrl Pts',(44.7714983273505,44.1983431957807,13.8720577894433));
#10308=CARTESIAN_POINT('Ctrl Pts',(44.736625208617,44.1585376899761,13.8888916689452));
#10309=CARTESIAN_POINT('Ctrl Pts',(44.7223415894772,44.1422338231231,13.8957866279332));
#10310=CARTESIAN_POINT('Ctrl Pts',(44.7078896501058,44.1261254016174,13.902762442025));
#10311=CARTESIAN_POINT('Ctrl Pts',(44.6932847417414,44.110209420326,13.9098111486957));
#10312=CARTESIAN_POINT('Ctrl Pts',(44.6552129447981,44.0687199434486,13.9281855829874));
#10313=CARTESIAN_POINT('Ctrl Pts',(44.6160047911704,44.0284268733619,13.947104220893));
#10314=CARTESIAN_POINT('Ctrl Pts',(44.5759118068175,43.9892945936908,13.9664492446556));
#10315=CARTESIAN_POINT('Ctrl Pts',(44.565553908801,43.9791848907458,13.9714469714772));
#10316=CARTESIAN_POINT('Ctrl Pts',(44.5551367092078,43.9691527688648,13.9764731566205));
#10317=CARTESIAN_POINT('Ctrl Pts',(44.5446640109122,43.9591978436076,13.9815257685683));
#10318=CARTESIAN_POINT('',(44.467085349969,43.9573511009263,14.0190906333065));
#10319=CARTESIAN_POINT('Origin',(44.5,45.5,14.0031935529689));
#10320=CARTESIAN_POINT('',(44.1736615735967,44.2783357738508,14.1608081159947));
#10321=CARTESIAN_POINT('Ctrl Pts',(44.467085349969,43.9573511009263,14.0190906333065));
#10322=CARTESIAN_POINT('Ctrl Pts',(44.4250732678731,43.9972292772156,14.0393815810638));
#10323=CARTESIAN_POINT('Ctrl Pts',(44.3839541516668,44.0384749004676,14.0592535069081));
#10324=CARTESIAN_POINT('Ctrl Pts',(44.3439786865772,44.0810234720408,14.0785761390776));
#10325=CARTESIAN_POINT('Ctrl Pts',(44.3354515703223,44.0900994544081,14.0826978254792));
#10326=CARTESIAN_POINT('Ctrl Pts',(44.3269766716881,44.099234663385,14.0867945186779));
#10327=CARTESIAN_POINT('Ctrl Pts',(44.3185567029162,44.1084283632028,14.0908649542975));
#10328=CARTESIAN_POINT('Ctrl Pts',(44.2797754275316,44.1507733426317,14.1096128486162));
#10329=CARTESIAN_POINT('Ctrl Pts',(44.2420507611084,44.1944752720948,14.1278548442634));
#10330=CARTESIAN_POINT('Ctrl Pts',(44.2056648129463,44.2394545870085,14.1454428525129));
#10331=CARTESIAN_POINT('Ctrl Pts',(44.1949490085784,44.2527011715711,14.150622589888));
#10332=CARTESIAN_POINT('Ctrl Pts',(44.1843496552322,44.2660584534647,14.1557456052626));
#10333=CARTESIAN_POINT('Ctrl Pts',(44.1738747518197,44.2795241472599,14.1608081159946));
#10334=CARTESIAN_POINT('Origin',(44.5,45.5,14.0031935529689));
#10335=CARTESIAN_POINT('Origin',(44.5,5.5,20.));
#10336=CARTESIAN_POINT('Ctrl Pts',(44.8985138418572,44.0093505717815,0.));
#10337=CARTESIAN_POINT('Ctrl Pts',(45.3943983561375,44.1419215433073,0.0264725126365724));
#10338=CARTESIAN_POINT('Ctrl Pts',(46.23483984476,44.9387556358363,0.0794175379097173));
#10339=CARTESIAN_POINT('Ctrl Pts',(45.9115917449012,46.6569987286016,0.158835075819435));
#10340=CARTESIAN_POINT('Ctrl Pts',(44.2928729972885,47.3117586186012,0.238252613729152));
#10341=CARTESIAN_POINT('Ctrl Pts',(42.8651083305242,46.3087096311207,0.317670151638869));
#10342=CARTESIAN_POINT('Ctrl Pts',(42.9343045834305,44.5639605717327,0.397087689548587));
#10343=CARTESIAN_POINT('Ctrl Pts',(44.4380218691361,43.6771036985539,0.476505227458304));
#10344=CARTESIAN_POINT('Ctrl Pts',(45.9983478584116,44.4598087399756,0.555922765368021));
#10345=CARTESIAN_POINT('Ctrl Pts',(46.1862486225238,46.1954673026924,0.635340303277738));
#10346=CARTESIAN_POINT('Ctrl Pts',(44.8294767868408,47.2940044043918,0.714757841187457));
#10347=CARTESIAN_POINT('Ctrl Pts',(43.1709213542094,46.7492383885744,0.794175379097172));
#10348=CARTESIAN_POINT('Ctrl Pts',(42.7298108277748,45.0601344672729,0.873592917006891));
#10349=CARTESIAN_POINT('Ctrl Pts',(43.9102263549107,43.7739625457358,0.953010454916608));
#10350=CARTESIAN_POINT('Ctrl Pts',(45.6308805286219,44.0688628564048,1.03242799282633));
#10351=CARTESIAN_POINT('Ctrl Pts',(46.3156324582982,45.6747088035983,1.11184553073604));
#10352=CARTESIAN_POINT('Ctrl Pts',(45.3372366343865,47.1205176837853,1.19126306864576));
#10353=CARTESIAN_POINT('Ctrl Pts',(43.5919197132405,47.0819082865814,1.27068060655548));
#10354=CARTESIAN_POINT('Ctrl Pts',(42.6784179496558,45.5942465200345,1.3500981444652));
#10355=CARTESIAN_POINT('Ctrl Pts',(43.4335131762891,44.0202536609358,1.42951568237491));
#10356=CARTESIAN_POINT('Ctrl Pts',(45.1655265118509,43.8017308922559,1.50893322028463));
#10357=CARTESIAN_POINT('Ctrl Pts',(46.2879074605945,45.1388485159445,1.58835075819435));
#10358=CARTESIAN_POINT('Ctrl Pts',(45.7725379476665,46.8067863752364,1.66776829610406));
#10359=CARTESIAN_POINT('Ctrl Pts',(44.091504312922,47.2776880351047,1.74718583401378));
#10360=CARTESIAN_POINT('Ctrl Pts',(42.7846589414226,46.1202003914359,1.8266033719235));
#10361=CARTESIAN_POINT('Ctrl Pts',(43.0490920904424,44.3945997520502,1.90602090983322));
#10362=CARTESIAN_POINT('Ctrl Pts',(44.6425789676627,43.6815625634656,1.98543844774293));
#10363=CARTESIAN_POINT('Ctrl Pts',(46.1054613408406,44.6342417456297,2.06485598565265));
#10364=CARTESIAN_POINT('Ctrl Pts',(46.0977166890784,46.3799686659855,2.14427352356237));
#10365=CARTESIAN_POINT('Ctrl Pts',(44.6264392316649,47.3196308946311,2.22369106147208));
#10366=CARTESIAN_POINT('Ctrl Pts',(43.0393415134666,46.5924835273852,2.3031085993818));
#10367=CARTESIAN_POINT('Ctrl Pts',(42.7902292014163,44.8646046205891,2.38252613729152));
#10368=CARTESIAN_POINT('Ctrl Pts',(44.1072929649977,43.7187575525584,2.46194367520123));
#10369=CARTESIAN_POINT('Ctrl Pts',(45.7840823499811,44.2045556784028,2.54136121311096));
#10370=CARTESIAN_POINT('Ctrl Pts',(46.2846327575658,45.8770005205736,2.62077875102067));
#10371=CARTESIAN_POINT('Ctrl Pts',(45.1504323956139,47.204107147638,2.70019628893039));
#10372=CARTESIAN_POINT('Ctrl Pts',(43.4204260591514,46.9702256895229,2.77961382684011));
#10373=CARTESIAN_POINT('Ctrl Pts',(42.6793258845285,45.3895951217365,2.85903136474982));
#10374=CARTESIAN_POINT('Ctrl Pts',(43.6059909118656,43.9100971028939,2.93844890265954));
#10375=CARTESIAN_POINT('Ctrl Pts',(45.3515818715028,43.8869743374576,3.01786644056926));
#10376=CARTESIAN_POINT('Ctrl Pts',(46.3171108750524,45.3414076305146,3.09728397847898));
#10377=CARTESIAN_POINT('Ctrl Pts',(45.618138659101,46.9411139479294,3.17670151638869));
#10378=CARTESIAN_POINT('Ctrl Pts',(43.894934412404,47.2207379540766,3.25611905429841));
#10379=CARTESIAN_POINT('Ctrl Pts',(42.7259794535512,45.9241398032136,3.33553659220813));
#10380=CARTESIAN_POINT('Ctrl Pts',(43.1820543173273,44.239023136843,3.41495413011785));
#10381=CARTESIAN_POINT('Ctrl Pts',(44.8453874866714,43.7089804702506,3.49437166802756));
#10382=CARTESIAN_POINT('Ctrl Pts',(46.1923404611369,44.8195389537295,3.57378920593728));
#10383=CARTESIAN_POINT('Ctrl Pts',(45.9890838143585,46.5534101127804,3.653206743847));
#10384=CARTESIAN_POINT('Ctrl Pts',(44.4218037285221,47.3223415747384,3.73262428175671));
#10385=CARTESIAN_POINT('Ctrl Pts',(42.9261526175722,46.4219804166672,3.81204181966644));
#10386=CARTESIAN_POINT('Ctrl Pts',(42.8721696642047,44.6770711636132,3.89145935757614));
#10387=CARTESIAN_POINT('Ctrl Pts',(44.3093040753698,43.6859772503569,3.97087689548587));
#10388=CARTESIAN_POINT('Ctrl Pts',(45.9211188560484,44.3565557867231,4.05029443339558));
#10389=CARTESIAN_POINT('Ctrl Pts',(46.2311671339645,46.0745466266315,4.1297119713053));
#10390=CARTESIAN_POINT('Ctrl Pts',(44.9554399673522,47.2662440114636,4.20912950921502));
#10391=CARTESIAN_POINT('Ctrl Pts',(43.2625228584666,46.8400349980785,4.28854704712474));
#10392=CARTESIAN_POINT('Ctrl Pts',(42.7031536466665,45.1863335299957,4.36796458503445));
#10393=CARTESIAN_POINT('Ctrl Pts',(43.7897230440298,43.8199553227041,4.44738212294417));
#10394=CARTESIAN_POINT('Ctrl Pts',(45.5269169440734,43.9925236115056,4.52679966085389));
#10395=CARTESIAN_POINT('Ctrl Pts',(46.3234392928078,45.5459632172244,4.6062171987636));
#10396=CARTESIAN_POINT('Ctrl Pts',(45.4496634950534,47.0572998163666,4.68563473667332));
#10397=CARTESIAN_POINT('Ctrl Pts',(43.7059814811546,47.1421260803067,4.76505227458304));
#10398=CARTESIAN_POINT('Ctrl Pts',(42.6896325161465,45.7227398601482,4.84446981249275));
#10399=CARTESIAN_POINT('Ctrl Pts',(43.3316077216612,44.0993205378064,4.92388735040248));
#10400=CARTESIAN_POINT('Ctrl Pts',(45.0438480380454,43.7589449223511,5.00330488831219));
#10401=CARTESIAN_POINT('Ctrl Pts',(46.2579152737565,45.0134022583421,5.08272242622191));
#10402=CARTESIAN_POINT('Ctrl Pts',(45.8617053617602,46.7135905321178,5.16213996413162));
#10403=CARTESIAN_POINT('Ctrl Pts',(44.2181526120931,47.3021114066069,5.24155750204135));
#10404=CARTESIAN_POINT('Ctrl Pts',(42.8327763597023,46.2398708029956,5.32097503995106));
#10405=CARTESIAN_POINT('Ctrl Pts',(42.9746023383678,44.4998972823856,5.40039257786078));
#10406=CARTESIAN_POINT('Ctrl Pts',(44.5137157929212,43.6760330735133,5.47981011577049));
#10407=CARTESIAN_POINT('Ctrl Pts',(46.040265372393,44.5229503316106,5.55922765368022));
#10408=CARTESIAN_POINT('Ctrl Pts',(46.1559084266208,46.2648599574687,5.63864519158992));
#10409=CARTESIAN_POINT('Ctrl Pts',(44.7547141577476,47.3061462204749,5.71806272949966));
#10410=CARTESIAN_POINT('Ctrl Pts',(43.1201978434142,46.6929750544643,5.79748026740936));
#10411=CARTESIAN_POINT('Ctrl Pts',(42.7496013062607,44.9870205804827,5.87689780531908));
#10412=CARTESIAN_POINT('Ctrl Pts',(43.9823966151097,43.7509630627562,5.95631534322879));
#10413=CARTESIAN_POINT('Ctrl Pts',(45.6893245028765,44.1170500013557,6.03573288113852));
#10414=CARTESIAN_POINT('Ctrl Pts',(46.3068130434908,45.7499401883731,6.11515041904823));
#10415=CARTESIAN_POINT('Ctrl Pts',(45.2692333350564,47.1538813585414,6.19456795695796));
#10416=CARTESIAN_POINT('Ctrl Pts',(43.5270241833331,47.042842030823,6.27398549486766));
#10417=CARTESIAN_POINT('Ctrl Pts',(42.6760756891854,45.5185359195199,6.35340303277739));
#10418=CARTESIAN_POINT('Ctrl Pts',(43.4958696254031,43.9772506238042,6.43282057068711));
#10419=CARTESIAN_POINT('Ctrl Pts',(45.2354622684587,43.8308269342077,6.51223810859682));
#10420=CARTESIAN_POINT('Ctrl Pts',(46.3013602792531,45.2133911790923,6.59165564650654));
#10421=CARTESIAN_POINT('Ctrl Pts',(45.7171848560359,46.8584934663551,6.67107318441626));
#10422=CARTESIAN_POINT('Ctrl Pts',(44.0180495781146,47.2591950610257,6.75049072232597));
#10423=CARTESIAN_POINT('Ctrl Pts',(42.7603882223303,46.0484472033711,6.82990826023569));
#10424=CARTESIAN_POINT('Ctrl Pts',(43.0962377332431,44.3353133596017,6.90932579814541));
#10425=CARTESIAN_POINT('Ctrl Pts',(44.7179548469452,43.6890502059455,6.98874333605512));
#10426=CARTESIAN_POINT('Ctrl Pts',(46.14002200339,44.7016446278194,7.06816087396484));
#10427=CARTESIAN_POINT('Ctrl Pts',(46.0598040422177,46.4455447222496,7.14757841187456));
#10428=CARTESIAN_POINT('Ctrl Pts',(44.5507818368471,47.3233114591148,7.22699594978428));
#10429=CARTESIAN_POINT('Ctrl Pts',(42.9952426959824,46.5308971470997,7.30641348769399));
#10430=CARTESIAN_POINT('Ctrl Pts',(42.8180841492672,44.7941653572214,7.38583102560372));
#10431=CARTESIAN_POINT('Ctrl Pts',(44.1815861219944,43.703988843524,7.46524856351342));
#10432=CARTESIAN_POINT('Ctrl Pts',(45.8367600535013,44.2589858859562,7.54466610142316));
#10433=CARTESIAN_POINT('Ctrl Pts',(46.2674414293907,45.9507707461291,7.62408363933285));
#10434=CARTESIAN_POINT('Ctrl Pts',(45.0791195540161,47.2296427417387,7.70350117724259));
#10435=CARTESIAN_POINT('Ctrl Pts',(43.3603153524767,46.924135659301,7.78291871515229));
#10436=CARTESIAN_POINT('Ctrl Pts',(42.685479635026,45.3140986364034,7.86233625306202));
#10437=CARTESIAN_POINT('Ctrl Pts',(43.6727721904144,43.8743500921351,7.94175379097173));
#10438=CARTESIAN_POINT('Ctrl Pts',(45.4178180104852,43.9237216072274,8.02117132888146));
#10439=CARTESIAN_POINT('Ctrl Pts',(46.3221285629907,45.4169881223797,8.10058886679116));
#10440=CARTESIAN_POINT('Ctrl Pts',(45.5573416174706,46.9862947809428,8.18000640470089));
#10441=CARTESIAN_POINT('Ctrl Pts',(43.8240136567202,47.1941327975079,8.25942394261059));
#10442=CARTESIAN_POINT('Ctrl Pts',(42.7098994754939,45.8501193854325,8.33884148052034));
#10443=CARTESIAN_POINT('Ctrl Pts',(43.2355446215478,44.1853912871899,8.41825901843002));
#10444=CARTESIAN_POINT('Ctrl Pts',(44.9194501403364,43.7248647793296,8.49767655633976));
#10445=CARTESIAN_POINT('Ctrl Pts',(46.2191329461935,44.8903891526516,8.57709409424947));
#10446=CARTESIAN_POINT('Ctrl Pts',(45.9440638066908,46.6143263409336,8.65651163215918));
#10447=CARTESIAN_POINT('Ctrl Pts',(44.3462102403959,47.3175236399381,8.73592917006891));
#10448=CARTESIAN_POINT('Ctrl Pts',(42.8892304347076,46.3558416205236,8.81534670797862));
#10449=CARTESIAN_POINT('Ctrl Pts',(42.9077400680922,44.6101956500817,8.89476424588834));
#10450=CARTESIAN_POINT('Ctrl Pts',(44.3847840346371,43.6796240077341,8.97418178379806));
#10451=CARTESIAN_POINT('Ctrl Pts',(45.9673675791382,44.4165444819528,9.05359932170778));
#10452=CARTESIAN_POINT('Ctrl Pts',(46.2058200865823,46.1459267018053,9.13301685961749));
#10453=CARTESIAN_POINT('Ctrl Pts',(44.8817154307033,47.2836302312576,9.21243439752722));
#10454=CARTESIAN_POINT('Ctrl Pts',(43.2079536302708,46.7875013205283,9.29185193543691));
#10455=CARTESIAN_POINT('Ctrl Pts',(42.7177259705406,45.1120016033443,9.37126947334666));
#10456=CARTESIAN_POINT('Ctrl Pts',(43.8600884495022,43.7919143231582,9.45068701125636));
#10457=CARTESIAN_POINT('Ctrl Pts',(45.5886196487107,44.036459521457,9.53010454916608));
#10458=CARTESIAN_POINT('Ctrl Pts',(46.3199586799953,45.621630074416,9.6095220870758));
#10459=CARTESIAN_POINT('Ctrl Pts',(45.3841878591053,47.095385627898,9.68893962498552));
#10460=CARTESIAN_POINT('Ctrl Pts',(43.6384875011933,47.107743663117,9.76835716289524));
#10461=CARTESIAN_POINT('Ctrl Pts',(42.6819457051317,45.6473840317125,9.84777470080495));
#10462=CARTESIAN_POINT('Ctrl Pts',(43.3907693154821,44.0520183839508,9.92719223871467));
#10463=CARTESIAN_POINT('Ctrl Pts',(45.115665116273,43.7830259359858,10.0066097766244));
#10464=CARTESIAN_POINT('Ctrl Pts',(46.2766022996179,45.0868078644446,10.0860273145341));
#10465=CARTESIAN_POINT('Ctrl Pts',(45.8101447351345,46.7690800782031,10.1654448524438));
#10466=CARTESIAN_POINT('Ctrl Pts',(44.143574651765,47.2888556238636,10.2448623903535));
#10467=CARTESIAN_POINT('Ctrl Pts',(42.8034956124719,46.1700121901806,10.3242799282632));
#10468=CARTESIAN_POINT('Ctrl Pts',(43.0174404143754,44.4374273921442,10.403697466173));
#10469=CARTESIAN_POINT('Ctrl Pts',(44.5894323625125,43.6781752761508,10.4831150040827));
#10470=CARTESIAN_POINT('Ctrl Pts',(46.0795029053526,44.587742336905,10.5625325419924));
#10471=CARTESIAN_POINT('Ctrl Pts',(46.1227247455294,46.3329513023816,10.6419500799021));
#10472=CARTESIAN_POINT('Ctrl Pts',(44.6795060195683,47.3151641966586,10.7213676178118));
#10473=CARTESIAN_POINT('Ctrl Pts',(43.0718570474507,46.6346590584737,10.8007851557216));
#10474=CARTESIAN_POINT('Ctrl Pts',(42.772408757402,44.9147889522628,10.8802026936313));
#10475=CARTESIAN_POINT('Ctrl Pts',(44.0554603409638,43.7309810731839,10.959620231541));
#10476=CARTESIAN_POINT('Ctrl Pts',(45.745717018466,44.1676214570192,11.0390377694507));
#10477=CARTESIAN_POINT('Ctrl Pts',(46.2948779462016,45.8247408661494,11.1184553073604));
#10478=CARTESIAN_POINT('Ctrl Pts',(45.1999033556537,47.1843926990494,11.1978728452701));
#10479=CARTESIAN_POINT('Ctrl Pts',(43.4638066382372,47.0011151817662,11.2772903831799));
#10480=CARTESIAN_POINT('Ctrl Pts',(42.6768788118759,45.4427933097188,11.3567079210896));
#10481=CARTESIAN_POINT('Ctrl Pts',(43.5599577433735,43.9368736367675,11.4361254589993));
#10482=CARTESIAN_POINT('Ctrl Pts',(45.3041296899739,43.8628015045066,11.515542996909));
#10483=CARTESIAN_POINT('Ctrl Pts',(46.311706601418,45.2884281138989,11.5949605348187));
#10484=CARTESIAN_POINT('Ctrl Pts',(45.65973268951,46.9078577907821,11.6743780727285));
#10485=CARTESIAN_POINT('Ctrl Pts',(43.9454259833833,47.2376683034665,11.7537956106382));
#10486=CARTESIAN_POINT('Ctrl Pts',(42.739117514679,45.975748199582,11.8332131485479));
#10487=CARTESIAN_POINT('Ctrl Pts',(43.1458042102545,44.2780355071482,11.9126306864576));
#10488=CARTESIAN_POINT('Ctrl Pts',(44.7929548502839,43.6996608825612,11.9920482243673));
#10489=CARTESIAN_POINT('Ctrl Pts',(46.1717544097834,44.770424305734,12.071465762277));
#10490=CARTESIAN_POINT('Ctrl Pts',(46.0192014427914,46.5094901432622,12.1508833001868));
#10491=CARTESIAN_POINT('Ctrl Pts',(44.475036911837,47.3238476956436,12.2303008380965));
#10492=CARTESIAN_POINT('Ctrl Pts',(42.9537387913683,46.4675328981677,12.3097183760062));
#10493=CARTESIAN_POINT('Ctrl Pts',(42.8488397819049,44.7249434345807,12.3891359139159));
#10494=CARTESIAN_POINT('Ctrl Pts',(44.2564280627642,43.6923172012014,12.4685534518256));
#10495=CARTESIAN_POINT('Ctrl Pts',(45.8871331182495,44.3155566682829,12.5479709897354));
#10496=CARTESIAN_POINT('Ctrl Pts',(46.2472008375603,46.0237628081419,12.627388527645));
#10497=CARTESIAN_POINT('Ctrl Pts',(45.0068104538828,47.2521970654524,12.7068060655548));
#10498=CARTESIAN_POINT('Ctrl Pts',(43.3021652883748,46.8755866391509,12.7862236034645));
#10499=CARTESIAN_POINT('Ctrl Pts',(42.6947718976895,45.2389286406517,12.8656411413742));
#10500=CARTESIAN_POINT('Ctrl Pts',(43.7409618840972,43.8413950667248,12.9450586792839));
#10501=CARTESIAN_POINT('Ctrl Pts',(45.4825067599682,43.9632096340572,13.0244762171937));
#10502=CARTESIAN_POINT('Ctrl Pts',(46.3239348829504,45.4926680638713,13.1038937551033));
#10503=CARTESIAN_POINT('Ctrl Pts',(45.494855801846,47.0289976724219,13.1833112930131));
#10504=CARTESIAN_POINT('Ctrl Pts',(43.7539960107322,47.1644398716641,13.2627288309228));
#10505=CARTESIAN_POINT('Ctrl Pts',(42.6974200504402,45.7758195293536,13.3421463688325));
#10506=CARTESIAN_POINT('Ctrl Pts',(43.2902000040802,44.1333905890374,13.4215639067422));
#10507=CARTESIAN_POINT('Ctrl Pts',(44.9949196620727,43.7450871670176,13.5009814446519));
#10508=CARTESIAN_POINT('Ctrl Pts',(45.8231128977869,44.5546441020948,13.5539264699251));
#10509=CARTESIAN_POINT('Ctrl Pts',(45.974430450836,45.0451331561352,13.5803989825617));
#10510=CARTESIAN_POINT('Ctrl Pts',(44.8745375824152,44.0990342757691,-0.0535973499897703));
#10511=CARTESIAN_POINT('Ctrl Pts',(45.3405876103643,44.2236292231926,-0.0271248373531978));
#10512=CARTESIAN_POINT('Ctrl Pts',(46.1304646240285,44.9725224440928,0.0258201879199469));
#10513=CARTESIAN_POINT('Ctrl Pts',(45.8266644817872,46.5873888461398,0.105237725829664));
#10514=CARTESIAN_POINT('Ctrl Pts',(44.3053346240448,47.2027556427359,0.184655263739381));
#10515=CARTESIAN_POINT('Ctrl Pts',(42.9634702510145,46.2600542774229,0.264072801649099));
#10516=CARTESIAN_POINT('Ctrl Pts',(43.0285033679443,44.6202766185619,0.343490339558816));
#10517=CARTESIAN_POINT('Ctrl Pts',(44.4417507327018,43.7867767640006,0.422907877468534));
#10518=CARTESIAN_POINT('Ctrl Pts',(45.9082009846662,44.5223909966005,0.50232541537825));
#10519=CARTESIAN_POINT('Ctrl Pts',(46.0847968529466,46.1536250810896,0.581742953287969));
#10520=CARTESIAN_POINT('Ctrl Pts',(44.8096540853642,47.1860695963073,0.661160491197685));
#10521=CARTESIAN_POINT('Ctrl Pts',(43.2508842841841,46.6740789823921,0.740578029107404));
#10522=CARTESIAN_POINT('Ctrl Pts',(42.8363128118891,45.0865986173841,0.81999556701712));
#10523=CARTESIAN_POINT('Ctrl Pts',(43.9457096040266,43.8778081778405,0.899413104926838));
#10524=CARTESIAN_POINT('Ctrl Pts',(45.5628420263058,44.1549660524496,0.978830642836555));
#10525=CARTESIAN_POINT('Ctrl Pts',(46.2063964160351,45.6641975912842,1.05824818074627));
#10526=CARTESIAN_POINT('Ctrl Pts',(45.2868649768629,47.023020562391,1.13766571865599));
#10527=CARTESIAN_POINT('Ctrl Pts',(43.6465536211823,46.986734068,1.21708325656571));
#10528=CARTESIAN_POINT('Ctrl Pts',(42.7880119442595,45.5885762552194,1.29650079447542));
#10529=CARTESIAN_POINT('Ctrl Pts',(43.4976774840021,44.1092813894796,1.37591833238514));
#10530=CARTESIAN_POINT('Ctrl Pts',(45.1254856534472,43.9039058644977,1.45533587029486));
#10531=CARTESIAN_POINT('Ctrl Pts',(46.1803394701484,45.1605768996795,1.53475340820458));
#10532=CARTESIAN_POINT('Ctrl Pts',(45.6959767425626,46.728164641492,1.61417094611429));
#10533=CARTESIAN_POINT('Ctrl Pts',(44.11608112192,47.1707348880369,1.69358848402401));
#10534=CARTESIAN_POINT('Ctrl Pts',(42.8878610336269,46.0828865420052,1.77300602193373));
#10535=CARTESIAN_POINT('Ctrl Pts',(43.1363847784554,44.4611052541141,1.85242355984345));
#10536=CARTESIAN_POINT('Ctrl Pts',(44.634000820656,43.7909673649507,1.93184109775316));
#10537=CARTESIAN_POINT('Ctrl Pts',(46.0088700720084,44.6863293830983,2.01125863566288));
#10538=CARTESIAN_POINT('Ctrl Pts',(46.0015913708869,46.3270260707214,2.0906761735726));
#10539=CARTESIAN_POINT('Ctrl Pts',(44.6188321186775,47.2101542897154,2.17009371148232));
#10540=CARTESIAN_POINT('Ctrl Pts',(43.1272208369704,46.5267551492523,2.24951124939203));
#10541=CARTESIAN_POINT('Ctrl Pts',(42.8930961634828,44.9028326640469,2.32892878730175));
#10542=CARTESIAN_POINT('Ctrl Pts',(44.1309198626533,43.825924547938,2.40834632521146));
#10543=CARTESIAN_POINT('Ctrl Pts',(45.7068265853516,44.2824950267642,2.48776386312118));
#10544=CARTESIAN_POINT('Ctrl Pts',(46.1772617869497,45.8543185925157,2.5671814010309));
#10545=CARTESIAN_POINT('Ctrl Pts',(45.1112996623717,47.1015809344997,2.64659893894062));
#10546=CARTESIAN_POINT('Ctrl Pts',(43.485377742566,46.881770763074,2.72601647685033));
#10547=CARTESIAN_POINT('Ctrl Pts',(42.788865253973,45.3962375409623,2.80543401476006));
#10548=CARTESIAN_POINT('Ctrl Pts',(43.6597782376477,44.0057523106805,2.88485155266977));
#10549=CARTESIAN_POINT('Ctrl Pts',(45.3003471445179,43.9840207075198,2.96426909057949));
#10550=CARTESIAN_POINT('Ctrl Pts',(46.2077858850541,45.3509492107483,3.04368662848921));
#10551=CARTESIAN_POINT('Ctrl Pts',(45.5508667609461,46.8544105056096,3.12310416639892));
#10552=CARTESIAN_POINT('Ctrl Pts',(43.931337688737,47.1172111620675,3.20252170430864));
#10553=CARTESIAN_POINT('Ctrl Pts',(42.8327119491627,45.8986217787602,3.28193924221836));
#10554=CARTESIAN_POINT('Ctrl Pts',(43.2613474416791,44.3148887787503,3.36135678012808));
#10555=CARTESIAN_POINT('Ctrl Pts',(44.8246075309492,43.8167356957929,3.44077431803779));
#10556=CARTESIAN_POINT('Ctrl Pts',(46.0905221810707,44.860478336185,3.52019185594751));
#10557=CARTESIAN_POINT('Ctrl Pts',(45.8994943042486,46.490032554688,3.59960939385723));
#10558=CARTESIAN_POINT('Ctrl Pts',(44.4265083432566,47.2127018839705,3.67902693176695));
#10559=CARTESIAN_POINT('Ctrl Pts',(43.0208418584463,46.3665102187752,3.75844446967666));
#10560=CARTESIAN_POINT('Ctrl Pts',(42.9701067453278,44.7265820041692,3.83786200758638));
#10561=CARTESIAN_POINT('Ctrl Pts',(44.3207771397486,43.7951164458151,3.9172795454961));
#10562=CARTESIAN_POINT('Ctrl Pts',(45.8356184020822,44.4253501728535,3.99669708340582));
#10563=CARTESIAN_POINT('Ctrl Pts',(46.127012878875,46.0399794986304,4.07611462131553));
#10564=CARTESIAN_POINT('Ctrl Pts',(44.9280387941166,47.1599793847208,4.15553215922525));
#10565=CARTESIAN_POINT('Ctrl Pts',(43.3369746588375,46.7594128881271,4.23494969713497));
#10566=CARTESIAN_POINT('Ctrl Pts',(42.8112594382853,45.2052050166875,4.31436723504468));
#10567=CARTESIAN_POINT('Ctrl Pts',(43.8324562763127,43.9210338369894,4.3937847729544));
#10568=CARTESIAN_POINT('Ctrl Pts',(45.4651333258136,44.0832196957994,4.47320231086412));
#10569=CARTESIAN_POINT('Ctrl Pts',(46.2137335587298,45.5431978778428,4.55261984877383));
#10570=CARTESIAN_POINT('Ctrl Pts',(45.392527767386,46.9636061462741,4.63203738668355));
#10571=CARTESIAN_POINT('Ctrl Pts',(43.7537529560949,47.0433289074042,4.71145492459327));
#10572=CARTESIAN_POINT('Ctrl Pts',(42.7985517955271,45.7093388985904,4.79087246250298));
#10573=CARTESIAN_POINT('Ctrl Pts',(43.4019030877268,44.1835912723541,4.87029000041271));
#10574=CARTESIAN_POINT('Ctrl Pts',(45.0111278655252,43.8636940774872,4.94970753832242));
#10575=CARTESIAN_POINT('Ctrl Pts',(46.1521517387077,45.042678013592,5.02912507623215));
#10576=CARTESIAN_POINT('Ctrl Pts',(45.7797794720972,46.6405758500709,5.10854261414185));
#10577=CARTESIAN_POINT('Ctrl Pts',(44.235109729728,47.1936888473631,5.18796015205158));
#10578=CARTESIAN_POINT('Ctrl Pts',(42.93308350678,46.1953570811044,5.26737768996128));
#10579=CARTESIAN_POINT('Ctrl Pts',(43.0663766414061,44.5600676446357,5.34679522787101));
#10580=CARTESIAN_POINT('Ctrl Pts',(44.5128905934552,43.7857705522401,5.42621276578072));
#10581=CARTESIAN_POINT('Ctrl Pts',(45.9475965656936,44.5817337260038,5.50563030369045));
#10582=CARTESIAN_POINT('Ctrl Pts',(46.0562820501218,46.2188427835316,5.58504784160015));
#10583=CARTESIAN_POINT('Ctrl Pts',(44.7393894887191,47.1974809099538,5.66446537950989));
#10584=CARTESIAN_POINT('Ctrl Pts',(43.2032125119407,46.6212006857738,5.74388291741959));
#10585=CARTESIAN_POINT('Ctrl Pts',(42.8549126124189,45.0178835678094,5.82330045532932));
#10586=CARTESIAN_POINT('Ctrl Pts',(44.0135377995323,43.8561924399483,5.90271799323902));
#10587=CARTESIAN_POINT('Ctrl Pts',(45.6177697666373,44.2002540572256,5.98213553114875));
#10588=CARTESIAN_POINT('Ctrl Pts',(46.1981076141082,45.7349027413085,6.06155306905847));
#10589=CARTESIAN_POINT('Ctrl Pts',(45.2229530404327,47.054376938936,6.14097060696818));
#10590=CARTESIAN_POINT('Ctrl Pts',(43.5855624777685,46.950018201576,6.22038814487789));
#10591=CARTESIAN_POINT('Ctrl Pts',(42.7858106039752,45.5174207210783,6.29980568278762));
#10592=CARTESIAN_POINT('Ctrl Pts',(43.5562823083422,44.0688655949147,6.37922322069733));
#10593=CARTESIAN_POINT('Ctrl Pts',(45.1912137824432,43.9312513668764,6.45864075860705));
#10594=CARTESIAN_POINT('Ctrl Pts',(46.1929829109722,45.2306347644504,6.53805829651677));
#10595=CARTESIAN_POINT('Ctrl Pts',(45.6439539244295,46.7767608177528,6.61747583442648));
#10596=CARTESIAN_POINT('Ctrl Pts',(44.0470457311703,47.1533545286222,6.69689337233621));
#10597=CARTESIAN_POINT('Ctrl Pts',(42.8650505425034,46.0154503258298,6.77631091024591));
#10598=CARTESIAN_POINT('Ctrl Pts',(43.1806939422065,44.4053857789906,6.85572844815565));
#10599=CARTESIAN_POINT('Ctrl Pts',(44.7048417717942,43.7980045195433,6.93514598606534));
#10600=CARTESIAN_POINT('Ctrl Pts',(46.0413514205548,44.7496770259944,7.01456352397508));
#10601=CARTESIAN_POINT('Ctrl Pts',(45.9659597074245,46.3886567971801,7.09398106188478));
#10602=CARTESIAN_POINT('Ctrl Pts',(44.547726589156,47.2136134160464,7.17339859979452));
#10603=CARTESIAN_POINT('Ctrl Pts',(43.0857751887819,46.4688740631794,7.25281613770422));
#10604=CARTESIAN_POINT('Ctrl Pts',(42.9192752411724,44.8366313213635,7.33223367561395));
#10605=CARTESIAN_POINT('Ctrl Pts',(44.2007432326067,43.8120443862067,7.41165121352365));
#10606=CARTESIAN_POINT('Ctrl Pts',(45.7563349779127,44.3336504853861,7.49106875143338));
#10607=CARTESIAN_POINT('Ctrl Pts',(46.1611047609774,45.9236504927705,7.57048628934309));
#10608=CARTESIAN_POINT('Ctrl Pts',(45.044277299578,47.1255802004609,7.64990382725282));
#10609=CARTESIAN_POINT('Ctrl Pts',(43.4288835474078,46.8384537018339,7.72932136516252));
#10610=CARTESIAN_POINT('Ctrl Pts',(42.7946487691035,45.325283239938,7.80873890307225));
#10611=CARTESIAN_POINT('Ctrl Pts',(43.7225416751778,43.9721559895946,7.88815644098195));
#10612=CARTESIAN_POINT('Ctrl Pts',(45.3625982403577,44.0185571078511,7.96757397889169));
#10613=CARTESIAN_POINT('Ctrl Pts',(46.2125016879004,45.4219824641203,8.04699151680139));
#10614=CARTESIAN_POINT('Ctrl Pts',(45.4937275236132,46.8968730707478,8.12640905471112));
#10615=CARTESIAN_POINT('Ctrl Pts',(43.8646838223291,47.0922066829894,8.20582659262083));
#10616=CARTESIAN_POINT('Ctrl Pts',(42.8175994098372,45.8290547388905,8.28524413053055));
#10617=CARTESIAN_POINT('Ctrl Pts',(43.3116195454836,44.2644836454784,8.36466166844027));
#10618=CARTESIAN_POINT('Ctrl Pts',(44.8942142656153,43.8316643384043,8.44407920634998));
#10619=CARTESIAN_POINT('Ctrl Pts',(46.1157027181713,44.927065890821,8.5234967442597));
#10620=CARTESIAN_POINT('Ctrl Pts',(45.8571828885306,46.5472838077839,8.60291428216942));
#10621=CARTESIAN_POINT('Ctrl Pts',(44.3554628755331,47.2081738162779,8.68233182007913));
#10622=CARTESIAN_POINT('Ctrl Pts',(42.9861410685235,46.3043506092219,8.76174935798887));
#10623=CARTESIAN_POINT('Ctrl Pts',(43.0035370849503,44.6637300012271,8.84116689589856));
#10624=CARTESIAN_POINT('Ctrl Pts',(44.3917159089844,43.7891454408397,8.9205844338083));
#10625=CARTESIAN_POINT('Ctrl Pts',(45.8790846085635,44.4817296972857,9.000001971718));
#10626=CARTESIAN_POINT('Ctrl Pts',(46.1031908158731,46.1070650499469,9.07941950962773));
#10627=CARTESIAN_POINT('Ctrl Pts',(44.8587498339327,47.176319576817,9.15883704753744));
#10628=CARTESIAN_POINT('Ctrl Pts',(43.2856885436365,46.7100398563316,9.23825458544716));
#10629=CARTESIAN_POINT('Ctrl Pts',(42.8249550302089,45.135345209624,9.31767212335689));
#10630=CARTESIAN_POINT('Ctrl Pts',(43.8985882047006,43.8946799012529,9.39708966126658));
#10631=CARTESIAN_POINT('Ctrl Pts',(45.523123737679,44.1245122376537,9.47650719917632));
#10632=CARTESIAN_POINT('Ctrl Pts',(46.2104623541412,45.6143123004421,9.55592473708603));
#10633=CARTESIAN_POINT('Ctrl Pts',(45.3309914195372,46.9994005560965,9.63534227499574));
#10634=CARTESIAN_POINT('Ctrl Pts',(43.6903196962501,47.0110150802312,9.71475981290547));
#10635=CARTESIAN_POINT('Ctrl Pts',(42.7913274552118,45.6385167919563,9.79417735081517));
#10636=CARTESIAN_POINT('Ctrl Pts',(43.4575052726301,44.1391350139074,9.8735948887249));
#10637=CARTESIAN_POINT('Ctrl Pts',(45.0786241279641,43.886326276627,9.95301242663461));
#10638=CARTESIAN_POINT('Ctrl Pts',(46.169714474938,45.1116672314249,10.0324299645443));
#10639=CARTESIAN_POINT('Ctrl Pts',(45.7313209484127,46.6927269129883,10.1118475024541));
#10640=CARTESIAN_POINT('Ctrl Pts',(44.1650186914029,47.1812305879496,10.1912650403638));
#10641=CARTESIAN_POINT('Ctrl Pts',(42.9055644117647,46.129701454608,10.2706825782735));
#10642=CARTESIAN_POINT('Ctrl Pts',(43.1066373995982,44.5013562042609,10.3501001161832));
#10643=CARTESIAN_POINT('Ctrl Pts',(44.5840517375483,43.7877838710075,10.4295176540929));
#10644=CARTESIAN_POINT('Ctrl Pts',(45.9844734045661,44.6426275732783,10.5089351920026));
#10645=CARTESIAN_POINT('Ctrl Pts',(46.0250948380699,46.2828374683541,10.5883527299124));
#10646=CARTESIAN_POINT('Ctrl Pts',(44.668706186678,47.2059563269741,10.6677702678221));
#10647=CARTESIAN_POINT('Ctrl Pts',(43.1577801004394,46.5663932239986,10.7471878057318));
#10648=CARTESIAN_POINT('Ctrl Pts',(42.8763478719114,44.9499976964398,10.8266053436415));
#10649=CARTESIAN_POINT('Ctrl Pts',(44.0822057060624,43.8374126504399,10.9060228815512));
#10650=CARTESIAN_POINT('Ctrl Pts',(45.6707694726369,44.2477829226102,10.985440419461));
#10651=CARTESIAN_POINT('Ctrl Pts',(46.1868905821884,45.8052030974688,11.0648579573706));
#10652=CARTESIAN_POINT('Ctrl Pts',(45.1577942425515,47.0830525895905,11.1442754952804));
#10653=CARTESIAN_POINT('Ctrl Pts',(43.5261483645822,46.9108018142739,11.2236930331901));
#10654=CARTESIAN_POINT('Ctrl Pts',(42.7865654074457,45.4462351034633,11.3031105710998));
#10655=CARTESIAN_POINT('Ctrl Pts',(43.6165146170978,44.030917856288,11.3825281090095));
#10656=CARTESIAN_POINT('Ctrl Pts',(45.2557498846904,43.9613022132978,11.4619456469192));
#10657=CARTESIAN_POINT('Ctrl Pts',(46.2027067551239,45.30115716343,11.541363184829));
#10658=CARTESIAN_POINT('Ctrl Pts',(45.5899583205258,46.8231551779645,11.6207807227387));
#10659=CARTESIAN_POINT('Ctrl Pts',(43.9787914756337,47.1331229108297,11.7001982606484));
#10660=CARTESIAN_POINT('Ctrl Pts',(42.8450595695854,45.9471251981598,11.7796157985581));
#10661=CARTESIAN_POINT('Ctrl Pts',(43.2272782926577,44.3515540016955,11.8590333364678));
#10662=CARTESIAN_POINT('Ctrl Pts',(44.7753294612573,43.8079768134764,11.9384508743775));
#10663=CARTESIAN_POINT('Ctrl Pts',(46.0711746726642,44.8143186308265,12.0178684122873));
#10664=CARTESIAN_POINT('Ctrl Pts',(45.9277999301932,46.4487549942238,12.097285950197));
#10665=CARTESIAN_POINT('Ctrl Pts',(44.4765387956246,47.214117390343,12.1767034881067));
#10666=CARTESIAN_POINT('Ctrl Pts',(43.0467683326524,46.4093220724732,12.2561210260164));
#10667=CARTESIAN_POINT('Ctrl Pts',(42.9481804863203,44.7715740790977,12.3355385639261));
#10668=CARTESIAN_POINT('Ctrl Pts',(44.2710823692062,43.801074958701,12.4149561018359));
#10669=CARTESIAN_POINT('Ctrl Pts',(45.8036773884088,44.3868177328504,12.4943736397456));
#10670=CARTESIAN_POINT('Ctrl Pts',(46.1420819278043,45.9922510470558,12.5737911776553));
#10671=CARTESIAN_POINT('Ctrl Pts',(44.9763186173293,47.1467775617306,12.653208715565));
#10672=CARTESIAN_POINT('Ctrl Pts',(43.3742320343648,46.792825593784,12.7326262534747));
#10673=CARTESIAN_POINT('Ctrl Pts',(42.803381970382,45.2546357855163,12.8120437913845));
#10674=CARTESIAN_POINT('Ctrl Pts',(43.7866287916968,43.9411836763418,12.8914613292941));
#10675=CARTESIAN_POINT('Ctrl Pts',(45.4233950441222,44.055669369835,12.9708788672039));
#10676=CARTESIAN_POINT('Ctrl Pts',(46.2141993320967,45.4931091838133,13.0502964051136));
#10677=CARTESIAN_POINT('Ctrl Pts',(45.4350011159928,46.9370067776781,13.1297139430233));
#10678=CARTESIAN_POINT('Ctrl Pts',(43.7988787307605,47.0643002077499,13.209131480933));
#10679=CARTESIAN_POINT('Ctrl Pts',(42.8058707991877,45.7592250728997,13.2885490188427));
#10680=CARTESIAN_POINT('Ctrl Pts',(43.3629866316161,44.2156115268108,13.3679665567525));
#10681=CARTESIAN_POINT('Ctrl Pts',(44.9651432252855,43.8506700626723,13.4473840946622));
#10682=CARTESIAN_POINT('Ctrl Pts',(45.7435088921629,44.6115206667019,13.5003291199353));
#10683=CARTESIAN_POINT('Ctrl Pts',(45.8857225483608,45.0724998478648,13.5268016325719));
#10684=CARTESIAN_POINT('Ctrl Pts',(44.8505613229731,44.1887179797568,-0.107194699979541));
#10685=CARTESIAN_POINT('Ctrl Pts',(45.286776864591,44.3053369030778,-0.0807221873429681));
#10686=CARTESIAN_POINT('Ctrl Pts',(46.0260894032972,45.0062892523493,-0.0277771620698233));
#10687=CARTESIAN_POINT('Ctrl Pts',(45.7417372186732,46.5177789636781,0.0516403758398941));
#10688=CARTESIAN_POINT('Ctrl Pts',(44.317796250801,47.0937526668705,0.131057913749611));
#10689=CARTESIAN_POINT('Ctrl Pts',(43.0618321715047,46.2113989237251,0.210475451659329));
#10690=CARTESIAN_POINT('Ctrl Pts',(43.1227021524581,44.6765926653911,0.289892989569046));
#10691=CARTESIAN_POINT('Ctrl Pts',(44.4454795962675,43.8964498294473,0.369310527478764));
#10692=CARTESIAN_POINT('Ctrl Pts',(45.8180541109207,44.5849732532254,0.44872806538848));
#10693=CARTESIAN_POINT('Ctrl Pts',(45.9833450833694,46.1117828594867,0.528145603298199));
#10694=CARTESIAN_POINT('Ctrl Pts',(44.7898313838876,47.0781347882228,0.607563141207915));
#10695=CARTESIAN_POINT('Ctrl Pts',(43.3308472141587,46.5989195762098,0.686980679117634));
#10696=CARTESIAN_POINT('Ctrl Pts',(42.9428147960033,45.1130627674952,0.76639821702735));
#10697=CARTESIAN_POINT('Ctrl Pts',(43.9811928531424,43.9816538099452,0.845815754937069));
#10698=CARTESIAN_POINT('Ctrl Pts',(45.4948035239897,44.2410692484943,0.925233292846784));
#10699=CARTESIAN_POINT('Ctrl Pts',(46.0971603737719,45.6536863789701,1.0046508307565));
#10700=CARTESIAN_POINT('Ctrl Pts',(45.2364933193393,46.9255234409966,1.08406836866622));
#10701=CARTESIAN_POINT('Ctrl Pts',(43.701187529124,46.8915598494188,1.16348590657594));
#10702=CARTESIAN_POINT('Ctrl Pts',(42.8976059388633,45.5829059904041,1.24290344448565));
#10703=CARTESIAN_POINT('Ctrl Pts',(43.5618417917151,44.1983091180234,1.32232098239537));
#10704=CARTESIAN_POINT('Ctrl Pts',(45.0854447950436,44.0060808367393,1.40173852030509));
#10705=CARTESIAN_POINT('Ctrl Pts',(46.0727714797021,45.1823052834146,1.48115605821481));
#10706=CARTESIAN_POINT('Ctrl Pts',(45.619415537459,46.6495429077474,1.56057359612452));
#10707=CARTESIAN_POINT('Ctrl Pts',(44.1406579309178,47.0637817409693,1.63999113403424));
#10708=CARTESIAN_POINT('Ctrl Pts',(42.9910631258313,46.0455726925743,1.71940867194396));
#10709=CARTESIAN_POINT('Ctrl Pts',(43.2236774664683,44.5276107561782,1.79882620985368));
#10710=CARTESIAN_POINT('Ctrl Pts',(44.6254226736493,43.9003721664359,1.87824374776339));
#10711=CARTESIAN_POINT('Ctrl Pts',(45.9122788031762,44.7384170205669,1.95766128567311));
#10712=CARTESIAN_POINT('Ctrl Pts',(45.9054660526954,46.2740834754575,2.03707882358283));
#10713=CARTESIAN_POINT('Ctrl Pts',(44.6112250056901,47.1006776847997,2.11649636149254));
#10714=CARTESIAN_POINT('Ctrl Pts',(43.2151001604743,46.4610267711196,2.19591389940226));
#10715=CARTESIAN_POINT('Ctrl Pts',(42.9959631255493,44.9410607075047,2.27533143731198));
#10716=CARTESIAN_POINT('Ctrl Pts',(44.1545467603089,43.9330915433176,2.3547489752217));
#10717=CARTESIAN_POINT('Ctrl Pts',(45.6295708207223,44.3604343751257,2.43416651313141));
#10718=CARTESIAN_POINT('Ctrl Pts',(46.0698908163334,45.8316366644578,2.51358405104113));
#10719=CARTESIAN_POINT('Ctrl Pts',(45.0721669291295,46.9990547213614,2.59300158895084));
#10720=CARTESIAN_POINT('Ctrl Pts',(43.5503294259806,46.793315836625,2.67241912686057));
#10721=CARTESIAN_POINT('Ctrl Pts',(42.8984046234176,45.4028799601881,2.75183666477028));
#10722=CARTESIAN_POINT('Ctrl Pts',(43.7135655634298,44.1014075184671,2.83125420268001));
#10723=CARTESIAN_POINT('Ctrl Pts',(45.2491124175328,44.081067077582,2.91067174058971));
#10724=CARTESIAN_POINT('Ctrl Pts',(46.0984608950558,45.360490790982,2.99008927849944));
#10725=CARTESIAN_POINT('Ctrl Pts',(45.483594862791,46.7677070632897,3.06950681640915));
#10726=CARTESIAN_POINT('Ctrl Pts',(43.9677409650701,47.0136843700584,3.14892435431887));
#10727=CARTESIAN_POINT('Ctrl Pts',(42.9394444447743,45.8731037543067,3.22834189222859));
#10728=CARTESIAN_POINT('Ctrl Pts',(43.3406405660309,44.3907544206577,3.30775943013831));
#10729=CARTESIAN_POINT('Ctrl Pts',(44.803827575227,43.9244909213351,3.38717696804802));
#10730=CARTESIAN_POINT('Ctrl Pts',(45.9887039010045,44.9014177186405,3.46659450595774));
#10731=CARTESIAN_POINT('Ctrl Pts',(45.8099047941386,46.4266549965958,3.54601204386746));
#10732=CARTESIAN_POINT('Ctrl Pts',(44.4312129579913,47.1030621932025,3.62542958177717));
#10733=CARTESIAN_POINT('Ctrl Pts',(43.1155310993204,46.3110400208834,3.70484711968689));
#10734=CARTESIAN_POINT('Ctrl Pts',(43.0680438264509,44.7760928447251,3.78426465759661));
#10735=CARTESIAN_POINT('Ctrl Pts',(44.3322502041275,43.9042556412732,3.86368219550632));
#10736=CARTESIAN_POINT('Ctrl Pts',(45.750117948116,44.4941445589838,3.94309973341605));
#10737=CARTESIAN_POINT('Ctrl Pts',(46.0228586237856,46.0054123706294,4.02251727132576));
#10738=CARTESIAN_POINT('Ctrl Pts',(44.900637620881,47.0537147579779,4.10193480923548));
#10739=CARTESIAN_POINT('Ctrl Pts',(43.4114264592084,46.6787907781757,4.1813523471452));
#10740=CARTESIAN_POINT('Ctrl Pts',(42.9193652299041,45.2240765033793,4.26076988505491));
#10741=CARTESIAN_POINT('Ctrl Pts',(43.8751895085957,44.0221123512748,4.34018742296463));
#10742=CARTESIAN_POINT('Ctrl Pts',(45.4033497075539,44.1739157800931,4.41960496087434));
#10743=CARTESIAN_POINT('Ctrl Pts',(46.1040278246518,45.5404325384613,4.49902249878407));
#10744=CARTESIAN_POINT('Ctrl Pts',(45.3353920397186,46.8699124761817,4.57844003669378));
#10745=CARTESIAN_POINT('Ctrl Pts',(43.8015244310351,46.9445317345018,4.6578575746035));
#10746=CARTESIAN_POINT('Ctrl Pts',(42.9074710749078,45.6959379370325,4.73727511251322));
#10747=CARTESIAN_POINT('Ctrl Pts',(43.4721984537923,44.2678620069017,4.81669265042293));
#10748=CARTESIAN_POINT('Ctrl Pts',(44.9784076930051,43.9684432326234,4.89611018833265));
#10749=CARTESIAN_POINT('Ctrl Pts',(46.0463882036588,45.0719537688419,4.97552772624237));
#10750=CARTESIAN_POINT('Ctrl Pts',(45.6978535824342,46.5675611680241,5.05494526415208));
#10751=CARTESIAN_POINT('Ctrl Pts',(44.2520668473629,47.0852662881191,5.13436280206181));
#10752=CARTESIAN_POINT('Ctrl Pts',(43.0333906538578,46.1508433592133,5.21378033997152));
#10753=CARTESIAN_POINT('Ctrl Pts',(43.1581509444445,44.6202380068858,5.29319787788125));
#10754=CARTESIAN_POINT('Ctrl Pts',(44.512065393989,43.895508030967,5.37261541579095));
#10755=CARTESIAN_POINT('Ctrl Pts',(45.8549277589943,44.6405171203971,5.45203295370068));
#10756=CARTESIAN_POINT('Ctrl Pts',(45.9566556736227,46.1728256095945,5.53145049161038));
#10757=CARTESIAN_POINT('Ctrl Pts',(44.7240648196907,47.0888155994326,5.61086802952012));
#10758=CARTESIAN_POINT('Ctrl Pts',(43.2862271804672,46.5494263170834,5.69028556742982));
#10759=CARTESIAN_POINT('Ctrl Pts',(42.9602239185771,45.0487465551362,5.76970310533954));
#10760=CARTESIAN_POINT('Ctrl Pts',(44.0446789839548,43.9614218171405,5.84912064324925));
#10761=CARTESIAN_POINT('Ctrl Pts',(45.5462150303981,44.2834581130957,5.92853818115898));
#10762=CARTESIAN_POINT('Ctrl Pts',(46.0894021847256,45.719865294244,6.00795571906868));
#10763=CARTESIAN_POINT('Ctrl Pts',(45.176672745809,46.9548725193305,6.08737325697841));
#10764=CARTESIAN_POINT('Ctrl Pts',(43.644100772204,46.8571943723291,6.16679079488813));
#10765=CARTESIAN_POINT('Ctrl Pts',(42.895545518765,45.5163055226367,6.24620833279784));
#10766=CARTESIAN_POINT('Ctrl Pts',(43.6166949912813,44.1604805660252,6.32562587070757));
#10767=CARTESIAN_POINT('Ctrl Pts',(45.1469652964277,44.031675799545,6.40504340861727));
#10768=CARTESIAN_POINT('Ctrl Pts',(46.0846055426914,45.2478783498086,6.48446094652701));
#10769=CARTESIAN_POINT('Ctrl Pts',(45.5707229928231,46.6950281691505,6.5638784844367));
#10770=CARTESIAN_POINT('Ctrl Pts',(44.0760418842261,47.0475139962188,6.64329602234644));
#10771=CARTESIAN_POINT('Ctrl Pts',(42.9697128626763,45.9824534482884,6.72271356025615));
#10772=CARTESIAN_POINT('Ctrl Pts',(43.26515015117,44.4754581983794,6.80213109816586));
#10773=CARTESIAN_POINT('Ctrl Pts',(44.6917286966432,43.9069588331411,6.88154863607559));
#10774=CARTESIAN_POINT('Ctrl Pts',(45.9426808377195,44.7977094241695,6.9609661739853));
#10775=CARTESIAN_POINT('Ctrl Pts',(45.8721153726313,46.3317688721107,7.04038371189502));
#10776=CARTESIAN_POINT('Ctrl Pts',(44.544671341465,47.1039153729781,7.11980124980474));
#10777=CARTESIAN_POINT('Ctrl Pts',(43.1763076815813,46.406850979259,7.19921878771445));
#10778=CARTESIAN_POINT('Ctrl Pts',(43.0204663330776,44.8790972855056,7.27863632562418));
#10779=CARTESIAN_POINT('Ctrl Pts',(44.2199003432191,43.9200999288895,7.35805386353388));
#10780=CARTESIAN_POINT('Ctrl Pts',(45.6759099023239,44.4083150848161,7.43747140144362));
#10781=CARTESIAN_POINT('Ctrl Pts',(46.0547680925641,45.8965302394118,7.51688893935331));
#10782=CARTESIAN_POINT('Ctrl Pts',(45.00943504514,47.0215176591834,7.59630647726306));
#10783=CARTESIAN_POINT('Ctrl Pts',(43.4974517423386,46.7527717443667,7.67572401517275));
#10784=CARTESIAN_POINT('Ctrl Pts',(42.9038179031811,45.3364678434726,7.75514155308248));
#10785=CARTESIAN_POINT('Ctrl Pts',(43.7723111599412,44.0699618870542,7.83455909099218));
#10786=CARTESIAN_POINT('Ctrl Pts',(45.3073784702302,44.1133926084748,7.91397662890192));
#10787=CARTESIAN_POINT('Ctrl Pts',(46.1028748128101,45.4269768058609,7.99339416681162));
#10788=CARTESIAN_POINT('Ctrl Pts',(45.4301134297559,46.8074513605529,8.07281170472135));
#10789=CARTESIAN_POINT('Ctrl Pts',(43.9053539879379,46.9902805684709,8.15222924263106));
#10790=CARTESIAN_POINT('Ctrl Pts',(42.9252993441805,45.8079900923486,8.23164678054078));
#10791=CARTESIAN_POINT('Ctrl Pts',(43.3876944694194,44.3435760037669,8.31106431845049));
#10792=CARTESIAN_POINT('Ctrl Pts',(44.8689783908943,43.938463897479,8.39048185636022));
#10793=CARTESIAN_POINT('Ctrl Pts',(46.012272490149,44.9637426289906,8.46989939426992));
#10794=CARTESIAN_POINT('Ctrl Pts',(45.7703019703705,46.4802412746341,8.54931693217966));
#10795=CARTESIAN_POINT('Ctrl Pts',(44.3647155106701,47.0988239926179,8.62873447008936));
#10796=CARTESIAN_POINT('Ctrl Pts',(43.0830517023395,46.2528595979201,8.70815200799909));
#10797=CARTESIAN_POINT('Ctrl Pts',(43.0993341018084,44.7172643523726,8.7875695459088));
#10798=CARTESIAN_POINT('Ctrl Pts',(44.3986477833317,43.8986668739452,8.86698708381852));
#10799=CARTESIAN_POINT('Ctrl Pts',(45.7908016379889,44.5469149126187,8.94640462172824));
#10800=CARTESIAN_POINT('Ctrl Pts',(46.0005615451638,46.0682033980884,9.02582215963795));
#10801=CARTESIAN_POINT('Ctrl Pts',(44.8357842371622,47.0690089223765,9.10523969754767));
#10802=CARTESIAN_POINT('Ctrl Pts',(43.3634234570021,46.6325783921347,9.1846572354574));
#10803=CARTESIAN_POINT('Ctrl Pts',(42.9321840898771,45.1586888159036,9.2640747733671));
#10804=CARTESIAN_POINT('Ctrl Pts',(43.9370879598991,43.9974454793476,9.34349231127683));
#10805=CARTESIAN_POINT('Ctrl Pts',(45.4576278266472,44.2125649538504,9.42290984918654));
#10806=CARTESIAN_POINT('Ctrl Pts',(46.1009660282871,45.6069945264683,9.50232738709625));
#10807=CARTESIAN_POINT('Ctrl Pts',(45.277794979969,46.9034154842949,9.58174492500598));
#10808=CARTESIAN_POINT('Ctrl Pts',(43.7421518913068,46.9142864973454,9.66116246291569));
#10809=CARTESIAN_POINT('Ctrl Pts',(42.900709205292,45.6296495522,9.74058000082542));
#10810=CARTESIAN_POINT('Ctrl Pts',(43.5242412297781,44.2262516438641,9.81999753873512));
#10811=CARTESIAN_POINT('Ctrl Pts',(45.0415831396551,43.9896266172682,9.89941507664484));
#10812=CARTESIAN_POINT('Ctrl Pts',(46.0628266502581,45.1365265984053,9.97883261455456));
#10813=CARTESIAN_POINT('Ctrl Pts',(45.6524971616909,46.6163737477735,10.0582501524643));
#10814=CARTESIAN_POINT('Ctrl Pts',(44.1864627310407,47.0736055520356,10.137667690374));
#10815=CARTESIAN_POINT('Ctrl Pts',(43.0076332110575,46.0893907190355,10.2170852282837));
#10816=CARTESIAN_POINT('Ctrl Pts',(43.1958343848211,44.5652850163775,10.2965027661934));
#10817=CARTESIAN_POINT('Ctrl Pts',(44.5786711125839,43.8973924658643,10.3759203041031));
#10818=CARTESIAN_POINT('Ctrl Pts',(45.8894439037796,44.6975128096515,10.4553378420129));
#10819=CARTESIAN_POINT('Ctrl Pts',(45.9274649306105,46.2327236343266,10.5347553799226));
#10820=CARTESIAN_POINT('Ctrl Pts',(44.6579063537875,47.0967484572896,10.6141729178323));
#10821=CARTESIAN_POINT('Ctrl Pts',(43.2437031534283,46.4981273895236,10.693590455742));
#10822=CARTESIAN_POINT('Ctrl Pts',(42.9802869864206,44.9852064406166,10.7730079936517));
#10823=CARTESIAN_POINT('Ctrl Pts',(44.1089510711611,43.943844227696,10.8524255315615));
#10824=CARTESIAN_POINT('Ctrl Pts',(45.5958219268079,44.327944388201,10.9318430694712));
#10825=CARTESIAN_POINT('Ctrl Pts',(46.0789032181752,45.7856653287881,11.0112606073809));
#10826=CARTESIAN_POINT('Ctrl Pts',(45.1156851294495,46.9817124801315,11.0906781452906));
#10827=CARTESIAN_POINT('Ctrl Pts',(43.5884900909272,46.8204884467816,11.1700956832003));
#10828=CARTESIAN_POINT('Ctrl Pts',(42.8962520030155,45.4496768972078,11.2495132211101));
#10829=CARTESIAN_POINT('Ctrl Pts',(43.6730714908223,44.1249620758085,11.3289307590197));
#10830=CARTESIAN_POINT('Ctrl Pts',(45.2073700794067,44.0598029220892,11.4083482969295));
#10831=CARTESIAN_POINT('Ctrl Pts',(46.0937069088299,45.313886212961,11.4877658348392));
#10832=CARTESIAN_POINT('Ctrl Pts',(45.5201839515414,46.7384525651469,11.5671833727489));
#10833=CARTESIAN_POINT('Ctrl Pts',(44.0121569678843,47.028577518193,11.6466009106586));
#10834=CARTESIAN_POINT('Ctrl Pts',(42.9510016244919,45.9185021967376,11.7260184485684));
#10835=CARTESIAN_POINT('Ctrl Pts',(43.3087523750607,44.4250724962427,11.8054359864781));
#10836=CARTESIAN_POINT('Ctrl Pts',(44.7577040722308,43.9162927443917,11.8848535243878));
#10837=CARTESIAN_POINT('Ctrl Pts',(45.970594935545,44.858212955919,11.9642710622975));
#10838=CARTESIAN_POINT('Ctrl Pts',(45.8363984175949,46.3880198451855,12.0436886002072));
#10839=CARTESIAN_POINT('Ctrl Pts',(44.4780406794123,47.1043870850422,12.1231061381169));
#10840=CARTESIAN_POINT('Ctrl Pts',(43.1397978739365,46.3511112467788,12.2025236760267));
#10841=CARTESIAN_POINT('Ctrl Pts',(43.0475211907358,44.8182047236148,12.2819412139364));
#10842=CARTESIAN_POINT('Ctrl Pts',(44.2857366756483,43.9098327162005,12.3613587518461));
#10843=CARTESIAN_POINT('Ctrl Pts',(45.7202216585681,44.458078797418,12.4407762897558));
#10844=CARTESIAN_POINT('Ctrl Pts',(46.0369630180484,45.9607392859698,12.5201938276655));
#10845=CARTESIAN_POINT('Ctrl Pts',(44.9458267807757,47.0413580580086,12.5996113655752));
#10846=CARTESIAN_POINT('Ctrl Pts',(43.4462987803548,46.710064548417,12.6790289034849));
#10847=CARTESIAN_POINT('Ctrl Pts',(42.9119920430744,45.270342930381,12.7584464413947));
#10848=CARTESIAN_POINT('Ctrl Pts',(43.8322956992965,44.0409722859588,12.8378639793044));
#10849=CARTESIAN_POINT('Ctrl Pts',(45.3642833282762,44.1481291056127,12.9172815172141));
#10850=CARTESIAN_POINT('Ctrl Pts',(46.1044637812431,45.4935503037553,12.9966990551238));
#10851=CARTESIAN_POINT('Ctrl Pts',(45.3751464301396,46.8450158829342,13.0761165930336));
#10852=CARTESIAN_POINT('Ctrl Pts',(43.8437614507889,46.9641605438358,13.1555341309432));
#10853=CARTESIAN_POINT('Ctrl Pts',(42.9143215479353,45.7426306164459,13.234951668853));
#10854=CARTESIAN_POINT('Ctrl Pts',(43.435773259152,44.2978324645842,13.3143692067627));
#10855=CARTESIAN_POINT('Ctrl Pts',(44.9353667884986,43.956252958327,13.3937867446724));
#10856=CARTESIAN_POINT('Ctrl Pts',(45.6639048865388,44.6683972313091,13.4467317699456));
#10857=CARTESIAN_POINT('Ctrl Pts',(45.7970146458856,45.0998665395944,13.4732042825821));
#10858=CARTESIAN_POINT('Ctrl Pts',(44.8265850635311,44.2784016837444,-0.160792049969311));
#10859=CARTESIAN_POINT('Ctrl Pts',(45.2329661188178,44.3870445829631,-0.134319537332738));
#10860=CARTESIAN_POINT('Ctrl Pts',(45.9217141825658,45.0400560606059,-0.0813745120595936));
#10861=CARTESIAN_POINT('Ctrl Pts',(45.656809955559,46.4481690812163,-0.00195697414987614));
#10862=CARTESIAN_POINT('Ctrl Pts',(44.3302578775575,46.9847496910052,0.077460563759841));
#10863=CARTESIAN_POINT('Ctrl Pts',(43.1601940919948,46.1627435700274,0.156878101669559));
#10864=CARTESIAN_POINT('Ctrl Pts',(43.216900936972,44.7329087122202,0.236295639579276));
#10865=CARTESIAN_POINT('Ctrl Pts',(44.4492084598332,44.0061228948941,0.315713177488993));
#10866=CARTESIAN_POINT('Ctrl Pts',(45.7279072371753,44.6475555098503,0.39513071539871));
#10867=CARTESIAN_POINT('Ctrl Pts',(45.8818933137922,46.0699406378838,0.474548253308428));
#10868=CARTESIAN_POINT('Ctrl Pts',(44.770008682411,46.9701999801383,0.553965791218145));
#10869=CARTESIAN_POINT('Ctrl Pts',(43.4108101441334,46.5237601700275,0.633383329127862));
#10870=CARTESIAN_POINT('Ctrl Pts',(43.0493167801175,45.1395269176063,0.712800867037581));
#10871=CARTESIAN_POINT('Ctrl Pts',(44.0166761022583,44.0854994420499,0.792218404947296));
#10872=CARTESIAN_POINT('Ctrl Pts',(45.4267650216736,44.3271724445391,0.871635942857015));
#10873=CARTESIAN_POINT('Ctrl Pts',(45.9879243315089,45.6431751666559,0.951053480766731));
#10874=CARTESIAN_POINT('Ctrl Pts',(45.1861216618157,46.8280263196024,1.03047101867645));
#10875=CARTESIAN_POINT('Ctrl Pts',(43.7558214370659,46.7963856308374,1.10988855658617));
#10876=CARTESIAN_POINT('Ctrl Pts',(43.007199933467,45.5772357255889,1.18930609449588));
#10877=CARTESIAN_POINT('Ctrl Pts',(43.6260060994281,44.2873368465673,1.2687236324056));
#10878=CARTESIAN_POINT('Ctrl Pts',(45.0454039366399,44.108255808981,1.34814117031532));
#10879=CARTESIAN_POINT('Ctrl Pts',(45.9652034892559,45.2040336671496,1.42755870822504));
#10880=CARTESIAN_POINT('Ctrl Pts',(45.5428543323553,46.5709211740029,1.50697624613475));
#10881=CARTESIAN_POINT('Ctrl Pts',(44.1652347399157,46.9568285939015,1.58639378404447));
#10882=CARTESIAN_POINT('Ctrl Pts',(43.0942652180355,46.0082588431436,1.66581132195419));
#10883=CARTESIAN_POINT('Ctrl Pts',(43.3109701544812,44.5941162582421,1.74522885986391));
#10884=CARTESIAN_POINT('Ctrl Pts',(44.6168445266426,44.0097769679211,1.82464639777362));
#10885=CARTESIAN_POINT('Ctrl Pts',(45.8156875343441,44.7905046580354,1.90406393568334));
#10886=CARTESIAN_POINT('Ctrl Pts',(45.8093407345039,46.2211408801936,1.98348147359306));
#10887=CARTESIAN_POINT('Ctrl Pts',(44.6036178927027,46.9912010798839,2.06289901150277));
#10888=CARTESIAN_POINT('Ctrl Pts',(43.3029794839782,46.3952983929868,2.14231654941249));
#10889=CARTESIAN_POINT('Ctrl Pts',(43.0988300876157,44.9792887509625,2.22173408732221));
#10890=CARTESIAN_POINT('Ctrl Pts',(44.1781736579647,44.0402585386973,2.30115162523193));
#10891=CARTESIAN_POINT('Ctrl Pts',(45.5523150560927,44.4383737234871,2.38056916314164));
#10892=CARTESIAN_POINT('Ctrl Pts',(45.9625198457174,45.8089547364,2.45998670105136));
#10893=CARTESIAN_POINT('Ctrl Pts',(45.0330341958871,46.8965285082231,2.53940423896108));
#10894=CARTESIAN_POINT('Ctrl Pts',(43.6152811093953,46.7048609101761,2.6188217768708));
#10895=CARTESIAN_POINT('Ctrl Pts',(43.0079439928621,45.409522379414,2.69823931478051));
#10896=CARTESIAN_POINT('Ctrl Pts',(43.767352889212,44.1970627262537,2.77765685269023));
#10897=CARTESIAN_POINT('Ctrl Pts',(45.1978776905479,44.1781134476442,2.85707439059995));
#10898=CARTESIAN_POINT('Ctrl Pts',(45.9891359050575,45.3700323712157,2.93649192850967));
#10899=CARTESIAN_POINT('Ctrl Pts',(45.416322964636,46.6810036209699,3.01590946641938));
#10900=CARTESIAN_POINT('Ctrl Pts',(44.0041442414031,46.9101575780493,3.0953270043291));
#10901=CARTESIAN_POINT('Ctrl Pts',(43.0461769403859,45.8475857298532,3.17474454223882));
#10902=CARTESIAN_POINT('Ctrl Pts',(43.4199336903826,44.4666200625651,3.25416208014854));
#10903=CARTESIAN_POINT('Ctrl Pts',(44.7830476195049,44.0322461468775,3.33357961805825));
#10904=CARTESIAN_POINT('Ctrl Pts',(45.8868856209381,44.9423571010959,3.41299715596797));
#10905=CARTESIAN_POINT('Ctrl Pts',(45.7203152840289,46.3632774385035,3.49241469387769));
#10906=CARTESIAN_POINT('Ctrl Pts',(44.4359175727258,46.9934225024346,3.5718322317874));
#10907=CARTESIAN_POINT('Ctrl Pts',(43.2102203401946,46.2555698229914,3.65124976969712));
#10908=CARTESIAN_POINT('Ctrl Pts',(43.1659809075739,44.8256036852811,3.73066730760684));
#10909=CARTESIAN_POINT('Ctrl Pts',(44.3437232685064,44.0133948367313,3.81008484551655));
#10910=CARTESIAN_POINT('Ctrl Pts',(45.6646174941498,44.5629389451142,3.88950238342628));
#10911=CARTESIAN_POINT('Ctrl Pts',(45.9187043686962,45.9708452426284,3.96891992133599));
#10912=CARTESIAN_POINT('Ctrl Pts',(44.8732364476453,46.947450131235,4.04833745924571));
#10913=CARTESIAN_POINT('Ctrl Pts',(43.4858782595794,46.5981686682243,4.12775499715543));
#10914=CARTESIAN_POINT('Ctrl Pts',(43.0274710215228,45.2429479900711,4.20717253506514));
#10915=CARTESIAN_POINT('Ctrl Pts',(43.9179227408787,44.1231908655601,4.28659007297486));
#10916=CARTESIAN_POINT('Ctrl Pts',(45.341566089294,44.2646118643869,4.36600761088457));
#10917=CARTESIAN_POINT('Ctrl Pts',(45.9943220905738,45.5376671990797,4.4454251487943));
#10918=CARTESIAN_POINT('Ctrl Pts',(45.2782563120512,46.7762188060893,4.52484268670401));
#10919=CARTESIAN_POINT('Ctrl Pts',(43.8492959059753,46.8457345615993,4.60426022461373));
#10920=CARTESIAN_POINT('Ctrl Pts',(43.0163903542886,45.6825369754747,4.68367776252344));
#10921=CARTESIAN_POINT('Ctrl Pts',(43.5424938198578,44.3521327414493,4.76309530043317));
#10922=CARTESIAN_POINT('Ctrl Pts',(44.945687520485,44.0731923877596,4.84251283834287));
#10923=CARTESIAN_POINT('Ctrl Pts',(45.9406246686099,45.1012295240917,4.92193037625261));
#10924=CARTESIAN_POINT('Ctrl Pts',(45.6159276927711,46.4945464859773,5.00134791416231));
#10925=CARTESIAN_POINT('Ctrl Pts',(44.2690239649978,46.9768437288752,5.08076545207204));
#10926=CARTESIAN_POINT('Ctrl Pts',(43.1336978009356,46.1063296373221,5.16018298998174));
#10927=CARTESIAN_POINT('Ctrl Pts',(43.2499252474828,44.6804083691359,5.23960052789148));
#10928=CARTESIAN_POINT('Ctrl Pts',(44.5112401945229,44.0052455096938,5.31901806580118));
#10929=CARTESIAN_POINT('Ctrl Pts',(45.7622589522949,44.6993005147904,5.39843560371091));
#10930=CARTESIAN_POINT('Ctrl Pts',(45.8570292971237,46.1268084356573,5.47785314162062));
#10931=CARTESIAN_POINT('Ctrl Pts',(44.7087401506623,46.9801502889115,5.55727067953033));
#10932=CARTESIAN_POINT('Ctrl Pts',(43.3692418489937,46.4776519483928,5.63668821744005));
#10933=CARTESIAN_POINT('Ctrl Pts',(43.0655352247354,45.0796095424629,5.71610575534978));
#10934=CARTESIAN_POINT('Ctrl Pts',(44.0758201683773,44.0666511943326,5.79552329325948));
#10935=CARTESIAN_POINT('Ctrl Pts',(45.474660294159,44.3666621689657,5.87494083116921));
#10936=CARTESIAN_POINT('Ctrl Pts',(45.9806967553429,45.7048278471794,5.95435836907892));
#10937=CARTESIAN_POINT('Ctrl Pts',(45.1303924511853,46.855368099725,6.03377590698864));
#10938=CARTESIAN_POINT('Ctrl Pts',(43.7026390666395,46.7643705430821,6.11319344489836));
#10939=CARTESIAN_POINT('Ctrl Pts',(43.0052804335548,45.5151903241951,6.19261098280808));
#10940=CARTESIAN_POINT('Ctrl Pts',(43.6771076742205,44.2520955371357,6.27202852071779));
#10941=CARTESIAN_POINT('Ctrl Pts',(45.1027168104122,44.1321002322137,6.35144605862751));
#10942=CARTESIAN_POINT('Ctrl Pts',(45.9762281744106,45.2651219351666,6.43086359653723));
#10943=CARTESIAN_POINT('Ctrl Pts',(45.4974920612167,46.6132955205483,6.51028113444695));
#10944=CARTESIAN_POINT('Ctrl Pts',(44.1050380372819,46.9416734638153,6.58969867235666));
#10945=CARTESIAN_POINT('Ctrl Pts',(43.0743751828493,45.9494565707471,6.66911621026638));
#10946=CARTESIAN_POINT('Ctrl Pts',(43.3496063601334,44.5455306177682,6.7485337481761));
#10947=CARTESIAN_POINT('Ctrl Pts',(44.6786156214921,44.0159131467389,6.82795128608581));
#10948=CARTESIAN_POINT('Ctrl Pts',(45.8440102548844,44.8457418223446,6.90736882399554));
#10949=CARTESIAN_POINT('Ctrl Pts',(45.7782710378381,46.2748809470412,6.98678636190524));
#10950=CARTESIAN_POINT('Ctrl Pts',(44.541616093774,46.9942173299097,7.06620389981497));
#10951=CARTESIAN_POINT('Ctrl Pts',(43.2668401743808,46.3448278953387,7.14562143772468));
#10952=CARTESIAN_POINT('Ctrl Pts',(43.1216574249828,44.9215632496477,7.2250389756344));
#10953=CARTESIAN_POINT('Ctrl Pts',(44.2390574538314,44.0281554715723,7.30445651354412));
#10954=CARTESIAN_POINT('Ctrl Pts',(45.5954848267352,44.482979684246,7.38387405145384));
#10955=CARTESIAN_POINT('Ctrl Pts',(45.9484314241507,45.8694099860534,7.46329158936355));
#10956=CARTESIAN_POINT('Ctrl Pts',(44.9745927907021,46.9174551179056,7.54270912727328));
#10957=CARTESIAN_POINT('Ctrl Pts',(43.5660199372694,46.6670897868996,7.62212666518297));
#10958=CARTESIAN_POINT('Ctrl Pts',(43.0129870372588,45.3476524470072,7.70154420309272));
#10959=CARTESIAN_POINT('Ctrl Pts',(43.8220806447045,44.1677677845138,7.78096174100241));
#10960=CARTESIAN_POINT('Ctrl Pts',(45.2521587001027,44.2082281090985,7.86037927891215));
#10961=CARTESIAN_POINT('Ctrl Pts',(45.9932479377198,45.4319711476015,7.93979681682185));
#10962=CARTESIAN_POINT('Ctrl Pts',(45.3664993358986,46.7180296503578,8.01921435473158));
#10963=CARTESIAN_POINT('Ctrl Pts',(43.9460241535468,46.8883544539525,8.09863189264129));
#10964=CARTESIAN_POINT('Ctrl Pts',(43.0329992785237,45.7869254458065,8.17804943055102));
#10965=CARTESIAN_POINT('Ctrl Pts',(43.4637693933552,44.4226683620554,8.25746696846071));
#10966=CARTESIAN_POINT('Ctrl Pts',(44.8437425161733,44.0452634565537,8.33688450637046));
#10967=CARTESIAN_POINT('Ctrl Pts',(45.9088422621268,45.00041936716,8.41630204428015));
#10968=CARTESIAN_POINT('Ctrl Pts',(45.6834210522103,46.4131987414845,8.49571958218988));
#10969=CARTESIAN_POINT('Ctrl Pts',(44.3739681458073,46.9894741689577,8.5751371200996));
#10970=CARTESIAN_POINT('Ctrl Pts',(43.1799623361554,46.2013685866184,8.65455465800931));
#10971=CARTESIAN_POINT('Ctrl Pts',(43.1951311186666,44.770798703518,8.73397219591903));
#10972=CARTESIAN_POINT('Ctrl Pts',(44.405579657679,44.008188307051,8.81338973382875));
#10973=CARTESIAN_POINT('Ctrl Pts',(45.7025186674143,44.6121001279516,8.89280727173846));
#10974=CARTESIAN_POINT('Ctrl Pts',(45.8979322744545,46.0293417462299,8.97222480964818));
#10975=CARTESIAN_POINT('Ctrl Pts',(44.8128186403916,46.961698267936,9.05164234755791));
#10976=CARTESIAN_POINT('Ctrl Pts',(43.4411583703678,46.5551169279378,9.13105988546761));
#10977=CARTESIAN_POINT('Ctrl Pts',(43.0394131495454,45.1820324221833,9.21047742337734));
#10978=CARTESIAN_POINT('Ctrl Pts',(43.9755877150975,44.1002110574423,9.28989496128704));
#10979=CARTESIAN_POINT('Ctrl Pts',(45.3921319156155,44.3006176700469,9.36931249919679));
#10980=CARTESIAN_POINT('Ctrl Pts',(45.991469702433,45.5996767524945,9.44873003710647));
#10981=CARTESIAN_POINT('Ctrl Pts',(45.224598540401,46.8074304124933,9.52814757501622));
#10982=CARTESIAN_POINT('Ctrl Pts',(43.7939840863635,46.8175579144597,9.60756511292591));
#10983=CARTESIAN_POINT('Ctrl Pts',(43.0100909553721,45.6207823124437,9.68698265083565));
#10984=CARTESIAN_POINT('Ctrl Pts',(43.5909771869261,44.3133682738208,9.76640018874535));
#10985=CARTESIAN_POINT('Ctrl Pts',(45.0045421513462,44.0929269579094,9.84581772665508));
#10986=CARTESIAN_POINT('Ctrl Pts',(45.955938825578,45.1613859653857,9.92523526456479));
#10987=CARTESIAN_POINT('Ctrl Pts',(45.5736733749692,46.5400205825587,10.0046528024745));
#10988=CARTESIAN_POINT('Ctrl Pts',(44.2079067706785,46.9659805161215,10.0840703403842));
#10989=CARTESIAN_POINT('Ctrl Pts',(43.1097020103504,46.0490799834629,10.1634878782939));
#10990=CARTESIAN_POINT('Ctrl Pts',(43.2850313700439,44.6292138284941,10.2429054162037));
#10991=CARTESIAN_POINT('Ctrl Pts',(44.5732904876197,44.007001060721,10.3223229541134));
#10992=CARTESIAN_POINT('Ctrl Pts',(45.794414402993,44.7523980460249,10.4017404920231));
#10993=CARTESIAN_POINT('Ctrl Pts',(45.829835023151,46.1826098002992,10.4811580299328));
#10994=CARTESIAN_POINT('Ctrl Pts',(44.6471065208971,46.9875405876052,10.5605755678425));
#10995=CARTESIAN_POINT('Ctrl Pts',(43.329626206417,46.4298615550486,10.6399931057522));
#10996=CARTESIAN_POINT('Ctrl Pts',(43.0842261009299,45.0204151847936,10.719410643662));
#10997=CARTESIAN_POINT('Ctrl Pts',(44.1356964362597,44.050275804952,10.7988281815717));
#10998=CARTESIAN_POINT('Ctrl Pts',(45.5208743809787,44.4081058537919,10.8782457194814));
#10999=CARTESIAN_POINT('Ctrl Pts',(45.970915854162,45.7661275601075,10.9576632573911));
#11000=CARTESIAN_POINT('Ctrl Pts',(45.0735760163474,46.8803723706727,11.0370807953008));
#11001=CARTESIAN_POINT('Ctrl Pts',(43.6508318172721,46.7301750792892,11.1164983332106));
#11002=CARTESIAN_POINT('Ctrl Pts',(43.0059385985853,45.4531186909524,11.1959158711202));
#11003=CARTESIAN_POINT('Ctrl Pts',(43.7296283645467,44.2190062953289,11.27533340903));
#11004=CARTESIAN_POINT('Ctrl Pts',(45.1589902741232,44.1583036308805,11.3547509469397));
#11005=CARTESIAN_POINT('Ctrl Pts',(45.984707062536,45.3266152624921,11.4341684848494));
#11006=CARTESIAN_POINT('Ctrl Pts',(45.450409582557,46.6537499523292,11.5135860227591));
#11007=CARTESIAN_POINT('Ctrl Pts',(44.0455224601349,46.9240321255563,11.5930035606688));
#11008=CARTESIAN_POINT('Ctrl Pts',(43.0569436793983,45.8898791953153,11.6724210985786));
#11009=CARTESIAN_POINT('Ctrl Pts',(43.3902264574639,44.4985909907899,11.7518386364883));
#11010=CARTESIAN_POINT('Ctrl Pts',(44.7400786832041,44.024608675307,11.831256174398));
#11011=CARTESIAN_POINT('Ctrl Pts',(45.8700151984259,44.9021072810114,11.9106737123077));
#11012=CARTESIAN_POINT('Ctrl Pts',(45.7449969049966,46.3272846961472,11.9900912502175));
#11013=CARTESIAN_POINT('Ctrl Pts',(44.4795425632002,46.9946567797415,12.0695087881271));
#11014=CARTESIAN_POINT('Ctrl Pts',(43.2328274152205,46.2929004210843,12.1489263260369));
#11015=CARTESIAN_POINT('Ctrl Pts',(43.1468618951514,44.8648353681317,12.2283438639466));
#11016=CARTESIAN_POINT('Ctrl Pts',(44.3003909820903,44.0185904737001,12.3077614018563));
#11017=CARTESIAN_POINT('Ctrl Pts',(45.6367659287275,44.5293398619856,12.387178939766));
#11018=CARTESIAN_POINT('Ctrl Pts',(45.9318441082924,45.9292275248836,12.4665964776757));
#11019=CARTESIAN_POINT('Ctrl Pts',(44.9153349442221,46.9359385542868,12.5460140155855));
#11020=CARTESIAN_POINT('Ctrl Pts',(43.5183655263448,46.6273035030501,12.6254315534952));
#11021=CARTESIAN_POINT('Ctrl Pts',(43.0206021157669,45.2860500752457,12.7048490914049));
#11022=CARTESIAN_POINT('Ctrl Pts',(43.8779626068963,44.1407608955758,12.7842666293146));
#11023=CARTESIAN_POINT('Ctrl Pts',(45.3051716124301,44.2405888413904,12.8636841672243));
#11024=CARTESIAN_POINT('Ctrl Pts',(45.9947282303894,45.4939914236974,12.943101705134));
#11025=CARTESIAN_POINT('Ctrl Pts',(45.3152917442866,46.7530249881903,13.0225192430438));
#11026=CARTESIAN_POINT('Ctrl Pts',(43.8886441708171,46.8640208799217,13.1019367809535));
#11027=CARTESIAN_POINT('Ctrl Pts',(43.0227722966829,45.726036159992,13.1813543188632));
#11028=CARTESIAN_POINT('Ctrl Pts',(43.5085598866878,44.3800534023576,13.2607718567729));
#11029=CARTESIAN_POINT('Ctrl Pts',(44.9055903517116,44.0618358539817,13.3401893946826));
#11030=CARTESIAN_POINT('Ctrl Pts',(45.5843008809148,44.7252737959163,13.3931344199558));
#11031=CARTESIAN_POINT('Ctrl Pts',(45.7083067434103,45.127233231324,13.4196069325924));
#11032=CARTESIAN_POINT('Ctrl Pts',(45.762820989566,45.5006968245282,0.443419673619413));
#11033=CARTESIAN_POINT('Ctrl Pts',(45.7636544828382,45.6660883059368,0.453795866849083));
#11034=CARTESIAN_POINT('Ctrl Pts',(45.7334913459429,45.8311886550878,0.464172060078753));
#11035=CARTESIAN_POINT('Ctrl Pts',(45.6709148624592,45.9829196735873,0.474548253308423));
#11036=CARTESIAN_POINT('Ctrl Pts',(45.5112651033318,46.370027085302,0.501020765944995));
#11037=CARTESIAN_POINT('Ctrl Pts',(45.1406368928714,46.6701135327201,0.527493278581568));
#11038=CARTESIAN_POINT('Ctrl Pts',(44.7287896979282,46.7457501214107,0.55396579121814));
#11039=CARTESIAN_POINT('Ctrl Pts',(44.3169425029851,46.8213867101014,0.580438303854713));
#11040=CARTESIAN_POINT('Ctrl Pts',(43.8638763235593,46.6725734400644,0.606910816491285));
#11041=CARTESIAN_POINT('Ctrl Pts',(43.5770943398437,46.3674612629757,0.633383329127857));
#11042=CARTESIAN_POINT('Ctrl Pts',(43.2903123561281,46.0623490858871,0.65985584176443));
#11043=CARTESIAN_POINT('Ctrl Pts',(43.1698145681228,45.6009380017467,0.686328354401003));
#11044=CARTESIAN_POINT('Ctrl Pts',(43.2707922278103,45.1945612137504,0.712800867037575));
#11045=CARTESIAN_POINT('Ctrl Pts',(43.3717698874978,44.7881844257542,0.739273379674148));
#11046=CARTESIAN_POINT('Ctrl Pts',(43.6942229948781,44.436841933902,0.765745892310719));
#11047=CARTESIAN_POINT('Ctrl Pts',(44.0904643684707,44.3014495217242,0.792218404947292));
#11048=CARTESIAN_POINT('Ctrl Pts',(44.4867057420634,44.1660571095463,0.818690917583864));
#11049=CARTESIAN_POINT('Ctrl Pts',(44.9567353818685,44.2466147770427,0.845163430220437));
#11050=CARTESIAN_POINT('Ctrl Pts',(45.2852767534103,44.5062273978104,0.871635942857009));
#11051=CARTESIAN_POINT('Ctrl Pts',(45.5822379282313,44.7408854212421,0.895563853111144));
#11052=CARTESIAN_POINT('Ctrl Pts',(45.7636039445582,45.1218303839134,0.919491763365278));
#11053=CARTESIAN_POINT('Ctrl Pts',(45.7661091430321,45.5006950369129,0.943419673619412));
#11054=CARTESIAN_POINT('Ctrl Pts',(44.8985138418572,44.0093505717815,0.));
#11055=CARTESIAN_POINT('Ctrl Pts',(44.9565893110153,44.0305711091798,1.235631397366E-17));
#11056=CARTESIAN_POINT('Ctrl Pts',(45.0130636847562,44.055488317685,1.09295990159967E-16));
#11057=CARTESIAN_POINT('Ctrl Pts',(45.0677337874789,44.0837909710867,1.38777878078145E-17));
#11058=CARTESIAN_POINT('Ctrl Pts',(45.1215013828297,44.1116263973924,-7.99652276184865E-17));
#11059=CARTESIAN_POINT('Ctrl Pts',(45.1735244242115,44.1427375466609,-2.49983326753173E-17));
#11060=CARTESIAN_POINT('Ctrl Pts',(45.2235773962165,44.176873271393,2.42861286636753E-17));
#11061=CARTESIAN_POINT('Ctrl Pts',(45.2618522618567,44.2029764222214,6.19733240556087E-17));
#11062=CARTESIAN_POINT('Ctrl Pts',(45.2989745707138,44.2308491905265,-9.32023447255273E-17));
#11063=CARTESIAN_POINT('Ctrl Pts',(45.3348269765308,44.2603915366298,-1.42247325030098E-16));
#11064=CARTESIAN_POINT('Ctrl Pts',(45.3543022920041,44.2764391768669,-1.68888953173314E-16));
#11065=CARTESIAN_POINT('Ctrl Pts',(45.3734026222526,44.292979624071,1.53280797847033E-16));
#11066=CARTESIAN_POINT('Ctrl Pts',(45.3921070651857,44.3099977239466,1.73472347597681E-16));
#11067=CARTESIAN_POINT('Ctrl Pts',(45.3989164499512,44.3161931926086,1.80823116169485E-16));
#11068=CARTESIAN_POINT('Ctrl Pts',(45.4056722955539,44.3224510879097,-1.52050099110569E-17));
#11069=CARTESIAN_POINT('Ctrl Pts',(45.412366703679,44.328763908614,-1.38777878078145E-17));
#11070=CARTESIAN_POINT('Ctrl Pts',(45.4554540320835,44.3693952196667,-5.33536649739453E-18));
#11071=CARTESIAN_POINT('Ctrl Pts',(45.4960816453449,44.4123733269077,-2.54242962171999E-16));
#11072=CARTESIAN_POINT('Ctrl Pts',(45.5340435036022,44.457456684923,-2.22044604925031E-16));
#11073=CARTESIAN_POINT('Ctrl Pts',(45.5712264367898,44.5016149944977,-1.9050691364158E-16));
#11074=CARTESIAN_POINT('Ctrl Pts',(45.6058523289822,44.5477939910731,-1.03537713575389E-16));
#11075=CARTESIAN_POINT('Ctrl Pts',(45.6376846324107,44.5957897838711,-1.94289029309402E-16));
#11076=CARTESIAN_POINT('Ctrl Pts',(45.661555072912,44.6317809184389,-2.62341719480237E-16));
#11077=CARTESIAN_POINT('Ctrl Pts',(45.6838537969476,44.6687942149722,-2.03585298821882E-16));
#11078=CARTESIAN_POINT('Ctrl Pts',(45.7044624507184,44.7067478867272,-2.35922392732846E-16));
#11079=CARTESIAN_POINT('Ctrl Pts',(45.7149429009921,44.7260490780595,-2.52367295369281E-16));
#11080=CARTESIAN_POINT('Ctrl Pts',(45.7249859962201,44.7455935032227,-1.19791972271025E-16));
#11081=CARTESIAN_POINT('Ctrl Pts',(45.7345743985093,44.7653704908293,-1.04083408558608E-16));
#11082=CARTESIAN_POINT('Ctrl Pts',(45.7390028036919,44.7745044958254,-9.6828405810723E-17));
#11083=CARTESIAN_POINT('Ctrl Pts',(45.7433303091678,44.7836801192094,-1.51975509378345E-16));
#11084=CARTESIAN_POINT('Ctrl Pts',(45.747554652894,44.7928937836183,-1.52655665885959E-16));
#11085=CARTESIAN_POINT('Ctrl Pts',(45.7707717895448,44.8435323962643,-1.56393829161615E-16));
#11086=CARTESIAN_POINT('Ctrl Pts',(45.7908880054169,44.8953423902831,-6.36105049951801E-17));
#11087=CARTESIAN_POINT('Ctrl Pts',(45.8076913645295,44.9481330026816,-5.55111512312578E-17));
#11088=CARTESIAN_POINT('Ctrl Pts',(45.8202622266957,44.987626505599,-4.94518949170917E-17));
#11089=CARTESIAN_POINT('Ctrl Pts',(45.8309780735745,45.027669276818,-1.49032004148272E-16));
#11090=CARTESIAN_POINT('Ctrl Pts',(45.8397311726978,45.0681841125132,-1.38777878078145E-16));
#11091=CARTESIAN_POINT('Ctrl Pts',(45.8514423826707,45.1223909415644,-1.55308400754476E-16));
#11092=CARTESIAN_POINT('Ctrl Pts',(45.8596412648424,45.1774438921786,-2.20965156067405E-16));
#11093=CARTESIAN_POINT('Ctrl Pts',(45.8643863251686,45.2330220745214,-2.91433543964104E-16));
#11094=CARTESIAN_POINT('Ctrl Pts',(45.8657371890289,45.2488445410007,-3.11495079954378E-16));
#11095=CARTESIAN_POINT('Ctrl Pts',(45.8668078509105,45.2647094852985,-1.45879306747268E-17));
#11096=CARTESIAN_POINT('Ctrl Pts',(45.8675990157263,45.2806092319855,-1.38777878078145E-17));
#11097=CARTESIAN_POINT('Ctrl Pts',(45.8680958730773,45.2905943904027,-1.34318128394927E-17));
#11098=CARTESIAN_POINT('Ctrl Pts',(45.8684823684094,45.3005927897991,-1.82195141374875E-16));
#11099=CARTESIAN_POINT('Ctrl Pts',(45.8687585775841,45.310588777293,-1.80411241501588E-16));
#11100=CARTESIAN_POINT('Ctrl Pts',(45.8702960020755,45.3662280441922,-1.70481769177699E-16));
#11101=CARTESIAN_POINT('Ctrl Pts',(45.8684270567878,45.4219033345093,-3.01363016287993E-16));
#11102=CARTESIAN_POINT('Ctrl Pts',(45.8632630813869,45.4772971684678,-2.91433543964104E-16));
#11103=CARTESIAN_POINT('Ctrl Pts',(45.8581013612562,45.5326668101992,-2.81508408152633E-16));
#11104=CARTESIAN_POINT('Ctrl Pts',(45.849647018484,45.5877563866803,-5.48189730301307E-17));
#11105=CARTESIAN_POINT('Ctrl Pts',(45.8379618878252,45.6422336279678,-1.38777878078145E-17));
#11106=CARTESIAN_POINT('Ctrl Pts',(45.8309218851343,45.675054820683,1.07882653625106E-17));
#11107=CARTESIAN_POINT('Ctrl Pts',(45.8227082642239,45.7076533777898,-1.10499027656281E-16));
#11108=CARTESIAN_POINT('Ctrl Pts',(45.813326956558,45.7399513553823,-6.93889390390723E-17));
#11109=CARTESIAN_POINT('Ctrl Pts',(45.8084334319526,45.7567987879241,-4.79448890894002E-17));
#11110=CARTESIAN_POINT('Ctrl Pts',(45.8032220991697,45.7735643569329,-2.20874929473231E-16));
#11111=CARTESIAN_POINT('Ctrl Pts',(45.7976932437812,45.7902364203277,-2.22044604925031E-16));
#11112=CARTESIAN_POINT('Ctrl Pts',(45.7931992647198,45.803787851599,-2.22995343662008E-16));
#11113=CARTESIAN_POINT('Ctrl Pts',(45.7884941883228,45.8172806030066,-6.00143123383272E-17));
#11114=CARTESIAN_POINT('Ctrl Pts',(45.7835873372401,45.8306840914762,-4.16333634234434E-17));
#11115=CARTESIAN_POINT('Ctrl Pts',(45.7651429196512,45.8810666146692,2.74589916836095E-17));
#11116=CARTESIAN_POINT('Ctrl Pts',(45.7438291196481,45.9302599105505,1.33658460884469E-16));
#11117=CARTESIAN_POINT('Ctrl Pts',(45.7196935612442,45.9779501446718,-2.77555756156289E-17));
#11118=CARTESIAN_POINT('Ctrl Pts',(45.7027383725918,46.0114524528792,-1.41148661211863E-16));
#11119=CARTESIAN_POINT('Ctrl Pts',(45.684389758432,46.0442124952203,-5.21637538704834E-17));
#11120=CARTESIAN_POINT('Ctrl Pts',(45.6646536225449,46.0761102616358,-5.55111512312578E-17));
#11121=CARTESIAN_POINT('Ctrl Pts',(45.6567139728182,46.0889424134741,-5.68577756511836E-17));
#11122=CARTESIAN_POINT('Ctrl Pts',(45.6485483419575,46.1016365435372,-3.83060338977293E-16));
#11123=CARTESIAN_POINT('Ctrl Pts',(45.6401699071982,46.1141657054472,-3.33066907387547E-16));
#11124=CARTESIAN_POINT('Ctrl Pts',(45.6117038457447,46.1567340255612,-1.6321225830586E-16));
#11125=CARTESIAN_POINT('Ctrl Pts',(45.580753975431,46.1974511386385,1.1212936759182E-16));
#11126=CARTESIAN_POINT('Ctrl Pts',(45.5473468066853,46.2360164891421,5.55111512312578E-17));
#11127=CARTESIAN_POINT('Ctrl Pts',(45.5266712169296,46.2598844610695,2.04703184363034E-17));
#11128=CARTESIAN_POINT('Ctrl Pts',(45.5050537610633,46.2829275277113,5.08208373185113E-17));
#11129=CARTESIAN_POINT('Ctrl Pts',(45.4824952519254,46.3050659443957,-2.77555756156289E-17));
#11130=CARTESIAN_POINT('Ctrl Pts',(45.4750782520156,46.3123448223369,-5.38234201588426E-17));
#11131=CARTESIAN_POINT('Ctrl Pts',(45.4675594894238,46.3195258453206,1.46631625555577E-17));
#11132=CARTESIAN_POINT('Ctrl Pts',(45.4599413600737,46.3266080325759,0.));
#11133=CARTESIAN_POINT('Ctrl Pts',(46.0414570385519,45.4981596971756,0.104211723588723));
#11134=CARTESIAN_POINT('Ctrl Pts',(46.0387669695612,45.8518513121582,0.122419507665627));
#11135=CARTESIAN_POINT('Ctrl Pts',(45.7431368744081,46.7251374912103,0.167099804379103));
#11136=CARTESIAN_POINT('Ctrl Pts',(44.2928729972885,47.3117586186012,0.238252613729152));
#11137=CARTESIAN_POINT('Ctrl Pts',(42.8651083305242,46.3087096311207,0.317670151638869));
#11138=CARTESIAN_POINT('Ctrl Pts',(42.9343045834305,44.5639605717327,0.397087689548587));
#11139=CARTESIAN_POINT('Ctrl Pts',(44.4380218691361,43.6771036985539,0.476505227458304));
#11140=CARTESIAN_POINT('Ctrl Pts',(45.7944855328834,44.3575454494558,0.545546572138349));
#11141=CARTESIAN_POINT('Ctrl Pts',(46.0393734473481,45.1877750293604,0.588115404181822));
#11142=CARTESIAN_POINT('Ctrl Pts',(46.0409511956507,45.5008502967551,0.604211723588723));
#11143=CARTESIAN_POINT('Ctrl Pts',(45.7998636115215,46.3313865475471,13.6494933720106));
#11144=CARTESIAN_POINT('Ctrl Pts',(45.5552173879982,46.7138881944553,13.6729100702344));
#11145=CARTESIAN_POINT('Ctrl Pts',(44.7089052373831,47.2451395897647,13.719743466682));
#11146=CARTESIAN_POINT('Ctrl Pts',(43.2833966022945,46.7702811854818,13.7899935613534));
#11147=CARTESIAN_POINT('Ctrl Pts',(42.7461466520942,45.3668213548006,13.8602436560249));
#11148=CARTESIAN_POINT('Ctrl Pts',(43.4901780415613,44.0614544851743,13.9304937506963));
#11149=CARTESIAN_POINT('Ctrl Pts',(44.4749024445775,43.8917778768828,13.977327147144));
#11150=CARTESIAN_POINT('Ctrl Pts',(44.912429980068,44.0131407223476,14.0007438453678));
#11151=CARTESIAN_POINT('Ctrl Pts',(45.7216583801954,46.2813668557147,13.5958960220208));
#11152=CARTESIAN_POINT('Ctrl Pts',(45.4917310966702,46.6408556037973,13.6193127202446));
#11153=CARTESIAN_POINT('Ctrl Pts',(44.6963366245917,47.1401446932969,13.6661461166922));
#11154=CARTESIAN_POINT('Ctrl Pts',(43.3565925509359,46.6938557566296,13.7363962113637));
#11155=CARTESIAN_POINT('Ctrl Pts',(42.8516658046956,45.3748339390927,13.8066463060351));
#11156=CARTESIAN_POINT('Ctrl Pts',(43.5509331539884,44.1480033998166,13.8768964007066));
#11157=CARTESIAN_POINT('Ctrl Pts',(44.4764124184779,43.9885352459232,13.9237297971542));
#11158=CARTESIAN_POINT('Ctrl Pts',(44.8876164675493,44.1025963950255,13.947146495378));
#11159=CARTESIAN_POINT('Ctrl Pts',(45.6434531488692,46.2313471638824,13.542298672031));
#11160=CARTESIAN_POINT('Ctrl Pts',(45.4282448053421,46.5678230131393,13.5657153702548));
#11161=CARTESIAN_POINT('Ctrl Pts',(44.6837680118004,47.0351497968291,13.6125487667025));
#11162=CARTESIAN_POINT('Ctrl Pts',(43.4297884995773,46.6174303277775,13.6827988613739));
#11163=CARTESIAN_POINT('Ctrl Pts',(42.9571849572969,45.3828465233847,13.7530489560453));
#11164=CARTESIAN_POINT('Ctrl Pts',(43.6116882664155,44.2345523144588,13.8232990507168));
#11165=CARTESIAN_POINT('Ctrl Pts',(44.4779223923784,44.0852926149637,13.8701324471644));
#11166=CARTESIAN_POINT('Ctrl Pts',(44.8628029550307,44.1920520677035,13.8935491453882));
#11167=CARTESIAN_POINT('Ctrl Pts',(45.5652479175431,46.1813274720501,13.4887013220412));
#11168=CARTESIAN_POINT('Ctrl Pts',(45.3647585140141,46.4947904224814,13.5121180202651));
#11169=CARTESIAN_POINT('Ctrl Pts',(44.671199399009,46.9301549003613,13.5589514167127));
#11170=CARTESIAN_POINT('Ctrl Pts',(43.5029844482187,46.5410048989253,13.6292015113841));
#11171=CARTESIAN_POINT('Ctrl Pts',(43.0627041098983,45.3908591076768,13.6994516060556));
#11172=CARTESIAN_POINT('Ctrl Pts',(43.6724433788426,44.3211012291011,13.769701700727));
#11173=CARTESIAN_POINT('Ctrl Pts',(44.4794323662788,44.1820499840041,13.8165350971747));
#11174=CARTESIAN_POINT('Ctrl Pts',(44.837989442512,44.2815077403814,13.8399517953985));
#11175=CARTESIAN_POINT('Ctrl Pts',(45.1355076145117,46.9043560996455,13.6953214712875));
#11176=CARTESIAN_POINT('Ctrl Pts',(44.9920525780807,46.9702516034019,13.703462136419));
#11177=CARTESIAN_POINT('Ctrl Pts',(44.3989253407744,47.1418806157816,13.7350194997743));
#11178=CARTESIAN_POINT('Ctrl Pts',(43.2833966022945,46.7702811854818,13.7899935613534));
#11179=CARTESIAN_POINT('Ctrl Pts',(42.7461466520942,45.3668213548006,13.8602436560249));
#11180=CARTESIAN_POINT('Ctrl Pts',(43.4223306720979,44.18048939357,13.9240877250965));
#11181=CARTESIAN_POINT('Ctrl Pts',(44.2146582549745,43.9513031156919,13.9645150959443));
#11182=CARTESIAN_POINT('Ctrl Pts',(44.544664010912,43.9591978436076,13.9815257685683));
#11183=CARTESIAN_POINT('Ctrl Pts',(44.3104448130752,47.0313124537827,14.2390124520172));
#11184=CARTESIAN_POINT('Ctrl Pts',(43.8771763891669,46.977679848053,14.2615280435218));
#11185=CARTESIAN_POINT('Ctrl Pts',(43.0624099013695,46.4816021863456,14.3065592265311));
#11186=CARTESIAN_POINT('Ctrl Pts',(42.8134853833045,45.0688659238804,14.374106001045));
#11187=CARTESIAN_POINT('Ctrl Pts',(43.4096299286827,44.3241853500109,14.4191371840542));
#11188=CARTESIAN_POINT('Ctrl Pts',(43.7984744334179,44.1256962201057,14.4416527755588));
#11189=CARTESIAN_POINT('Ctrl Pts',(44.3218492459027,46.9391822921109,14.1854151020274));
#11190=CARTESIAN_POINT('Ctrl Pts',(43.9146480624477,46.8887764482512,14.207930693532));
#11191=CARTESIAN_POINT('Ctrl Pts',(43.1489013341776,46.422544893432,14.2529618765413));
#11192=CARTESIAN_POINT('Ctrl Pts',(42.9149531562036,45.0948047530442,14.3205086510552));
#11193=CARTESIAN_POINT('Ctrl Pts',(43.4752311524593,44.3949272769978,14.3655398340644));
#11194=CARTESIAN_POINT('Ctrl Pts',(43.8406811455141,44.2083800832944,14.3880554255691));
#11195=CARTESIAN_POINT('Ctrl Pts',(44.3332536787302,46.8470521304392,14.1318177520376));
#11196=CARTESIAN_POINT('Ctrl Pts',(43.9521197357286,46.7998730484493,14.1543333435423));
#11197=CARTESIAN_POINT('Ctrl Pts',(43.2353927669856,46.3634876005184,14.1993645265515));
#11198=CARTESIAN_POINT('Ctrl Pts',(43.0164209291026,45.1207435822081,14.2669113010654));
#11199=CARTESIAN_POINT('Ctrl Pts',(43.5408323762359,44.4656692039846,14.3119424840747));
#11200=CARTESIAN_POINT('Ctrl Pts',(43.8828878576103,44.2910639464831,14.3344580755793));
#11201=CARTESIAN_POINT('Ctrl Pts',(44.3446581115577,46.7549219687675,14.0782204020479));
#11202=CARTESIAN_POINT('Ctrl Pts',(43.9895914090094,46.7109696486475,14.1007359935525));
#11203=CARTESIAN_POINT('Ctrl Pts',(43.3218841997937,46.3044303076047,14.1457671765618));
#11204=CARTESIAN_POINT('Ctrl Pts',(43.1178887020017,45.1466824113719,14.2133139510756));
#11205=CARTESIAN_POINT('Ctrl Pts',(43.6064336000125,44.5364111309714,14.2583451340849));
#11206=CARTESIAN_POINT('Ctrl Pts',(43.9250945697064,44.3737478096719,14.2808607255895));
#11207=CARTESIAN_POINT('Ctrl Pts',(43.9751252698569,46.9496804712203,14.2568498223334));
#11208=CARTESIAN_POINT('Ctrl Pts',(43.6733288138823,46.8389074016002,14.2734196237326));
#11209=CARTESIAN_POINT('Ctrl Pts',(43.0404983749175,46.3572463847346,14.3125050166365));
#11210=CARTESIAN_POINT('Ctrl Pts',(42.8270558352449,45.1458831245293,14.3704235985866));
#11211=CARTESIAN_POINT('Ctrl Pts',(43.3172272613718,44.4472954254588,14.4117723791375));
#11212=CARTESIAN_POINT('Ctrl Pts',(43.6154094239755,44.2364900416884,14.4306055681838));
#11213=CARTESIAN_POINT('Ctrl Pts',(44.3446581115577,46.7549219687674,14.0782204020479));
#11214=CARTESIAN_POINT('Ctrl Pts',(43.9895914090094,46.7109696486475,14.1007359935525));
#11215=CARTESIAN_POINT('Ctrl Pts',(43.6557378044016,46.5076999781261,14.1232515850571));
#11216=CARTESIAN_POINT('Ctrl Pts',(43.4548117524656,46.2131071601599,14.1457671765618));
#11217=CARTESIAN_POINT('Ctrl Pts',(43.2538857005297,45.9185143421938,14.1682827680664));
#11218=CARTESIAN_POINT('Ctrl Pts',(43.1858872012657,45.5325983767828,14.190798359571));
#11219=CARTESIAN_POINT('Ctrl Pts',(43.2740241761364,45.1870725739772,14.2133139510756));
#11220=CARTESIAN_POINT('Ctrl Pts',(43.3621611510071,44.8415467711717,14.2358295425803));
#11221=CARTESIAN_POINT('Ctrl Pts',(43.6064336000125,44.5364111309714,14.2583451340849));
#11222=CARTESIAN_POINT('Ctrl Pts',(43.9250945697064,44.3737478096719,14.2808607255895));
#11223=CARTESIAN_POINT('Origin',(44.5,45.5,-1.10421172358874));
#11224=CARTESIAN_POINT('Ctrl Pts',(46.0444477831901,45.5010771103094,0.145788276411268));
#11225=CARTESIAN_POINT('Ctrl Pts',(46.0450198824543,45.5713057135359,0.14942084713239));
#11226=CARTESIAN_POINT('Ctrl Pts',(46.0087560161103,46.1524460819333,0.179509921065507));
#11227=CARTESIAN_POINT('Ctrl Pts',(45.2709259406296,47.1528418056961,0.23605549821062));
#11228=CARTESIAN_POINT('Ctrl Pts',(43.5298802585618,47.0441186031212,0.315425007846607));
#11229=CARTESIAN_POINT('Ctrl Pts',(42.6764959026034,45.5228148747817,0.394794517482593));
#11230=CARTESIAN_POINT('Ctrl Pts',(43.4916192254199,43.980486973486,0.47416402711858));
#11231=CARTESIAN_POINT('Ctrl Pts',(45.2294121802966,43.8285912247702,0.553533536754566));
#11232=CARTESIAN_POINT('Ctrl Pts',(46.0009223796558,44.8214000469655,0.610741619852129));
#11233=CARTESIAN_POINT('Ctrl Pts',(46.0448196903678,45.4156528872038,0.641493199737696));
#11234=CARTESIAN_POINT('Ctrl Pts',(46.0440931069,45.4987596786999,0.645788276411268));
#11235=CARTESIAN_POINT('Origin',(44.5,45.5,-1.10421172358874));
#11236=CARTESIAN_POINT('Ctrl Pts',(45.0401134330368,46.9453810845079,13.7423301797196));
#11237=CARTESIAN_POINT('Ctrl Pts',(44.6212089399444,47.1019183093988,13.7653935508518));
#11238=CARTESIAN_POINT('Ctrl Pts',(43.6429993438267,47.0264840954107,13.8115202931163));
#11239=CARTESIAN_POINT('Ctrl Pts',(42.7788814991031,45.8300667130921,13.880710406513));
#11240=CARTESIAN_POINT('Ctrl Pts',(43.1390870290798,44.3988552757224,13.9499005199098));
#11241=CARTESIAN_POINT('Ctrl Pts',(44.0199904197721,43.9668905192391,13.9960272621743));
#11242=CARTESIAN_POINT('Ctrl Pts',(44.467085349969,43.9573511009263,14.0190906333065));
#11243=CARTESIAN_POINT('Ctrl Pts',(43.5418838472776,46.3252112989365,-2.08166817117217E-15));
#11244=CARTESIAN_POINT('Ctrl Pts',(43.2675322631326,46.0066738714521,0.0264565032119934));
#11245=CARTESIAN_POINT('Ctrl Pts',(43.066329818832,45.0798677875799,0.0793695096359845));
#11246=CARTESIAN_POINT('Ctrl Pts',(44.0769006331731,44.0656706010951,0.158739019271971));
#11247=CARTESIAN_POINT('Ctrl Pts',(45.4745626837973,44.3674763850223,0.238108528907958));
#11248=CARTESIAN_POINT('Ctrl Pts',(45.980499321891,45.7037693403352,0.317478038543944));
#11249=CARTESIAN_POINT('Ctrl Pts',(45.1317795540674,46.8545161784205,0.396847548179931));
#11250=CARTESIAN_POINT('Ctrl Pts',(43.7049796415758,46.7654167035948,0.476217057815917));
#11251=CARTESIAN_POINT('Ctrl Pts',(43.0056248015826,45.5186969599231,0.555586567451905));
#11252=CARTESIAN_POINT('Ctrl Pts',(43.673624439756,44.2547477498206,0.63495607708789));
#11253=CARTESIAN_POINT('Ctrl Pts',(45.0977587180719,44.1302680516667,0.714325586723878));
#11254=CARTESIAN_POINT('Ctrl Pts',(45.9749430800776,45.2590624266658,0.793695096359864));
#11255=CARTESIAN_POINT('Ctrl Pts',(45.5025530842182,46.6083313601947,0.873064605995851));
#11256=CARTESIAN_POINT('Ctrl Pts',(44.1128259841543,46.9434675512922,0.952434115631836));
#11257=CARTESIAN_POINT('Ctrl Pts',(43.0773635101165,45.9578338060767,1.03180362526782));
#11258=CARTESIAN_POINT('Ctrl Pts',(43.3436148501532,44.5532794481438,1.11117313490381));
#11259=CARTESIAN_POINT('Ctrl Pts',(44.6679597693298,44.0149764866242,1.1905426445398));
#11260=CARTESIAN_POINT('Ctrl Pts',(45.8386213289184,44.8354709504179,1.26991215417578));
#11261=CARTESIAN_POINT('Ctrl Pts',(45.7844430260275,46.2640104631044,1.34928166381177));
#11262=CARTESIAN_POINT('Ctrl Pts',(44.5549980610931,46.9934794793268,1.42865117344776));
#11263=CARTESIAN_POINT('Ctrl Pts',(43.275229815118,46.356413347631,1.50802068308374));
#11264=CARTESIAN_POINT('Ctrl Pts',(43.1161275209456,44.9357281003992,1.58739019271973));
#11265=CARTESIAN_POINT('Ctrl Pts',(44.2232699380494,44.0313522300073,1.66675970235572));
#11266=CARTESIAN_POINT('Ctrl Pts',(45.5836206403411,44.4707905367212,1.7461292119917));
#11267=CARTESIAN_POINT('Ctrl Pts',(45.952457366058,45.8519565437108,1.82549872162769));
#11268=CARTESIAN_POINT('Ctrl Pts',(44.992294139908,46.9110819561534,1.90486823126368));
#11269=CARTESIAN_POINT('Ctrl Pts',(43.5816812802459,46.6790659598824,1.98423774089966));
#11270=CARTESIAN_POINT('Ctrl Pts',(43.0113309734559,45.3682034228367,2.06360725053565));
#11271=CARTESIAN_POINT('Ctrl Pts',(43.8031143243186,44.1779348869289,2.14297676017163));
#11272=CARTESIAN_POINT('Ctrl Pts',(45.2325487698532,44.1973572599618,2.22234626980763));
#11273=CARTESIAN_POINT('Ctrl Pts',(45.9917003536531,45.4086990513553,2.30171577944361));
#11274=CARTESIAN_POINT('Ctrl Pts',(45.3859446124454,46.7035813026031,2.3810852890796));
#11275=CARTESIAN_POINT('Ctrl Pts',(43.969548659136,46.8971854505759,2.46045479871558));
#11276=CARTESIAN_POINT('Ctrl Pts',(43.0385162166231,45.8123635049738,2.53982430835157));
#11277=CARTESIAN_POINT('Ctrl Pts',(43.4447429069014,44.44172863793,2.61919381798755));
#11278=CARTESIAN_POINT('Ctrl Pts',(44.8165308994943,44.0394131323398,2.69856332762355));
#11279=CARTESIAN_POINT('Ctrl Pts',(45.8986928004576,44.9735360807592,2.77793283725953));
#11280=CARTESIAN_POINT('Ctrl Pts',(45.7010493812007,46.3893740451755,2.85730234689551));
#11281=CARTESIAN_POINT('Ctrl Pts',(44.4044445692741,46.9914338630907,2.9366718565315));
#11282=CARTESIAN_POINT('Ctrl Pts',(43.1952730726394,46.228830195131,3.01604136616748));
#11283=CARTESIAN_POINT('Ctrl Pts',(43.1799280277635,44.7993461650501,3.09541087580348));
#11284=CARTESIAN_POINT('Ctrl Pts',(44.3724501661525,44.0109610991648,3.17478038543946));
#11285=CARTESIAN_POINT('Ctrl Pts',(45.6816805308927,44.5850481262799,3.25414989507545));
#11286=CARTESIAN_POINT('Ctrl Pts',(45.9096720204899,45.9963170387591,3.33351940471143));
#11287=CARTESIAN_POINT('Ctrl Pts',(44.8478121924866,46.9534553612246,3.41288891434742));
#11288=CARTESIAN_POINT('Ctrl Pts',(43.4677038582808,46.5806805652487,3.49225842398341));
#11289=CARTESIAN_POINT('Ctrl Pts',(43.0321475327669,45.2190819643521,3.5716279336194));
#11290=CARTESIAN_POINT('Ctrl Pts',(43.9396776921829,44.1145236488206,3.65099744325538));
#11291=CARTESIAN_POINT('Ctrl Pts',(45.3599033272228,44.2776775891175,3.73036695289137));
#11292=CARTESIAN_POINT('Ctrl Pts',(45.9933165523506,45.5592577656543,3.80973646252736));
#11293=CARTESIAN_POINT('Ctrl Pts',(45.260343629036,46.7866170269739,3.88910597216333));
#11294=CARTESIAN_POINT('Ctrl Pts',(43.8316555198583,46.8367204136163,3.96847548179934));
#11295=CARTESIAN_POINT('Ctrl Pts',(43.0145032827071,45.6637232763743,4.0478449914353));
#11296=CARTESIAN_POINT('Ctrl Pts',(43.5565820370498,44.3409191764603,4.12721450107131));
#11297=CARTESIAN_POINT('Ctrl Pts',(44.9618891770537,44.0786751967143,4.20658401070728));
#11298=CARTESIAN_POINT('Ctrl Pts',(45.9445672551563,45.1169448425556,4.28595352034327));
#11299=CARTESIAN_POINT('Ctrl Pts',(45.6054648408162,46.5057103430084,4.36532302997926));
#11300=CARTESIAN_POINT('Ctrl Pts',(44.2548609844652,46.9742498673486,4.44469253961524));
#11301=CARTESIAN_POINT('Ctrl Pts',(43.128559574064,46.0938492792142,4.52406204925123));
#11302=CARTESIAN_POINT('Ctrl Pts',(43.257127533766,44.6700760028822,4.60343155888722));
#11303=CARTESIAN_POINT('Ctrl Pts',(44.5229250510386,44.0056840192417,4.68280106852321));
#11304=CARTESIAN_POINT('Ctrl Pts',(45.7677461235365,44.7085926620426,4.76217057815919));
#11305=CARTESIAN_POINT('Ctrl Pts',(45.8525782169964,46.1356398156357,4.84154008779518));
#11306=CARTESIAN_POINT('Ctrl Pts',(44.699799880518,46.9810758981428,4.92090959743117));
#11307=CARTESIAN_POINT('Ctrl Pts',(43.3642044522645,46.4713260431281,5.00027910706715));
#11308=CARTESIAN_POINT('Ctrl Pts',(43.0678630933813,45.0728118809995,5.07964861670315));
#11309=CARTESIAN_POINT('Ctrl Pts',(44.0819284455176,44.0651752777265,5.15901812633912));
#11310=CARTESIAN_POINT('Ctrl Pts',(45.4785296907996,44.3704047395025,5.23838763597512));
#11311=CARTESIAN_POINT('Ctrl Pts',(45.9797752840976,45.7092150015853,5.3177571456111));
#11312=CARTESIAN_POINT('Ctrl Pts',(45.1270250030343,46.8565933266401,5.39712665524708));
#11313=CARTESIAN_POINT('Ctrl Pts',(43.7005462130862,46.7626873923913,5.47649616488308));
#11314=CARTESIAN_POINT('Ctrl Pts',(43.0055684428243,45.5134212231939,5.55586567451905));
#11315=CARTESIAN_POINT('Ctrl Pts',(43.6779970515419,44.2518746212656,5.63523518415504));
#11316=CARTESIAN_POINT('Ctrl Pts',(45.1025591854549,44.1323639971327,5.71460469379104));
#11317=CARTESIAN_POINT('Ctrl Pts',(45.9757790581933,45.2642416921661,5.79397420342701));
#11318=CARTESIAN_POINT('Ctrl Pts',(45.498659607295,46.6118384761609,5.87334371306301));
#11319=CARTESIAN_POINT('Ctrl Pts',(44.1077656105586,46.9421019353896,5.95271322269899));
#11320=CARTESIAN_POINT('Ctrl Pts',(43.0757664749498,45.9528406722432,6.03208273233497));
#11321=CARTESIAN_POINT('Ctrl Pts',(43.3469424482706,44.5492297382048,6.11145224197097));
#11322=CARTESIAN_POINT('Ctrl Pts',(44.6731672419904,44.0155745506708,6.19082175160694));
#11323=CARTESIAN_POINT('Ctrl Pts',(45.8409438349941,44.8401701433657,6.27019126124295));
#11324=CARTESIAN_POINT('Ctrl Pts',(45.7817554693016,46.2685107190078,6.34956077087892));
#11325=CARTESIAN_POINT('Ctrl Pts',(44.5497595590955,46.9936632132423,6.42893028051492));
#11326=CARTESIAN_POINT('Ctrl Pts',(43.2722336022334,46.3521123639696,6.50829979015089));
#11327=CARTESIAN_POINT('Ctrl Pts',(43.1181151350897,44.9308778440031,6.58766929978689));
#11328=CARTESIAN_POINT('Ctrl Pts',(44.2284227102231,44.0303906696022,6.66703880942287));
#11329=CARTESIAN_POINT('Ctrl Pts',(45.5872237788482,44.4745975116953,6.74640831905886));
#11330=CARTESIAN_POINT('Ctrl Pts',(45.9512139955231,45.8570486626673,6.82577782869484));
#11331=CARTESIAN_POINT('Ctrl Pts',(44.9873419456295,46.912799927925,6.90514733833084));
#11332=CARTESIAN_POINT('Ctrl Pts',(43.5775515249693,46.6758378371306,6.98451684796681));
#11333=CARTESIAN_POINT('Ctrl Pts',(43.0118023874179,45.3629829418665,7.06388635760282));
#11334=CARTESIAN_POINT('Ctrl Pts',(43.8077555632684,44.1754987927039,7.14325586723878));
#11335=CARTESIAN_POINT('Ctrl Pts',(45.237113095481,44.199934581344,7.22262537687478));
#11336=CARTESIAN_POINT('Ctrl Pts',(45.9920114034149,45.4139315365862,7.30199488651076));
#11337=CARTESIAN_POINT('Ctrl Pts',(45.3817177754965,46.7066812224811,7.38136439614676));
#11338=CARTESIAN_POINT('Ctrl Pts',(43.9646514955388,46.8953163752661,7.46073390578274));
#11339=CARTESIAN_POINT('Ctrl Pts',(43.0374296359981,45.8072356402796,7.54010341541872));
#11340=CARTESIAN_POINT('Ctrl Pts',(43.4484611316142,44.4380339852007,7.6194729250547));
#11341=CARTESIAN_POINT('Ctrl Pts',(44.8216517501902,44.0405323025452,7.6988424346907));
#11342=CARTESIAN_POINT('Ctrl Pts',(45.9005306935956,44.9784450320329,7.77821194432668));
#11343=CARTESIAN_POINT('Ctrl Pts',(45.6979226427097,46.3935810821622,7.85758145396268));
#11344=CARTESIAN_POINT('Ctrl Pts',(44.3992141680204,46.9910895427126,7.93695096359865));
#11345=CARTESIAN_POINT('Ctrl Pts',(43.1927248310347,46.224249570881,8.01632047323465));
#11346=CARTESIAN_POINT('Ctrl Pts',(43.1823935894408,44.7947205127271,8.09568998287062));
#11347=CARTESIAN_POINT('Ctrl Pts',(44.3776735396957,44.0105228953005,8.17505949250662));
#11348=CARTESIAN_POINT('Ctrl Pts',(45.6848823242522,44.589198327851,8.2544290021426));
#11349=CARTESIAN_POINT('Ctrl Pts',(45.9079225895192,46.0012582071509,8.33379851177859));
#11350=CARTESIAN_POINT('Ctrl Pts',(44.8427122682848,46.9546663223852,8.41316802141457));
#11351=CARTESIAN_POINT('Ctrl Pts',(43.4639198766256,46.5770532884975,8.49253753105057));
#11352=CARTESIAN_POINT('Ctrl Pts',(43.0331418406815,45.213935411567,8.57190704068654));
#11353=CARTESIAN_POINT('Ctrl Pts',(43.9445404969246,44.1125669209804,8.65127655032253));
#11354=CARTESIAN_POINT('Ctrl Pts',(45.3641851575587,44.2807010941651,8.73064605995853));
#11355=CARTESIAN_POINT('Ctrl Pts',(45.9930995292133,45.5644949934282,8.8100155695945));
#11356=CARTESIAN_POINT('Ctrl Pts',(45.2558263288149,46.7892759087895,8.88938507923051));
#11357=CARTESIAN_POINT('Ctrl Pts',(43.8269712768022,46.8343680699362,8.96875458886648));
#11358=CARTESIAN_POINT('Ctrl Pts',(43.0139381839272,45.6585121040334,9.04812409850247));
#11359=CARTESIAN_POINT('Ctrl Pts',(43.5606531484985,44.3376174033957,9.12749360813846));
#11360=CARTESIAN_POINT('Ctrl Pts',(44.9668714276577,44.0803039486032,9.20686311777444));
#11361=CARTESIAN_POINT('Ctrl Pts',(45.9459018805985,45.1220138097805,9.28623262741043));
#11362=CARTESIAN_POINT('Ctrl Pts',(45.6019306574734,46.5095814154563,9.36560213704641));
#11363=CARTESIAN_POINT('Ctrl Pts',(44.2496917736535,46.9733810098335,9.4449716466824));
#11364=CARTESIAN_POINT('Ctrl Pts',(43.1264851688789,46.0890354972368,9.52434115631839));
#11365=CARTESIAN_POINT('Ctrl Pts',(43.2600460170398,44.665721911797,9.60371066595438));
#11366=CARTESIAN_POINT('Ctrl Pts',(44.5281660076382,44.0057736167741,9.68308017559036));
#11367=CARTESIAN_POINT('Ctrl Pts',(45.7705140728983,44.7130439663602,9.76244968522636));
#11368=CARTESIAN_POINT('Ctrl Pts',(45.8503404826683,46.1403798788077,9.84181919486232));
#11369=CARTESIAN_POINT('Ctrl Pts',(44.6946039916625,46.981767557596,9.92118870449834));
#11370=CARTESIAN_POINT('Ctrl Pts',(43.3608046524141,46.4673364297664,10.0005582141343));
#11371=CARTESIAN_POINT('Ctrl Pts',(43.0693702028211,45.0677914950648,10.0799277237703));
#11372=CARTESIAN_POINT('Ctrl Pts',(44.0869634575932,44.0637177774019,10.1592972334063));
#11373=CARTESIAN_POINT('Ctrl Pts',(45.482485564394,44.3738437390522,10.2386667430423));
#11374=CARTESIAN_POINT('Ctrl Pts',(45.9790323908904,45.7144038129598,10.3180362526783));
#11375=CARTESIAN_POINT('Ctrl Pts',(45.1222630910577,46.8587841822092,10.3974057623142));
#11376=CARTESIAN_POINT('Ctrl Pts',(43.6961224365918,46.7598756571041,10.4767752719502));
#11377=CARTESIAN_POINT('Ctrl Pts',(43.005530561757,45.5081796376684,10.5561447815862));
#11378=CARTESIAN_POINT('Ctrl Pts',(43.6823797271166,44.2489992415331,10.6355142912222));
#11379=CARTESIAN_POINT('Ctrl Pts',(45.1073522651092,44.1344857985428,10.7148838008582));
#11380=CARTESIAN_POINT('Ctrl Pts',(45.9765968692196,45.2694192242927,10.7942533104942));
#11381=CARTESIAN_POINT('Ctrl Pts',(45.4947538517807,46.6153342918972,10.8736228201302));
#11382=CARTESIAN_POINT('Ctrl Pts',(44.102710058731,46.940717359818,10.9529923297661));
#11383=CARTESIAN_POINT('Ctrl Pts',(43.0741869618187,45.9478425934055,11.0323618394021));
#11384=CARTESIAN_POINT('Ctrl Pts',(43.3502842299425,44.5451914032679,11.1117313490381));
#11385=CARTESIAN_POINT('Ctrl Pts',(44.6783725848685,44.0161910401669,11.1911008586741));
#11386=CARTESIAN_POINT('Ctrl Pts',(45.8432498451125,44.8448773687848,11.2704703683101));
#11387=CARTESIAN_POINT('Ctrl Pts',(45.7790521450677,46.2730015643546,11.3498398779461));
#11388=CARTESIAN_POINT('Ctrl Pts',(44.5445204449302,46.9938285505021,11.4292093875821));
#11389=CARTESIAN_POINT('Ctrl Pts',(43.2692524928204,46.3478009093879,11.5085788972181));
#11390=CARTESIAN_POINT('Ctrl Pts',(43.1201197486416,44.9260345828527,11.587948406854));
#11391=CARTESIAN_POINT('Ctrl Pts',(44.233578823129,44.029447190728,11.66731791649));
#11392=CARTESIAN_POINT('Ctrl Pts',(45.5908135429864,44.478417099183,11.746687426126));
#11393=CARTESIAN_POINT('Ctrl Pts',(45.9499527723592,45.8621363901867,11.826056935762));
#11394=CARTESIAN_POINT('Ctrl Pts',(44.9823837570603,46.9145005195479,11.905426445398));
#11395=CARTESIAN_POINT('Ctrl Pts',(43.573433115734,46.6725952500576,11.984795955034));
#11396=CARTESIAN_POINT('Ctrl Pts',(43.0122921115545,45.3577641460517,12.06416546467));
#11397=CARTESIAN_POINT('Ctrl Pts',(43.8124053120905,44.1730789925086,12.1435349743059));
#11398=CARTESIAN_POINT('Ctrl Pts',(45.2416683648144,44.2025278945543,12.2229044839419));
#11399=CARTESIAN_POINT('Ctrl Pts',(45.9923040769287,45.4191650825681,12.3022739935779));
#11400=CARTESIAN_POINT('Ctrl Pts',(45.377480135196,46.709766294447,12.3816435032139));
#11401=CARTESIAN_POINT('Ctrl Pts',(43.9597608334236,46.8934301428026,12.4610130128499));
#11402=CARTESIAN_POINT('Ctrl Pts',(43.0363612113311,45.8021039815959,12.5403825224859));
#11403=CARTESIAN_POINT('Ctrl Pts',(43.4521919721887,44.4343524246038,12.6197520321218));
#11404=CARTESIAN_POINT('Ctrl Pts',(44.8267692672842,44.0416693714066,12.6991215417579));
#11405=CARTESIAN_POINT('Ctrl Pts',(45.9023501431915,44.9833605066682,12.7784910513938));
#11406=CARTESIAN_POINT('Ctrl Pts',(45.6947835357883,46.397776917322,12.8578605610298));
#11407=CARTESIAN_POINT('Ctrl Pts',(44.3939803910074,46.990727287676,12.9372300706658));
#11408=CARTESIAN_POINT('Ctrl Pts',(43.1902016677751,46.2196592417364,13.0165995803018));
#11409=CARTESIAN_POINT('Ctrl Pts',(43.1848578230172,44.7901050870258,13.0959690899378));
#11410=CARTESIAN_POINT('Ctrl Pts',(44.3829326011211,44.0100999919205,13.1753385995738));
#11411=CARTESIAN_POINT('Ctrl Pts',(45.6880029103863,44.5933656255362,13.2547081092097));
#11412=CARTESIAN_POINT('Ctrl Pts',(45.9062857278415,46.0061817205409,13.3340776188458));
#11413=CARTESIAN_POINT('Ctrl Pts',(44.8373548431379,46.9558818276191,13.4134471284817));
#11414=CARTESIAN_POINT('Ctrl Pts',(43.4606434198098,46.5733685584867,13.4928166381177));
#11415=CARTESIAN_POINT('Ctrl Pts',(43.0331785998503,45.208883393062,13.5721861477537));
#11416=CARTESIAN_POINT('Ctrl Pts',(43.951428038389,44.1103993137531,13.6515556573897));
#11417=CARTESIAN_POINT('Ctrl Pts',(44.8926746382591,44.2266179823402,13.7044686638137));
#11418=CARTESIAN_POINT('Ctrl Pts',(45.2348070071454,44.47091355453,13.7309251670257));
#11419=CARTESIAN_POINT('Ctrl Pts',(43.4715437000434,46.3857942294107,-0.0535973499897723));
#11420=CARTESIAN_POINT('Ctrl Pts',(43.1770505800648,46.0438713601035,-0.0271408467777768));
#11421=CARTESIAN_POINT('Ctrl Pts',(42.9610768478407,45.0490237593318,0.0257721596462144));
#11422=CARTESIAN_POINT('Ctrl Pts',(44.0458387711298,43.9603692335994,0.105141669282201));
#11423=CARTESIAN_POINT('Ctrl Pts',(45.5461102539666,44.2843321048663,0.184511178918187));
#11424=CARTESIAN_POINT('Ctrl Pts',(46.0891902566865,45.7187290770648,0.263880688554174));
#11425=CARTESIAN_POINT('Ctrl Pts',(45.1781616829215,46.953958054179,0.34325019819016));
#11426=CARTESIAN_POINT('Ctrl Pts',(43.6466131805711,46.8583173367703,0.422619707826147));
#11427=CARTESIAN_POINT('Ctrl Pts',(42.8959151685896,45.5200695982093,0.501989217462134));
#11428=CARTESIAN_POINT('Ctrl Pts',(43.6129560349772,44.1633274910423,0.58135872709812));
#11429=CARTESIAN_POINT('Ctrl Pts',(45.1416432054803,44.0297091093679,0.660728236734107));
#11430=CARTESIAN_POINT('Ctrl Pts',(46.083226103091,45.2413739821755,0.740097746370094));
#11431=CARTESIAN_POINT('Ctrl Pts',(45.5761555710918,46.6896995647063,0.819467256006081));
#11432=CARTESIAN_POINT('Ctrl Pts',(44.0844015836236,47.049439796721,0.898836765642066));
#11433=CARTESIAN_POINT('Ctrl Pts',(42.9729205781453,45.991445698786,0.978206275278053));
#11434=CARTESIAN_POINT('Ctrl Pts',(43.2587187741726,44.4837759095403,1.05757578491404));
#11435=CARTESIAN_POINT('Ctrl Pts',(44.6802905445396,43.9059534080754,1.13694529455003));
#11436=CARTESIAN_POINT('Ctrl Pts',(45.9368962834732,44.7866845156455,1.21631480418601));
#11437=CARTESIAN_POINT('Ctrl Pts',(45.8787404776549,46.3201003310298,1.295684313822));
#11438=CARTESIAN_POINT('Ctrl Pts',(44.5590357466116,47.1031233530562,1.37505382345798));
#11439=CARTESIAN_POINT('Ctrl Pts',(43.1853132482301,46.4192869781346,1.45442333309397));
#11440=CARTESIAN_POINT('Ctrl Pts',(43.0145304508476,44.8943020495124,1.53379284272996));
#11441=CARTESIAN_POINT('Ctrl Pts',(44.202953786144,43.9235313775115,1.61316235236595));
#11442=CARTESIAN_POINT('Ctrl Pts',(45.663174706068,44.3952310703911,1.69253186200193));
#11443=CARTESIAN_POINT('Ctrl Pts',(46.0590895992061,45.8777954516911,1.77190137163792));
#11444=CARTESIAN_POINT('Ctrl Pts',(45.0284359398195,47.0146766114293,1.85127088127391));
#11445=CARTESIAN_POINT('Ctrl Pts',(43.514262863625,46.7656271487124,1.93064039090989));
#11446=CARTESIAN_POINT('Ctrl Pts',(42.902040259368,45.3585275702626,2.01000990054588));
#11447=CARTESIAN_POINT('Ctrl Pts',(43.7519524261567,44.0808754078224,2.08937941018186));
#11448=CARTESIAN_POINT('Ctrl Pts',(45.2863288759305,44.1017236753828,2.16874891981785));
#11449=CARTESIAN_POINT('Ctrl Pts',(46.1012136127785,45.4019961874572,2.24811842945384));
#11450=CARTESIAN_POINT('Ctrl Pts',(45.4509862822928,46.7919422865954,2.32748793908982));
#11451=CARTESIAN_POINT('Ctrl Pts',(43.9306055463298,46.9997598931712,2.40685744872581));
#11452=CARTESIAN_POINT('Ctrl Pts',(42.9312213085776,45.835295687954,2.4862269583618));
#11453=CARTESIAN_POINT('Ctrl Pts',(43.3672711524719,44.3640355907871,2.56559646799778));
#11454=CARTESIAN_POINT('Ctrl Pts',(44.8397690319601,43.9321840714083,2.64496597763377));
#11455=CARTESIAN_POINT('Ctrl Pts',(46.001377905223,44.9348857047191,2.72433548726976));
#11456=CARTESIAN_POINT('Ctrl Pts',(45.7892244840515,46.4546674870052,2.80370499690574));
#11457=CARTESIAN_POINT('Ctrl Pts',(44.3974293623525,47.1009275577977,2.88307450654173));
#11458=CARTESIAN_POINT('Ctrl Pts',(43.0994864773397,46.2823373018515,2.96244401617772));
#11459=CARTESIAN_POINT('Ctrl Pts',(43.083014875195,44.7479076272793,3.0418135258137));
#11460=CARTESIAN_POINT('Ctrl Pts',(44.3630860884602,43.9016432307366,3.12118303544969));
#11461=CARTESIAN_POINT('Ctrl Pts',(45.7684336685896,44.5178768868359,3.20055254508568));
#11462=CARTESIAN_POINT('Ctrl Pts',(46.0131631652656,46.0327541799992,3.27992205472166));
#11463=CARTESIAN_POINT('Ctrl Pts',(44.873346842706,47.0601608622397,3.35929156435765));
#11464=CARTESIAN_POINT('Ctrl Pts',(43.3919177832924,46.6600187852096,3.43866107399363));
#11465=CARTESIAN_POINT('Ctrl Pts',(42.9243850674645,45.1984583521396,3.51803058362963));
#11466=CARTESIAN_POINT('Ctrl Pts',(43.8985416007827,44.0128088303671,3.5974000932656));
#11467=CARTESIAN_POINT('Ctrl Pts',(45.4230331747598,44.1879407256851,3.6767696029016));
#11468=CARTESIAN_POINT('Ctrl Pts',(46.1029484647877,45.5636081776049,3.75613911253758));
#11469=CARTESIAN_POINT('Ctrl Pts',(45.3161642961472,46.881074082994,3.83550862217357));
#11470=CARTESIAN_POINT('Ctrl Pts',(43.7825889750528,46.9348558123753,3.91487813180956));
#11471=CARTESIAN_POINT('Ctrl Pts',(42.905445463868,45.6757430292332,3.99424764144554));
#11472=CARTESIAN_POINT('Ctrl Pts',(43.4873209581828,44.2558251974551,4.07361715108153));
#11473=CARTESIAN_POINT('Ctrl Pts',(44.9957987950344,43.974328562283,4.15298666071752));
#11474=CARTESIAN_POINT('Ctrl Pts',(46.0506202354017,45.0888228282289,4.2323561703535));
#11475=CARTESIAN_POINT('Ctrl Pts',(45.6866225996582,46.5795446202004,4.31172567998949));
#11476=CARTESIAN_POINT('Ctrl Pts',(44.236864090877,47.0824819981135,4.39109518962548));
#11477=CARTESIAN_POINT('Ctrl Pts',(43.027875203793,46.137446754965,4.47046469926146));
#11478=CARTESIAN_POINT('Ctrl Pts',(43.1658819869501,44.6091470894257,4.54983420889745));
#11479=CARTESIAN_POINT('Ctrl Pts',(44.5246080948542,43.8959787337161,4.62920371853343));
#11480=CARTESIAN_POINT('Ctrl Pts',(45.8608177711982,44.6504914511237,4.70857322816943));
#11481=CARTESIAN_POINT('Ctrl Pts',(45.9518778172162,46.1823053457938,4.78794273780541));
#11482=CARTESIAN_POINT('Ctrl Pts',(44.7144681991483,47.0898091623139,4.8673122474414));
#11483=CARTESIAN_POINT('Ctrl Pts',(43.2808199629949,46.5426359951542,4.94668175707738));
#11484=CARTESIAN_POINT('Ctrl Pts',(42.9627226878209,45.0414498430025,5.02605126671337));
#11485=CARTESIAN_POINT('Ctrl Pts',(44.0512357005794,43.9598375460399,5.10542077634935));
#11486=CARTESIAN_POINT('Ctrl Pts',(45.5503684989945,44.2874754446432,5.18479028598534));
#11487=CARTESIAN_POINT('Ctrl Pts',(46.0884130636208,45.724574531819,5.26415979562133));
#11488=CARTESIAN_POINT('Ctrl Pts',(45.1730580762768,46.9561876963434,5.34352930525731));
#11489=CARTESIAN_POINT('Ctrl Pts',(43.6418542716982,46.8553876530425,5.42289881489331));
#11490=CARTESIAN_POINT('Ctrl Pts',(42.8958546722501,45.5144065429936,5.50226832452928));
#11491=CARTESIAN_POINT('Ctrl Pts',(43.6176496622852,44.1602434316049,5.58163783416528));
#11492=CARTESIAN_POINT('Ctrl Pts',(45.1467960994259,44.0319589287794,5.66100734380125));
#11493=CARTESIAN_POINT('Ctrl Pts',(46.0841234545837,45.2469334837222,5.74037685343726));
#11494=CARTESIAN_POINT('Ctrl Pts',(45.5719762543575,46.6934641557736,5.81974636307323));
#11495=CARTESIAN_POINT('Ctrl Pts',(44.078969702437,47.047973924056,5.89911587270923));
#11496=CARTESIAN_POINT('Ctrl Pts',(42.9712062965587,45.9860859937721,5.9784853823452));
#11497=CARTESIAN_POINT('Ctrl Pts',(43.262290668079,44.4794288899353,6.0578548919812));
#11498=CARTESIAN_POINT('Ctrl Pts',(44.6858803240767,43.9065953790251,6.13722440161718));
#11499=CARTESIAN_POINT('Ctrl Pts',(45.9393892964533,44.7917287000883,6.21659391125317));
#11500=CARTESIAN_POINT('Ctrl Pts',(45.8758556138122,46.3249309734546,6.29596342088915));
#11501=CARTESIAN_POINT('Ctrl Pts',(44.5534126597171,47.1033205758067,6.37533293052514));
#11502=CARTESIAN_POINT('Ctrl Pts',(43.1820970682205,46.4146702375337,6.45470244016113));
#11503=CARTESIAN_POINT('Ctrl Pts',(43.0166639857876,44.8890957112905,6.53407194979711));
#11504=CARTESIAN_POINT('Ctrl Pts',(44.2084848493551,43.9224992240992,6.61344145943311));
#11505=CARTESIAN_POINT('Ctrl Pts',(45.6670423691763,44.3993175346311,6.69281096906908));
#11506=CARTESIAN_POINT('Ctrl Pts',(46.0577549465586,45.883261408826,6.77218047870507));
#11507=CARTESIAN_POINT('Ctrl Pts',(45.0231201799402,47.0165207081877,6.85154998834107));
#11508=CARTESIAN_POINT('Ctrl Pts',(43.5098299221497,46.762162033161,6.93091949797704));
#11509=CARTESIAN_POINT('Ctrl Pts',(42.9025462822105,45.3529238274101,7.01028900761304));
#11510=CARTESIAN_POINT('Ctrl Pts',(43.7569344019057,44.0782604676131,7.08965851724902));
#11511=CARTESIAN_POINT('Ctrl Pts',(45.2912282917618,44.1044902109484,7.16902802688501));
#11512=CARTESIAN_POINT('Ctrl Pts',(46.1015474982748,45.4076128158638,7.248397536521));
#11513=CARTESIAN_POINT('Ctrl Pts',(45.4464491318892,46.7952697872526,7.32776704615698));
#11514=CARTESIAN_POINT('Ctrl Pts',(43.9253488572121,46.9977535996003,7.40713655579296));
#11515=CARTESIAN_POINT('Ctrl Pts',(42.9300549565795,45.8297913608062,7.48650606542896));
#11516=CARTESIAN_POINT('Ctrl Pts',(43.3712623508456,44.3600696949354,7.56587557506494));
#11517=CARTESIAN_POINT('Ctrl Pts',(44.8452658301765,43.9333854055526,7.64524508470092));
#11518=CARTESIAN_POINT('Ctrl Pts',(46.0033507273815,44.9401550469061,7.72461459433692));
#11519=CARTESIAN_POINT('Ctrl Pts',(45.7858681958913,46.4591833838313,7.8039841039729));
#11520=CARTESIAN_POINT('Ctrl Pts',(44.3918149709185,47.100557959121,7.88335361360888));
#11521=CARTESIAN_POINT('Ctrl Pts',(43.0967511564447,46.2774203908336,7.96272312324488));
#11522=CARTESIAN_POINT('Ctrl Pts',(43.0856614462114,44.7429423824502,8.04209263288085));
#11523=CARTESIAN_POINT('Ctrl Pts',(44.3686929362438,43.9011728561127,8.12146214251685));
#11524=CARTESIAN_POINT('Ctrl Pts',(45.7718705217753,44.5223317756713,8.20083165215283));
#11525=CARTESIAN_POINT('Ctrl Pts',(46.0112852997291,46.0380581045258,8.28020116178882));
#11526=CARTESIAN_POINT('Ctrl Pts',(44.8678725073034,47.061460726177,8.35957067142481));
#11527=CARTESIAN_POINT('Ctrl Pts',(43.3878560004269,46.6561252117469,8.43894018106079));
#11528=CARTESIAN_POINT('Ctrl Pts',(42.9254523725464,45.1929339649139,8.51830969069677));
#11529=CARTESIAN_POINT('Ctrl Pts',(43.9037614085877,44.0107084492506,8.59767920033277));
#11530=CARTESIAN_POINT('Ctrl Pts',(45.4276293558926,44.1911862015132,8.67704870996875));
#11531=CARTESIAN_POINT('Ctrl Pts',(46.1027155088855,45.5692298967286,8.75641821960475));
#11532=CARTESIAN_POINT('Ctrl Pts',(45.3113153580952,46.8839281667565,8.83578772924072));
#11533=CARTESIAN_POINT('Ctrl Pts',(43.7775608380489,46.9323307712615,8.91515723887672));
#11534=CARTESIAN_POINT('Ctrl Pts',(42.9048388783318,45.6701492784036,8.99452674851269));
#11535=CARTESIAN_POINT('Ctrl Pts',(43.4916909504905,44.2522810245492,9.0738962581487));
#11536=CARTESIAN_POINT('Ctrl Pts',(45.0011468178258,43.9760768890766,9.15326576778466));
#11537=CARTESIAN_POINT('Ctrl Pts',(46.0520528424402,45.0942639339466,9.23263527742067));
#11538=CARTESIAN_POINT('Ctrl Pts',(45.6828289540613,46.5836998876336,9.31200478705663));
#11539=CARTESIAN_POINT('Ctrl Pts',(44.2313153821845,47.0815493533786,9.39137429669264));
#11540=CARTESIAN_POINT('Ctrl Pts',(43.0256485060431,46.1322795689333,9.47074380632862));
#11541=CARTESIAN_POINT('Ctrl Pts',(43.1690147308254,44.6044733425167,9.55011331596461));
#11542=CARTESIAN_POINT('Ctrl Pts',(44.5302338165554,43.8960749090561,9.62948282560058));
#11543=CARTESIAN_POINT('Ctrl Pts',(45.8637889297065,44.6552695481794,9.70885233523658));
#11544=CARTESIAN_POINT('Ctrl Pts',(45.9494757995058,46.1873934009503,9.78822184487256));
#11545=CARTESIAN_POINT('Ctrl Pts',(44.708890853842,47.0905515999817,9.86759135450855));
#11546=CARTESIAN_POINT('Ctrl Pts',(43.2771705666615,46.53835348412,9.94696086414455));
#11547=CARTESIAN_POINT('Ctrl Pts',(42.9643404417787,45.0360608851729,10.0263303737805));
#11548=CARTESIAN_POINT('Ctrl Pts',(44.0566403583286,43.9582730432531,10.1056998834165));
#11549=CARTESIAN_POINT('Ctrl Pts',(45.5546147932549,44.2911669185239,10.1850693930525));
#11550=CARTESIAN_POINT('Ctrl Pts',(46.0876156308701,45.7301442800507,10.2644389026885));
#11551=CARTESIAN_POINT('Ctrl Pts',(45.1679465682845,46.9585393936881,10.3438084123245));
#11552=CARTESIAN_POINT('Ctrl Pts',(43.6371057234221,46.8523694940629,10.4231779219605));
#11553=CARTESIAN_POINT('Ctrl Pts',(42.8958140101423,45.5087801461937,10.5025474315964));
#11554=CARTESIAN_POINT('Ctrl Pts',(43.6223540922153,44.1571569557197,10.5819169412324));
#11555=CARTESIAN_POINT('Ctrl Pts',(45.1519410632728,44.0342365023505,10.6612864508684));
#11556=CARTESIAN_POINT('Ctrl Pts',(46.085001305249,45.2524911246395,10.7406559605044));
#11557=CARTESIAN_POINT('Ctrl Pts',(45.5677837575989,46.6972166170042,10.8200254701404));
#11558=CARTESIAN_POINT('Ctrl Pts',(44.0735429970087,47.0464876997967,10.8993949797764));
#11559=CARTESIAN_POINT('Ctrl Pts',(42.9695108233889,45.9807209807164,10.9787644894124));
#11560=CARTESIAN_POINT('Ctrl Pts',(43.2658777868264,44.4750940804288,11.0581339990484));
#11561=CARTESIAN_POINT('Ctrl Pts',(44.6914678174732,43.9072571281297,11.1375035086843));
#11562=CARTESIAN_POINT('Ctrl Pts',(45.9418646024247,44.7967815067066,11.2168730183203));
#11563=CARTESIAN_POINT('Ctrl Pts',(45.8729538248887,46.3297515144463,11.2962425279563));
#11564=CARTESIAN_POINT('Ctrl Pts',(44.5477889157126,47.1034980513101,11.3756120375923));
#11565=CARTESIAN_POINT('Ctrl Pts',(43.1788971005047,46.4100422572894,11.4549815472283));
#11566=CARTESIAN_POINT('Ctrl Pts',(43.0188157681479,44.8838968818706,11.5343510568643));
#11567=CARTESIAN_POINT('Ctrl Pts',(44.2140194985583,43.9214864796742,11.6137205665003));
#11568=CARTESIAN_POINT('Ctrl Pts',(45.6708956760355,44.4034175373332,11.6930900761362));
#11569=CARTESIAN_POINT('Ctrl Pts',(46.0564011306305,45.888722652126,11.7724595857722));
#11570=CARTESIAN_POINT('Ctrl Pts',(45.0177979856991,47.0183461488333,11.8518290954082));
#11571=CARTESIAN_POINT('Ctrl Pts',(43.505409159686,46.7586813913891,11.9311986050442));
#11572=CARTESIAN_POINT('Ctrl Pts',(42.90307195947,45.3473218934289,12.0105681146802));
#11573=CARTESIAN_POINT('Ctrl Pts',(43.7619255122797,44.0756630176605,12.0899376243162));
#11574=CARTESIAN_POINT('Ctrl Pts',(45.2961179864304,44.107273912383,12.1693071339522));
#11575=CARTESIAN_POINT('Ctrl Pts',(46.1018616584299,45.4132305828964,12.2486766435881));
#11576=CARTESIAN_POINT('Ctrl Pts',(45.4419003850055,46.7985813499376,12.3280461532241));
#11577=CARTESIAN_POINT('Ctrl Pts',(43.920099146883,46.9957288892822,12.4074156628601));
#11578=CARTESIAN_POINT('Ctrl Pts',(42.9289080934599,45.8242829611331,12.4867851724961));
#11579=CARTESIAN_POINT('Ctrl Pts',(43.3752670912753,44.3561178523756,12.5661546821321));
#11580=CARTESIAN_POINT('Ctrl Pts',(44.8507590500544,43.9346059523838,12.6455241917681));
#11581=CARTESIAN_POINT('Ctrl Pts',(46.0053037519641,44.9454313913675,12.7248937014041));
#11582=CARTESIAN_POINT('Ctrl Pts',(45.7824986312719,46.4636872564479,12.8042632110401));
#11583=CARTESIAN_POINT('Ctrl Pts',(44.3861969558935,47.100169109112,12.883632720676));
#11584=CARTESIAN_POINT('Ctrl Pts',(43.0940427550231,46.2724930624359,12.963002230312));
#11585=CARTESIAN_POINT('Ctrl Pts',(43.0883065916241,44.7379881150307,13.042371739948));
#11586=CARTESIAN_POINT('Ctrl Pts',(44.3743380919376,43.9007189052592,13.121741249584));
#11587=CARTESIAN_POINT('Ctrl Pts',(45.775220205903,44.5268050157331,13.20111075922));
#11588=CARTESIAN_POINT('Ctrl Pts',(46.0095282677661,46.0433430779076,13.280480268856));
#11589=CARTESIAN_POINT('Ctrl Pts',(44.8621217665104,47.062765467791,13.359849778492));
#11590=CARTESIAN_POINT('Ctrl Pts',(43.3843390023634,46.6521699670905,13.4392192881279));
#11591=CARTESIAN_POINT('Ctrl Pts',(42.9254918303916,45.1875110522073,13.5185887977639));
#11592=CARTESIAN_POINT('Ctrl Pts',(43.9111545992672,44.008381707026,13.5979583073999));
#11593=CARTESIAN_POINT('Ctrl Pts',(44.9215028672706,44.1331325752179,13.6508713138239));
#11594=CARTESIAN_POINT('Ctrl Pts',(45.288752901831,44.3953631195588,13.6773278170359));
#11595=CARTESIAN_POINT('Ctrl Pts',(43.4012035528091,46.4463771598849,-0.107194699979543));
#11596=CARTESIAN_POINT('Ctrl Pts',(43.086568896997,46.081068848755,-0.0807381967675471));
#11597=CARTESIAN_POINT('Ctrl Pts',(42.8558238768495,45.0181797310838,-0.027825190343556));
#11598=CARTESIAN_POINT('Ctrl Pts',(44.0147769090865,43.8550678661037,0.0515443192924306));
#11599=CARTESIAN_POINT('Ctrl Pts',(45.617657824136,44.2011878247104,0.130913828928417));
#11600=CARTESIAN_POINT('Ctrl Pts',(46.1978811914819,45.7336888137943,0.210283338564403));
#11601=CARTESIAN_POINT('Ctrl Pts',(45.2245438117755,47.0533999299375,0.28965284820039));
#11602=CARTESIAN_POINT('Ctrl Pts',(43.5882467195665,46.9512179699457,0.369022357836377));
#11603=CARTESIAN_POINT('Ctrl Pts',(42.7862055355964,45.5214422364955,0.448391867472363));
#11604=CARTESIAN_POINT('Ctrl Pts',(43.5522876301986,44.0719072322641,0.527761377108351));
#11605=CARTESIAN_POINT('Ctrl Pts',(45.1855276928883,43.9291501670691,0.607130886744336));
#11606=CARTESIAN_POINT('Ctrl Pts',(46.1915091261045,45.2236855376853,0.686500396380324));
#11607=CARTESIAN_POINT('Ctrl Pts',(45.6497580579653,46.7710677692178,0.76586990601631));
#11608=CARTESIAN_POINT('Ctrl Pts',(44.055977183093,47.15541204215,0.845239415652297));
#11609=CARTESIAN_POINT('Ctrl Pts',(42.8684776461741,46.0250575914953,0.924608925288283));
#11610=CARTESIAN_POINT('Ctrl Pts',(43.1738226981921,44.4142723709369,1.00397843492427));
#11611=CARTESIAN_POINT('Ctrl Pts',(44.6926213197493,43.7969303295265,1.08334794456026));
#11612=CARTESIAN_POINT('Ctrl Pts',(46.0351712380281,44.7378980808733,1.16271745419624));
#11613=CARTESIAN_POINT('Ctrl Pts',(45.9730379292823,46.3761901989551,1.24208696383223));
#11614=CARTESIAN_POINT('Ctrl Pts',(44.5630734321302,47.2127672267856,1.32145647346822));
#11615=CARTESIAN_POINT('Ctrl Pts',(43.095396681342,46.4821606086382,1.4008259831042));
#11616=CARTESIAN_POINT('Ctrl Pts',(42.9129333807497,44.8528759986257,1.48019549274019));
#11617=CARTESIAN_POINT('Ctrl Pts',(44.1826376342386,43.8157105250156,1.55956500237617));
#11618=CARTESIAN_POINT('Ctrl Pts',(45.7427287717949,44.319671604061,1.63893451201216));
#11619=CARTESIAN_POINT('Ctrl Pts',(46.1657218323542,45.9036343596715,1.71830402164815));
#11620=CARTESIAN_POINT('Ctrl Pts',(45.064577739731,47.118271266705,1.79767353128414));
#11621=CARTESIAN_POINT('Ctrl Pts',(43.446844447004,46.8521883375426,1.87704304092012));
#11622=CARTESIAN_POINT('Ctrl Pts',(42.7927495452801,45.3488517176884,1.95641255055611));
#11623=CARTESIAN_POINT('Ctrl Pts',(43.7007905279948,43.983815928716,2.0357820601921));
#11624=CARTESIAN_POINT('Ctrl Pts',(45.3401089820077,44.0060900908037,2.11515156982808));
#11625=CARTESIAN_POINT('Ctrl Pts',(46.210726871904,45.3952933235591,2.19452107946407));
#11626=CARTESIAN_POINT('Ctrl Pts',(45.5160279521402,46.8803032705877,2.27389058910005));
#11627=CARTESIAN_POINT('Ctrl Pts',(43.8916624335235,47.1023343357666,2.35326009873604));
#11628=CARTESIAN_POINT('Ctrl Pts',(42.823926400532,45.8582278709341,2.43262960837203));
#11629=CARTESIAN_POINT('Ctrl Pts',(43.2897993980426,44.2863425436443,2.51199911800801));
#11630=CARTESIAN_POINT('Ctrl Pts',(44.8630071644258,43.8249550104768,2.591368627644));
#11631=CARTESIAN_POINT('Ctrl Pts',(46.1040630099885,44.8962353286789,2.67073813727999));
#11632=CARTESIAN_POINT('Ctrl Pts',(45.8773995869023,46.5199609288351,2.75010764691598));
#11633=CARTESIAN_POINT('Ctrl Pts',(44.3904141554309,47.2104212525046,2.82947715655196));
#11634=CARTESIAN_POINT('Ctrl Pts',(43.0036998820398,46.335844408572,2.90884666618795));
#11635=CARTESIAN_POINT('Ctrl Pts',(42.9861017226268,44.6964690895085,2.98821617582393));
#11636=CARTESIAN_POINT('Ctrl Pts',(44.3537220107677,43.7923253623084,3.06758568545992));
#11637=CARTESIAN_POINT('Ctrl Pts',(45.8551868062866,44.4507056473918,3.14695519509591));
#11638=CARTESIAN_POINT('Ctrl Pts',(46.1166543100412,46.0691913212393,3.22632470473189));
#11639=CARTESIAN_POINT('Ctrl Pts',(44.8988814929255,47.1668663632549,3.30569421436788));
#11640=CARTESIAN_POINT('Ctrl Pts',(43.3161317083039,46.7393570051705,3.38506372400387));
#11641=CARTESIAN_POINT('Ctrl Pts',(42.8166226021622,45.1778347399271,3.46443323363986));
#11642=CARTESIAN_POINT('Ctrl Pts',(43.8574055093823,43.9110940119136,3.54380274327584));
#11643=CARTESIAN_POINT('Ctrl Pts',(45.4861630222968,44.0982038622527,3.62317225291182));
#11644=CARTESIAN_POINT('Ctrl Pts',(46.2125803772246,45.5679585895557,3.70254176254782));
#11645=CARTESIAN_POINT('Ctrl Pts',(45.3719849632585,46.975531139014,3.7819112721838));
#11646=CARTESIAN_POINT('Ctrl Pts',(43.7335224302473,47.0329912111343,3.86128078181979));
#11647=CARTESIAN_POINT('Ctrl Pts',(42.7963876450289,45.6877627820921,3.94065029145577));
#11648=CARTESIAN_POINT('Ctrl Pts',(43.418059879316,44.17073121845,4.02001980109176));
#11649=CARTESIAN_POINT('Ctrl Pts',(45.0297084130149,43.8699819278517,4.09938931072775));
#11650=CARTESIAN_POINT('Ctrl Pts',(46.1566732156472,45.0607008139022,4.17875882036374));
#11651=CARTESIAN_POINT('Ctrl Pts',(45.7677803585002,46.6533788973924,4.25812832999972));
#11652=CARTESIAN_POINT('Ctrl Pts',(44.218867197289,47.1907141288783,4.3374978396357));
#11653=CARTESIAN_POINT('Ctrl Pts',(42.9271908335219,46.181044230716,4.41686734927169));
#11654=CARTESIAN_POINT('Ctrl Pts',(43.0746364401342,44.5482181759691,4.49623685890768));
#11655=CARTESIAN_POINT('Ctrl Pts',(44.5262911386696,43.7862734481906,4.57560636854366));
#11656=CARTESIAN_POINT('Ctrl Pts',(45.9538894188601,44.5923902402047,4.65497587817966));
#11657=CARTESIAN_POINT('Ctrl Pts',(46.0511774174359,46.2289708759518,4.73434538781564));
#11658=CARTESIAN_POINT('Ctrl Pts',(44.7291365177786,47.1985424264849,4.81371489745163));
#11659=CARTESIAN_POINT('Ctrl Pts',(43.1974354737253,46.6139459471804,4.89308440708762));
#11660=CARTESIAN_POINT('Ctrl Pts',(42.8575822822604,45.0100878050054,4.97245391672359));
#11661=CARTESIAN_POINT('Ctrl Pts',(44.0205429556411,43.8544998143533,5.05182342635959));
#11662=CARTESIAN_POINT('Ctrl Pts',(45.6222073071895,44.204546149784,5.13119293599556));
#11663=CARTESIAN_POINT('Ctrl Pts',(46.197050843144,45.7399340620527,5.21056244563157));
#11664=CARTESIAN_POINT('Ctrl Pts',(45.2190911495191,47.0557820660466,5.28993195526754));
#11665=CARTESIAN_POINT('Ctrl Pts',(43.5831623303101,46.948087913694,5.36930146490354));
#11666=CARTESIAN_POINT('Ctrl Pts',(42.7861409016758,45.515391862793,5.44867097453951));
#11667=CARTESIAN_POINT('Ctrl Pts',(43.5573022730284,44.0686122419444,5.52804048417552));
#11668=CARTESIAN_POINT('Ctrl Pts',(45.191033013397,43.931553860426,5.60740999381148));
#11669=CARTESIAN_POINT('Ctrl Pts',(46.192467850974,45.2296252752783,5.68677950344749));
#11670=CARTESIAN_POINT('Ctrl Pts',(45.6452929014201,46.7750898353865,5.76614901308345));
#11671=CARTESIAN_POINT('Ctrl Pts',(44.0501737943153,47.1538459127223,5.84551852271946));
#11672=CARTESIAN_POINT('Ctrl Pts',(42.8666461181677,46.019331315301,5.92488803235543));
#11673=CARTESIAN_POINT('Ctrl Pts',(43.1776388878875,44.4096280416659,6.00425754199143));
#11674=CARTESIAN_POINT('Ctrl Pts',(44.6985934061629,43.7976162073794,6.08362705162741));
#11675=CARTESIAN_POINT('Ctrl Pts',(46.0378347579127,44.743287256811,6.1629965612634));
#11676=CARTESIAN_POINT('Ctrl Pts',(45.9699557583226,46.3813512279013,6.24236607089939));
#11677=CARTESIAN_POINT('Ctrl Pts',(44.5570657603388,47.2129779383711,6.32173558053537));
#11678=CARTESIAN_POINT('Ctrl Pts',(43.0919605342075,46.4772281110977,6.40110509017136));
#11679=CARTESIAN_POINT('Ctrl Pts',(42.9152128364855,44.8473135785781,6.48047459980733));
#11680=CARTESIAN_POINT('Ctrl Pts',(44.1885469884871,43.8146077785961,6.55984410944334));
#11681=CARTESIAN_POINT('Ctrl Pts',(45.7468609595043,44.324037557567,6.63921361907931));
#11682=CARTESIAN_POINT('Ctrl Pts',(46.1642958975941,45.9094741549846,6.71858312871531));
#11683=CARTESIAN_POINT('Ctrl Pts',(45.058898414251,47.1202414884507,6.79795263835129));
#11684=CARTESIAN_POINT('Ctrl Pts',(43.44210831933,46.8484862291912,6.87732214798728));
#11685=CARTESIAN_POINT('Ctrl Pts',(42.7932901770032,45.3428647129539,6.95669165762327));
#11686=CARTESIAN_POINT('Ctrl Pts',(43.7061132405428,43.9810221425222,7.03606116725925));
#11687=CARTESIAN_POINT('Ctrl Pts',(45.3453434880427,44.0090458405528,7.11543067689524));
#11688=CARTESIAN_POINT('Ctrl Pts',(46.2110835931347,45.4012940951413,7.19480018653122));
#11689=CARTESIAN_POINT('Ctrl Pts',(45.5111804882818,46.8838583520242,7.27416969616721));
#11690=CARTESIAN_POINT('Ctrl Pts',(43.8860462188854,47.1001908239345,7.3535392058032));
#11691=CARTESIAN_POINT('Ctrl Pts',(42.8226802771609,45.8523470813329,7.43290871543918));
#11692=CARTESIAN_POINT('Ctrl Pts',(43.2940635700771,44.28210540467,7.51227822507518));
#11693=CARTESIAN_POINT('Ctrl Pts',(44.8688799101628,43.82623850856,7.59164773471115));
#11694=CARTESIAN_POINT('Ctrl Pts',(46.1061707611673,44.9018650617792,7.67101724434715));
#11695=CARTESIAN_POINT('Ctrl Pts',(45.873813749073,46.5247856855006,7.75038675398313));
#11696=CARTESIAN_POINT('Ctrl Pts',(44.3844157738165,47.2100263755295,7.82975626361912));
#11697=CARTESIAN_POINT('Ctrl Pts',(43.0007774818549,46.3305912107862,7.90912577325511));
#11698=CARTESIAN_POINT('Ctrl Pts',(42.9889293029819,44.6911642521733,7.98849528289107));
#11699=CARTESIAN_POINT('Ctrl Pts',(44.359712332792,43.7918228169249,8.06786479252709));
#11700=CARTESIAN_POINT('Ctrl Pts',(45.8588587192985,44.4554652234917,8.14723430216305));
#11701=CARTESIAN_POINT('Ctrl Pts',(46.1146480099389,46.0748580019007,8.22660381179906));
#11702=CARTESIAN_POINT('Ctrl Pts',(44.8930327463221,47.1682551299689,8.30597332143502));
#11703=CARTESIAN_POINT('Ctrl Pts',(43.3117921242282,46.7351971349962,8.38534283107104));
#11704=CARTESIAN_POINT('Ctrl Pts',(42.8177629044114,45.1719325182608,8.464712340707));
#11705=CARTESIAN_POINT('Ctrl Pts',(43.8629823202506,43.9088499775208,8.544081850343));
#11706=CARTESIAN_POINT('Ctrl Pts',(45.4910735542266,44.1016713088614,8.62345135997898));
#11707=CARTESIAN_POINT('Ctrl Pts',(46.2123314885575,45.5739648000288,8.70282086961497));
#11708=CARTESIAN_POINT('Ctrl Pts',(45.3668043873756,46.9785804247235,8.78219037925095));
#11709=CARTESIAN_POINT('Ctrl Pts',(43.7281503992956,47.0302934725867,8.86155988888695));
#11710=CARTESIAN_POINT('Ctrl Pts',(42.7957395727363,45.6817864527738,8.94092939852291));
#11711=CARTESIAN_POINT('Ctrl Pts',(43.4227287524825,44.1669446457026,9.02029890815893));
#11712=CARTESIAN_POINT('Ctrl Pts',(45.035422207994,43.8718498295501,9.09966841779489));
#11713=CARTESIAN_POINT('Ctrl Pts',(46.1582038042819,45.0665140581126,9.1790379274309));
#11714=CARTESIAN_POINT('Ctrl Pts',(45.7637272506493,46.6578183598109,9.25840743706687));
#11715=CARTESIAN_POINT('Ctrl Pts',(44.2129389907156,47.1897176969239,9.33777694670286));
#11716=CARTESIAN_POINT('Ctrl Pts',(42.9248118432075,46.1755236406296,9.41714645633885));
#11717=CARTESIAN_POINT('Ctrl Pts',(43.0779834446109,44.5432247732366,9.49651596597484));
#11718=CARTESIAN_POINT('Ctrl Pts',(44.5323016254726,43.786376201338,9.57588547561081));
#11719=CARTESIAN_POINT('Ctrl Pts',(45.9570637865149,44.5974951299987,9.65525498524682));
#11720=CARTESIAN_POINT('Ctrl Pts',(46.0486111163433,46.2344069230929,9.73462449488278));
#11721=CARTESIAN_POINT('Ctrl Pts',(44.7231777160216,47.1993356423674,9.81399400451879));
#11722=CARTESIAN_POINT('Ctrl Pts',(43.1935364809088,46.6093705384736,9.89336351415476));
#11723=CARTESIAN_POINT('Ctrl Pts',(42.8593106807363,45.0043302752811,9.97273302379076));
#11724=CARTESIAN_POINT('Ctrl Pts',(44.026317259064,43.8528283091043,10.0521025334267));
#11725=CARTESIAN_POINT('Ctrl Pts',(45.6267440221158,44.2084900979955,10.1314720430627));
#11726=CARTESIAN_POINT('Ctrl Pts',(46.1961988708498,45.7458847471417,10.2108415526987));
#11727=CARTESIAN_POINT('Ctrl Pts',(45.2136300455112,47.058294605167,10.2902110623347));
#11728=CARTESIAN_POINT('Ctrl Pts',(43.5780890102524,46.9448633310219,10.3695805719707));
#11729=CARTESIAN_POINT('Ctrl Pts',(42.7860974585275,45.5093806547189,10.4489500816067));
#11730=CARTESIAN_POINT('Ctrl Pts',(43.5623284573139,44.0653146699064,10.5283195912427));
#11731=CARTESIAN_POINT('Ctrl Pts',(45.1965298614361,43.9339872061581,10.6076891008786));
#11732=CARTESIAN_POINT('Ctrl Pts',(46.1934057412785,45.2355630249862,10.6870586105146));
#11733=CARTESIAN_POINT('Ctrl Pts',(45.640813663417,46.7790989421112,10.7664281201506));
#11734=CARTESIAN_POINT('Ctrl Pts',(44.0443759352864,47.1522580397754,10.8457976297866));
#11735=CARTESIAN_POINT('Ctrl Pts',(42.8648346849591,46.0135993680272,10.9251671394226));
#11736=CARTESIAN_POINT('Ctrl Pts',(43.1814713437102,44.4049967575898,11.0045366490586));
#11737=CARTESIAN_POINT('Ctrl Pts',(44.7045630500779,43.7983232160924,11.0839061586945));
#11738=CARTESIAN_POINT('Ctrl Pts',(46.0404793597369,44.7486856446284,11.1632756683306));
#11739=CARTESIAN_POINT('Ctrl Pts',(45.9668555047099,46.386501464538,11.2426451779665));
#11740=CARTESIAN_POINT('Ctrl Pts',(44.551057386495,47.213167552118,11.3220146876025));
#11741=CARTESIAN_POINT('Ctrl Pts',(43.0885417081891,46.4722836051909,11.4013841972385));
#11742=CARTESIAN_POINT('Ctrl Pts',(42.917511787654,44.8417591808886,11.4807537068745));
#11743=CARTESIAN_POINT('Ctrl Pts',(44.1944601739878,43.8135257686204,11.5601232165105));
#11744=CARTESIAN_POINT('Ctrl Pts',(45.7509778090846,44.3284179754834,11.6394927261465));
#11745=CARTESIAN_POINT('Ctrl Pts',(46.1628494889017,45.9153089140654,11.7188622357825));
#11746=CARTESIAN_POINT('Ctrl Pts',(45.0532122143379,47.1221917781187,11.7982317454184));
#11747=CARTESIAN_POINT('Ctrl Pts',(43.437385203638,46.8447675327206,11.8776012550544));
#11748=CARTESIAN_POINT('Ctrl Pts',(42.7938518073856,45.336879640806,11.9569707646904));
#11749=CARTESIAN_POINT('Ctrl Pts',(43.7114457124687,43.9782470428125,12.0363402743264));
#11750=CARTESIAN_POINT('Ctrl Pts',(45.3505676080466,44.0120199302117,12.1157097839624));
#11751=CARTESIAN_POINT('Ctrl Pts',(46.2114192399311,45.4072960832247,12.1950792935984));
#11752=CARTESIAN_POINT('Ctrl Pts',(45.5063206348149,46.8873964054281,12.2744488032344));
#11753=CARTESIAN_POINT('Ctrl Pts',(43.8804374603425,47.0980276357618,12.3538183128704));
#11754=CARTESIAN_POINT('Ctrl Pts',(42.8214549755888,45.8464619406703,12.4331878225063));
#11755=CARTESIAN_POINT('Ctrl Pts',(43.2983422103617,44.2778832801474,12.5125573321423));
#11756=CARTESIAN_POINT('Ctrl Pts',(44.8747488328246,43.8275425333609,12.5919268417783));
#11757=CARTESIAN_POINT('Ctrl Pts',(46.1082573607366,44.9075022760669,12.6712963514143));
#11758=CARTESIAN_POINT('Ctrl Pts',(45.8702137267555,46.5295975955738,12.7506658610503));
#11759=CARTESIAN_POINT('Ctrl Pts',(44.3784135207797,47.2096109305481,12.8300353706863));
#11760=CARTESIAN_POINT('Ctrl Pts',(42.9978838422712,46.3253268831353,12.9094048803223));
#11761=CARTESIAN_POINT('Ctrl Pts',(42.991755360231,44.6858711430356,12.9887743899582));
#11762=CARTESIAN_POINT('Ctrl Pts',(44.3657435827541,43.7913378185977,13.0681438995942));
#11763=CARTESIAN_POINT('Ctrl Pts',(45.8624375014197,44.4602444059299,13.1475134092302));
#11764=CARTESIAN_POINT('Ctrl Pts',(46.1127708076906,46.0805044352744,13.2268829188662));
#11765=CARTESIAN_POINT('Ctrl Pts',(44.8868886898831,47.1696491079628,13.3062524285022));
#11766=CARTESIAN_POINT('Ctrl Pts',(43.3080345849169,46.7309713756942,13.3856219381382));
#11767=CARTESIAN_POINT('Ctrl Pts',(42.8178050609329,45.1661387113527,13.4649914477742));
#11768=CARTESIAN_POINT('Ctrl Pts',(43.8708811601454,43.9063641002987,13.5443609574102));
#11769=CARTESIAN_POINT('Ctrl Pts',(44.9503310962821,44.0396471680957,13.5972739638341));
#11770=CARTESIAN_POINT('Ctrl Pts',(45.3426987965167,44.3198126845875,13.6237304670461));
#11771=CARTESIAN_POINT('Ctrl Pts',(43.3308634055749,46.5069600903591,-0.160792049969313));
#11772=CARTESIAN_POINT('Ctrl Pts',(42.9960872139293,46.1182663374065,-0.134335546757317));
#11773=CARTESIAN_POINT('Ctrl Pts',(42.7505709058582,44.9873357028357,-0.0814225403333262));
#11774=CARTESIAN_POINT('Ctrl Pts',(43.9837150470432,43.749766498608,-0.00205303069733962));
#11775=CARTESIAN_POINT('Ctrl Pts',(45.6892053943054,44.1180435445546,0.0773164789386467));
#11776=CARTESIAN_POINT('Ctrl Pts',(46.3065721262774,45.7486485505238,0.156685988574634));
#11777=CARTESIAN_POINT('Ctrl Pts',(45.2709259406296,47.1528418056961,0.23605549821062));
#11778=CARTESIAN_POINT('Ctrl Pts',(43.5298802585618,47.0441186031212,0.315425007846607));
#11779=CARTESIAN_POINT('Ctrl Pts',(42.6764959026034,45.5228148747817,0.394794517482593));
#11780=CARTESIAN_POINT('Ctrl Pts',(43.4916192254199,43.980486973486,0.47416402711858));
#11781=CARTESIAN_POINT('Ctrl Pts',(45.2294121802966,43.8285912247702,0.553533536754566));
#11782=CARTESIAN_POINT('Ctrl Pts',(46.2997921491179,45.2059970931951,0.632903046390553));
#11783=CARTESIAN_POINT('Ctrl Pts',(45.7233605448389,46.8524359737292,0.71227255602654));
#11784=CARTESIAN_POINT('Ctrl Pts',(44.0275527825623,47.261384287579,0.791642065662526));
#11785=CARTESIAN_POINT('Ctrl Pts',(42.7640347142029,46.0586694842045,0.871011575298513));
#11786=CARTESIAN_POINT('Ctrl Pts',(43.0889266222115,44.3447688323335,0.9503810849345));
#11787=CARTESIAN_POINT('Ctrl Pts',(44.7049520949591,43.6879072509777,1.02975059457049));
#11788=CARTESIAN_POINT('Ctrl Pts',(46.133446192583,44.689111646101,1.10912010420647));
#11789=CARTESIAN_POINT('Ctrl Pts',(46.0673353809097,46.4322800668804,1.18848961384246));
#11790=CARTESIAN_POINT('Ctrl Pts',(44.5671111176486,47.322411100515,1.26785912347845));
#11791=CARTESIAN_POINT('Ctrl Pts',(43.005480114454,46.5450342391417,1.34722863311443));
#11792=CARTESIAN_POINT('Ctrl Pts',(42.8113363106517,44.8114499477389,1.42659814275042));
#11793=CARTESIAN_POINT('Ctrl Pts',(44.1623214823332,43.7078896725199,1.5059676523864));
#11794=CARTESIAN_POINT('Ctrl Pts',(45.8222828375218,44.2441121377308,1.58533716202239));
#11795=CARTESIAN_POINT('Ctrl Pts',(46.2723540655023,45.9294732676518,1.66470667165838));
#11796=CARTESIAN_POINT('Ctrl Pts',(45.1007195396425,47.2218659219808,1.74407618129437));
#11797=CARTESIAN_POINT('Ctrl Pts',(43.3794260303831,46.9387495263728,1.82344569093035));
#11798=CARTESIAN_POINT('Ctrl Pts',(42.6834588311922,45.3391758651143,1.90281520056634));
#11799=CARTESIAN_POINT('Ctrl Pts',(43.6496286298328,43.8867564496095,1.98218471020232));
#11800=CARTESIAN_POINT('Ctrl Pts',(45.3938890880851,43.9104565062246,2.06155421983831));
#11801=CARTESIAN_POINT('Ctrl Pts',(46.3202401310294,45.3885904596609,2.1409237294743));
#11802=CARTESIAN_POINT('Ctrl Pts',(45.5810696219875,46.9686642545802,2.22029323911029));
#11803=CARTESIAN_POINT('Ctrl Pts',(43.8527193207172,47.2049087783618,2.29966274874627));
#11804=CARTESIAN_POINT('Ctrl Pts',(42.7166314924866,45.8811600539143,2.37903225838226));
#11805=CARTESIAN_POINT('Ctrl Pts',(43.2123276436131,44.2086494965013,2.45840176801824));
#11806=CARTESIAN_POINT('Ctrl Pts',(44.8862452968918,43.7177259495454,2.53777127765423));
#11807=CARTESIAN_POINT('Ctrl Pts',(46.2067481147537,44.8575849526386,2.61714078729022));
#11808=CARTESIAN_POINT('Ctrl Pts',(45.9655746897531,46.5852543706649,2.69651029692621));
#11809=CARTESIAN_POINT('Ctrl Pts',(44.3833989485092,47.3199149472115,2.77587980656219));
#11810=CARTESIAN_POINT('Ctrl Pts',(42.90791328674,46.3893515152925,2.85524931619818));
#11811=CARTESIAN_POINT('Ctrl Pts',(42.8891885700585,44.6450305517377,2.93461882583416));
#11812=CARTESIAN_POINT('Ctrl Pts',(44.3443579330751,43.6830074938801,3.01398833547015));
#11813=CARTESIAN_POINT('Ctrl Pts',(45.9419399439837,44.3835344079478,3.09335784510614));
#11814=CARTESIAN_POINT('Ctrl Pts',(46.2201454548168,46.1056284624794,3.17272735474212));
#11815=CARTESIAN_POINT('Ctrl Pts',(44.9244161431449,47.2735718642701,3.25209686437811));
#11816=CARTESIAN_POINT('Ctrl Pts',(43.2403456333154,46.8186952251315,3.3314663740141));
#11817=CARTESIAN_POINT('Ctrl Pts',(42.7088601368599,45.1572111277147,3.41083588365009));
#11818=CARTESIAN_POINT('Ctrl Pts',(43.8162694179819,43.80937919346,3.49020539328607));
#11819=CARTESIAN_POINT('Ctrl Pts',(45.5492928698338,44.0084669988203,3.56957490292206));
#11820=CARTESIAN_POINT('Ctrl Pts',(46.3222122896615,45.5723090015063,3.64894441255804));
#11821=CARTESIAN_POINT('Ctrl Pts',(45.4278056303697,47.069988195034,3.72831392219403));
#11822=CARTESIAN_POINT('Ctrl Pts',(43.6844558854419,47.1311266098934,3.80768343183002));
#11823=CARTESIAN_POINT('Ctrl Pts',(42.6873298261899,45.6997825349509,3.88705294146601));
#11824=CARTESIAN_POINT('Ctrl Pts',(43.348798800449,44.0856372394451,3.96642245110199));
#11825=CARTESIAN_POINT('Ctrl Pts',(45.0636180309956,43.7656352934203,4.04579196073798));
#11826=CARTESIAN_POINT('Ctrl Pts',(46.2627261958926,45.0325787995756,4.12516147037396));
#11827=CARTESIAN_POINT('Ctrl Pts',(45.8489381173424,46.7272131745843,4.20453098000995));
#11828=CARTESIAN_POINT('Ctrl Pts',(44.2008703037008,47.2989462596432,4.28390048964593));
#11829=CARTESIAN_POINT('Ctrl Pts',(42.826506463251,46.2246417064669,4.36326999928193));
#11830=CARTESIAN_POINT('Ctrl Pts',(42.9833908933182,44.4872892625126,4.44263950891791));
#11831=CARTESIAN_POINT('Ctrl Pts',(44.5279741824852,43.676568162665,4.5220090185539));
#11832=CARTESIAN_POINT('Ctrl Pts',(46.0469610665218,44.5342890292857,4.60137852818988));
#11833=CARTESIAN_POINT('Ctrl Pts',(46.1504770176556,46.2756364061099,4.68074803782587));
#11834=CARTESIAN_POINT('Ctrl Pts',(44.743804836409,47.3072756906559,4.76011754746186));
#11835=CARTESIAN_POINT('Ctrl Pts',(43.1140509844556,46.6852558992066,4.83948705709784));
#11836=CARTESIAN_POINT('Ctrl Pts',(42.7524418767001,44.9787257670084,4.91885656673383));
#11837=CARTESIAN_POINT('Ctrl Pts',(43.9898502107028,43.7491620826666,4.99822607636981));
#11838=CARTESIAN_POINT('Ctrl Pts',(45.6940461153845,44.1216168549248,5.07759558600581));
#11839=CARTESIAN_POINT('Ctrl Pts',(46.3056886226672,45.7552935922864,5.15696509564179));
#11840=CARTESIAN_POINT('Ctrl Pts',(45.2651242227615,47.1553764357498,5.23633460527777));
#11841=CARTESIAN_POINT('Ctrl Pts',(43.5244703889222,47.0407881743454,5.31570411491376));
#11842=CARTESIAN_POINT('Ctrl Pts',(42.6764271311014,45.5163771825925,5.39507362454975));
#11843=CARTESIAN_POINT('Ctrl Pts',(43.4969548837717,43.9769810522837,5.47444313418573));
#11844=CARTESIAN_POINT('Ctrl Pts',(45.235269927368,43.8311487920726,5.55381264382172));
#11845=CARTESIAN_POINT('Ctrl Pts',(46.3008122473644,45.2123170668345,5.63318215345771));
#11846=CARTESIAN_POINT('Ctrl Pts',(45.7186095484826,46.8567155149991,5.71255166309369));
#11847=CARTESIAN_POINT('Ctrl Pts',(44.0213778861937,47.2597179013887,5.79192117272969));
#11848=CARTESIAN_POINT('Ctrl Pts',(42.7620859397766,46.0525766368299,5.87129068236566));
#11849=CARTESIAN_POINT('Ctrl Pts',(43.0929871076959,44.3398271933965,5.95066019200166));
#11850=CARTESIAN_POINT('Ctrl Pts',(44.7113064882492,43.6886370357336,6.03002970163764));
#11851=CARTESIAN_POINT('Ctrl Pts',(46.136280219372,44.6948458135335,6.10939921127363));
#11852=CARTESIAN_POINT('Ctrl Pts',(46.0640559028331,46.4377714823481,6.18876872090962));
#11853=CARTESIAN_POINT('Ctrl Pts',(44.5607188609604,47.3226353009353,6.26813823054559));
#11854=CARTESIAN_POINT('Ctrl Pts',(43.0018240001946,46.539785984662,6.3475077401816));
#11855=CARTESIAN_POINT('Ctrl Pts',(42.8137616871834,44.8055314458653,6.42687724981756));
#11856=CARTESIAN_POINT('Ctrl Pts',(44.1686091276191,43.7067163330932,6.50624675945357));
#11857=CARTESIAN_POINT('Ctrl Pts',(45.8266795498322,44.2487575805028,6.58561626908954));
#11858=CARTESIAN_POINT('Ctrl Pts',(46.2708368486296,45.9356869011434,6.66498577872554));
#11859=CARTESIAN_POINT('Ctrl Pts',(45.0946766485617,47.2239622687135,6.74435528836152));
#11860=CARTESIAN_POINT('Ctrl Pts',(43.3743867165106,46.9348104252215,6.82372479799751));
#11861=CARTESIAN_POINT('Ctrl Pts',(42.6840340717958,45.3328055984975,6.90309430763349));
#11862=CARTESIAN_POINT('Ctrl Pts',(43.6552920791801,43.8837838174314,6.98246381726949));
#11863=CARTESIAN_POINT('Ctrl Pts',(45.3994586843235,43.9136014701573,7.06183332690546));
#11864=CARTESIAN_POINT('Ctrl Pts',(46.3206196879947,45.3949753744188,7.14120283654145));
#11865=CARTESIAN_POINT('Ctrl Pts',(45.5759118446745,46.9724469167957,7.22057234617745));
#11866=CARTESIAN_POINT('Ctrl Pts',(43.8467435805586,47.2026280482686,7.29994185581341));
#11867=CARTESIAN_POINT('Ctrl Pts',(42.7153055977423,45.8749028018595,7.37931136544942));
#11868=CARTESIAN_POINT('Ctrl Pts',(43.2168647893086,44.2041411144047,7.45868087508539));
#11869=CARTESIAN_POINT('Ctrl Pts',(44.8924939901491,43.7190916115675,7.53805038472139));
#11870=CARTESIAN_POINT('Ctrl Pts',(46.208990794953,44.8635750766523,7.61741989435737));
#11871=CARTESIAN_POINT('Ctrl Pts',(45.9617593022547,46.5903879871698,7.69678940399336));
#11872=CARTESIAN_POINT('Ctrl Pts',(44.3770165767145,47.319494791938,7.77615891362934));
#11873=CARTESIAN_POINT('Ctrl Pts',(42.9048038072649,46.3837620307389,7.85552842326534));
#11874=CARTESIAN_POINT('Ctrl Pts',(42.8921971597525,44.6393861218963,7.93489793290131));
#11875=CARTESIAN_POINT('Ctrl Pts',(44.3507317293401,43.6824727777372,8.01426744253732));
#11876=CARTESIAN_POINT('Ctrl Pts',(45.9458469168217,44.3885986713119,8.09363695217329));
#11877=CARTESIAN_POINT('Ctrl Pts',(46.2180107201488,46.1116578992756,8.17300646180929));
#11878=CARTESIAN_POINT('Ctrl Pts',(44.9181929853407,47.2750495337607,8.25237597144525));
#11879=CARTESIAN_POINT('Ctrl Pts',(43.2357282480295,46.8142690582456,8.33174548108126));
#11880=CARTESIAN_POINT('Ctrl Pts',(42.7100734362765,45.1509310716077,8.41111499071724));
#11881=CARTESIAN_POINT('Ctrl Pts',(43.8222032319135,43.806991505791,8.49048450035323));
#11882=CARTESIAN_POINT('Ctrl Pts',(45.5545177525607,44.0121564162094,8.56985400998921));
#11883=CARTESIAN_POINT('Ctrl Pts',(46.3219474682295,45.5786997033292,8.6492235196252));
#11884=CARTESIAN_POINT('Ctrl Pts',(45.4222934166559,47.0732326826904,8.72859302926119));
#11885=CARTESIAN_POINT('Ctrl Pts',(43.6787399605423,47.128256173912,8.80796253889718));
#11886=CARTESIAN_POINT('Ctrl Pts',(42.686640267141,45.693423627144,8.88733204853315));
#11887=CARTESIAN_POINT('Ctrl Pts',(43.3537665544745,44.0816082668561,8.96670155816916));
#11888=CARTESIAN_POINT('Ctrl Pts',(45.069697598162,43.7676227700236,9.04607106780512));
#11889=CARTESIAN_POINT('Ctrl Pts',(46.2643547661237,45.0387641822786,9.12544057744112));
#11890=CARTESIAN_POINT('Ctrl Pts',(45.8446255472372,46.7319368319883,9.2048100870771));
#11891=CARTESIAN_POINT('Ctrl Pts',(44.1945625992466,47.297886040469,9.28417959671309));
#11892=CARTESIAN_POINT('Ctrl Pts',(42.8239751803718,46.2187677123262,9.36354910634907));
#11893=CARTESIAN_POINT('Ctrl Pts',(42.9869521583966,44.4819762039563,9.44291861598507));
#11894=CARTESIAN_POINT('Ctrl Pts',(44.5343694343897,43.67667749362,9.52228812562105));
#11895=CARTESIAN_POINT('Ctrl Pts',(46.0503386433231,44.5397207118179,9.60165763525704));
#11896=CARTESIAN_POINT('Ctrl Pts',(46.1477464331809,46.2814204452354,9.68102714489302));
#11897=CARTESIAN_POINT('Ctrl Pts',(44.7374645782011,47.3081196847533,9.76039665452901));
#11898=CARTESIAN_POINT('Ctrl Pts',(43.1099023951562,46.6803875928269,9.83976616416499));
#11899=CARTESIAN_POINT('Ctrl Pts',(42.7542809196938,44.9725996653894,9.91913567380099));
#11900=CARTESIAN_POINT('Ctrl Pts',(43.9959941597995,43.7473835749554,9.99850518343696));
#11901=CARTESIAN_POINT('Ctrl Pts',(45.6988732509766,44.1258132774673,10.077874693073));
#11902=CARTESIAN_POINT('Ctrl Pts',(46.3047821108295,45.7616252142326,10.1572442027089));
#11903=CARTESIAN_POINT('Ctrl Pts',(45.2593135227379,47.1580498166459,10.2366137123449));
#11904=CARTESIAN_POINT('Ctrl Pts',(43.5190722970827,47.0373571679808,10.3159832219809));
#11905=CARTESIAN_POINT('Ctrl Pts',(42.6763809069127,45.5099811632442,10.3953527316169));
#11906=CARTESIAN_POINT('Ctrl Pts',(43.5023028224127,43.973472384093,10.4747222412529));
#11907=CARTESIAN_POINT('Ctrl Pts',(45.2411186595996,43.8337379099657,10.5540917508889));
#11908=CARTESIAN_POINT('Ctrl Pts',(46.3018101773079,45.218634925333,10.6334612605249));
#11909=CARTESIAN_POINT('Ctrl Pts',(45.713843569235,46.8609812672182,10.7128307701608));
#11910=CARTESIAN_POINT('Ctrl Pts',(44.0152088735642,47.2580283797541,10.7922002797968));
#11911=CARTESIAN_POINT('Ctrl Pts',(42.7601585465292,46.046477755338,10.8715697894328));
#11912=CARTESIAN_POINT('Ctrl Pts',(43.0970649005941,44.3348994347507,10.9509392990688));
#11913=CARTESIAN_POINT('Ctrl Pts',(44.7176582826826,43.6893893040551,11.0303088087048));
#11914=CARTESIAN_POINT('Ctrl Pts',(46.1390941170491,44.7005897825502,11.1096783183408));
#11915=CARTESIAN_POINT('Ctrl Pts',(46.0607571845309,46.4432514146297,11.1890478279768));
#11916=CARTESIAN_POINT('Ctrl Pts',(44.5543258572774,47.3228370529259,11.2684173376128));
#11917=CARTESIAN_POINT('Ctrl Pts',(42.9981863158734,46.5345249530925,11.3477868472488));
#11918=CARTESIAN_POINT('Ctrl Pts',(42.8162078071602,44.7996214799065,11.4271563568847));
#11919=CARTESIAN_POINT('Ctrl Pts',(44.1749008494172,43.7055650575667,11.5065258665207));
#11920=CARTESIAN_POINT('Ctrl Pts',(45.8310599421336,44.2534184136335,11.5858953761567));
#11921=CARTESIAN_POINT('Ctrl Pts',(46.2692978471731,45.9418951760048,11.6652648857927));
#11922=CARTESIAN_POINT('Ctrl Pts',(45.0886264429767,47.2260374074041,11.7446343954287));
#11923=CARTESIAN_POINT('Ctrl Pts',(43.3693612475901,46.930853674052,11.8240039050647));
#11924=CARTESIAN_POINT('Ctrl Pts',(42.6846316553012,45.3264373881833,11.9033734147006));
#11925=CARTESIAN_POINT('Ctrl Pts',(43.6609659126578,43.8808310679643,11.9827429243366));
#11926=CARTESIAN_POINT('Ctrl Pts',(45.4050172296627,43.9167659480404,12.0621124339726));
#11927=CARTESIAN_POINT('Ctrl Pts',(46.3209768214323,45.401361583553,12.1414819436086));
#11928=CARTESIAN_POINT('Ctrl Pts',(45.5707408846242,46.9762114609187,12.2208514532446));
#11929=CARTESIAN_POINT('Ctrl Pts',(43.840775773802,47.2003263822414,12.3002209628806));
#11930=CARTESIAN_POINT('Ctrl Pts',(42.7140018577176,45.8686409202075,12.3795904725166));
#11931=CARTESIAN_POINT('Ctrl Pts',(43.2214173294482,44.1996487079191,12.4589599821526));
#11932=CARTESIAN_POINT('Ctrl Pts',(44.8987386155947,43.7204791143381,12.5383294917885));
#11933=CARTESIAN_POINT('Ctrl Pts',(46.2112109695093,44.8695731607663,12.6176990014245));
#11934=CARTESIAN_POINT('Ctrl Pts',(45.9579288222391,46.5955079346998,12.6970685110605));
#11935=CARTESIAN_POINT('Ctrl Pts',(44.3706300856659,47.3190527519841,12.7764380206965));
#11936=CARTESIAN_POINT('Ctrl Pts',(42.9017249295191,46.3781607038349,12.8558075303325));
#11937=CARTESIAN_POINT('Ctrl Pts',(42.8952041288379,44.6337541710404,12.9351770399685));
#11938=CARTESIAN_POINT('Ctrl Pts',(44.3571490735705,43.6819567319363,13.0145465496045));
#11939=CARTESIAN_POINT('Ctrl Pts',(45.9496547969363,44.3936837961268,13.0939160592405));
#11940=CARTESIAN_POINT('Ctrl Pts',(46.2160133476153,46.1176657926411,13.1732855688764));
#11941=CARTESIAN_POINT('Ctrl Pts',(44.9116556132556,47.2765327481346,13.2526550785124));
#11942=CARTESIAN_POINT('Ctrl Pts',(43.2317301674706,46.8097727842981,13.3320245881484));
#11943=CARTESIAN_POINT('Ctrl Pts',(42.7101182914741,45.1447663704979,13.4113940977844));
#11944=CARTESIAN_POINT('Ctrl Pts',(43.8306077210236,43.8043464935715,13.4907636074204));
#11945=CARTESIAN_POINT('Ctrl Pts',(44.9791593252936,43.9461617609734,13.5436766138444));
#11946=CARTESIAN_POINT('Ctrl Pts',(45.3966446912023,44.2442622496163,13.5701331170564));
#11947=CARTESIAN_POINT('Ctrl Pts',(43.5418838472776,46.3252112989365,-2.08166817117217E-15));
#11948=CARTESIAN_POINT('Ctrl Pts',(43.5050074418159,46.2907736371072,-2.07942746853964E-15));
#11949=CARTESIAN_POINT('Ctrl Pts',(43.4705124762799,46.2540970469772,-1.78027719815641E-15));
#11950=CARTESIAN_POINT('Ctrl Pts',(43.4383994336155,46.2155015791279,-1.88390969491081E-15));
#11951=CARTESIAN_POINT('Ctrl Pts',(43.4048396259759,46.1751672984333,-1.99221106929747E-15));
#11952=CARTESIAN_POINT('Ctrl Pts',(43.3738805793277,46.1327368900304,-2.27745525865405E-15));
#11953=CARTESIAN_POINT('Ctrl Pts',(43.3455509741311,46.0885258918064,-2.29677388219329E-15));
#11954=CARTESIAN_POINT('Ctrl Pts',(43.322491484398,46.0525394016114,-2.31249869014841E-15));
#11955=CARTESIAN_POINT('Ctrl Pts',(43.3011745568738,46.015372023648,-1.94469414332771E-15));
#11956=CARTESIAN_POINT('Ctrl Pts',(43.2816327927755,45.9771750584971,-1.89084858881472E-15));
#11957=CARTESIAN_POINT('Ctrl Pts',(43.2723848501936,45.9590987303447,-1.86536672372202E-15));
#11958=CARTESIAN_POINT('Ctrl Pts',(43.2635347064646,45.9407916091357,-2.16155234955542E-15));
#11959=CARTESIAN_POINT('Ctrl Pts',(43.2550871940975,45.9222687521592,-2.16493489801906E-15));
#11960=CARTESIAN_POINT('Ctrl Pts',(43.2509045405677,45.9130974494434,-2.16660971394785E-15));
#11961=CARTESIAN_POINT('Ctrl Pts',(43.2468242480981,45.9038811549988,-2.19694966205251E-15));
#11962=CARTESIAN_POINT('Ctrl Pts',(43.2428480070871,45.8946257094963,-2.19962936753859E-15));
#11963=CARTESIAN_POINT('Ctrl Pts',(43.2213313650168,45.8445416960959,-2.21413006395982E-15));
#11964=CARTESIAN_POINT('Ctrl Pts',(43.2028432776628,45.7932806085134,-2.09258111934647E-15));
#11965=CARTESIAN_POINT('Ctrl Pts',(43.1874116158092,45.7411735292003,-2.05391259555654E-15));
#11966=CARTESIAN_POINT('Ctrl Pts',(43.171598578831,45.6877786855458,-2.01428842530311E-15));
#11967=CARTESIAN_POINT('Ctrl Pts',(43.1589942518335,45.6334945962075,-2.0623000829685E-15));
#11968=CARTESIAN_POINT('Ctrl Pts',(43.1496709135627,45.5786428459962,-2.00534033822919E-15));
#11969=CARTESIAN_POINT('Ctrl Pts',(43.1429882401223,45.5393268495529,-1.96451339810504E-15));
#11970=CARTESIAN_POINT('Ctrl Pts',(43.1379920630887,45.4997184317685,-2.02740721432852E-15));
#11971=CARTESIAN_POINT('Ctrl Pts',(43.1347247312079,45.4599297193433,-2.06779038336435E-15));
#11972=CARTESIAN_POINT('Ctrl Pts',(43.1335613755549,45.4457626787072,-2.08216908430424E-15));
#11973=CARTESIAN_POINT('Ctrl Pts',(43.1326173267378,45.4315727514821,-1.97093499409076E-15));
#11974=CARTESIAN_POINT('Ctrl Pts',(43.1318949413047,45.4173649300792,-1.98452365651747E-15));
#11975=CARTESIAN_POINT('Ctrl Pts',(43.1314077934058,45.4077837424911,-1.9936873080084E-15));
#11976=CARTESIAN_POINT('Ctrl Pts',(43.1310219598591,45.3982043258284,-2.02754222307326E-15));
#11977=CARTESIAN_POINT('Ctrl Pts',(43.1307375981844,45.3886283905886,-2.02615701994091E-15));
#11978=CARTESIAN_POINT('Ctrl Pts',(43.1290510279162,45.3318328055861,-2.01794127701052E-15));
#11979=CARTESIAN_POINT('Ctrl Pts',(43.130930222494,45.2751611310651,-2.01293698950982E-15));
#11980=CARTESIAN_POINT('Ctrl Pts',(43.1364339876532,45.2189455253536,-1.99840144432528E-15));
#11981=CARTESIAN_POINT('Ctrl Pts',(43.1402203068455,45.180271959048,-1.98840170558073E-15));
#11982=CARTESIAN_POINT('Ctrl Pts',(43.145722948888,45.141813589316,-1.98434919559445E-15));
#11983=CARTESIAN_POINT('Ctrl Pts',(43.152974746095,45.1036742549151,-2.05391259555654E-15));
#11984=CARTESIAN_POINT('Ctrl Pts',(43.1632495750978,45.0496359071703,-2.15185863830085E-15));
#11985=CARTESIAN_POINT('Ctrl Pts',(43.1770334496279,44.9962374110556,-1.85158040174986E-15));
#11986=CARTESIAN_POINT('Ctrl Pts',(43.1940991955763,44.9436807022005,-1.83186799063151E-15));
#11987=CARTESIAN_POINT('Ctrl Pts',(43.198972148112,44.9286736612858,-1.82623930941034E-15));
#11988=CARTESIAN_POINT('Ctrl Pts',(43.2041130047342,44.9137352919621,-2.12836648903841E-15));
#11989=CARTESIAN_POINT('Ctrl Pts',(43.2095172264849,44.8988704293278,-2.15105711021124E-15));
#11990=CARTESIAN_POINT('Ctrl Pts',(43.2130737704811,44.889087792642,-2.16598991575191E-15));
#11991=CARTESIAN_POINT('Ctrl Pts',(43.2167446113658,44.8793367107913,-2.11254921771491E-15));
#11992=CARTESIAN_POINT('Ctrl Pts',(43.2205225980606,44.8696329217519,-2.1094237467878E-15));
#11993=CARTESIAN_POINT('Ctrl Pts',(43.2410802010188,44.8168305541487,-2.09241675455451E-15));
#11994=CARTESIAN_POINT('Ctrl Pts',(43.2648428445842,44.7653240429713,-1.61376462595942E-15));
#11995=CARTESIAN_POINT('Ctrl Pts',(43.2915223738225,44.7153193310235,-1.72084568816899E-15));
#11996=CARTESIAN_POINT('Ctrl Pts',(43.3188455539114,44.6641082418907,-1.830510109933E-15));
#11997=CARTESIAN_POINT('Ctrl Pts',(43.3492284081673,44.6144713944001,-1.83603565041539E-15));
#11998=CARTESIAN_POINT('Ctrl Pts',(43.3824170232222,44.5666356348001,-1.79023462720806E-15));
#11999=CARTESIAN_POINT('Ctrl Pts',(43.4034134826039,44.5363727997354,-1.76125904863019E-15));
#12000=CARTESIAN_POINT('Ctrl Pts',(43.4255340010258,44.5068309754124,-2.17963105793761E-15));
#12001=CARTESIAN_POINT('Ctrl Pts',(43.4487242998415,44.4780712804249,-2.19269047363468E-15));
#12002=CARTESIAN_POINT('Ctrl Pts',(43.4668209535704,44.4556285234052,-2.20288144726765E-15));
#12003=CARTESIAN_POINT('Ctrl Pts',(43.4855692136977,44.433662092819,-2.02024093028385E-15));
#12004=CARTESIAN_POINT('Ctrl Pts',(43.5049461431966,44.4122029092233,-2.0122792321331E-15));
#12005=CARTESIAN_POINT('Ctrl Pts',(43.5124433570797,44.4039000411562,-2.00919873612814E-15));
#12006=CARTESIAN_POINT('Ctrl Pts',(43.5200285918037,44.3956799256497,-1.99766212528409E-15));
#12007=CARTESIAN_POINT('Ctrl Pts',(43.5276987895072,44.3875454404001,-1.99840144432528E-15));
#12008=CARTESIAN_POINT('Ctrl Pts',(43.5652819887067,44.3476872788063,-2.00202403345154E-15));
#12009=CARTESIAN_POINT('Ctrl Pts',(43.604912156852,44.3098731092742,-1.90247326322218E-15));
#12010=CARTESIAN_POINT('Ctrl Pts',(43.6463950134199,44.2742883886771,-1.88737914186277E-15));
#12011=CARTESIAN_POINT('Ctrl Pts',(43.6777451917647,44.2473956568509,-1.87597193812306E-15));
#12012=CARTESIAN_POINT('Ctrl Pts',(43.710154281077,44.2217764030088,-1.88791343152162E-15));
#12013=CARTESIAN_POINT('Ctrl Pts',(43.7435496542162,44.1975178604547,-1.85962356624714E-15));
#12014=CARTESIAN_POINT('Ctrl Pts',(43.7551526205085,44.18908941588,-1.84979446950889E-15));
#12015=CARTESIAN_POINT('Ctrl Pts',(43.7668760520653,44.180824392622,-2.03075450067332E-15));
#12016=CARTESIAN_POINT('Ctrl Pts',(43.7787129897284,44.1727295115389,-2.02615701994091E-15));
#12017=CARTESIAN_POINT('Ctrl Pts',(43.8290249322245,44.1383228767183,-2.00661580135712E-15));
#12018=CARTESIAN_POINT('Ctrl Pts',(43.8812502408836,44.1070782948737,-1.48529251736096E-15));
#12019=CARTESIAN_POINT('Ctrl Pts',(43.9351415795878,44.0792545708179,-1.0547118733939E-15));
#12020=CARTESIAN_POINT('Ctrl Pts',(43.9769405776158,44.0576740383075,-7.2074652903971E-16));
#12021=CARTESIAN_POINT('Ctrl Pts',(44.0197428395183,44.0381517662926,-1.14812874890574E-16));
#12022=CARTESIAN_POINT('Ctrl Pts',(44.0634478042786,44.0208242802988,8.32667268468867E-17));
#12023=CARTESIAN_POINT('Ctrl Pts',(44.0757610601044,44.0159425061336,1.39072853757846E-16));
#12024=CARTESIAN_POINT('Ctrl Pts',(44.0881460353945,44.0112350438209,1.10433319592743E-16));
#12025=CARTESIAN_POINT('Ctrl Pts',(44.1005993855406,44.0067008975878,1.11022302462516E-16));
#12026=CARTESIAN_POINT('Ctrl Pts',(45.7653958092515,45.4989835474505,0.806580326380584));
#12027=CARTESIAN_POINT('Ctrl Pts',(45.7659912498186,45.4308769124234,0.802285249707011));
#12028=CARTESIAN_POINT('Ctrl Pts',(45.7609667329272,45.3628583166339,0.797990173033437));
#12029=CARTESIAN_POINT('Ctrl Pts',(45.7500140204334,45.2958081864208,0.793695096359864));
#12030=CARTESIAN_POINT('Ctrl Pts',(45.6825482927424,44.8827976349994,0.767238593147868));
#12031=CARTESIAN_POINT('Ctrl Pts',(45.3901535054072,44.5065328433331,0.740782089935873));
#12032=CARTESIAN_POINT('Ctrl Pts',(45.0066003986869,44.3391470638589,0.714325586723877));
#12033=CARTESIAN_POINT('Ctrl Pts',(44.6230472919666,44.1717612843847,0.687869083511882));
#12034=CARTESIAN_POINT('Ctrl Pts',(44.1483358658613,44.2132545171026,0.661412580299886));
#12035=CARTESIAN_POINT('Ctrl Pts',(43.7996468797797,44.4446593351453,0.63495607708789));
#12036=CARTESIAN_POINT('Ctrl Pts',(43.4509578936982,44.6760641531881,0.608499573875895));
#12037=CARTESIAN_POINT('Ctrl Pts',(43.2282913476404,45.0973805565556,0.5820430706639));
#12038=CARTESIAN_POINT('Ctrl Pts',(43.2335172146104,45.5158253821846,0.555586567451904));
#12039=CARTESIAN_POINT('Ctrl Pts',(43.2387430815803,45.9342702078137,0.529130064239909));
#12040=CARTESIAN_POINT('Ctrl Pts',(43.4718613615781,46.3498434557042,0.502673561027913));
#12041=CARTESIAN_POINT('Ctrl Pts',(43.8262204869922,46.5724799921204,0.476217057815917));
#12042=CARTESIAN_POINT('Ctrl Pts',(44.1805796124063,46.7951165285367,0.449760554603922));
#12043=CARTESIAN_POINT('Ctrl Pts',(44.6561795832369,46.8248163534786,0.423304051391926));
#12044=CARTESIAN_POINT('Ctrl Pts',(45.0354328632894,46.6478751262686,0.396847548179931));
#12045=CARTESIAN_POINT('Ctrl Pts',(45.414686143342,46.4709338990587,0.370391044967935));
#12046=CARTESIAN_POINT('Ctrl Pts',(45.6975927326165,46.087351619697,0.34393454175594));
#12047=CARTESIAN_POINT('Ctrl Pts',(45.7547232542381,45.6728449874639,0.317478038543944));
#12048=CARTESIAN_POINT('Ctrl Pts',(45.7625674753153,45.6159317724447,0.313845467822824));
#12049=CARTESIAN_POINT('Ctrl Pts',(45.7661553087255,45.5584355636852,0.310212897101704));
#12050=CARTESIAN_POINT('Ctrl Pts',(45.7656864691146,45.5008826999264,0.306580326380584));
#12051=CARTESIAN_POINT('Ctrl Pts',(44.9426269838464,46.6845005711991,13.9031222296889));
#12052=CARTESIAN_POINT('Ctrl Pts',(44.5993316296563,46.8127839936713,13.9261856008211));
#12053=CARTESIAN_POINT('Ctrl Pts',(43.7976815750284,46.7509650930958,13.9723123430856));
#12054=CARTESIAN_POINT('Ctrl Pts',(43.0895305609954,45.7704921313707,14.0415024564824));
#12055=CARTESIAN_POINT('Ctrl Pts',(43.384721677428,44.5976036916078,14.1106925698791));
#12056=CARTESIAN_POINT('Ctrl Pts',(44.1066285714853,44.2436053542306,14.1568193121436));
#12057=CARTESIAN_POINT('Ctrl Pts',(44.4730261989863,44.2357877298258,14.1798826832758));
#12058=CARTESIAN_POINT('Ctrl Pts',(44.9751224669099,46.771460742302,13.8495248796991));
#12059=CARTESIAN_POINT('Ctrl Pts',(44.606624066419,46.9091620989138,13.8725882508314));
#12060=CARTESIAN_POINT('Ctrl Pts',(43.7461208312945,46.8428047605341,13.9187149930959));
#12061=CARTESIAN_POINT('Ctrl Pts',(42.985980873698,45.7903503252778,13.9879051064926));
#12062=CARTESIAN_POINT('Ctrl Pts',(43.3028434613119,44.531354219646,14.0570952198893));
#12063=CARTESIAN_POINT('Ctrl Pts',(44.0777491875809,44.1513670759001,14.1032219621538));
#12064=CARTESIAN_POINT('Ctrl Pts',(44.4710459159805,44.1429755201927,14.126285333286));
#12065=CARTESIAN_POINT('Ctrl Pts',(45.0076179499734,46.858420913405,13.7959275297094));
#12066=CARTESIAN_POINT('Ctrl Pts',(44.6139165031817,47.0055402041563,13.8189909008416));
#12067=CARTESIAN_POINT('Ctrl Pts',(43.6945600875606,46.9346444279724,13.8651176431061));
#12068=CARTESIAN_POINT('Ctrl Pts',(42.8824311864005,45.810208519185,13.9343077565028));
#12069=CARTESIAN_POINT('Ctrl Pts',(43.2209652451959,44.4651047476842,14.0034978698996));
#12070=CARTESIAN_POINT('Ctrl Pts',(44.0488698036765,44.0591287975696,14.049624612164));
#12071=CARTESIAN_POINT('Ctrl Pts',(44.4690656329748,44.0501633105595,14.0726879832963));
#12072=CARTESIAN_POINT('Ctrl Pts',(45.0401134330368,46.9453810845079,13.7423301797196));
#12073=CARTESIAN_POINT('Ctrl Pts',(44.6212089399444,47.1019183093988,13.7653935508518));
#12074=CARTESIAN_POINT('Ctrl Pts',(43.6429993438267,47.0264840954107,13.8115202931163));
#12075=CARTESIAN_POINT('Ctrl Pts',(42.7788814991031,45.8300667130921,13.880710406513));
#12076=CARTESIAN_POINT('Ctrl Pts',(43.1390870290798,44.3988552757224,13.9499005199098));
#12077=CARTESIAN_POINT('Ctrl Pts',(44.0199904197721,43.9668905192391,13.9960272621743));
#12078=CARTESIAN_POINT('Ctrl Pts',(44.467085349969,43.9573511009263,14.0190906333065));
#12079=CARTESIAN_POINT('Ctrl Pts',(44.1738747518197,44.2795241472599,14.1608081159947));
#12080=CARTESIAN_POINT('Ctrl Pts',(43.9175881287121,44.3493275903975,14.1441029339561));
#12081=CARTESIAN_POINT('Ctrl Pts',(43.6823574673693,44.4988933745041,14.1273977519176));
#12082=CARTESIAN_POINT('Ctrl Pts',(43.5159998815369,44.7045855138907,14.1106925698791));
#12083=CARTESIAN_POINT('Ctrl Pts',(43.2863246386171,44.9885665048621,14.0876291987468));
#12084=CARTESIAN_POINT('Ctrl Pts',(43.1879275998062,45.3795293181164,14.0645658276146));
#12085=CARTESIAN_POINT('Ctrl Pts',(43.2567542494063,45.7384228850311,14.0415024564824));
#12086=CARTESIAN_POINT('Ctrl Pts',(43.3255808990064,46.0973164519457,14.0184390853501));
#12087=CARTESIAN_POINT('Ctrl Pts',(43.5616312370174,46.4241407725208,13.9953757142179));
#12088=CARTESIAN_POINT('Ctrl Pts',(43.8800689196799,46.6030076579521,13.9723123430856));
#12089=CARTESIAN_POINT('Ctrl Pts',(44.117085486809,46.7361401905204,13.9551460297069));
#12090=CARTESIAN_POINT('Ctrl Pts',(44.3997445097147,46.7873045431583,13.9379797163281));
#12091=CARTESIAN_POINT('Ctrl Pts',(44.6703516381829,46.7518678178601,13.9208134029494));
#12092=CARTESIAN_POINT('Origin',(44.5,45.5,-1.10421172358874));
#12093=CARTESIAN_POINT('Ctrl Pts',(43.8775320407978,46.9118720337788,14.3038324218527));
#12094=CARTESIAN_POINT('Ctrl Pts',(43.5552971599971,46.7698047048446,14.3219945756772));
#12095=CARTESIAN_POINT('Ctrl Pts',(43.0129909787947,46.2572167421596,14.3583188833262));
#12096=CARTESIAN_POINT('Ctrl Pts',(42.8693554118652,45.1456396594715,14.4128053447998));
#12097=CARTESIAN_POINT('Ctrl Pts',(43.2635535532729,44.5120386501836,14.4491296524489));
#12098=CARTESIAN_POINT('Ctrl Pts',(43.5390920053806,44.2927283545629,14.4672918062734));
#12099=CARTESIAN_POINT('Ctrl Pts',(43.9898828681716,46.6570396543832,14.464624471822));
#12100=CARTESIAN_POINT('Ctrl Pts',(43.7258089817345,46.5406144194919,14.4827866256465));
#12101=CARTESIAN_POINT('Ctrl Pts',(43.2813850244238,46.1205447637464,14.5191109332956));
#12102=CARTESIAN_POINT('Ctrl Pts',(43.1636746068073,45.2095990598844,14.5735973947691));
#12103=CARTESIAN_POINT('Ctrl Pts',(43.4867229216549,44.6903583105361,14.6099217024182));
#12104=CARTESIAN_POINT('Ctrl Pts',(43.712528736749,44.5106318887523,14.6280838562427));
#12105=CARTESIAN_POINT('Ctrl Pts',(43.9524325923804,46.7419837808484,14.4110271218322));
#12106=CARTESIAN_POINT('Ctrl Pts',(43.668971707822,46.6170111812761,14.4291892756567));
#12107=CARTESIAN_POINT('Ctrl Pts',(43.1919203425474,46.1661020898842,14.4655135833058));
#12108=CARTESIAN_POINT('Ctrl Pts',(43.0655682084932,45.1882792597468,14.5200000447794));
#12109=CARTESIAN_POINT('Ctrl Pts',(43.4123331321943,44.6309184237519,14.5563243524284));
#12110=CARTESIAN_POINT('Ctrl Pts',(43.6547164929596,44.4379973773558,14.5744865062529));
#12111=CARTESIAN_POINT('Ctrl Pts',(43.9149823165891,46.8269279073136,14.3574297718424));
#12112=CARTESIAN_POINT('Ctrl Pts',(43.6121344339095,46.6934079430604,14.375591925667));
#12113=CARTESIAN_POINT('Ctrl Pts',(43.1024556606711,46.2116594160219,14.411916233316));
#12114=CARTESIAN_POINT('Ctrl Pts',(42.9674618101792,45.1669594596091,14.4664026947896));
#12115=CARTESIAN_POINT('Ctrl Pts',(43.3379433427336,44.5714785369677,14.5027270024386));
#12116=CARTESIAN_POINT('Ctrl Pts',(43.5969042491701,44.3653628659593,14.5208891562632));
#12117=CARTESIAN_POINT('Ctrl Pts',(43.8775320407978,46.9118720337788,14.3038324218527));
#12118=CARTESIAN_POINT('Ctrl Pts',(43.5552971599971,46.7698047048446,14.3219945756772));
#12119=CARTESIAN_POINT('Ctrl Pts',(43.0129909787947,46.2572167421596,14.3583188833262));
#12120=CARTESIAN_POINT('Ctrl Pts',(42.8693554118652,45.1456396594715,14.4128053447998));
#12121=CARTESIAN_POINT('Ctrl Pts',(43.2635535532729,44.5120386501836,14.4491296524489));
#12122=CARTESIAN_POINT('Ctrl Pts',(43.5390920053806,44.2927283545629,14.4672918062734));
#12123=CARTESIAN_POINT('Ctrl Pts',(43.3008861378001,45.098590909375,14.5822996317766));
#12124=CARTESIAN_POINT('Ctrl Pts',(43.2861466134293,45.142212908429,14.5793988861074));
#12125=CARTESIAN_POINT('Ctrl Pts',(43.2738205741139,45.1866322593885,14.5764981404383));
#12126=CARTESIAN_POINT('Ctrl Pts',(43.2640550884553,45.2316131565244,14.5735973947691));
#12127=CARTESIAN_POINT('Ctrl Pts',(43.2029114126794,45.5132476278385,14.5554352409446));
#12128=CARTESIAN_POINT('Ctrl Pts',(43.2421482185516,45.8168961957925,14.5372730871201));
#12129=CARTESIAN_POINT('Ctrl Pts',(43.3728726108154,46.0737378937058,14.5191109332956));
#12130=CARTESIAN_POINT('Ctrl Pts',(43.3963816061289,46.1199273627712,14.5158447181558));
#12131=CARTESIAN_POINT('Ctrl Pts',(43.4228494112263,46.164603045863,14.5125785030161));
#12132=CARTESIAN_POINT('Ctrl Pts',(43.4519873979,46.2074927333831,14.5093122878764));
#12133=CARTESIAN_POINT('Origin',(44.5,45.5,20.));
#12134=CARTESIAN_POINT('Origin',(44.5,45.5,20.));
#12135=CARTESIAN_POINT('Origin',(44.5,45.5,20.));
#12136=CARTESIAN_POINT('Origin',(-21.5525613074124,5.52803568240948,23.));
#12137=CARTESIAN_POINT('',(-5.69161531348371,33.,23.));
#12138=CARTESIAN_POINT('',(-21.5525613074124,5.52803568240949,23.));
#12139=CARTESIAN_POINT('',(-17.0382957737617,13.3469729455495,23.));
#12140=CARTESIAN_POINT('',(-5.69161531348369,33.,0.00143082915695012));
#12141=CARTESIAN_POINT('',(-21.5525613074124,5.52803568240949,23.));
#12142=CARTESIAN_POINT('Origin',(-5.69161531348371,33.,23.));
#12143=CARTESIAN_POINT('',(-21.5525613074124,60.4719643175905,23.));
#12144=CARTESIAN_POINT('',(-9.10782277679737,38.9170448956552,23.));
#12145=CARTESIAN_POINT('',(-21.5525613074124,60.4719643175905,23.));
#12146=CARTESIAN_POINT('Origin',(-33.021275019993,33.,23.));
#12147=CARTESIAN_POINT('',(-48.0229900463556,15.3047836508137,23.));
#12148=CARTESIAN_POINT('',(-23.9985839670546,6.43146445963759,23.));
#12149=CARTESIAN_POINT('',(-48.0229900463556,50.6952163491864,23.));
#12150=CARTESIAN_POINT('Origin',(-41.4873320032405,33.,23.));
#12151=CARTESIAN_POINT('',(-44.2980982409222,52.0709903780263,23.));
#12152=CARTESIAN_POINT('',(-38.2123320032405,33.,23.));
#12153=CARTESIAN_POINT('Origin',(-41.4873320032405,33.,23.));
#12154=CARTESIAN_POINT('Origin',(-5.69161531348371,61.,31.));
#12155=CARTESIAN_POINT('',(-7.42396149862035,65.6903066738586,23.));
#12156=CARTESIAN_POINT('Origin',(-48.0229900463556,50.6952163491864,31.));
#12157=CARTESIAN_POINT('',(-48.0229900463556,50.6952163491864,31.));
#12158=CARTESIAN_POINT('Origin',(-41.4873320032405,33.,31.));
#12159=CARTESIAN_POINT('',(-38.2123320032405,33.,31.));
#12160=CARTESIAN_POINT('Origin',(-41.4873320032405,33.,31.));
#12161=CARTESIAN_POINT('',(-48.0229900463556,15.3047836508137,31.));
#12162=CARTESIAN_POINT('Origin',(-7.42396149862035,0.3096933261414,31.));
#12163=CARTESIAN_POINT('',(-7.42396149862035,0.3096933261414,31.));
#12164=CARTESIAN_POINT('Origin',(-5.69161531348371,5.,31.));
#12165=CARTESIAN_POINT('Origin',(59.,0.,0.));
#12166=CARTESIAN_POINT('',(0.,0.,0.));
#12167=CARTESIAN_POINT('Origin',(8.,0.,-22.9971383416861));
#12168=CARTESIAN_POINT('',(8.,0.,-22.9971383416861));
#12169=CARTESIAN_POINT('Origin',(8.,0.,-17.5));
#12170=CARTESIAN_POINT('',(8.,0.,-17.5));
#12171=CARTESIAN_POINT('Origin',(0.,0.,-17.5));
#12172=CARTESIAN_POINT('',(0.,0.,-17.5));
#12173=CARTESIAN_POINT('Origin',(0.,0.,0.));
#12174=UNCERTAINTY_MEASURE_WITH_UNIT(LENGTH_MEASURE(0.01),#12178,
'DISTANCE_ACCURACY_VALUE',
'Maximum model space distance between geometric entities at asserted c
onnectivities');
#12175=UNCERTAINTY_MEASURE_WITH_UNIT(LENGTH_MEASURE(0.01),#12178,
'DISTANCE_ACCURACY_VALUE',
'Maximum model space distance between geometric entities at asserted c
onnectivities');
#12176=(
GEOMETRIC_REPRESENTATION_CONTEXT(3)
GLOBAL_UNCERTAINTY_ASSIGNED_CONTEXT((#12174))
GLOBAL_UNIT_ASSIGNED_CONTEXT((#12178,#12180,#12181))
REPRESENTATION_CONTEXT('','3D')
);
#12177=(
GEOMETRIC_REPRESENTATION_CONTEXT(3)
GLOBAL_UNCERTAINTY_ASSIGNED_CONTEXT((#12175))
GLOBAL_UNIT_ASSIGNED_CONTEXT((#12178,#12180,#12181))
REPRESENTATION_CONTEXT('','3D')
);
#12178=(
LENGTH_UNIT()
NAMED_UNIT(*)
SI_UNIT(.MILLI.,.METRE.)
);
#12179=(
LENGTH_UNIT()
NAMED_UNIT(*)
SI_UNIT($,.METRE.)
);
#12180=(
NAMED_UNIT(*)
PLANE_ANGLE_UNIT()
SI_UNIT($,.RADIAN.)
);
#12181=(
NAMED_UNIT(*)
SI_UNIT($,.STERADIAN.)
SOLID_ANGLE_UNIT()
);
#12182=SHAPE_DEFINITION_REPRESENTATION(#12183,#12184);
#12183=PRODUCT_DEFINITION_SHAPE('',$,#12186);
#12184=SHAPE_REPRESENTATION('',(#3216),#12176);
#12185=PRODUCT_DEFINITION_CONTEXT('part definition',#12190,'design');
#12186=PRODUCT_DEFINITION('StentorCam PlayerOne',
'StentorCam PlayerOne v3',#12187,#12185);
#12187=PRODUCT_DEFINITION_FORMATION('',$,#12192);
#12188=PRODUCT_RELATED_PRODUCT_CATEGORY('StentorCam PlayerOne v3',
'StentorCam PlayerOne v3',(#12192));
#12189=APPLICATION_PROTOCOL_DEFINITION('international standard',
'automotive_design',2009,#12190);
#12190=APPLICATION_CONTEXT(
'Core Data for Automotive Mechanical Design Process');
#12191=PRODUCT_CONTEXT('part definition',#12190,'mechanical');
#12192=PRODUCT('StentorCam PlayerOne','StentorCam PlayerOne v3',$,(#12191));
#12193=PRESENTATION_STYLE_ASSIGNMENT((#12194));
#12194=SURFACE_STYLE_USAGE(.BOTH.,#12195);
#12195=SURFACE_SIDE_STYLE('',(#12196));
#12196=SURFACE_STYLE_FILL_AREA(#12197);
#12197=FILL_AREA_STYLE('Steel - Satin',(#12198));
#12198=FILL_AREA_STYLE_COLOUR('Steel - Satin',#12199);
#12199=COLOUR_RGB('Steel - Satin',0.627450980392157,0.627450980392157,0.627450980392157);
ENDSEC;
END-ISO-10303-21;
